latitude,longitude,temperature,humidity,rainfall,elevation,ndvi,month,land_cover
51.05501111,-3.705883333,12.6,,0.0,,0.87,,Pastures
50.42861111,-3.885833333,21.1,,0.0,,0.73,,Pastures
50.42861111,-3.885833333,19.4,,0.0,,0.73,,Pastures
50.5775,-3.960555556,12.7,,4.786,,0.61,,Natural grasslands
50.5775,-3.960555556,16.0,,3.283,,0.53,,Pastures
50.58148889,-3.752222222,18.5,,0.609,,0.63,,Moors and heathland
50.58148889,-3.752222222,13.8,,0.717,,0.18,,Natural grasslands
50.60333333,-3.8425,13.4,,5.654,,0.65,,Pastures
51.05501111,-3.705883333,13.8,,0.898,,0.8,,Pastures
51.16638889,-3.769166667,16.3,,0.0,,0.37,,Moors and heathland
51.16638889,-3.769166667,15.8,,0.0,,0.8,,Moors and heathland
51.16638889,-3.769166667,17.1,,3.9,,0.37,,Moors and heathland
51.16638889,-3.769166667,13.0,,0.0,,0.8,,Moors and heathland
50.60333333,-3.8425,15.1,,1.2,,0.65,,Pastures
51.05501111,-3.705883333,14.9,,0.184,,0.55,,Pastures
51.16694444,-3.569166667,14.3,,1.83,,0.61,,Moors and heathland
51.17075556,-3.6703,14.6,,7.4,,0.82,,Moors and heathland
51.17166667,-3.589722222,11.8,,14.55,,0.72,,Pastures
51.17166667,-3.589722222,19.8,,0.036,,0.82,,Pastures
51.17166667,-3.589722222,11.8,,14.55,,0.82,,Pastures
51.18583333,-3.769166667,15.6,,0.0,,0.5,,Pastures
51.18583333,-3.769166667,16.1,,0.0,,0.79,,Pastures
51.21682778,-3.509602778,12.0,,0.0,,0.61,,Pastures
50.42861111,-3.885833333,18.6,,0.414,,0.75,,Pastures
50.42861111,-3.885833333,16.2,,1.839,,0.75,,Pastures
51.08722222,-3.155277778,22.6,,0.0,,0.75,,Pastures
51.15972222,-3.265555556,16.9,,0.056,,0.57,,Moors and heathland
51.16694444,-3.569166667,19.6,,0.02,,0.57,,Moors and heathland
50.58148889,-3.752222222,15.1,,0.315,,0.79,,Natural grasslands
50.59888889,-3.716944444,14.1,,2.14,,0.62,,Moors and heathland
50.59888889,-3.716944444,11.5,,0.769,,0.73,,Moors and heathland
50.60333333,-3.8425,16.1,,0.738,,0.82,,Pastures
51.15972222,-3.265555556,20.9,,0.07,,0.63,,Moors and heathland
51.15972222,-3.265555556,16.9,,0.056,,0.75,,Moors and heathland
51.15972222,-3.265555556,16.9,,1.052,,0.6,,Moors and heathland
50.48777778,-4.627777778,10.9,,2.461,,0.6,,Moors and Heathland
50.55166667,-4.6625,13.2,,0.0,,0.69,,Pastures
50.55166667,-4.6625,15.6,,0.196,,0.79,,Pastures
50.62333333,-4.612222222,13.7,,0.007,,0.62,,Pastures
50.83305583,-1.909999833,14.0,,0.0,,0.38,,Inland marshes
51.11138889,-3.171944444,15.9,,0.0,,0.59,,Moors and Heathland
51.17075556,-3.6703,13.1,,1.5,,0.57,,Moors and heathland
51.23611111,-2.676388889,15.0,,0.042,,0.6,,Broad-leaved forest
51.298611,-2.871389,17.0,,0.0,,0.63,,Broad-leaved forest
51.298611,-2.871389,19.0,,0.065,,0.91,,Broad-leaved forest
51.31861083,-2.770277833,17.5,,0.386,,0.75,,Coniferous forest
51.31861083,-2.770277833,15.6,,3.1,,0.8,,Coniferous forest
52.47888889,-0.666944444,21.2,,1.679,,0.07,,Mineral extraction sites
52.48583333,-1.684166667,15.0,,6.0,,0.51,,Pastures
52.68833333,-1.96,15.2,,1.079,,0.51,,Peat bogs
52.68833333,-1.96,13.8,,6.134,,0.59,,Peat bogs
52.68833333,-1.96,19.7,,0.736,,0.51,,Peat bogs
52.68833333,-1.96,18.5,,0.256,,0.68,,Peat bogs
52.73333333,-1.313611111,18.0,,0.279,,0.61,,Coniferous forest
52.73333333,-1.313611111,14.4,,0.0,,0.7,,Coniferous forest
53.31055556,-3.376111111,17.4,,0.648,,0.69,,Broad-leaved forest
53.31055556,-3.376111111,16.6,,4.396,,0.83,,Broad-leaved forest
53.36583333,-1.728888889,13.0,,0.649,,0.6,,Moors and heathland
53.52555556,-1.791111111,23.9,,0.0,,0.48,,Moors and heathland
54.16972222,-3.229252833,14.9,,0.0,,0.75,,Pastures
54.16972222,-3.229252833,16.1,,0.0,,0.8,,Pastures
54.307222,-0.902777833,12.7,,0.0,,0.68,,Pastures
54.307222,-0.902777833,20.1,,0.0,,0.78,,Pastures
54.31456111,-1.171233333,17.4,,0.032,,0.58,,Moors and heathland
54.31456111,-1.171233333,15.8,,0.015,,0.75,,Moors and heathland
54.375556,-1.121666833,15.4,,0.0,,0.52,,Moors and heathland
54.375556,-1.121666833,17.0,,0.0,,0.88,,Moors and heathland
54.519722,-2.104999833,12.2,,0.166,,0.59,,Moors and heathland
54.519722,-2.104999833,16.0,,5.857,,0.59,,Moors and heathland
54.62277778,-1.827777778,21.9,,0.0,,0.62,,Pastures
54.62277778,-1.827777778,13.5,,0.037,,0.66,,Pastures
54.92305556,-2.2225,24.0,,1.59,,0.55,,Moors and heathland
54.92305556,-2.2225,12.7,,0.485,,0.57,,Moors and heathland
55.00083333,-3.488333333,17.2,,9.186,,0.57,,Peat bogs
55.00083333,-3.488333333,11.8,,0.017,,0.56,,Peat bogs
55.19305583,-2.826388833,22.0,,0.0,,0.58,,Pastures
55.19305583,-2.826388833,11.4,,1.089,,0.8,,Pastures
55.26694444,-2.154444444,8.8,,0.026,,0.56,,Natural grasslands
55.26694444,-2.154444444,15.2,,6.239,,0.75,,Natural grasslands
55.44388883,-1.949721833,13.1,,5.7,,0.6,,Broad-leaved forest
55.44388883,-1.949721833,12.5,,0.367,,0.84,,Broad-leaved forest
55.45805556,-1.849166667,16.9,,0.274,,0.61,,Moors and heathland
55.45805556,-1.849166667,16.0,,0.543,,0.67,,Moors and heathland
55.73666683,-2.998333,15.8,,0.859,,0.59,,Moors and heathland
55.73666683,-2.998333,12.1,,0.11,,0.61,,Moors and heathland
55.76444444,-6.166666667,14.1,,0.0,,0.66,,Pastures
55.76444444,-6.166666667,15.2,,16.415,,0.7,,Pastures
55.799722,-6.12,15.1,,3.612,,0.66,,Moors and heathland
55.799722,-6.12,14.3,,0.039,,0.67,,Moors and heathland
55.84194383,-2.993611,15.3,,4.428,,0.64,,Pastures
55.84194383,-2.993611,17.7,,4.175,,0.7,,Pastures
56.37444383,-4.277499833,16.3,,0.0,,0.63,,Pastures
56.37444383,-4.277499833,7.8,,0.846,,0.65,,Pastures
56.77361111,-2.9125,10.2,,9.737,,0.67,,Moors and heathland
56.77361111,-2.9125,15.8,,0.371,,0.7,,Moors and heathland
56.86666667,-2.693055556,17.2,,0.33,,0.64,,Moors and heathland
56.90194444,-2.781666667,14.5,,1.995,,0.59,,Moors and heathland
56.90194444,-2.781666667,7.1,,1.655,,0.7,,Moors and heathland
56.90194444,-2.781666667,7.1,,1.655,,0.68,,Moors and heathland
56.96222183,-2.621111,16.5,,0.0,,0.62,,Moors and heathland
56.994722,-3.475,15.2,,1.043,,0.6,,Moors and heathland
57.25055556,-3.404722222,12.2,,0.059,,0.67,,Broad-leaved forest
57.25055556,-3.404722222,11.5,,0.364,,0.65,,Broad-leaved forest
51.376924,-2.784421,15.3,,0.2,,0.75,,Broad-leaved forest
58.158152,8.076061,11.9,,2.2,,0.85,,"Land principally occupied by agriculture, with significant areas of natural vegetation"
60.3131273,6.1680704,15.0,,0.1,,0.86,,Coniferous forest
51.442554,-2.715762,15.4,,0.2,,0.74,,Pastures
48.69848,-0.38931,9.9,,0.4,,0.6,,Discontinuous urban fabric
55.055099,12.0657,14.3,,0.0,,0.63,,Broad-leaved forest
55.933498,12.3677,7.6,,0.6,,0.57,,Discontinuous urban fabric
60.2248,5.147,15.7,,0.2,,0.8,,"Land principally occupied by agriculture, with significant areas of natural vegetation"
59.861327,23.158675,15.8,,0.4,,0.76,,"Land principally occupied by agriculture, with significant areas of natural vegetation"
62.579959,7.789561,11.2,,0.8,,0.57,,"Land principally occupied by agriculture, with significant areas of natural vegetation"
62.590932,7.838546,15.1,,0.0,,0.72,,Broad-leaved forest
57.65161,-2.77837,13.7,,3.2,,0.67,,Pastures
43.70247,-1.3984,18.3,,0.0,,0.74,,Coniferous forest
43.70247,-1.3984,7.1,,0.2,,0.7,,Coniferous forest
44.55804,-1.17478,10.1,,0.6,,0.74,,Green urban areas
48.83111,2.01242,31.5,,0.0,,0.63,,Coniferous forest
49.18901,-0.89252,8.4,,0.8,,0.62,,Broad-leaved forest
51.322979,-2.7835,16.8,,0.0,,0.82,,Coniferous forest
51.44161,-2.722941,16.9,,0.0,,0.78,,Coniferous forest
51.441681,-2.711432,16.8,,0.0,,0.83,,"Land principally occupied by agriculture, with significant areas of natural vegetation"
55.000999,9.6141,16.1,,0.0,,0.67,,Coniferous forest
56.380299,10.5309,6.1,,0.0,,0.72,,Coniferous forest
57.65161,-2.77837,6.3,,0.8,,0.68,,Discontinuous urban fabric
57.65161,-2.77837,12.7,,0.2,,0.59,,Broad-leaved forest
60.2056,5.5345,26.0,,0.0,,0.89,,Coniferous forest
60.3881,5.3203,18.2,,0.1,,0.55,,Coniferous forest
42.2365835,20.4593939,26.9,,0.1,,0.7,,Broad-leaved forest
42.2369162,20.4588215,26.8,,0.8,,0.46,,Broad-leaved forest
44.1733,7.34278,25.2,,0.8,,0.45,,"Land principally occupied by agriculture, with significant areas of natural vegetation"
51.331673,-2.826709,20.5,,0.5,,0.59,,Pastures
51.38601,-2.770206,16.7,,0.9,,0.82,,Broad-leaved forest
51.386103,-2.755837,17.1,,0.4,,0.7,,Pastures
51.386103,-2.755837,17.6,,0.6,,0.7,,"Land principally occupied by agriculture, with significant areas of natural vegetation"
51.387354,-2.770947,14.3,,0.3,,0.65,,Sport and leisure facilities
51.457396,-2.636833,20.09,,0.3,,0.7,,Pastures
51.457743,-2.800199,18.6,,0.9,,0.59,,Pastures
51.458318,-2.632528,18.3,,0.6,,0.62,,Pastures
51.469131,-2.628358,14.4,,0.7,,0.63,,Pastures
57.190412,-3.800513,13.7,,2.4,,0.5,,Pastures
57.65161,-2.77837,8.7,,0.2,,0.68,,Pastures
57.678215,-5.397033,12.2,,1.9,,0.58,,Pastures
58.471,8.698,21.8,,0.0,,0.36,,Pastures
62.937504,7.737306,18.5,,3.3,,0.84,,Broad-leaved forest
62.937504,7.737306,11.3,,1.2,,0.84,,Pastures
42.077633,20.421985,15.5,,0.0,,0.38,,Moors and heathland
50.51525,-2.45492,11.8,,0.8,,0.68,,Pastures
50.51525,-2.45492,11.2,,0.2,,0.62,,Industrial or commercial units
51.328562,-2.82163,11.0,,0.0,,0.62,,Broad-leaved forest
51.465557,-2.623991,11.6,,0.0,,0.75,,Coniferous forest
53.380841,-3.22554,15.8,,1.7,,0.56,,Moors and heathland
57.65161,-2.77837,18.0,,0.0,,0.68,,Coniferous forest
57.65161,-2.77837,9.7,,0.0,,0.58,,Coniferous forest
57.65161,-2.77837,12.8,,0.3,,0.68,,Pastures
57.65161,-2.77837,13.9,,0.8,,0.68,,Moors and heathland
59.38413,-2.43746,9.1,,0.0,,0.52,,Industrial or commercial units
59.5164,-1.64566,10.9,,0.9,,0.81,,Non-irrigated arable land
59.861327,23.158675,16.3,,1.8,,0.76,,"Land principally occupied by agriculture, with significant areas of natural vegetation"
48.76567,2.53314,10.6,,0.5,,0.52,,Pastures
51.781689,9.907645,23.0,,2.4,,0.46,,"Land principally occupied by agriculture, with significant areas of natural vegetation"
51.054141,-1.666254,18.6,,1.5,,0.88,,Pastures
51.054141,-1.666254,18.9,,0.1,,0.88,,Broad-leaved forest
47.459557,10.402117,15.6,,2.4,,0.49,,Broad-leaved forest
55.369345,-5.742544,13.1,,0.5,,0.7,,Pastures
55.69592,13.44864,15.8,,1.6,,0.46,,Pastures
56.149067,15.480017,20.1,,0.0,,0.68,,Pastures
56.34221,-4.11555,5.7,,0.0,,0.53,,Broad-leaved forest
56.93653,15.92017,17.3,,0.0,,0.62,,Broad-leaved forest
57.65161,-2.77837,9.3,,0.1,,0.59,,Moors and heathland
57.65161,-2.77837,8.2,,0.3,,0.71,,Natural grasslands
58.306383,14.631833,20.6,,0.0,,0.85,,Pastures
58.30639,14.63182,20.3,,1.3,,0.78,,Pastures
62.49169,17.35235,18.4,,0.6,,0.66,,Pastures
62.734567,7.099035,14.1,,0.3,,0.8,,Pastures
62.937504,7.737306,11.1,,0.0,,0.83,,Pastures
63.2922,10.4758,10.9,,1.8,,0.84,,Mixed forest
41.994136,20.410987,25.5,,0.0,,0.43,,Broad-leaved forest
42.0708,20.33454,25.0,,0.0,,0.51,,Coniferous forest
42.106598,20.360813,24.0,,0.0,,0.46,,Coniferous forest
48.52897,-0.33891,7.3,,0.9,,0.6,,Coniferous forest
48.78075,-3.57537,8.0,,2.6,,0.53,,Moors and heathland
50.41695,-3.84624,16.6,,0.0,,0.74,,Moors and heathland
50.41695,-3.84624,18.6,,0.0,,0.74,,Moors and heathland
47.499458,10.346975,16.0,,0.0,,0.79,,Coniferous forest
50.56122,-3.76573,17.5,,0.8,,0.36,,Pastures
50.63899,-2.29347,19.5,,0.5,,0.72,,Discontinuous urban fabric
50.64805,-2.26665,19.4,,0.1,,0.79,,Moors and heathland
50.65245,-2.30629,17.5,,0.0,,0.82,,Moors and heathland
50.70276,-2.56154,23.6,,0.0,,0.77,,Moors and heathland
50.70543,-2.56723,7.0,,0.0,,0.59,,Broad-leaved forest
50.72572,-3.20936,23.0,,0.0,,0.71,,Moors and heathland
50.72572,-3.20936,21.4,,0.0,,0.71,,Moors and heathland
50.76602,-1.81068,13.5,,0.1,,0.74,,Moors and heathland
50.84108,-1.61578,16.8,,0.0,,0.76,,"Land principally occupied by agriculture, with significant areas of natural vegetation"
50.84948,-1.72368,21.5,,0.9,,0.47,,Pastures
50.85117,-1.68105,2.9,,0.3,,0.59,,Pastures
50.85763,-1.74637,16.4,,0.0,,0.7,,Moors and heathland
50.86212,-1.74492,20.0,,0.0,,0.65,,Moors and heathland
50.87627,-1.65245,13.8,,0.2,,0.7,,Pastures
50.89478,-1.99502,15.6,,0.0,,0.56,,Moors and heathland
50.93066,-1.85697,6.9,,0.0,,0.61,,Non-irrigated arable land
50.93218,-1.28769,19.9,,1.4,,0.66,,"Land principally occupied by agriculture, with significant areas of natural vegetation"
50.94236,-1.85979,21.7,,0.0,,0.81,,Pastures
50.94533,-3.10258,22.7,,0.0,,0.82,,Pastures
50.96762,-2.02065,20.7,,0.0,,0.83,,Moors and heathland
50.98077,-1.7172,20.9,,0.0,,0.72,,Non-irrigated arable land
50.98349,-1.72574,3.7,,0.0,,0.74,,Coniferous forest
50.98349,-1.72574,21.2,,0.7,,0.77,,Moors and heathland
51.03299,-1.74398,19.2,,1.0,,0.75,,Moors and heathland
51.07817,-1.87222,21.1,,0.1,,0.76,,Pastures
51.07962,-3.16573,17.4,,0.0,,0.8,,Moors and heathland
51.09764,-2.71485,25.1,,0.0,,0.79,,Moors and heathland
51.10828,-3.17788,14.1,,1.8,,0.74,,Pastures
51.11407,-1.81926,21.3,,0.0,,0.68,,Pastures
51.1625,-2.52419,19.1,,0.0,,0.61,,Broad-leaved forest
51.30097,-2.26468,20.1,,0.0,,0.78,,Pastures
51.363156,-2.392784,18.6,,0.0,,0.47,,Non-irrigated arable land
51.36997,-2.35702,8.8,,0.9,,0.61,,Moors and heathland
51.393492,-2.457722,20.1,,0.0,,0.76,,Moors and heathland
51.41601,-2.71117,18.7,,0.0,,0.74,,Coniferous forest
51.44584,-0.268,14.2,,0.0,,0.83,,Sport and leisure facilities
51.458897,-2.828287,18.9,,0.0,,0.85,,Coniferous forest
51.460101,-2.635431,21.9,,0.4,,0.82,,Moors and heathland
52.009,20.197,18.0,,0.0,,0.73,,Sport and leisure facilities
53.466852,-2.829961,13.7,,0.0,,0.69,,Moors and heathland
55.684517,12.371628,8.7,,2.1,,0.57,,Broad-leaved forest
56.936536,15.920167,25.0,,0.0,,0.78,,Moors and heathland
57.171126,-3.795192,13.0,,0.1,,0.69,,Coniferous forest
57.993378,-4.158466,15.4,,0.0,,0.69,,Moors and heathland
62.3124,6.9299,-3.4,,0.1,,0.83,,Pastures
46.512,5.621,16.8,,2.4,,0.7,,Discontinuous urban fabric
51.392727,9.099255,14.8,,0.0,,0.49,,Mixed forest
48.070522,-2.0917,18.3,,0.2,,0.48,,Green urban areas
48.76567,2.53314,17.4,,0.4,,0.46,,Complex cultivation patterns
48.76567,2.53314,22.2,,0.1,,0.56,,Complex cultivation patterns
48.960498,16.426685,20.4,,0.0,,0.46,,Green urban areas
50.14443,-5.30425,20.1,,0.0,,0.78,,Non-irrigated arable land
50.60968,-1.99929,19.1,,0.2,,0.58,,Pastures
50.60968,-1.99929,16.1,,0.5,,0.62,,Sport and leisure facilities
50.60968,-1.99929,18.8,,0.0,,0.58,,Pastures
50.71356,-2.00708,20.8,,0.8,,0.49,,Green urban areas
50.75442,-2.47283,21.0,,4.8,,0.77,,Pastures
50.77516,-2.01631,15.2,,0.0,,0.48,,Pastures
50.80638,-1.16896,18.1,,0.3,,0.57,,Pastures
50.88464,-1.76044,15.5,,0.0,,0.63,,Pastures
50.89429,-3.48818,17.6,,0.3,,0.82,,Pastures
50.90286,-2.05334,18.4,,4.1,,0.77,,Pastures
50.93066,-1.85697,19.0,,0.0,,0.63,,Broad-leaved forest
50.95632,-3.08148,10.3,,1.7,,0.63,,Broad-leaved forest
50.98349,-1.72574,18.2,,0.0,,0.77,,Pastures
51.02819,-1.6285,18.9,,0.0,,0.78,,Pastures
51.07458,-2.12348,16.9,,0.8,,0.75,,Non-irrigated arable land
51.08188,-1.69303,14.3,,3.1,,0.7,,Broad-leaved forest
51.11035,-1.74927,19.5,,0.2,,0.71,,Pastures
51.1332,-0.41838,10.9,,2.3,,0.55,,Green urban areas
51.1332,-0.41838,21.8,,0.0,,0.83,,Green urban areas
51.1332,-0.41838,21.1,,0.3,,0.55,,Pastures
51.1332,-0.41838,21.6,,0.0,,0.57,,Non-irrigated arable land
51.1332,-0.41838,19.1,,0.0,,0.57,,Non-irrigated arable land
51.1332,-0.41838,12.4,,1.7,,0.55,,Non-irrigated arable land
47.428772,10.209974,16.5,,1.4,,0.65,,"Land principally occupied by agriculture, with significant areas of natural vegetation"
51.23065,-1.66697,15.7,,0.0,,0.74,,Pastures
51.23065,-1.66697,10.2,,0.8,,0.7,,Pastures
51.40278,-2.48524,2.56,,0.7,,0.54,,Pastures
51.40973,-1.71457,8.9,,0.0,,0.82,,Pastures
51.447419,-2.79786,19.8,,0.0,,0.65,,Broad-leaved forest
51.44753,-2.84119,16.8,,2.6,,0.67,,Pastures
51.45069,-2.42098,14.8,,3.8,,0.75,,Pastures
51.45425,-2.42965,19.8,,0.0,,0.65,,Pastures
51.46716,-2.72924,20.2,,0.2,,0.62,,Green urban areas
51.73542,-2.20783,18.9,,2.8,,0.52,,Non-irrigated arable land
51.88884,-3.66396,9.1,,1.6,,0.45,,Non-irrigated arable land
52.94625,1.04934,11.2,,0.0,,0.3,,Non-irrigated arable land
53.31008,-4.52867,16.1,,0.2,,0.72,,Non-irrigated arable land
55.7635,-4.47071,14.9,,0.0,,0.8,,Non-irrigated arable land
55.97871,-3.3006,18.5,,0.0,,0.71,,Non-irrigated arable land
56.206799,-4.709793,11.5,,0.2,,0.73,,Coniferous forest
56.24283,-5.76333,6.9,,0.6,,0.65,,Non-irrigated arable land
56.40823,-3.5389,9.0,,0.9,,0.67,,Non-irrigated arable land
56.58043,-3.33422,15.1,,0.8,,0.72,,Broad-leaved forest
57.08092,-3.92227,16.4,,0.3,,0.79,,Pastures
57.11159,-5.44785,16.8,,1.3,,0.5,,Pastures
57.18093,-3.84473,10.1,,1.5,,0.65,,Pastures
57.18093,-3.84473,3.8,,0.5,,0.6,,Green urban areas
57.18093,-3.84473,8.2,,0.2,,0.51,,Non-irrigated arable land
57.18093,-3.84473,14.5,,0.5,,0.51,,Coniferous forest
57.18093,-3.84473,8.5,,0.7,,0.51,,Pastures
57.19889,-3.84562,13.4,,0.0,,0.82,,Broad-leaved forest
57.20906,-3.76333,2.6,,0.0,,0.73,,Green urban areas
57.28744,-3.93303,15.7,,0.6,,0.66,,Broad-leaved forest
57.41218,-6.58013,14.4,,0.2,,0.53,,Pastures
57.44288,-6.6382,4.6,,0.0,,0.61,,Pastures
57.44288,-6.6382,8.8,,2.6,,0.61,,Pastures
57.55187,-3.66287,13.3,,0.0,,0.72,,Non-irrigated arable land
57.56162,-4.66656,10.8,,0.0,,0.82,,Pastures
57.69147,13.32805,13.6,,0.0,,0.83,,Complex cultivation patterns
58.26854,12.11638,15.5,,0.0,,0.77,,Water bodies
58.314347,7.826249,26.0,,0.0,,0.6,,Pastures
58.646878,9.103743,21.8,,0.0,,0.66,,Non-irrigated arable land
59.090688,9.795113,17.3,,0.0,,0.42,,Inland marshes
59.430639,24.800769,19.6,,0.9,,0.5,,Mixed forest
60.0962,18.41746,21.3,,0.0,,0.44,,Water bodies
40.65,35.83,17.6,,0.0,,-1.0,,Peat bogs
40.65,35.82,17.6,,0.0,,-1.0,,Pastures
40.65,35.83,37.7,,0.0,,-1.0,,Moors and heathland
40.65,19.834281,32.8,,0.0,,0.68,,Green urban areas
47.31432,2.25912,22.4,,0.0,,-0.08,,"Beaches, dunes, sands"
47.31438,2.25909,21.7,,1.3,,-0.08,,Transitional woodland-shrub
47.32339,2.28405,20.8,,0.0,,0.69,,Complex cultivation patterns
47.55315,-2.74568,5.4,,0.0,,0.7,,Broad-leaved forest
47.57137,-2.73215,5.4,,0.0,,0.56,,Broad-leaved forest
47.57261,-2.75443,5.3,,0.0,,0.62,,Coniferous forest
47.57345,-2.74364,5.4,,0.0,,0.64,,Peat bogs
47.54945,10.310497,9.6,,1.4,,0.6,,Broad-leaved forest
48.76567,2.53314,16.9,,0.0,,0.62,,"Land principally occupied by agriculture, with significant areas of natural vegetation"
48.76567,2.53314,18.6,,0.0,,0.58,,"Land principally occupied by agriculture, with significant areas of natural vegetation"
49.771,6.506,17.6,,0.0,,0.78,,Broad-leaved forest
49.790633,6.3614,18.3,,0.2,,0.74,,Moors and heathland
47.54945,10.310497,11.8,,0.1,,0.65,,Coniferous forest
50.413914,30.563893,22.8,,0.0,,-1.0,,Broad-leaved forest
50.60968,-1.99929,18.1,,1.0,,0.72,,Green urban areas
50.60968,-1.99929,17.4,,2.6,,0.72,,Green urban areas
50.6568,-3.34342,4.6,,0.0,,0.59,,Green urban areas
50.6568,-3.34342,18.2,,1.5,,0.56,,Non-irrigated arable land
50.73326,-3.08342,17.7,,0.0,,0.73,,Peat bogs
50.7448,-3.09928,13.6,,3.6,,0.75,,Moors and heathland
50.74776,-1.68459,5.1,,0.8,,0.77,,Moors and heathland
50.74964,-3.06253,18.3,,0.0,,0.81,,Coniferous forest
50.76399,-2.96359,17.0,,0.1,,0.71,,Pastures
50.76911,-3.35372,14.9,,1.5,,0.69,,Pastures
50.77808,-3.09864,8.1,,0.2,,0.75,,Pastures
50.77808,-3.09864,18.3,,0.0,,0.81,,Green urban areas
50.77808,-3.09864,11.6,,0.0,,0.77,,Moors and heathland
50.77808,-3.09864,7.9,,0.1,,0.75,,Coniferous forest
50.77839,-3.06602,18.2,,0.1,,0.68,,Mixed forest
50.78345,-3.1016,12.5,,0.0,,0.68,,Broad-leaved forest
50.82725,-4.00156,6.7,,0.0,,0.68,,Pastures
50.83662,-3.34857,16.4,,0.7,,0.59,,Coniferous forest
50.83818,-3.20658,4.6,,0.0,,0.39,,Broad-leaved forest
50.86822,-1.66814,17.1,,5.2,,0.57,,Discontinuous urban fabric
50.91856,-3.9201,16.2,,0.3,,0.76,,Water bodies
50.93415,-1.7858,17.2,,0.2,,0.62,,Sport and leisure facilities
50.93415,-1.7858,17.4,,0.0,,0.64,,Green urban areas
51.02374,-1.64279,17.2,,0.0,,0.75,,Broad-leaved forest
51.02374,-1.64279,19.3,,1.9,,0.5,,"Beaches, dunes, sands"
51.02374,-1.64279,15.8,,2.3,,0.5,,Inland marshes
51.02408,-1.78539,19.2,,1.9,,0.79,,Broad-leaved forest
51.02408,-1.78539,15.6,,0.8,,0.69,,Coniferous forest
51.02408,-1.78539,17.9,,0.0,,0.69,,Industrial or commercial units
51.02408,-1.78539,8.6,,0.0,,0.82,,Broad-leaved forest
51.02408,-1.78539,4.9,,0.8,,0.79,,Green urban areas
51.02426,-1.92799,17.0,,0.1,,0.72,,Broad-leaved forest
51.11314,-1.49923,12.6,,0.0,,0.62,,Mineral extraction sites
51.11357,-1.78569,16.9,,3.4,,0.41,,Broad-leaved forest
51.11367,-1.6421,18.0,,0.9,,0.77,,Broad-leaved forest
51.11402,-1.78497,13.2,,0.0,,0.57,,"Land principally occupied by agriculture, with significant areas of natural vegetation"
51.11402,-1.78497,18.7,,0.1,,0.57,,Coniferous forest
51.11402,-1.78497,12.1,,0.0,,0.57,,Pastures
51.11419,-2.07072,8.7,,0.2,,0.32,,Pastures
51.11419,-1.92785,16.7,,3.8,,0.85,,Coniferous forest
51.20412,-1.92771,7.8,,0.6,,0.69,,"Land principally occupied by agriculture, with significant areas of natural vegetation"
51.23741,-2.04083,10.0,,0.0,,0.66,,Coniferous forest
51.25627,-2.09244,8.9,,1.1,,0.74,,Complex cultivation patterns
51.28772,-0.78024,10.2,,0.0,,0.64,,"Land principally occupied by agriculture, with significant areas of natural vegetation"
51.29379,-1.7411,7.1,,0.0,,0.45,,Broad-leaved forest
51.37763,-0.77785,13.3,,0.0,,0.7,,Salt marshes
51.380467,-2.318216,1.8,,0.3,,0.74,,Pastures
51.38221,-1.35259,17.8,,1.2,,0.68,,Coniferous forest
51.38292,-1.49629,15.5,,0.6,,0.74,,Sparsely vegetated areas
51.438876,-2.566078,18.3,,0.0,,0.71,,Non-irrigated arable land
51.458556,-2.670673,19.7,,0.2,,0.69,,Green urban areas
51.46135,-0.34515,20.0,,0.1,,0.59,,Coniferous forest
51.46135,-0.34515,19.8,,0.0,,0.74,,Broad-leaved forest
47.54945,10.310497,15.7,,0.4,,0.67,,"Land principally occupied by agriculture, with significant areas of natural vegetation"
52.01289,-2.36357,18.4,,0.4,,0.8,,Coniferous forest
52.01289,-2.36357,18.1,,0.0,,0.8,,Pastures
52.28318,-2.07257,11.2,,0.0,,0.65,,natural grasslands
52.28318,-1.92596,18.7,,0.2,,0.66,,Pastures
52.28318,-1.92596,11.8,,0.0,,0.66,,Pastures
54.222719,-3.011468,19.7,,1.9,,0.69,,Sport and leisure facilities
54.235469,-2.875231,16.9,,0.5,,0.54,,Pastures
54.25389,-0.69439,14.5,,0.1,,0.52,,Broad-leaved forest
54.328089,-0.726002,18.5,,0.0,,0.52,,Vineyards
54.35081,-1.9223,14.3,,1.1,,0.59,,Coniferous forest
54.5286,-1.30381,16.4,,1.6,,0.8,,Water bodies
54.5286,-1.30381,16.5,,0.7,,0.8,,Broad-leaved forest
54.5286,-1.30381,15.3,,0.4,,0.8,,Broad-leaved forest
54.5286,-1.30381,10.6,,0.1,,0.57,,"Land principally occupied by agriculture, with significant areas of natural vegetation"
54.61847,-1.30228,4.9,,1.0,,0.66,,Coniferous forest
55.071689,-2.473692,-1.4,,0.0,,0.6,,Discontinuous urban fabric
55.15849,-2.54858,9.8,,0.2,,0.65,,Transitional woodland-shrub
55.47246,-2.0261,9.5,,0.1,,0.67,,Transitional woodland-shrub
55.53716,-1.95959,13.7,,0.0,,0.77,,Broad-leaved forest
55.54165,-2.02298,3.3,,0.7,,0.66,,Pastures
55.58742,-2.67673,2.4,,0.8,,0.79,,Coniferous forest
55.59714,-2.23886,10.5,,0.0,,0.69,,Broad-leaved forest
57.36436,-3.57123,9.7,,0.4,,0.68,,Complex cultivation patterns
57.608135,-3.798194,17.9,,0.5,,0.61,,Green urban areas
57.954625,-4.243178,21.8,,0.4,,0.62,,Coniferous forest
58.69891,11.97076,19.3,,3.2,,0.81,,Coniferous forest
60.469062,5.283765,16.8,,0.8,,0.46,,"Land principally occupied by agriculture, with significant areas of natural vegetation"
59.928587,23.387347,18.1,,0.0,,0.74,,Broad-leaved forest
59.987145,21.78239,3.7,,0.0,,0.45,,Non-irrigated arable land
62.502185,6.237255,13.8,,0.0,,0.73,,"Land principally occupied by agriculture, with significant areas of natural vegetation"
62.937504,7.737306,17.1,,0.1,,0.88,,Discontinuous urban fabric
59.987145,21.78239,21.1,,0.0,,0.75,,Broad-leaved forest
59.987145,21.78239,21.0,,1.7,,0.71,,Complex cultivation patterns
46.29343,4.72406,16.6,,0.0,,0.53,,Mixed forest
46.683468,14.838945,23.2,,0.0,,0.76,,Complex cultivation patterns
47.31426,2.25901,22.4,,0.0,,0.15,,Broad-leaved forest
47.31432,2.25897,21.4,,2.9,,0.51,,"Land principally occupied by agriculture, with significant areas of natural vegetation"
47.3233,2.28387,19.3,,0.0,,0.7,,Complex cultivation patterns
47.32331,2.28396,21.4,,2.9,,0.69,,Pastures
47.32334,2.28407,22.3,,0.0,,0.41,,Pastures
47.32335,2.28395,24.4,,2.7,,0.41,,Coniferous forest
47.32336,2.28398,13.4,,0.2,,0.73,,Non-irrigated arable land
47.86999,1.7437,20.6,,0.0,,0.7,,Broad-leaved forest
49.883316,11.62138,14.4,,0.6,,0.77,,Pastures
48.76567,2.53314,20.9,,0.0,,0.64,,Industrial or commercial units
48.76587,-3.53296,4.0,,0.0,,0.64,,Mineral extraction sites
48.79861,-3.59943,4.7,,0.0,,0.4,,Discontinuous urban fabric
49.122323,-0.797405,18.3,,0.1,,0.69,,"Land principally occupied by agriculture, with significant areas of natural vegetation"
49.18901,-0.89252,5.8,,0.0,,0.74,,"Land principally occupied by agriculture, with significant areas of natural vegetation"
49.25233,3.18424,20.5,,0.3,,0.6,,"Land principally occupied by agriculture, with significant areas of natural vegetation"
49.25475,3.19692,20.2,,0.3,,0.66,,Discontinuous urban fabric
47.621684,9.541025,19.7,,0.0,,0.76,,Broad-leaved forest
47.624126,9.54057,20.3,,0.0,,0.57,,Industrial or commercial units
47.629074,10.231018,23.7,,0.5,,0.89,,Sport and leisure facilities
51.349659,-2.395541,10.9,,0.6,,0.66,,Complex cultivation patterns
47.639228,11.354302,30.9,,0.0,,0.41,,Mineral extraction sites
51.383879,-2.752208,17.2,,0.0,,0.71,,"Land principally occupied by agriculture, with significant areas of natural vegetation"
51.384609,-2.778086,21.1,,0.0,,0.67,,Broad-leaved forest
51.397309,-2.761053,16.8,,0.0,,0.82,,Complex cultivation patterns
51.455582,-2.639686,17.1,,1.5,,0.68,,Pastures
51.455582,-2.639686,17.0,,0.0,,0.75,,"Land principally occupied by agriculture, with significant areas of natural vegetation"
51.455621,-2.63249,12.5,,0.3,,0.63,,Broad-leaved forest
51.456497,-2.63682,15.2,,0.0,,0.67,,Complex cultivation patterns
51.469131,-2.628358,15.4,,0.0,,0.67,,Broad-leaved forest
51.487846,-2.658861,12.8,,0.3,,0.63,,"Land principally occupied by agriculture, with significant areas of natural vegetation"
51.609489,5.043755,21.4,,0.2,,0.58,,Coniferous forest
47.645123,7.881081,23.3,,0.2,,0.54,,Non-irrigated arable land
47.648708,8.205819,10.0,,0.7,,0.65,,"Land principally occupied by agriculture, with significant areas of natural vegetation"
52.25,5.6,15.1,,0.2,,0.4,,Pastures
50.872154,7.166622,19.4,,0.2,,0.46,,"Land principally occupied by agriculture, with significant areas of natural vegetation"
53.159502,-4.319745,12.8,,0.2,,0.78,,Discontinuous urban fabric
53.175042,-4.375204,12.8,,0.2,,0.69,,Non-irrigated arable land
47.764915,8.819447,13.8,,0.6,,0.65,,Broad-leaved forest
47.782135,9.142299,20.7,,0.0,,0.69,,Broad-leaved forest
47.785538,9.122987,14.9,,0.0,,0.75,,"Land principally occupied by agriculture, with significant areas of natural vegetation"
47.785538,9.122987,21.5,,0.0,,0.73,,Mixed forest
47.785538,9.122987,20.6,,0.0,,0.76,,Mixed forest
47.803802,9.641318,20.8,,1.5,,0.72,,Broad-leaved forest
54.263249,-3.198233,17.6,,1.1,,0.83,,"Land principally occupied by agriculture, with significant areas of natural vegetation"
48.361084,8.821142,4.8,,1.1,,0.58,,"Land principally occupied by agriculture, with significant areas of natural vegetation"
49.523911,9.790516,21.9,,0.3,,0.81,,"Land principally occupied by agriculture, with significant areas of natural vegetation"
55.66595,13.55781,19.6,,0.0,,0.5,,Non-irrigated arable land
56.29393,-5.439714,17.2,,0.0,,0.68,,"Land principally occupied by agriculture, with significant areas of natural vegetation"
56.555572,-5.282748,18.2,,0.2,,0.72,,"Land principally occupied by agriculture, with significant areas of natural vegetation"
57.589453,-2.143832,7.6,,0.0,,0.64,,Non-irrigated arable land
57.66502,-4.357719,10.8,,0.4,,0.64,,"Land principally occupied by agriculture, with significant areas of natural vegetation"
57.665505,-4.34375,12.5,,0.8,,0.72,,Pastures
58.112778,8.127222,16.9,,0.2,,0.44,,Non-irrigated arable land
58.281827,6.576,13.4,,0.9,,0.73,,Non-irrigated arable land
58.369208,-4.233615,13.9,,1.8,,0.78,,Broad-leaved forest
58.60083,23.12833,5.5,,0.0,,0.79,,"Land principally occupied by agriculture, with significant areas of natural vegetation"
58.7,23.6,6.5,,0.0,,0.81,,Complex cultivation patterns
58.880379,9.610132,16.6,,1.9,,0.85,,Non-irrigated arable land
59.3727,18.05342,20.0,,2.6,,0.64,,"Land principally occupied by agriculture, with significant areas of natural vegetation"
59.37386,18.05129,20.0,,3.5,,0.67,,Non-irrigated arable land
59.841153,10.418391,24.4,,0.0,,0.7,,Non-irrigated arable land
59.917856,10.770243,14.9,,0.2,,0.65,,Sparsely vegetated areas
59.996201,19.909973,10.7,,0.0,,0.42,,"Land principally occupied by agriculture, with significant areas of natural vegetation"
60.296163,21.568362,6.4,,0.0,,0.67,,"Land principally occupied by agriculture, with significant areas of natural vegetation"
60.296786,21.566881,8.4,,0.0,,0.67,,"Land principally occupied by agriculture, with significant areas of natural vegetation"
61.6954,30.5458,12.5,,0.0,,0.77,,Broad-leaved forest
62.80553,15.53135,13.3,,0.6,,0.77,,Non-irrigated arable land
65.215238,12.08535,17.7,,0.0,,0.86,,Pastures
42.09562,20.23045,25.7,,0.0,,0.76,,Pastures
42.10897,20.36137,26.3,,0.0,,0.49,,Sport and leisure facilities
42.10941,20.48784,27.0,,0.0,,0.5,,Sport and leisure facilities
42.172592,20.379124,26.4,,0.0,,0.5,,Broad-leaved forest
42.18015,20.35852,26.0,,0.0,,0.59,,Broad-leaved forest
42.21333,20.42297,25.5,,0.0,,0.57,,Pastures
42.24547,20.38637,25.4,,0.0,,0.54,,Sport and leisure facilities
42.385,20.125,26.1,,0.0,,0.76,,Broad-leaved forest
44.737703,34.110351,20.8,,0.5,,-1.0,,"Land principally occupied by agriculture, with significant areas of natural vegetation"
45.841911,11.945594,25.5,,0.8,,0.83,,Transitional woodland-shrub
46.8519,4.78052,16.2,,0.0,,0.81,,Mixed forest
46.93873,2.25767,21.5,,0.4,,0.66,,Non-irrigated arable land
46.93873,2.25767,22.5,,0.0,,0.59,,Complex cultivation patterns
46.93873,2.25767,24.4,,1.8,,0.66,,Coniferous forest
46.93873,2.25767,20.8,,0.0,,0.59,,Broad-leaved forest
46.9526,2.28081,22.5,,0.0,,0.56,,Broad-leaved forest
46.95271,2.28074,21.5,,0.4,,0.67,,Sport and leisure facilities
46.95346,2.2818,22.5,,0.0,,0.58,,Pastures
46.95346,2.2818,21.5,,0.4,,0.6,,Mixed forest
47.32334,2.28386,17.5,,1.2,,0.55,,Broad-leaved forest
47.87669,7.559817,16.2,,1.0,,0.83,,Industrial or commercial units
49.916885,8.755803,24.4,,0.1,,0.68,,"Land principally occupied by agriculture, with significant areas of natural vegetation"
48.907864,9.518752,16.3,,0.6,,0.79,,"Land principally occupied by agriculture, with significant areas of natural vegetation"
47.513172,10.379033,14.0,,1.8,,0.71,,Broad-leaved forest
48.031666,8.936133,22.0,,0.0,,0.41,,Broad-leaved forest
48.036373,7.58091,18.2,,0.0,,0.55,,Non-irrigated arable land
48.049671,8.986473,15.5,,3.9,,0.82,,"Land principally occupied by agriculture, with significant areas of natural vegetation"
48.063663,9.003972,11.9,,1.2,,0.77,,"Land principally occupied by agriculture, with significant areas of natural vegetation"
48.50631,0.26696,25.1,,0.0,,0.64,,"Land principally occupied by agriculture, with significant areas of natural vegetation"
48.51101,0.24742,25.0,,0.0,,0.82,,Pastures
48.51323,0.27012,2.3,,0.0,,0.67,,Broad-leaved forest
48.063663,9.003972,17.9,,0.3,,0.74,,Complex cultivation patterns
48.089142,9.111587,22.0,,0.0,,0.67,,Broad-leaved forest
48.095165,7.691331,25.3,,2.5,,0.53,,Pastures
48.097515,7.674036,25.1,,0.3,,0.82,,Pastures
48.136492,11.215323,22.7,,0.0,,0.78,,Pastures
48.92839,-0.44341,2.2,,0.0,,0.34,,"Land principally occupied by agriculture, with significant areas of natural vegetation"
48.172153,8.870516,21.0,,0.0,,0.69,,Pastures
48.179764,12.801441,23.2,,0.4,,0.8,,Coniferous forest
48.181667,7.635634,24.1,,0.0,,0.81,,Broad-leaved forest
48.185558,8.980336,25.6,,3.6,,0.78,,Pastures
48.190708,12.782411,24.5,,3.3,,0.53,,Industrial or commercial units
49.18901,-0.89252,7.0,,0.0,,0.78,,Water bodies
48.203396,8.723723,15.9,,0.2,,0.74,,Non-irrigated arable land
49.5017,6.33376,26.5,,0.0,,0.75,,Broad-leaved forest
48.207016,12.90428,26.8,,0.5,,0.82,,Broad-leaved forest
48.211433,12.643204,27.2,,0.1,,0.33,,Non-irrigated arable land
48.236252,8.291502,22.2,,0.0,,0.62,,Pastures
48.248981,12.597113,26.4,,0.2,,0.63,,Coniferous forest
50.633001,-4.13299,21.9,,0.3,,0.83,,Broad-leaved forest
50.743163,-1.896171,8.8,,1.1,,0.34,,Pastures
48.271427,12.136459,26.6,,0.0,,0.75,,Coniferous forest
48.271427,12.136459,26.6,,8.0,,0.75,,Mixed forest
48.284222,13.119564,28.1,,0.0,,0.54,,"Land principally occupied by agriculture, with significant areas of natural vegetation"
51.902325,9.44958,16.3,,0.0,,0.54,,"Land principally occupied by agriculture, with significant areas of natural vegetation"
48.290485,7.863962,24.4,,0.0,,0.82,,Coniferous forest
48.308773,7.901573,16.7,,0.0,,0.8,,"Land principally occupied by agriculture, with significant areas of natural vegetation"
47.513172,10.379033,20.4,,0.4,,0.75,,"Land principally occupied by agriculture, with significant areas of natural vegetation"
48.313759,7.983627,14.3,,0.2,,0.87,,"Land principally occupied by agriculture, with significant areas of natural vegetation"
48.8493,9.406409,13.7,,0.3,,0.7,,"Land principally occupied by agriculture, with significant areas of natural vegetation"
48.558864,9.043693,21.1,,0.1,,0.76,,"Land principally occupied by agriculture, with significant areas of natural vegetation"
48.313759,7.983627,23.4,,0.0,,0.87,,"Land principally occupied by agriculture, with significant areas of natural vegetation"
48.313759,7.983627,24.5,,1.7,,0.82,,Mixed forest
48.329281,8.894371,15.1,,0.7,,0.63,,"Land principally occupied by agriculture, with significant areas of natural vegetation"
47.808773,8.508911,6.1,,0.7,,0.74,,"Land principally occupied by agriculture, with significant areas of natural vegetation"
48.382362,9.967346,23.9,,0.0,,0.58,,Coniferous forest
48.428177,7.997274,21.1,,0.6,,0.72,,Coniferous forest
48.455833,9.242222,16.9,,0.0,,0.6,,"Land principally occupied by agriculture, with significant areas of natural vegetation"
48.455833,9.242222,21.0,,0.0,,0.63,,Coniferous forest
51.383879,-2.752208,22.1,,0.2,,0.71,,Coniferous forest
51.383879,-2.752208,16.8,,1.3,,0.73,,Broad-leaved forest
51.451805,-2.813767,23.8,,0.0,,0.67,,Non-irrigated arable land
51.453831,-2.631026,22.6,,0.2,,0.41,,Coniferous forest
51.453831,2.0,22.6,,0.2,,0.41,,Complex cultivation patterns
51.456481,-2.639699,17.1,,1.3,,0.63,,Non-irrigated arable land
51.457987,-2.82971,20.2,,2.9,,0.74,,Pastures
51.458414,-2.421165,20.7,,3.3,,0.76,,Broad-leaved forest
51.469131,-2.628358,10.9,,0.0,,0.65,,"Land principally occupied by agriculture, with significant areas of natural vegetation"
48.474457,9.1747,20.5,,1.2,,0.66,,Coniferous forest
51.504172,-2.633163,22.3,,0.0,,0.77,,Broad-leaved forest
48.489944,9.371971,12.5,,0.0,,0.76,,Pastures
48.492023,12.944847,9.6,,0.0,,0.72,,Coniferous forest
50.387344,9.12333,15.8,,0.0,,0.58,,Pastures
50.192123,10.267324,20.0,,0.0,,0.77,,Coniferous forest
50.441051,9.241651,15.8,,0.3,,0.43,,Pastures
52.694097,-1.217241,10.8,,0.1,,0.43,,Water bodies
50.020027,10.280945,6.7,,0.0,,0.35,,Mixed forest
50.762081,8.880858,15.7,,0.0,,0.46,,"Land principally occupied by agriculture, with significant areas of natural vegetation"
49.98843,8.569679,21.3,,0.0,,0.58,,Mixed forest
53.59449,11.277637,25.6,,4.8,,0.67,,Coniferous forest
49.360046,10.892103,4.7,,0.0,,0.67,,Broad-leaved forest
54.701714,9.48,22.6,,0.0,,0.57,,"Land principally occupied by agriculture, with significant areas of natural vegetation"
48.492023,12.944847,2.9,,0.3,,0.7,,"Land principally occupied by agriculture, with significant areas of natural vegetation"
48.492023,12.944847,4.2,,0.6,,0.68,,"Land principally occupied by agriculture, with significant areas of natural vegetation"
48.492023,12.944847,9.4,,0.0,,0.68,,"Land principally occupied by agriculture, with significant areas of natural vegetation"
48.313759,7.983627,20.1,,0.0,,0.87,,"Land principally occupied by agriculture, with significant areas of natural vegetation"
48.850258,9.387989,16.0,,0.0,,0.81,,"Land principally occupied by agriculture, with significant areas of natural vegetation"
49.977253,8.851676,25.7,,0.0,,0.7,,"Land principally occupied by agriculture, with significant areas of natural vegetation"
48.290485,7.863962,18.3,,0.0,,0.84,,"Land principally occupied by agriculture, with significant areas of natural vegetation"
56.04725,14.3255,19.3,,0.0,,0.63,,"Land principally occupied by agriculture, with significant areas of natural vegetation"
56.25504,12.65306,20.1,,0.4,,0.64,,"Land principally occupied by agriculture, with significant areas of natural vegetation"
56.25504,12.65306,15.4,,0.0,,0.67,,Pastures
56.25504,12.65306,29.4,,0.5,,0.64,,Transitional woodland-shrub
56.47095,-6.142576,15.5,,0.0,,0.55,,Water bodies
56.548882,-6.040062,14.9,,0.0,,0.77,,Water bodies
56.551312,-6.044148,16.2,,0.0,,0.85,,Water bodies
56.678905,-5.12764,19.6,,0.2,,0.76,,Water bodies
57.019098,-3.063932,19.9,,0.2,,0.52,,Broad-leaved forest
57.027938,-3.080659,20.1,,0.3,,0.72,,Mixed forest
57.087601,-4.056036,19.9,,0.1,,0.32,,Mixed forest
58.20659,15.66146,25.3,,1.5,,0.8,,Complex cultivation patterns
58.70512,12.32855,19.4,,0.0,,0.79,,Pastures
59.03921,11.045476,21.9,,0.0,,0.48,,"Land principally occupied by agriculture, with significant areas of natural vegetation"
59.088843,10.911054,18.9,,0.2,,0.66,,Industrial or commercial units
59.1432,17.84933,15.3,,0.0,,0.8,,Pastures
59.232018,9.568318,15.9,,0.0,,0.75,,Transitional woodland-shrub
59.76656,17.05962,10.4,,0.3,,0.61,,"Land principally occupied by agriculture, with significant areas of natural vegetation"
60.01,24.21,18.6,,0.0,,0.78,,Non-irrigated arable land
60.023058,24.419448,14.5,,0.0,,0.79,,"Land principally occupied by agriculture, with significant areas of natural vegetation"
60.170408,24.925127,13.6,,1.5,,0.34,,Pastures
60.046504,19.973813,12.4,,0.0,,0.78,,"Land principally occupied by agriculture, with significant areas of natural vegetation"
60.451009,5.161917,13.7,,0.7,,0.55,,Broad-leaved forest
61.8186,30.9097,14.2,,0.0,,-1.0,,"Land principally occupied by agriculture, with significant areas of natural vegetation"
61.8396,32.5976,17.4,,3.5,,-1.0,,Pastures
61.8795,31.3241,15.9,,0.0,,-1.0,,Mixed forest
61.8805,31.3189,15.9,,0.0,,-1.0,,Coniferous forest
62.0537,30.9084,16.0,,0.0,,-1.0,,Pastures
62.26864,17.45373,19.2,,0.4,,0.28,,Complex cultivation patterns
63.24855,14.52852,20.5,,1.7,,0.82,,Complex cultivation patterns
39.76502,20.00676,24.4,,0.0,,0.47,,Sport and leisure facilities
40.1934379,20.6337512,7.6,,0.3,,0.73,,Non-irrigated arable land
40.2123106,20.6179011,8.4,,0.0,,0.4,,Sport and leisure facilities
40.2196721,20.6500437,7.2,,0.3,,0.81,,Moors and heathland
42.08598,20.22308,20.2,,2.6,,0.62,,Broad-leaved forest
42.28523,20.34834,20.4,,2.6,,0.68,,"Land principally occupied by agriculture, with significant areas of natural vegetation"
44.18042,3.36349,19.9,,0.0,,0.65,,Industrial or commercial units
45.27581,0.91149,23.2,,0.3,,0.61,,Moors and heathland
45.28676,0.91044,23.2,,0.3,,0.66,,Broad-leaved forest
45.3233,0.92658,23.1,,0.3,,0.66,,Pastures
46.8373,4.8366,16.0,,0.0,,0.7,,"Land principally occupied by agriculture, with significant areas of natural vegetation"
46.8519,4.78052,17.6,,0.0,,0.75,,Sport and leisure facilities
46.8519,4.78052,22.4,,0.0,,0.75,,Broad-leaved forest
47.26719,2.23179,22.0,,0.0,,0.62,,Broad-leaved forest
47.31271,0.95764,20.1,,0.0,,0.5,,Pastures
47.31275,0.95768,22.8,,0.0,,0.51,,Pastures
47.31275,0.95765,23.2,,0.3,,0.51,,Pastures
47.31283,0.95775,20.9,,0.0,,0.54,,Broad-leaved forest
47.31425,2.25886,19.1,,0.0,,0.48,,Broad-leaved forest
47.32329,2.28381,19.0,,0.0,,0.59,,Broad-leaved forest
48.492023,12.944847,16.6,,0.0,,0.66,,Broad-leaved forest
48.492023,12.944847,18.8,,0.1,,0.68,,Broad-leaved forest
48.492023,12.944847,18.8,,0.0,,0.68,,Pastures
48.492023,12.944847,11.5,,0.8,,0.68,,Industrial or commercial units
48.492023,12.944847,6.4,,0.4,,0.76,,"Land principally occupied by agriculture, with significant areas of natural vegetation"
48.492023,12.944847,13.5,,0.0,,0.76,,Broad-leaved forest
48.492023,12.944847,20.5,,0.4,,0.63,,"Land principally occupied by agriculture, with significant areas of natural vegetation"
48.492023,12.944847,18.0,,3.4,,0.63,,"Land principally occupied by agriculture, with significant areas of natural vegetation"
48.492023,12.944847,0.3,,0.3,,0.67,,Mixed forest
48.492023,12.944847,16.8,,0.1,,0.68,,Mixed forest
48.492023,12.944847,13.0,,1.3,,0.68,,Pastures
49.38581,2.99988,20.3,,0.2,,0.62,,Broad-leaved forest
48.492023,12.944847,17.5,,0.0,,0.73,,Broad-leaved forest
48.492023,12.944847,26.0,,0.0,,0.69,,Broad-leaved forest
48.492023,12.944847,13.7,,0.9,,0.68,,Pastures
48.492023,12.944847,31.9,,0.0,,0.69,,Broad-leaved forest
48.492023,12.944847,20.4,,0.0,,0.68,,Broad-leaved forest
49.7532,6.45952,21.1,,0.0,,0.72,,Non-irrigated arable land
48.492023,12.944847,22.0,,0.0,,0.69,,Pastures
48.492023,12.944847,17.7,,0.0,,0.69,,Water bodies
48.492023,12.944847,20.8,,0.0,,0.69,,Broad-leaved forest
48.492023,12.944847,22.9,,1.4,,0.65,,Broad-leaved forest
50.417101,30.562156,15.7,,0.5,,-1.0,,Mixed forest
48.492023,12.944847,22.1,,1.8,,0.65,,Broad-leaved forest
48.492023,12.944847,18.4,,1.2,,0.69,,Pastures
48.492023,12.944847,24.3,,0.0,,0.65,,"Land principally occupied by agriculture, with significant areas of natural vegetation"
48.492023,12.944847,10.6,,0.0,,0.72,,"Land principally occupied by agriculture, with significant areas of natural vegetation"
48.492023,12.944847,23.0,,0.0,,0.72,,"Land principally occupied by agriculture, with significant areas of natural vegetation"
48.492023,12.944847,22.5,,0.2,,0.72,,"Land principally occupied by agriculture, with significant areas of natural vegetation"
48.492023,12.944847,15.6,,0.0,,0.68,,"Land principally occupied by agriculture, with significant areas of natural vegetation"
48.492023,12.944847,24.3,,0.1,,0.68,,"Land principally occupied by agriculture, with significant areas of natural vegetation"
48.492023,12.944847,21.1,,0.0,,0.68,,"Land principally occupied by agriculture, with significant areas of natural vegetation"
48.492023,12.944847,30.4,,0.0,,0.72,,"Land principally occupied by agriculture, with significant areas of natural vegetation"
48.492023,12.944847,20.2,,0.8,,0.72,,"Land principally occupied by agriculture, with significant areas of natural vegetation"
48.492023,12.944847,26.8,,1.8,,0.72,,"Land principally occupied by agriculture, with significant areas of natural vegetation"
48.492023,12.944847,7.1,,0.0,,0.72,,"Land principally occupied by agriculture, with significant areas of natural vegetation"
48.492023,12.944847,8.9,,0.7,,0.68,,Broad-leaved forest
51.369379,-2.525716,13.3,,0.0,,0.66,,Water bodies
51.375902,-2.342608,15.4,,0.1,,0.71,,Broad-leaved forest
51.375906,-2.341172,15.8,,0.4,,0.73,,Pastures
51.406555,-2.72095,13.3,,0.2,,0.71,,Pastures
51.44161,-2.722941,14.9,,0.1,,0.74,,Water bodies
51.441646,-2.717187,19.1,,0.0,,0.78,,Broad-leaved forest
51.441681,-2.711432,15.1,,0.4,,0.73,,Sport and leisure facilities
51.442554,-2.715762,14.7,,0.1,,0.73,,"Land principally occupied by agriculture, with significant areas of natural vegetation"
51.451805,-2.813767,14.5,,0.0,,0.63,,Inland marshes
51.455582,-2.639686,24.3,,0.0,,0.68,,Broad-leaved forest
51.456481,-2.639699,17.6,,0.0,,0.64,,"Land principally occupied by agriculture, with significant areas of natural vegetation"
51.458887,-2.829726,13.8,,0.2,,0.65,,"Land principally occupied by agriculture, with significant areas of natural vegetation"
51.469131,-2.628358,17.8,,0.0,,0.66,,Non-irrigated arable land
51.469131,-2.628358,16.1,,0.0,,0.66,,"Land principally occupied by agriculture, with significant areas of natural vegetation"
51.469131,-2.628358,24.4,,0.0,,0.64,,"Land principally occupied by agriculture, with significant areas of natural vegetation"
51.470354,-2.727715,16.5,,0.0,,0.66,,Broad-leaved forest
51.475822,-2.786117,17.8,,0.0,,0.66,,Pastures
51.485548,-2.742358,13.5,,0.3,,0.71,,Pastures
51.50944,-2.656291,10.8,,0.2,,0.47,,Broad-leaved forest
48.492023,12.944847,18.7,,0.3,,0.68,,Broad-leaved forest
48.492023,12.944847,26.4,,1.4,,0.68,,Broad-leaved forest
48.492023,12.944847,23.3,,0.0,,0.71,,Broad-leaved forest
48.492023,12.944847,31.7,,0.0,,0.71,,Broad-leaved forest
48.492023,12.944847,17.2,,2.4,,0.71,,Broad-leaved forest
48.492023,12.944847,3.5,,0.0,,0.72,,Broad-leaved forest
48.492023,12.944847,14.0,,1.0,,0.66,,Broad-leaved forest
48.492023,12.944847,19.2,,0.3,,0.66,,Broad-leaved forest
48.492023,12.944847,34.3,,0.0,,0.68,,Broad-leaved forest
52.6,6.55,16.4,,0.7,,0.83,,Pastures
52.676119,-1.217562,15.4,,0.6,,0.65,,Pastures
52.694097,-1.217241,13.9,,0.0,,0.45,,Pastures
48.492023,12.944847,19.7,,3.5,,0.68,,Broad-leaved forest
48.492023,12.944847,28.7,,0.0,,0.68,,Broad-leaved forest
48.492023,12.944847,17.4,,0.0,,0.76,,Broad-leaved forest
48.50695,8.246142,16.4,,0.0,,0.83,,Coniferous forest
53.15,4.85,13.4,,0.2,,0.62,,Broad-leaved forest
48.52066,8.954844,24.1,,1.1,,0.66,,Pastures
48.54903,9.003007,25.2,,0.2,,0.65,,Non-irrigated arable land
48.313759,7.983627,17.0,,0.0,,0.87,,"Land principally occupied by agriculture, with significant areas of natural vegetation"
48.573593,12.234032,18.6,,0.0,,0.78,,Mixed forest
48.606354,13.42186,26.6,,7.9,,0.25,,Water bodies
48.606354,13.42186,26.3,,7.8,,0.15,,Industrial or commercial units
48.606354,13.42186,24.6,,0.0,,0.13,,Industrial or commercial units
48.624172,9.743242,19.4,,3.4,,0.56,,Pastures
48.640621,13.440571,19.4,,1.9,,0.56,,Mineral extraction sites
54.150276,-2.782333,5.1,,0.0,,0.62,,Moors and heathland
48.674015,10.957026,18.3,,0.1,,0.34,,Non-irrigated arable land
48.723953,9.086723,12.2,,1.4,,0.81,,Coniferous forest
48.723953,9.086723,28.1,,0.1,,0.75,,Coniferous forest
55.6805,13.39699,23.9,,2.4,,0.82,,Water bodies
56.04926,14.14534,2.0,,0.0,,0.62,,Discontinuous urban fabric
56.42417,16.41295,12.5,,0.8,,0.6,,Broad-leaved forest
56.425278,-5.253334,16.0,,0.0,,0.62,,Broad-leaved forest
56.597704,-5.014271,14.8,,0.4,,0.74,,Broad-leaved forest
56.77584,16.40617,18.1,,0.1,,0.66,,Broad-leaved forest
57.08969,13.64721,16.7,,0.0,,0.82,,Pastures
57.122411,-2.075953,7.7,,0.0,,0.56,,Coniferous forest
57.190412,-3.800513,13.4,,1.5,,0.59,,Broad-leaved forest
57.195321,-3.799676,15.7,,0.0,,0.67,,Coniferous forest
57.31919,15.87589,22.6,,0.0,,0.69,,Water bodies
58.29333,15.5554,22.1,,0.2,,0.78,,Coniferous forest
59.1432,17.84933,13.1,,0.0,,0.79,,Non-irrigated arable land
59.15673,17.89087,21.9,,0.0,,0.82,,Broad-leaved forest
59.159817,5.251021,11.9,,0.1,,0.89,,Industrial or commercial units
59.470074,10.763218,17.2,,0.0,,0.6,,Green urban areas
59.49419,15.02668,20.0,,0.5,,0.55,,Water bodies
59.54143,16.66798,17.3,,0.0,,0.65,,Discontinuous urban fabric
59.59115,15.19934,11.9,,0.0,,0.76,,Green urban areas
59.70648,17.29672,18.0,,0.2,,0.77,,Coniferous forest
59.86428,17.67652,17.1,,0.0,,0.53,,Broad-leaved forest
60.103687,24.66586,25.8,,0.0,,0.81,,Pastures
60.110161,25.018642,9.1,,1.2,,0.5,,Industrial or commercial units
60.110161,25.018642,11.3,,0.3,,0.5,,Broad-leaved forest
60.110161,25.018642,16.5,,0.6,,-0.67,,Non-irrigated arable land
60.111958,24.632571,8.8,,1.1,,0.57,,"Land principally occupied by agriculture, with significant areas of natural vegetation"
60.216507,24.834966,22.8,,0.6,,0.66,,Complex cultivation patterns
60.216524,24.833412,17.3,,1.1,,0.66,,Broad-leaved forest
60.194079,23.922536,21.7,,0.0,,0.82,,"Land principally occupied by agriculture, with significant areas of natural vegetation"
60.61893,15.67508,14.3,,0.0,,0.73,,Water bodies
60.956374,21.439636,11.1,,0.5,,0.6,,Coniferous forest
61.29767,16.54837,20.1,,0.0,,0.74,,Pastures
61.731004,6.40683,19.9,,0.0,,0.63,,Water bodies
62.0955,30.933,16.1,,0.1,,0.74,,Pastures
62.1034,30.8922,16.3,,0.1,,0.71,,Sport and leisure facilities
62.1506,30.9127,18.1,,0.4,,0.76,,Broad-leaved forest
62.2804,31.4745,20.0,,0.0,,-1.0,,Green urban areas
62.3368,31.0104,12.9,,2.9,,0.66,,Broad-leaved forest
60.197764,24.811718,11.5,,0.5,,0.47,,"Land principally occupied by agriculture, with significant areas of natural vegetation"
40.191517,20.615719,30.8,,0.0,,0.56,,"Land principally occupied by agriculture, with significant areas of natural vegetation"
40.1934379,20.6337512,28.7,,0.0,,0.73,,Water bodies
42.823099,-1.614083,6.5,,0.5,,0.21,,"Land principally occupied by agriculture, with significant areas of natural vegetation"
44.68016,-0.53701,14.4,,0.0,,0.72,,"Land principally occupied by agriculture, with significant areas of natural vegetation"
47.22007,1.94944,20.6,,0.4,,0.73,,"Land principally occupied by agriculture, with significant areas of natural vegetation"
47.232,1.95485,25.1,,2.1,,0.71,,"Land principally occupied by agriculture, with significant areas of natural vegetation"
47.2322,1.95419,25.1,,2.1,,0.69,,"Land principally occupied by agriculture, with significant areas of natural vegetation"
47.23662,1.94075,25.3,,2.1,,0.47,,"Land principally occupied by agriculture, with significant areas of natural vegetation"
47.26107,2.00816,24.8,,2.1,,0.67,,"Land principally occupied by agriculture, with significant areas of natural vegetation"
47.31419,2.25887,12.4,,0.0,,0.35,,"Land principally occupied by agriculture, with significant areas of natural vegetation"
47.32328,2.28386,19.5,,0.0,,0.78,,"Land principally occupied by agriculture, with significant areas of natural vegetation"
47.32328,2.28375,12.3,,0.0,,0.61,,"Land principally occupied by agriculture, with significant areas of natural vegetation"
47.32332,2.28378,16.9,,0.0,,0.62,,"Land principally occupied by agriculture, with significant areas of natural vegetation"
47.32336,2.28387,23.9,,0.0,,0.47,,"Land principally occupied by agriculture, with significant areas of natural vegetation"
48.492023,12.944847,17.1,,0.0,,0.72,,"Land principally occupied by agriculture, with significant areas of natural vegetation"
47.559,1.33147,26.9,,0.0,,0.4,,"Land principally occupied by agriculture, with significant areas of natural vegetation"
48.728157,9.092649,21.9,,0.0,,0.83,,Pastures
48.728157,9.092649,18.4,,0.0,,0.67,,Pastures
47.779417,16.81056,23.6,,0.5,,0.58,,"Land principally occupied by agriculture, with significant areas of natural vegetation"
48.732418,10.133429,13.5,,0.0,,0.8,,Water bodies
48.733639,10.01475,18.9,,0.4,,0.39,,Coniferous forest
48.772964,13.468229,27.3,,1.1,,0.83,,Green urban areas
48.804041,12.999729,8.5,,0.2,,0.75,,Mixed forest
48.829639,12.963781,5.4,,0.2,,0.46,,"Land principally occupied by agriculture, with significant areas of natural vegetation"
48.830209,12.949278,16.3,,0.9,,0.39,,Industrial or commercial units
53.201233,9.200271,17.1,,2.0,,0.63,,"Land principally occupied by agriculture, with significant areas of natural vegetation"
48.844639,12.932153,20.3,,0.0,,0.68,,Sport and leisure facilities
48.845402,11.359692,19.3,,0.0,,0.63,,Non-irrigated arable land
48.846939,9.401155,18.1,,0.0,,0.79,,Mixed forest
49.136406,8.913345,23.9,,0.4,,0.68,,"Land principally occupied by agriculture, with significant areas of natural vegetation"
48.847027,9.410009,21.3,,0.0,,0.78,,Pastures
48.848083,9.402452,18.8,,0.6,,0.58,,Pastures
48.848083,9.402452,25.8,,0.0,,0.58,,Pastures
48.848083,9.402452,14.9,,0.0,,0.58,,Pastures
48.848083,9.402452,17.8,,0.0,,0.58,,Pastures
48.848083,9.402452,24.4,,0.0,,0.74,,Pastures
49.6208,6.15019,21.6,,0.0,,0.2,,"Land principally occupied by agriculture, with significant areas of natural vegetation"
49.6282,6.1534,23.6,,0.0,,0.43,,"Land principally occupied by agriculture, with significant areas of natural vegetation"
48.848083,9.402452,18.6,,0.0,,0.74,,Pastures
48.848671,9.404197,18.8,,0.3,,0.67,,Broad-leaved forest
48.848671,9.404197,20.5,,0.0,,0.65,,Broad-leaved forest
48.848671,9.404197,19.2,,0.8,,0.67,,Pastures
48.848671,9.404197,11.7,,0.0,,0.65,,Pastures
48.848671,9.404197,14.1,,0.0,,0.61,,"Land principally occupied by agriculture, with significant areas of natural vegetation"
48.848671,9.404197,17.4,,0.0,,0.65,,Broad-leaved forest
48.848671,9.404197,17.2,,0.0,,0.65,,Broad-leaved forest
48.848927,9.399341,27.2,,1.8,,0.78,,Broad-leaved forest
48.849014,10.332127,24.9,,0.5,,0.68,,Pastures
48.849243,9.394512,21.4,,0.1,,0.81,,Mixed forest
50.934307,7.075367,17.8,,0.8,,0.71,,"Land principally occupied by agriculture, with significant areas of natural vegetation"
48.8493,9.406409,23.6,,2.7,,0.78,,Broad-leaved forest
48.8493,9.406409,24.7,,0.0,,0.78,,Broad-leaved forest
51.325834,-2.825887,11.1,,0.9,,0.66,,"Land principally occupied by agriculture, with significant areas of natural vegetation"
51.354155,-2.39558,16.3,,0.0,,0.62,,"Land principally occupied by agriculture, with significant areas of natural vegetation"
48.8493,9.406409,24.7,,2.3,,0.8,,Broad-leaved forest
48.849564,9.401626,26.2,,0.0,,0.78,,Complex cultivation patterns
49.37394,11.623587,16.2,,0.0,,0.76,,"Land principally occupied by agriculture, with significant areas of natural vegetation"
48.850269,9.399566,20.4,,0.0,,0.77,,"Land principally occupied by agriculture, with significant areas of natural vegetation"
48.85157,9.405821,27.8,,1.9,,0.74,,Broad-leaved forest
51.363156,-2.392784,19.6,,0.1,,0.41,,"Land principally occupied by agriculture, with significant areas of natural vegetation"
48.853283,9.392994,22.7,,0.7,,0.73,,Broad-leaved forest
51.393492,-2.457722,18.5,,0.7,,0.77,,"Land principally occupied by agriculture, with significant areas of natural vegetation"
51.412691,-2.813791,15.9,,0.0,,0.76,,"Land principally occupied by agriculture, with significant areas of natural vegetation"
51.438876,-2.566078,10.3,,1.6,,0.66,,"Land principally occupied by agriculture, with significant areas of natural vegetation"
51.454714,-2.633917,13.5,,0.3,,0.57,,Moors and heathland
51.457396,-2.636833,10.8,,0.0,,0.67,,"Land principally occupied by agriculture, with significant areas of natural vegetation"
51.457743,-2.800199,20.3,,0.0,,0.61,,"Land principally occupied by agriculture, with significant areas of natural vegetation"
51.457987,-2.82971,18.3,,0.5,,0.82,,Moors and heathland
51.458318,-2.632528,18.4,,0.0,,0.64,,"Land principally occupied by agriculture, with significant areas of natural vegetation"
51.458556,-2.670673,16.2,,1.6,,0.77,,"Land principally occupied by agriculture, with significant areas of natural vegetation"
51.458556,-2.670673,18.4,,0.5,,0.72,,"Land principally occupied by agriculture, with significant areas of natural vegetation"
51.465557,-2.623991,10.7,,0.0,,0.71,,"Land principally occupied by agriculture, with significant areas of natural vegetation"
51.468224,-2.629785,18.4,,0.0,,0.62,,Discontinuous urban fabric
51.468224,-2.629785,17.5,,0.0,,0.62,,Discontinuous urban fabric
51.468224,-2.629785,10.8,,0.0,,0.62,,"Land principally occupied by agriculture, with significant areas of natural vegetation"
51.469123,-2.629798,11.8,,1.9,,0.65,,"Land principally occupied by agriculture, with significant areas of natural vegetation"
51.475822,-2.786117,10.7,,0.0,,0.64,,"Land principally occupied by agriculture, with significant areas of natural vegetation"
51.493511,-2.762654,16.1,,1.6,,0.76,,Transitional woodland-shrub
51.530799,-2.61407,15.9,,2.9,,0.73,,"Land principally occupied by agriculture, with significant areas of natural vegetation"
51.531252,-2.613356,20.0,,0.2,,0.66,,Coniferous forest
51.759692,-9.586635,12.8,,0.3,,0.71,,Non-irrigated arable land
48.853283,9.392994,20.7,,0.0,,0.79,,"Land principally occupied by agriculture, with significant areas of natural vegetation"
51.95,5.5,10.4,,0.9,,0.69,,"Land principally occupied by agriculture, with significant areas of natural vegetation"
48.856823,9.399061,22.3,,1.1,,0.66,,"Land principally occupied by agriculture, with significant areas of natural vegetation"
52.653436,-0.685781,19.4,,1.8,,0.0,,"Land principally occupied by agriculture, with significant areas of natural vegetation"
52.676119,-1.217562,15.0,,0.0,,0.49,,"Land principally occupied by agriculture, with significant areas of natural vegetation"
48.85952,10.422421,16.8,,0.0,,0.64,,Pastures
48.860592,9.372282,26.1,,0.0,,0.64,,Broad-leaved forest
48.860954,9.445603,17.2,,0.1,,0.83,,Complex cultivation patterns
48.862568,9.634323,24.0,,0.0,,0.75,,"Land principally occupied by agriculture, with significant areas of natural vegetation"
53.261826,-7.738496,11.6,,0.2,,0.54,,Pastures
51.359669,9.054623,14.2,,0.3,,0.59,,Broad-leaved forest
53.908607,10.721795,14.8,,1.7,,0.49,,Broad-leaved forest
48.863598,9.288983,14.8,,0.2,,0.74,,Broad-leaved forest
48.868103,9.285427,21.2,,0.0,,0.56,,"Land principally occupied by agriculture, with significant areas of natural vegetation"
48.89312,9.43342,17.8,,0.2,,0.67,,Broad-leaved forest
55.65374,13.79621,8.8,,0.0,,0.55,,"Land principally occupied by agriculture, with significant areas of natural vegetation"
55.95647,14.28398,21.1,,0.0,,0.51,,"Land principally occupied by agriculture, with significant areas of natural vegetation"
55.96879,13.09306,19.8,,0.0,,0.66,,Pastures
55.999772,-2.867259,16.5,,0.0,,0.64,,"Land principally occupied by agriculture, with significant areas of natural vegetation"
56.00102,14.65651,22.8,,0.0,,0.7,,Coniferous forest
56.15522,13.60102,20.7,,0.3,,0.64,,Pastures
56.20177,15.65024,17.3,,0.3,,0.68,,"Land principally occupied by agriculture, with significant areas of natural vegetation"
56.329874,-5.504445,16.0,,2.0,,0.75,,Transitional woodland-shrub
56.440772,-5.217657,8.9,,0.0,,0.7,,Industrial or commercial units
56.63737,16.5689,14.9,,0.0,,0.59,,Broad-leaved forest
57.12472,13.67373,12.7,,0.3,,0.79,,Broad-leaved forest
57.171126,-3.795192,11.6,,0.0,,0.65,,"Land principally occupied by agriculture, with significant areas of natural vegetation"
57.17994,16.94978,16.3,,0.0,,0.76,,Complex cultivation patterns
57.21133,16.03988,20.4,,1.7,,0.11,,"Land principally occupied by agriculture, with significant areas of natural vegetation"
57.330893,-4.789871,7.6,,2.9,,0.61,,Mixed forest
57.49674,18.1859,15.1,,0.2,,0.85,,Coniferous forest
57.600461,-3.788109,16.1,,0.0,,0.79,,Olive groves
57.608135,-3.798194,13.0,,1.3,,0.55,,"Land principally occupied by agriculture, with significant areas of natural vegetation"
57.64457,11.7733,18.1,,0.0,,0.76,,Broad-leaved forest
57.65255,11.77815,16.0,,1.3,,0.65,,Discontinuous urban fabric
57.9,26.6,19.0,,0.0,,0.54,,Discontinuous urban fabric
57.954625,-4.243178,11.8,,0.0,,0.64,,"Land principally occupied by agriculture, with significant areas of natural vegetation"
57.99648,14.42889,20.7,,0.1,,0.75,,"Land principally occupied by agriculture, with significant areas of natural vegetation"
58.278264,-5.066455,12.6,,0.0,,0.45,,Complex cultivation patterns
58.440991,-4.383295,10.0,,1.7,,0.69,,Coniferous forest
59.10069,16.56266,12.1,,0.0,,0.56,,Green urban areas
59.1432,17.84933,8.2,,0.2,,0.79,,Broad-leaved forest
59.16499,18.0472,16.1,,0.5,,0.74,,"Land principally occupied by agriculture, with significant areas of natural vegetation"
59.29051,15.25471,11.6,,0.2,,0.71,,Discontinuous urban fabric
59.52024,14.98526,11.8,,0.3,,0.73,,Discontinuous urban fabric
59.56396,18.63202,12.8,,0.0,,0.72,,Non-irrigated arable land
59.70103,16.52423,20.3,,0.4,,0.67,,"Land principally occupied by agriculture, with significant areas of natural vegetation"
60.217886,24.780943,18.0,,0.9,,0.44,,"Land principally occupied by agriculture, with significant areas of natural vegetation"
60.44266,16.44069,12.9,,0.1,,0.77,,Broad-leaved forest
60.554824,5.477477,13.3,,0.0,,0.91,,"Land principally occupied by agriculture, with significant areas of natural vegetation"
61.3608,35.4413,16.2,,0.0,,-1.0,,"Land principally occupied by agriculture, with significant areas of natural vegetation"
61.3827,35.3482,7.6,,0.0,,-1.0,,"Land principally occupied by agriculture, with significant areas of natural vegetation"
61.3827,35.3482,16.2,,0.0,,-1.0,,"Land principally occupied by agriculture, with significant areas of natural vegetation"
61.4716,34.872,8.9,,0.0,,-1.0,,"Land principally occupied by agriculture, with significant areas of natural vegetation"
61.6718,31.0288,20.1,,3.2,,-1.0,,"Land principally occupied by agriculture, with significant areas of natural vegetation"
62.1074,35.1718,11.6,,0.0,,-1.0,,"Land principally occupied by agriculture, with significant areas of natural vegetation"
40.156999,20.165377,25.7,,0.0,,0.56,,"Land principally occupied by agriculture, with significant areas of natural vegetation"
43.67217,4.08979,14.2,,0.0,,0.29,,"Land principally occupied by agriculture, with significant areas of natural vegetation"
44.71749,-1.20842,27.9,,0.0,,0.77,,"Land principally occupied by agriculture, with significant areas of natural vegetation"
44.72962,5.27806,20.3,,1.3,,0.5,,"Land principally occupied by agriculture, with significant areas of natural vegetation"
44.76145,-1.19249,27.9,,0.0,,0.6,,"Land principally occupied by agriculture, with significant areas of natural vegetation"
46.201935,7.280159,11.5,,1.5,,0.62,,"Land principally occupied by agriculture, with significant areas of natural vegetation"
47.26046,2.56943,18.1,,0.4,,0.37,,"Land principally occupied by agriculture, with significant areas of natural vegetation"
47.26052,2.5695,13.2,,0.2,,0.37,,"Land principally occupied by agriculture, with significant areas of natural vegetation"
47.26053,2.56944,24.3,,0.2,,-0.04,,"Land principally occupied by agriculture, with significant areas of natural vegetation"
47.26053,2.56947,18.5,,0.0,,-0.04,,"Land principally occupied by agriculture, with significant areas of natural vegetation"
47.26053,2.56945,27.4,,0.5,,-0.04,,"Land principally occupied by agriculture, with significant areas of natural vegetation"
47.26058,2.56944,13.1,,0.1,,0.65,,"Land principally occupied by agriculture, with significant areas of natural vegetation"
47.26058,2.5694,8.5,,0.2,,0.65,,"Land principally occupied by agriculture, with significant areas of natural vegetation"
47.319569,11.530666,15.7,,0.1,,0.76,,"Land principally occupied by agriculture, with significant areas of natural vegetation"
47.3233,2.28368,34.2,,0.0,,0.62,,"Land principally occupied by agriculture, with significant areas of natural vegetation"
47.33293,0.65405,7.4,,0.1,,0.47,,"Land principally occupied by agriculture, with significant areas of natural vegetation"
47.33293,0.65405,18.1,,0.0,,0.47,,"Land principally occupied by agriculture, with significant areas of natural vegetation"
47.34628,0.6554,6.7,,1.7,,0.4,,"Land principally occupied by agriculture, with significant areas of natural vegetation"
47.383705,11.279612,22.8,,1.4,,0.71,,"Land principally occupied by agriculture, with significant areas of natural vegetation"
48.8717,9.304315,16.4,,1.5,,0.82,,"Land principally occupied by agriculture, with significant areas of natural vegetation"
48.8717,9.304315,23.0,,0.0,,0.62,,Broad-leaved forest
42.21083,13.598971,18.5,,0.0,,0.57,,Transitional woodland-shrub
48.8717,9.304315,17.9,,1.1,,0.7,,Discontinuous urban fabric
48.8717,9.304315,18.1,,1.6,,0.7,,Pastures
48.8717,9.304315,25.5,,1.9,,0.79,,Industrial or commercial units
48.878193,9.373848,11.9,,0.5,,0.69,,Broad-leaved forest
48.14859,1.58156,16.4,,0.0,,0.66,,"Land principally occupied by agriculture, with significant areas of natural vegetation"
48.1488,1.60771,16.1,,0.4,,0.42,,"Land principally occupied by agriculture, with significant areas of natural vegetation"
48.283104,-1.901206,16.4,,0.0,,0.69,,"Land principally occupied by agriculture, with significant areas of natural vegetation"
48.28407,-1.9013,16.5,,0.0,,0.63,,"Land principally occupied by agriculture, with significant areas of natural vegetation"
48.881031,10.262775,15.2,,2.2,,0.64,,Pastures
48.884529,9.48369,20.3,,0.0,,0.77,,Pastures
48.885658,9.806628,22.9,,0.0,,0.25,,Pastures
48.889778,11.355486,17.4,,0.2,,0.75,,Coniferous forest
53.904415,10.721283,11.8,,0.0,,0.62,,Industrial or commercial units
48.893967,9.500996,17.5,,0.8,,0.74,,Natural grasslands
49.485912,8.940721,16.1,,0.2,,0.62,,Pastures
48.896015,9.438734,17.9,,0.8,,0.82,,Transitional woodland-shrub
48.899258,11.829185,17.5,,3.7,,0.6,,Broad-leaved forest
48.903828,9.489516,18.3,,0.0,,0.62,,Non-irrigated arable land
48.904842,9.36842,1.1,,1.1,,0.71,,"Land principally occupied by agriculture, with significant areas of natural vegetation"
53.135002,10.340463,18.3,,0.0,,0.85,,"Land principally occupied by agriculture, with significant areas of natural vegetation"
48.909737,9.243142,20.5,,0.0,,0.8,,Inland marshes
48.910881,10.845566,21.6,,0.1,,0.41,,"Land principally occupied by agriculture, with significant areas of natural vegetation"
48.911472,9.250676,20.3,,0.0,,0.67,,"Land principally occupied by agriculture, with significant areas of natural vegetation"
48.914322,9.561625,10.9,,0.0,,0.95,,Coniferous forest
48.914322,9.561625,24.9,,0.0,,0.78,,Discontinuous urban fabric
48.917366,9.302073,19.1,,0.0,,0.82,,Broad-leaved forest
48.919228,9.383869,7.9,,0.9,,0.82,,Pastures
48.923981,10.457093,22.2,,0.0,,0.55,,Non-irrigated arable land
52.429012,10.115147,12.5,,2.7,,0.86,,"Land principally occupied by agriculture, with significant areas of natural vegetation"
48.924622,8.509151,19.7,,0.0,,0.78,,"Land principally occupied by agriculture, with significant areas of natural vegetation"
48.925743,9.356704,19.4,,0.1,,0.69,,"Land principally occupied by agriculture, with significant areas of natural vegetation"
48.931282,9.533794,25.3,,0.0,,0.77,,Pastures
48.932434,8.586425,19.9,,0.4,,0.61,,"Land principally occupied by agriculture, with significant areas of natural vegetation"
48.933426,9.55832,12.6,,0.0,,0.76,,Mixed forest
48.933426,9.55832,21.7,,0.0,,0.83,,Mixed forest
48.933426,9.55832,21.3,,0.1,,0.79,,Mixed forest
48.933426,9.55832,17.3,,0.0,,0.76,,Mixed forest
48.940037,9.396615,10.8,,0.0,,0.68,,"Land principally occupied by agriculture, with significant areas of natural vegetation"
48.940319,9.561539,9.4,,0.3,,0.84,,Broad-leaved forest
48.941906,9.465858,15.2,,0.0,,0.62,,Discontinuous urban fabric
48.941906,9.465858,16.0,,0.1,,0.62,,Discontinuous urban fabric
48.941906,9.465858,18.2,,0.0,,0.59,,Discontinuous urban fabric
48.941906,9.465858,15.5,,0.1,,0.59,,Discontinuous urban fabric
48.941906,9.465858,17.8,,0.0,,0.59,,Discontinuous urban fabric
48.941906,9.465858,22.7,,1.4,,0.51,,Discontinuous urban fabric
48.941906,9.465858,17.4,,0.0,,0.57,,"Land principally occupied by agriculture, with significant areas of natural vegetation"
48.94849,12.019472,20.3,,2.1,,0.46,,Broad-leaved forest
48.950127,9.372711,13.7,,0.0,,0.74,,Broad-leaved forest
48.950127,9.372711,14.3,,0.0,,0.72,,Pastures
48.951027,9.681659,23.8,,0.0,,0.43,,Discontinuous urban fabric
48.954243,9.315311,15.5,,0.0,,0.35,,Mineral extraction sites
48.966133,9.66996,23.6,,0.0,,0.79,,Pastures
48.969112,9.532093,18.2,,0.0,,0.79,,Broad-leaved forest
48.975121,9.316192,25.2,,0.0,,0.64,,"Land principally occupied by agriculture, with significant areas of natural vegetation"
48.975708,8.535797,21.8,,1.3,,0.69,,Mixed forest
50.78141,3.37488,22.0,,0.0,,0.65,,"Land principally occupied by agriculture, with significant areas of natural vegetation"
48.979137,8.557749,31.0,,0.0,,0.75,,Broad-leaved forest
48.979137,8.557749,25.7,,0.0,,0.82,,Broad-leaved forest
48.979336,9.392892,28.5,,0.0,,0.8,,Broad-leaved forest
51.07974,2.55303,18.0,,0.0,,0.69,,"Land principally occupied by agriculture, with significant areas of natural vegetation"
51.07974,2.55303,16.0,,0.0,,0.61,,"Land principally occupied by agriculture, with significant areas of natural vegetation"
51.07974,2.55303,10.2,,0.0,,0.61,,"Land principally occupied by agriculture, with significant areas of natural vegetation"
51.07974,2.55303,15.8,,0.0,,0.8,,"Land principally occupied by agriculture, with significant areas of natural vegetation"
51.07974,2.55303,8.2,,0.0,,0.8,,"Land principally occupied by agriculture, with significant areas of natural vegetation"
51.07974,2.55303,16.3,,0.1,,0.8,,"Land principally occupied by agriculture, with significant areas of natural vegetation"
51.07974,2.55303,16.8,,0.0,,0.8,,"Land principally occupied by agriculture, with significant areas of natural vegetation"
51.07974,2.55303,10.2,,0.0,,0.7,,"Land principally occupied by agriculture, with significant areas of natural vegetation"
51.07974,2.55303,8.8,,0.0,,0.7,,"Land principally occupied by agriculture, with significant areas of natural vegetation"
51.07974,2.55303,12.0,,1.1,,0.8,,"Land principally occupied by agriculture, with significant areas of natural vegetation"
48.980583,9.301,22.4,,0.0,,0.56,,Water bodies
48.98513,9.431656,21.9,,0.0,,0.56,,"Land principally occupied by agriculture, with significant areas of natural vegetation"
48.98513,9.431656,22.4,,0.0,,0.57,,"Land principally occupied by agriculture, with significant areas of natural vegetation"
51.349659,-2.395541,12.2,,0.0,,0.66,,"Land principally occupied by agriculture, with significant areas of natural vegetation"
48.98513,9.431656,15.8,,0.0,,0.57,,"Land principally occupied by agriculture, with significant areas of natural vegetation"
51.380467,-2.318216,11.5,,0.0,,0.7,,"Land principally occupied by agriculture, with significant areas of natural vegetation"
48.98513,9.431656,20.8,,0.0,,0.57,,"Land principally occupied by agriculture, with significant areas of natural vegetation"
51.456102,-2.536067,14.5,,0.0,,0.49,,"Land principally occupied by agriculture, with significant areas of natural vegetation"
51.456497,-2.63682,19.4,,0.1,,0.69,,"Land principally occupied by agriculture, with significant areas of natural vegetation"
51.468224,-2.629785,22.8,,0.0,,0.75,,"Land principally occupied by agriculture, with significant areas of natural vegetation"
51.487846,-2.658861,13.5,,0.0,,0.61,,"Land principally occupied by agriculture, with significant areas of natural vegetation"
48.990917,9.554629,12.0,,0.0,,0.6,,Complex cultivation patterns
48.998016,8.525906,20.9,,0.6,,0.77,,Natural grasslands
51.585317,-2.371605,18.3,,0.0,,0.72,,"Land principally occupied by agriculture, with significant areas of natural vegetation"
49.002525,8.520525,24.0,,0.3,,0.72,,Green urban areas
51.440525,10.930195,18.4,,0.0,,0.11,,"Land principally occupied by agriculture, with significant areas of natural vegetation"
49.00325,9.425926,13.4,,0.0,,0.71,,Broad-leaved forest
49.00325,9.425926,20.5,,0.0,,0.85,,Broad-leaved forest
52.098234,-3.096286,18.7,,0.1,,0.75,,"Land principally occupied by agriculture, with significant areas of natural vegetation"
49.00325,9.425926,16.2,,0.1,,0.66,,Sport and leisure facilities
49.00325,9.425926,22.2,,0.5,,0.68,,Pastures
40.479101,19.677276,25.7,,1.3,,0.37,,"Land principally occupied by agriculture, with significant areas of natural vegetation"
40.532745,19.471629,27.0,,0.4,,0.36,,"Land principally occupied by agriculture, with significant areas of natural vegetation"
40.537897,19.469203,27.2,,0.4,,0.4,,"Land principally occupied by agriculture, with significant areas of natural vegetation"
40.724277,24.731144,16.1,,0.0,,0.72,,Coniferous forest
43.321163,11.674374,18.6,,1.2,,0.66,,"Land principally occupied by agriculture, with significant areas of natural vegetation"
41.953751,20.387231,30.8,,0.0,,0.42,,"Land principally occupied by agriculture, with significant areas of natural vegetation"
41.95682,20.383539,31.5,,0.0,,0.5,,"Land principally occupied by agriculture, with significant areas of natural vegetation"
42.211933,20.27731,31.5,,0.0,,0.57,,Complex cultivation patterns
42.2920423,20.3061662,32.0,,0.0,,0.56,,Pastures
42.212012,20.277302,23.8,,0.0,,0.71,,"Land principally occupied by agriculture, with significant areas of natural vegetation"
42.213321,20.279771,27.1,,0.0,,0.69,,Pastures
42.214072,20.279277,27.0,,0.0,,0.69,,"Land principally occupied by agriculture, with significant areas of natural vegetation"
42.214502,20.277753,26.9,,0.0,,0.75,,"Land principally occupied by agriculture, with significant areas of natural vegetation"
42.2172774,20.2847269,21.9,,0.0,,0.69,,"Land principally occupied by agriculture, with significant areas of natural vegetation"
42.2172774,20.2847269,23.9,,0.0,,0.69,,"Land principally occupied by agriculture, with significant areas of natural vegetation"
42.2180198,20.2923183,24.3,,0.0,,0.68,,"Land principally occupied by agriculture, with significant areas of natural vegetation"
42.218369,20.2831568,21.8,,0.0,,0.8,,"Land principally occupied by agriculture, with significant areas of natural vegetation"
42.2186492,20.2829571,21.8,,0.0,,0.65,,"Land principally occupied by agriculture, with significant areas of natural vegetation"
42.2188598,20.2922798,24.2,,0.0,,0.66,,"Land principally occupied by agriculture, with significant areas of natural vegetation"
42.2191121,20.2900073,22.0,,0.0,,0.55,,"Land principally occupied by agriculture, with significant areas of natural vegetation"
42.2202934,20.2887477,21.8,,0.0,,0.59,,"Land principally occupied by agriculture, with significant areas of natural vegetation"
42.2202934,20.2887477,23.8,,0.0,,0.59,,"Land principally occupied by agriculture, with significant areas of natural vegetation"
42.2207127,20.2893793,21.9,,0.0,,0.58,,"Land principally occupied by agriculture, with significant areas of natural vegetation"
42.2207685,20.2836218,23.9,,0.0,,0.5,,"Land principally occupied by agriculture, with significant areas of natural vegetation"
42.2213032,20.2888998,21.8,,0.0,,0.61,,"Land principally occupied by agriculture, with significant areas of natural vegetation"
42.2213049,20.2872476,21.7,,0.0,,0.58,,"Land principally occupied by agriculture, with significant areas of natural vegetation"
42.2219452,20.2869884,21.9,,0.0,,0.62,,"Land principally occupied by agriculture, with significant areas of natural vegetation"
42.2926654,20.3076988,32.0,,0.0,,0.67,,Complex cultivation patterns
42.2929628,20.3068719,32.0,,0.0,,0.71,,Complex cultivation patterns
42.2930899,20.3065095,32.0,,0.0,,0.78,,Complex cultivation patterns
42.2932486,20.3073678,32.0,,0.0,,0.77,,Complex cultivation patterns
42.2935632,20.3074029,32.1,,0.0,,0.75,,Complex cultivation patterns
42.44902,19.89063,18.2,,0.4,,0.63,,"Land principally occupied by agriculture, with significant areas of natural vegetation"
42.452928,19.888526,18.2,,0.4,,0.59,,"Land principally occupied by agriculture, with significant areas of natural vegetation"
42.46795,9.475708,19.8,,0.0,,0.63,,"Land principally occupied by agriculture, with significant areas of natural vegetation"
42.46795,9.475708,17.7,,1.7,,0.63,,"Land principally occupied by agriculture, with significant areas of natural vegetation"
42.6166,-7.118233,12.0,,0.0,,0.86,,Broad-leaved forest
42.590227,19.713662,18.2,,0.0,,0.69,,Broad-leaved forest
42.590742,19.694342,18.6,,0.0,,0.25,,Pastures
42.635382,-7.122446,20.1,,0.1,,0.64,,Broad-leaved forest
42.637791,-7.149631,1.5,,0.7,,0.78,,Broad-leaved forest
42.833513,-2.672894,25.9,,0.5,,0.6,,Non-irrigated arable land
42.972783,-3.621193,13.3,,0.9,,0.71,,Transitional woodland-shrub
43.179259,-3.251376,26.1,,0.1,,0.62,,Pastures
46.67228,1.00298,16.2,,0.0,,0.65,,Broad-leaved forest
46.67228,1.00298,21.9,,0.0,,0.65,,Broad-leaved forest
43.179037,-3.251382,26.2,,0.1,,0.7,,"Land principally occupied by agriculture, with significant areas of natural vegetation"
42.99501,-0.09497,13.9,,0.0,,0.5,,Broad-leaved forest
43.377345,11.223394,27.5,,0.4,,0.55,,Complex cultivation patterns
43.796088,11.898238,27.1,,0.0,,0.34,,Coniferous forest
43.896681,11.906291,20.1,,0.8,,0.58,,"Land principally occupied by agriculture, with significant areas of natural vegetation"
44.094006,7.746502,26.6,,0.0,,0.56,,Transitional woodland-shrub
44.10041,0.21092,15.6,,0.0,,0.71,,Coniferous forest
44.2817,5.7893,17.1,,0.0,,0.57,,Transitional woodland-shrub
43.920403,8.056068,19.1,,0.5,,0.65,,Sport and leisure facilities
44.64476,9.303755,25.3,,0.0,,0.89,,Broad-leaved forest
44.644951,5.165095,18.3,,2.1,,0.78,,Broad-leaved forest
44.67443,5.76893,18.9,,0.0,,0.72,,Mixed forest
44.325691,3.349285,15.9,,0.0,,0.68,,Industrial or commercial units
45.31543,0.63021,18.5,,1.0,,0.66,,Non-irrigated arable land
44.67464,5.7756,19.9,,0.0,,0.71,,Mixed forest
44.707355,12.234728,20.5,,0.7,,0.48,,Discontinuous urban fabric
44.79388,2.72114,20.5,,0.0,,0.68,,"Land principally occupied by agriculture, with significant areas of natural vegetation"
44.93548,7.173085,16.7,,0.2,,0.68,,Broad-leaved forest
45.04622,5.34998,12.9,,0.7,,0.82,,Coniferous forest
45.934733,6.15896,23.5,,0.9,,0.81,,Broad-leaved forest
45.057957,6.889559,9.3,,0.2,,0.6,,Coniferous forest
45.072224,6.885,17.4,,0.0,,0.4,,Discontinuous urban fabric
45.081606,4.578339,19.4,,10.1,,0.73,,"Land principally occupied by agriculture, with significant areas of natural vegetation"
45.08424,0.53947,19.5,,0.0,,0.68,,Pastures
45.126057,10.053316,16.5,,2.1,,0.5,,Discontinuous urban fabric
45.161522,7.397874,10.7,,0.0,,0.63,,Coniferous forest
45.201514,10.742826,25.9,,1.3,,0.56,,Broad-leaved forest
45.4961,2.7389,19.5,,0.0,,0.63,,Pastures
45.155072,3.438979,31.1,,0.0,,0.5,,"Land principally occupied by agriculture, with significant areas of natural vegetation"
45.51252,2.75368,17.4,,0.0,,0.8,,Pastures
45.51252,2.75368,19.9,,0.0,,0.8,,Pastures
46.77428,6.25378,17.3,,0.0,,0.87,,Coniferous forest
45.394653,4.639149,20.7,,0.0,,0.65,,Moors and heathland
45.7332,4.78276,17.3,,0.0,,0.61,,Complex cultivation patterns
45.73325,4.7827,25.8,,4.4,,0.58,,"Land principally occupied by agriculture, with significant areas of natural vegetation"
45.76,7.31,24.9,,0.1,,0.76,,Pastures
45.78435,13.123039,12.7,,0.0,,0.74,,Broad-leaved forest
45.85392,5.62865,27.7,,0.7,,0.8,,Broad-leaved forest
45.76,7.31,20.6,,2.5,,0.66,,"Land principally occupied by agriculture, with significant areas of natural vegetation"
45.76,7.31,16.2,,1.5,,0.66,,"Land principally occupied by agriculture, with significant areas of natural vegetation"
45.76,7.31,24.9,,3.7,,0.66,,"Land principally occupied by agriculture, with significant areas of natural vegetation"
45.919383,6.143256,19.5,,0.2,,0.6,,Discontinuous urban fabric
45.940558,10.835606,21.1,,1.5,,0.79,,Mixed forest
45.97699,5.60178,19.7,,1.5,,0.32,,Discontinuous urban fabric
45.986983,11.264928,12.2,,2.1,,0.51,,Discontinuous urban fabric
45.987025,11.264945,4.3,,0.0,,0.5,,Discontinuous urban fabric
45.987025,11.264903,12.2,,2.1,,0.51,,Discontinuous urban fabric
47.33293,0.65405,5.4,,0.1,,0.51,,Transitional woodland-shrub
45.98703,11.2649,12.2,,2.1,,0.51,,Discontinuous urban fabric
45.997248,10.233953,21.7,,1.3,,0.82,,Broad-leaved forest
46.003657,11.150623,26.7,,0.4,,0.81,,Coniferous forest
46.039152,11.20986,22.4,,0.2,,0.82,,Broad-leaved forest
46.059253,10.961497,26.0,,2.0,,0.82,,Mixed forest
46.06247,11.114583,11.4,,3.3,,0.36,,Industrial or commercial units
46.066387,1.739167,22.9,,0.0,,0.6,,Pastures
46.074779,11.121749,14.6,,1.4,,0.41,,Industrial or commercial units
46.080792,14.329725,22.0,,1.1,,0.75,,Broad-leaved forest
46.029413,11.255195,19.1,,4.6,,0.82,,Coniferous forest
46.08956,6.63412,12.4,,0.4,,0.7,,Pastures
46.09085,6.65405,13.2,,0.4,,0.78,,Pastures
46.102911,11.215148,12.6,,2.4,,0.8,,Broad-leaved forest
46.25115,3.88614,13.7,,0.0,,0.71,,Complex cultivation patterns
47.3787,1.95867,27.0,,0.0,,0.67,,"Land principally occupied by agriculture, with significant areas of natural vegetation"
47.85577,7.28684,15.4,,0.0,,0.63,,Complex cultivation patterns
46.268333,7.511111,26.6,,3.1,,0.2,,Industrial or commercial units
46.302688,6.119692,24.0,,0.2,,0.8,,Mixed forest
46.4713,2.28585,26.1,,0.0,,0.7,,Broad-leaved forest
46.514631,6.703243,6.2,,0.4,,0.65,,Complex cultivation patterns
46.67218,1.00322,26.6,,0.0,,0.76,,Broad-leaved forest
46.212,6.27572,13.5,,3.6,,0.57,,Non-irrigated arable land
46.67224,1.00255,22.6,,0.0,,0.73,,Broad-leaved forest
46.6724,1.00223,23.9,,0.0,,0.56,,Broad-leaved forest
46.6724,1.00214,21.9,,0.0,,0.56,,Broad-leaved forest
46.67254,1.00314,15.5,,0.0,,0.66,,Broad-leaved forest
49.014034,9.415755,27.1,,0.5,,0.72,,Coniferous forest
46.654922,15.521649,14.4,,0.0,,0.69,,"Land principally occupied by agriculture, with significant areas of natural vegetation"
49.014034,9.415755,25.1,,1.9,,0.73,,Coniferous forest
46.70858,1.15061,25.1,,0.2,,0.0,,Water bodies
46.71215,1.29524,26.6,,0.0,,0.66,,"Land principally occupied by agriculture, with significant areas of natural vegetation"
46.72275,1.36706,23.7,,0.0,,0.52,,Pastures
46.73407,2.79938,22.0,,0.0,,0.63,,Broad-leaved forest
46.76676,2.81657,21.9,,0.0,,0.75,,"Land principally occupied by agriculture, with significant areas of natural vegetation"
46.77191,2.425,27.7,,2.8,,0.66,,"Land principally occupied by agriculture, with significant areas of natural vegetation"
46.68426,1.0465,18.4,,0.0,,0.52,,Non-irrigated arable land
46.68426,1.0465,16.5,,0.0,,0.52,,Non-irrigated arable land
46.68426,1.0465,12.0,,0.0,,0.52,,Non-irrigated arable land
46.68426,1.0465,25.7,,0.1,,0.69,,Non-irrigated arable land
46.78795,1.1963,26.0,,0.0,,-0.4,,Water bodies
46.79163,2.64521,22.9,,0.0,,0.64,,Broad-leaved forest
46.83017,2.45612,19.4,,0.0,,0.64,,"Land principally occupied by agriculture, with significant areas of natural vegetation"
46.833787,23.57803,21.7,,0.0,,0.53,,Non-irrigated arable land
49.035297,10.497875,22.6,,0.3,,0.57,,Non-irrigated arable land
49.038937,9.77869,20.4,,0.7,,0.72,,"Land principally occupied by agriculture, with significant areas of natural vegetation"
46.729772,8.196195,21.9,,1.1,,0.75,,"Land principally occupied by agriculture, with significant areas of natural vegetation"
46.84237,2.81092,22.3,,0.0,,0.77,,Pastures
46.78989,4.85245,25.4,,0.0,,0.4,,Discontinuous urban fabric
46.84298,1.53326,16.2,,0.0,,0.7,,Broad-leaved forest
46.78141,1.18961,26.5,,0.0,,0.65,,Pastures
46.84336,2.93547,22.2,,0.0,,0.73,,"Land principally occupied by agriculture, with significant areas of natural vegetation"
46.7881,1.17453,26.4,,0.0,,0.72,,Broad-leaved forest
46.78989,4.85245,24.4,,1.3,,0.4,,Discontinuous urban fabric
46.84497,2.64959,22.8,,0.0,,0.66,,"Land principally occupied by agriculture, with significant areas of natural vegetation"
46.86071,1.49996,21.6,,0.0,,0.45,,Complex cultivation patterns
46.826843,7.197196,15.6,,0.0,,0.68,,Broad-leaved forest
46.89196,2.5607,18.1,,0.3,,0.49,,Non-irrigated arable land
46.89216,2.54716,15.1,,2.6,,0.69,,Coniferous forest
46.84227,2.0701,18.9,,0.1,,0.53,,Broad-leaved forest
46.90234,2.22041,19.6,,0.0,,0.61,,Broad-leaved forest
46.90919,3.02935,22.0,,0.0,,0.61,,Broad-leaved forest
46.84305,5.92311,14.4,,1.7,,0.51,,Transitional woodland-shrub
46.93984,2.96037,20.6,,0.0,,0.66,,"Land principally occupied by agriculture, with significant areas of natural vegetation"
46.94313,2.36402,19.1,,0.0,,0.54,,Non-irrigated arable land
49.51384,2.65492,17.8,,0.4,,0.47,,Non-irrigated arable land
49.51384,2.65492,21.6,,0.0,,0.63,,Non-irrigated arable land
49.51384,2.65492,30.4,,3.9,,0.63,,Non-irrigated arable land
49.51384,2.65492,26.9,,1.7,,0.63,,Non-irrigated arable land
46.943642,6.812306,9.4,,0.2,,0.66,,Broad-leaved forest
46.932756,6.974131,17.7,,0.0,,0.8,,Broad-leaved forest
46.96171,3.07321,22.2,,0.0,,0.62,,"Land principally occupied by agriculture, with significant areas of natural vegetation"
48.48295,-2.36578,13.2,,2.9,,0.69,,"Land principally occupied by agriculture, with significant areas of natural vegetation"
46.96935,3.03791,20.5,,0.0,,0.62,,Complex cultivation patterns
46.98199,2.41523,27.1,,2.4,,0.53,,Road and rail networks and associated land
46.957703,7.015629,17.7,,0.0,,0.69,,Pastures
46.98612,2.06501,17.6,,1.8,,0.42,,Non-irrigated arable land
46.98612,2.06501,16.6,,0.0,,0.35,,Non-irrigated arable land
46.995122,15.942856,20.6,,0.0,,0.43,,Non-irrigated arable land
48.925694,-0.450756,16.2,,0.0,,0.57,,Complex cultivation patterns
44.5524,5.5839,17.4,,0.0,,0.58,,"Land principally occupied by agriculture, with significant areas of natural vegetation"
47.000892,6.939403,25.3,,0.0,,0.81,,Broad-leaved forest
47.001787,6.931127,14.8,,0.0,,0.65,,Broad-leaved forest
47.00733,2.09616,19.2,,0.5,,0.37,,"Land principally occupied by agriculture, with significant areas of natural vegetation"
47.00868,2.2288,23.4,,3.2,,0.6,,Broad-leaved forest
47.00883,2.09695,16.5,,1.0,,0.62,,Pastures
47.022654,15.428772,13.8,,0.0,,0.4,,Industrial or commercial units
44.7475,5.4995,22.8,,0.4,,0.72,,Broad-leaved forest
47.03595,2.84623,23.4,,0.4,,0.76,,Broad-leaved forest
47.03687,2.75471,22.4,,0.0,,0.58,,Complex cultivation patterns
46.06826,4.687418,18.4,,1.5,,0.53,,"Land principally occupied by agriculture, with significant areas of natural vegetation"
47.01881,2.35917,18.8,,0.0,,0.56,,Non-irrigated arable land
47.01881,2.35917,22.9,,0.3,,0.56,,Non-irrigated arable land
47.01881,2.35917,19.3,,0.2,,0.56,,Non-irrigated arable land
47.01881,2.35917,10.5,,0.9,,0.56,,Non-irrigated arable land
47.04195,2.30484,28.9,,0.0,,0.63,,Broad-leaved forest
47.03003,2.28732,24.2,,0.0,,0.45,,"Land principally occupied by agriculture, with significant areas of natural vegetation"
47.03003,2.28732,22.5,,0.0,,0.43,,"Land principally occupied by agriculture, with significant areas of natural vegetation"
47.03003,2.28732,19.1,,1.2,,0.45,,"Land principally occupied by agriculture, with significant areas of natural vegetation"
47.04781,2.31352,28.9,,0.0,,0.59,,"Land principally occupied by agriculture, with significant areas of natural vegetation"
47.05031,2.88346,20.3,,0.0,,0.52,,"Land principally occupied by agriculture, with significant areas of natural vegetation"
47.053195,6.998591,14.5,,0.0,,0.76,,Mixed forest
47.0582,2.31906,27.8,,0.0,,0.5,,Discontinuous urban fabric
51.902325,9.44958,19.4,,0.0,,0.54,,"Land principally occupied by agriculture, with significant areas of natural vegetation"
53.865517,10.790042,16.6,,0.3,,0.76,,"Land principally occupied by agriculture, with significant areas of natural vegetation"
47.060963,15.476678,14.6,,0.0,,0.76,,Broad-leaved forest
47.061136,15.475916,16.9,,0.6,,0.73,,Broad-leaved forest
47.07676,2.15142,13.6,,0.0,,0.6,,"Land principally occupied by agriculture, with significant areas of natural vegetation"
51.383879,-2.752208,15.5,,0.0,,0.73,,Broad-leaved forest
51.383879,-2.752208,11.5,,0.0,,0.73,,Broad-leaved forest
47.0795,2.19677,23.7,,3.2,,0.6,,Broad-leaved forest
47.08335,2.63788,14.1,,0.0,,0.67,,"Land principally occupied by agriculture, with significant areas of natural vegetation"
47.0951,3.02967,23.4,,0.0,,0.29,,"Land principally occupied by agriculture, with significant areas of natural vegetation"
47.09726,2.95738,20.3,,0.0,,0.73,,Broad-leaved forest
47.11792,2.39085,24.8,,0.6,,0.65,,Broad-leaved forest
47.099819,7.154511,16.0,,0.1,,0.75,,Mixed forest
47.11578,2.84264,20.5,,0.0,,0.61,,"Land principally occupied by agriculture, with significant areas of natural vegetation"
47.12078,2.94382,19.1,,0.1,,0.7,,Complex cultivation patterns
47.12645,2.05412,23.4,,4.3,,0.61,,"Land principally occupied by agriculture, with significant areas of natural vegetation"
47.12984,3.02123,20.6,,0.0,,0.61,,Complex cultivation patterns
47.13148,1.99242,23.1,,0.0,,0.61,,"Land principally occupied by agriculture, with significant areas of natural vegetation"
47.131796,0.604864,24.1,,0.0,,0.58,,Broad-leaved forest
47.135469,14.859376,18.8,,0.2,,0.52,,Pastures
46.06826,4.687418,18.0,,0.0,,0.53,,"Land principally occupied by agriculture, with significant areas of natural vegetation"
47.14163,1.85171,15.7,,0.0,,0.64,,Broad-leaved forest
47.15496,1.98511,24.1,,0.0,,0.75,,Pastures
47.15904,3.01176,24.7,,0.0,,0.62,,Broad-leaved forest
47.16299,2.04311,23.7,,4.3,,0.66,,Complex cultivation patterns
47.17003,2.14454,17.2,,0.0,,0.63,,Complex cultivation patterns
47.17017,2.14474,16.2,,0.0,,0.63,,Pastures
47.17017,2.14474,23.3,,0.0,,0.63,,Pastures
47.18241,2.27571,19.4,,0.0,,0.8,,Coniferous forest
47.19169,2.33832,11.4,,0.3,,0.79,,Broad-leaved forest
47.19217,2.68331,13.5,,0.0,,0.66,,Broad-leaved forest
47.2011,2.18607,17.7,,0.6,,0.67,,Complex cultivation patterns
47.20526,1.87158,15.7,,0.0,,0.5,,Broad-leaved forest
47.20577,1.5889,15.0,,0.0,,0.62,,Complex cultivation patterns
47.21297,2.20966,26.0,,0.0,,0.59,,Broad-leaved forest
47.21602,2.46419,17.3,,0.6,,0.5,,Pastures
47.21947,2.68753,13.2,,0.0,,0.6,,Broad-leaved forest
47.23139,2.3499,23.7,,0.1,,0.77,,Broad-leaved forest
47.22007,1.94944,28.0,,0.0,,0.74,,Non-irrigated arable land
47.22007,1.94944,17.1,,1.2,,0.64,,Pastures
47.23734,1.94326,18.8,,0.0,,0.69,,Pastures
47.23782,1.94208,27.1,,0.0,,0.82,,Broad-leaved forest
47.24195,2.184,25.1,,0.0,,0.65,,Non-irrigated arable land
47.2465,2.21743,26.0,,0.0,,0.66,,Broad-leaved forest
47.24822,2.58088,14.6,,0.0,,0.63,,Broad-leaved forest
47.25044,1.66124,21.4,,0.0,,0.55,,Pastures
47.25579,1.47807,14.2,,0.0,,0.54,,Pastures
47.25817,2.15988,11.3,,0.0,,0.48,,Broad-leaved forest
47.25082,2.07408,19.8,,0.0,,0.56,,Broad-leaved forest
47.25411,2.83842,12.5,,0.0,,0.62,,Broad-leaved forest
47.26663,2.2312,17.2,,0.2,,0.62,,"Land principally occupied by agriculture, with significant areas of natural vegetation"
47.26663,2.2312,15.2,,0.8,,0.62,,"Land principally occupied by agriculture, with significant areas of natural vegetation"
47.26071,1.48702,12.7,,0.0,,0.62,,Broad-leaved forest
47.26073,2.57129,11.8,,0.2,,0.55,,Pastures
47.2693,2.23395,7.5,,0.0,,0.57,,Broad-leaved forest
47.27386,2.27364,12.4,,0.2,,0.67,,Broad-leaved forest
47.28212,2.49572,27.8,,0.0,,0.81,,Broad-leaved forest
47.28742,2.4278,16.4,,0.2,,0.56,,Broad-leaved forest
47.28783,2.42463,22.1,,0.3,,0.69,,Broad-leaved forest
47.28561,2.8825,24.6,,0.0,,0.64,,Complex cultivation patterns
47.28734,2.35,15.5,,0.6,,0.69,,Broad-leaved forest
47.30291,2.11774,17.5,,0.3,,0.87,,Coniferous forest
47.30579,2.41142,13.4,,1.7,,0.62,,Broad-leaved forest
47.30802,2.82947,18.2,,0.1,,0.71,,"Land principally occupied by agriculture, with significant areas of natural vegetation"
47.30919,2.82892,12.4,,0.0,,0.66,,Broad-leaved forest
47.31238,2.89616,27.5,,0.0,,0.41,,Non-irrigated arable land
47.31276,2.89438,20.4,,0.3,,0.6,,"Land principally occupied by agriculture, with significant areas of natural vegetation"
47.3168,1.47421,26.3,,0.0,,0.66,,Complex cultivation patterns
47.3168,1.47421,26.6,,0.0,,0.58,,Complex cultivation patterns
47.3168,1.47421,27.6,,0.1,,0.58,,Complex cultivation patterns
47.3168,1.47421,15.2,,0.4,,0.66,,Complex cultivation patterns
47.3168,1.47421,17.3,,0.0,,0.66,,Complex cultivation patterns
47.31598,2.25701,16.7,,0.6,,0.54,,Discontinuous urban fabric
47.31621,1.25323,28.8,,3.3,,0.57,,Broad-leaved forest
47.31813,2.86584,25.3,,0.2,,0.75,,Non-irrigated arable land
47.31813,2.86584,20.7,,0.3,,0.48,,Non-irrigated arable land
47.32137,1.18724,29.0,,2.3,,0.68,,Complex cultivation patterns
47.32159,2.27804,11.7,,0.0,,0.58,,Broad-leaved forest
46.94313,2.36402,13.9,,0.0,,0.57,,Coniferous forest
46.98612,2.06501,17.9,,0.0,,0.53,,"Land principally occupied by agriculture, with significant areas of natural vegetation"
47.32699,1.45263,17.4,,0.0,,0.62,,Non-irrigated arable land
47.32699,1.45263,26.7,,0.0,,0.66,,Non-irrigated arable land
47.32699,1.45263,15.3,,1.9,,0.62,,Non-irrigated arable land
47.32699,1.45263,26.4,,0.0,,0.62,,Non-irrigated arable land
47.32699,1.45263,27.7,,0.1,,0.66,,Non-irrigated arable land
47.33293,0.65405,18.3,,2.2,,0.34,,Discontinuous urban fabric
47.33293,0.65405,27.5,,0.0,,0.34,,Discontinuous urban fabric
47.32223,1.36749,18.0,,0.0,,0.58,,Broad-leaved forest
47.00858,2.09524,21.9,,0.0,,0.65,,"Land principally occupied by agriculture, with significant areas of natural vegetation"
47.00975,2.09257,21.7,,0.0,,0.58,,Coniferous forest
47.3228,2.28275,15.8,,0.0,,0.67,,Broad-leaved forest
47.33638,-2.37511,5.0,,0.0,,0.73,,Complex cultivation patterns
47.34241,1.24149,29.1,,2.3,,0.48,,Water bodies
47.34599,2.22717,25.8,,0.0,,0.25,,Water bodies
47.34707,2.17848,10.3,,0.0,,0.71,,Broad-leaved forest
47.34707,1.33718,17.4,,0.0,,0.6,,Broad-leaved forest
59.843489,23.199503,15.3,,1.1,,0.79,,"Land principally occupied by agriculture, with significant areas of natural vegetation"
47.36105,1.7982,12.1,,0.0,,0.71,,Broad-leaved forest
47.37843,2.36292,33.9,,0.0,,0.53,,"Land principally occupied by agriculture, with significant areas of natural vegetation"
47.38783,2.36115,18.2,,0.0,,0.61,,Broad-leaved forest
47.39016,2.2773,25.5,,0.0,,0.58,,Broad-leaved forest
47.39392,2.15604,25.9,,0.0,,0.57,,Broad-leaved forest
47.40872,1.33704,22.5,,0.0,,0.58,,Broad-leaved forest
47.40872,1.33704,23.6,,0.0,,0.58,,Broad-leaved forest
47.41059,1.335,20.4,,0.2,,0.66,,Broad-leaved forest
47.41144,1.74317,21.4,,0.0,,0.71,,Pastures
47.41247,2.90873,18.4,,0.4,,0.66,,Broad-leaved forest
47.41377,1.32249,22.4,,0.0,,0.87,,Broad-leaved forest
47.42137,2.8588,16.3,,0.0,,0.09,,Water bodies
47.41861,2.9166,19.7,,1.9,,0.58,,"Land principally occupied by agriculture, with significant areas of natural vegetation"
47.42112,2.75769,17.6,,0.5,,0.61,,"Land principally occupied by agriculture, with significant areas of natural vegetation"
47.42299,2.87095,12.4,,0.0,,0.64,,Pastures
47.42212,2.75423,25.9,,0.1,,0.76,,Broad-leaved forest
47.42235,2.75411,25.6,,0.0,,0.71,,Broad-leaved forest
47.423,2.87092,15.0,,0.1,,0.65,,Complex cultivation patterns
47.423,2.87092,19.7,,0.4,,0.56,,Complex cultivation patterns
47.42439,2.91769,19.6,,1.9,,0.56,,Pastures
47.43067,2.92512,19.6,,1.9,,0.48,,"Land principally occupied by agriculture, with significant areas of natural vegetation"
47.43242,2.92005,13.1,,0.0,,0.69,,Broad-leaved forest
47.44522,2.92191,19.6,,1.9,,0.67,,Broad-leaved forest
47.44569,2.29748,16.8,,0.0,,0.46,,Inland marshes
49.085335,8.710098,14.4,,0.3,,0.56,,Pastures
47.44959,2.28935,12.1,,0.0,,0.58,,Broad-leaved forest
47.32611,1.09707,24.7,,0.2,,0.8,,Coniferous forest
47.45767,2.16264,16.2,,0.4,,0.6,,Coniferous forest
47.46421,2.91299,13.1,,0.0,,0.62,,"Land principally occupied by agriculture, with significant areas of natural vegetation"
47.4756,2.14009,24.8,,0.6,,0.67,,Broad-leaved forest
47.481296,-2.171998,12.7,,0.0,,0.51,,Discontinuous urban fabric
49.086287,8.553115,22.2,,0.5,,0.36,,Discontinuous urban fabric
47.48383,1.18135,18.1,,0.4,,0.52,,Broad-leaved forest
47.493546,7.590866,18.4,,1.5,,0.52,,Industrial or commercial units
47.32636,1.09727,24.7,,0.2,,0.78,,"Land principally occupied by agriculture, with significant areas of natural vegetation"
51.092645,13.89674,19.6,,0.2,,0.83,,Coniferous forest
49.102661,7.994413,7.9,,0.9,,0.59,,Discontinuous urban fabric
47.51659,2.15742,22.1,,0.0,,0.68,,"Land principally occupied by agriculture, with significant areas of natural vegetation"
47.51662,2.15836,17.2,,0.0,,0.68,,"Land principally occupied by agriculture, with significant areas of natural vegetation"
47.33946,1.07951,30.1,,0.0,,0.79,,"Land principally occupied by agriculture, with significant areas of natural vegetation"
47.55065,1.14629,12.5,,0.7,,0.5,,Broad-leaved forest
47.55614,2.24865,18.6,,0.0,,0.61,,"Land principally occupied by agriculture, with significant areas of natural vegetation"
47.56328,1.42207,25.5,,0.0,,0.67,,Broad-leaved forest
47.55828,2.25067,18.6,,0.0,,0.64,,"Land principally occupied by agriculture, with significant areas of natural vegetation"
47.58482,2.38576,19.4,,0.5,,0.64,,Broad-leaved forest
47.56172,2.2357,18.5,,0.0,,0.61,,Broad-leaved forest
47.56365,2.13502,10.5,,0.0,,0.64,,Broad-leaved forest
49.116707,10.39768,16.0,,0.9,,0.34,,Mixed forest
47.62293,2.13637,18.0,,0.0,,0.63,,Broad-leaved forest
49.136127,8.856525,17.5,,0.0,,0.49,,Non-irrigated arable land
47.6566,7.44714,14.0,,0.1,,0.64,,"Land principally occupied by agriculture, with significant areas of natural vegetation"
51.099458,13.881276,19.7,,0.2,,0.68,,Discontinuous urban fabric
50.995838,11.861604,18.9,,0.2,,0.67,,"Land principally occupied by agriculture, with significant areas of natural vegetation"
47.69533,2.8447,25.6,,1.1,,0.72,,Broad-leaved forest
47.69686,2.87295,27.6,,0.0,,0.5,,Pastures
47.713921,20.952559,21.8,,0.0,,0.57,,"Land principally occupied by agriculture, with significant areas of natural vegetation"
47.70065,1.95234,25.2,,1.7,,0.42,,"Land principally occupied by agriculture, with significant areas of natural vegetation"
47.7095,2.43911,19.6,,0.0,,0.86,,Broad-leaved forest
47.74916,0.66234,28.7,,0.0,,0.58,,Pastures
47.76349,1.63214,29.2,,0.0,,0.59,,"Land principally occupied by agriculture, with significant areas of natural vegetation"
49.136658,8.914343,20.0,,0.0,,0.52,,Industrial or commercial units
47.76791,1.63486,21.1,,2.1,,0.55,,Complex cultivation patterns
49.136913,8.914332,24.0,,0.2,,0.42,,Pastures
47.76809,1.63632,27.4,,0.0,,0.71,,"Land principally occupied by agriculture, with significant areas of natural vegetation"
49.183556,8.70482,16.2,,0.0,,0.69,,Pastures
49.21928,8.597145,10.2,,0.2,,0.67,,Broad-leaved forest
48.000031,11.632462,17.2,,0.0,,0.75,,"Land principally occupied by agriculture, with significant areas of natural vegetation"
47.33946,1.07951,24.4,,0.2,,0.79,,"Land principally occupied by agriculture, with significant areas of natural vegetation"
47.47248,1.94693,20.0,,0.3,,0.42,,"Land principally occupied by agriculture, with significant areas of natural vegetation"
49.249855,8.785805,16.7,,0.2,,0.69,,Water bodies
47.87347,7.30543,18.5,,0.0,,0.27,,Non-irrigated arable land
49.249855,8.785805,26.4,,5.5,,0.69,,Complex cultivation patterns
47.83138,2.42077,22.6,,0.0,,0.73,,Broad-leaved forest
47.87015,2.47648,23.9,,0.1,,0.42,,Non-irrigated arable land
47.88884,2.34361,25.5,,0.0,,0.6,,Broad-leaved forest
47.91159,2.42174,25.5,,0.0,,0.57,,Broad-leaved forest
47.91274,2.35836,19.4,,0.0,,0.62,,Mixed forest
47.91582,2.42992,32.4,,0.0,,0.65,,Broad-leaved forest
47.91649,2.42928,32.4,,0.0,,0.6,,Complex cultivation patterns
47.91728,2.4251,25.5,,0.0,,0.7,,Broad-leaved forest
47.92102,2.7797,23.3,,0.0,,0.51,,Pastures
47.52413,2.0637,21.8,,0.0,,0.64,,"Land principally occupied by agriculture, with significant areas of natural vegetation"
47.94955,2.54155,22.9,,0.0,,0.63,,Complex cultivation patterns
47.9588,-3.35022,20.3,,0.0,,0.68,,Broad-leaved forest
48.01518,2.34847,28.2,,0.0,,0.72,,Broad-leaved forest
47.996072,2.362321,15.6,,0.0,,0.55,,Green urban areas
48.004982,-2.228619,21.4,,0.2,,0.71,,Broad-leaved forest
49.254333,8.70173,17.6,,1.2,,0.7,,Pastures
49.337543,8.554745,26.7,,0.0,,0.8,,Broad-leaved forest
48.01631,2.61898,23.3,,0.5,,0.6,,"Land principally occupied by agriculture, with significant areas of natural vegetation"
47.55729,1.86517,20.0,,0.2,,0.6,,Transitional woodland-shrub
48.05802,2.3028,28.3,,0.0,,0.64,,"Land principally occupied by agriculture, with significant areas of natural vegetation"
48.05802,2.3028,20.9,,0.0,,0.64,,"Land principally occupied by agriculture, with significant areas of natural vegetation"
48.0273,2.77701,24.6,,0.9,,0.56,,Broad-leaved forest
48.04206,2.74095,23.0,,0.0,,0.75,,"Land principally occupied by agriculture, with significant areas of natural vegetation"
49.350803,8.638679,16.5,,0.0,,0.64,,Pastures
48.863598,9.288983,21.6,,0.1,,0.73,,Industrial or commercial units
53.201233,9.200271,15.3,,2.0,,0.67,,"Land principally occupied by agriculture, with significant areas of natural vegetation"
50.378284,9.116764,14.4,,0.5,,0.64,,"Land principally occupied by agriculture, with significant areas of natural vegetation"
48.10853,2.56416,21.7,,0.4,,0.54,,"Land principally occupied by agriculture, with significant areas of natural vegetation"
48.148597,17.107748,17.7,,0.0,,0.34,,Industrial or commercial units
48.16373,1.67824,17.5,,0.0,,0.55,,"Land principally occupied by agriculture, with significant areas of natural vegetation"
48.1672,2.14736,24.6,,0.0,,0.75,,"Land principally occupied by agriculture, with significant areas of natural vegetation"
49.376114,11.602249,14.0,,0.6,,0.48,,Broad-leaved forest
50.005356,7.904983,19.1,,0.0,,0.62,,"Land principally occupied by agriculture, with significant areas of natural vegetation"
49.379467,9.365845,11.8,,0.8,,0.66,,Discontinuous urban fabric
49.469559,6.384505,19.6,,0.4,,0.61,,"Land principally occupied by agriculture, with significant areas of natural vegetation"
49.386684,7.459944,26.0,,1.1,,0.41,,Mixed forest
51.519466,7.268808,23.2,,2.5,,0.69,,"Land principally occupied by agriculture, with significant areas of natural vegetation"
48.240711,16.390873,22.4,,0.2,,0.48,,Water bodies
49.452267,8.499363,26.1,,0.0,,0.41,,Discontinuous urban fabric
48.222297,16.341668,21.3,,0.0,,0.49,,Road and rail networks and associated land
52.953949,10.561718,22.9,,0.6,,0.63,,"Land principally occupied by agriculture, with significant areas of natural vegetation"
51.949909,9.501788,14.0,,0.4,,0.6,,"Land principally occupied by agriculture, with significant areas of natural vegetation"
48.2843,2.62187,22.0,,2.9,,0.72,,Broad-leaved forest
48.38554,2.30533,11.0,,0.4,,0.5,,Complex cultivation patterns
49.473911,7.707486,18.9,,0.1,,0.67,,Non-irrigated arable land
49.473911,7.707486,24.6,,0.0,,0.81,,Non-irrigated arable land
49.473911,7.707486,27.6,,0.0,,0.79,,Broad-leaved forest
48.89497,8.976795,13.0,,0.0,,0.62,,Coniferous forest
48.4562,-0.19456,24.0,,0.0,,0.78,,Pastures
48.4562,-0.19456,16.7,,0.0,,0.7,,Pastures
49.501144,7.777006,23.6,,0.1,,0.5,,Complex cultivation patterns
47.98265,1.3703,23.7,,0.0,,0.67,,Mixed forest
51.359669,9.054623,24.0,,0.0,,0.54,,"Land principally occupied by agriculture, with significant areas of natural vegetation"
49.52,11.48,25.9,,2.1,,0.77,,Mixed forest
53.533779,8.714561,23.0,,0.0,,0.67,,"Land principally occupied by agriculture, with significant areas of natural vegetation"
49.530556,9.022239,16.7,,0.2,,0.75,,Coniferous forest
49.535545,8.924632,18.1,,1.7,,0.81,,Non-irrigated arable land
49.584843,8.57573,21.3,,3.4,,0.63,,Broad-leaved forest
49.624332,9.950609,18.8,,0.3,,0.76,,Broad-leaved forest
49.660835,9.669385,17.8,,0.0,,0.57,,Pastures
49.073982,12.956733,13.4,,0.7,,0.71,,"Land principally occupied by agriculture, with significant areas of natural vegetation"
49.729797,8.960413,25.9,,0.0,,0.41,,Broad-leaved forest
49.751888,8.535699,21.9,,0.0,,0.67,,Broad-leaved forest
49.755764,8.371925,22.4,,3.3,,0.36,,Broad-leaved forest
49.775612,7.455983,15.5,,0.0,,0.67,,Broad-leaved forest
49.775612,7.455983,19.9,,1.2,,0.67,,Broad-leaved forest
49.78046,8.45715,9.8,,0.0,,0.6,,Pastures
49.79314,7.495806,11.3,,0.0,,0.93,,Mixed forest
49.79314,7.495806,24.0,,0.0,,0.79,,Mixed forest
49.79314,7.495806,27.7,,0.0,,0.77,,Coniferous forest
49.797028,8.256462,26.7,,1.2,,0.66,,"Land principally occupied by agriculture, with significant areas of natural vegetation"
49.803436,7.507606,21.0,,0.0,,0.67,,Non-irrigated arable land
49.804787,7.53945,9.4,,0.0,,0.67,,"Land principally occupied by agriculture, with significant areas of natural vegetation"
49.813953,7.506666,19.8,,0.4,,0.65,,"Land principally occupied by agriculture, with significant areas of natural vegetation"
52.546349,9.241991,21.4,,0.4,,0.37,,"Land principally occupied by agriculture, with significant areas of natural vegetation"
50.888309,11.581183,27.8,,1.4,,0.64,,Broad-leaved forest
49.830452,7.579858,19.5,,0.0,,0.87,,Mixed forest
49.830452,7.579858,20.4,,0.8,,0.81,,Mixed forest
49.846222,9.963808,16.9,,0.3,,0.5,,"Land principally occupied by agriculture, with significant areas of natural vegetation"
49.846287,7.390537,15.5,,0.0,,0.64,,"Land principally occupied by agriculture, with significant areas of natural vegetation"
49.853924,6.454983,24.8,,0.6,,0.79,,Complex cultivation patterns
49.871628,7.99942,18.6,,0.0,,0.62,,Mixed forest
49.883133,9.164615,12.4,,0.2,,0.66,,Broad-leaved forest
49.097336,7.559947,22.1,,0.6,,0.86,,"Land principally occupied by agriculture, with significant areas of natural vegetation"
49.890079,8.560935,27.1,,0.0,,0.16,,Non-irrigated arable land
47.922783,10.482159,22.7,,0.0,,0.84,,"Land principally occupied by agriculture, with significant areas of natural vegetation"
49.932285,7.990408,20.1,,0.5,,0.69,,Discontinuous urban fabric
49.946829,8.31841,17.9,,0.1,,0.66,,Moors and heathland
49.959118,8.173914,28.3,,0.0,,0.81,,Sport and leisure facilities
49.973415,8.303776,22.6,,0.4,,0.54,,"Land principally occupied by agriculture, with significant areas of natural vegetation"
49.973854,8.457374,21.7,,0.5,,0.78,,Broad-leaved forest
51.533737,10.899811,23.9,,0.0,,-0.2,,"Land principally occupied by agriculture, with significant areas of natural vegetation"
49.977253,8.851676,31.1,,0.0,,0.71,,Complex cultivation patterns
51.594162,7.039876,16.3,,0.0,,0.63,,Green urban areas
49.979431,8.877425,26.6,,0.0,,0.68,,"Land principally occupied by agriculture, with significant areas of natural vegetation"
49.982979,7.727594,17.1,,0.4,,0.76,,Non-irrigated arable land
50.768055,8.952778,21.4,,0.0,,0.71,,"Land principally occupied by agriculture, with significant areas of natural vegetation"
49.990746,9.706335,20.5,,0.0,,0.65,,Transitional woodland-shrub
50.00069,8.561525,28.5,,0.7,,0.8,,Broad-leaved forest
48.4562,-0.19456,30.6,,0.1,,0.76,,Pastures
48.46867,-2.37162,22.0,,0.6,,0.76,,Broad-leaved forest
48.48197,-2.36663,21.9,,0.6,,0.66,,Broad-leaved forest
52.537945,10.151367,13.1,,0.2,,0.58,,"Land principally occupied by agriculture, with significant areas of natural vegetation"
50.01844,9.022865,17.5,,1.3,,0.09,,"Land principally occupied by agriculture, with significant areas of natural vegetation"
48.492023,12.944847,1.7,,0.0,,0.72,,Complex cultivation patterns
50.051849,8.453465,26.0,,0.4,,0.3,,Mineral extraction sites
50.052465,8.728827,18.6,,0.0,,0.7,,Broad-leaved forest
50.064411,8.671818,9.4,,0.1,,0.8,,Pastures
50.064411,8.671818,21.8,,1.3,,0.8,,Complex cultivation patterns
48.847027,9.410009,22.0,,0.0,,0.79,,"Land principally occupied by agriculture, with significant areas of natural vegetation"
48.05296,2.07205,14.8,,0.0,,0.57,,Broad-leaved forest
48.615772,2.406013,19.8,,0.3,,0.23,,Continuous urban fabric
48.6509,-0.94767,17.6,,0.0,,0.6,,Broad-leaved forest
50.083691,8.432436,8.9,,0.0,,0.46,,Road and rail networks and associated land
50.087822,10.765228,17.4,,0.0,,0.63,,"Land principally occupied by agriculture, with significant areas of natural vegetation"
50.108055,9.069686,17.2,,1.3,,0.74,,Broad-leaved forest
50.109459,7.738409,17.0,,0.0,,0.65,,Pastures
48.75837,2.70983,25.6,,0.0,,0.68,,Broad-leaved forest
50.133709,7.963878,24.2,,0.0,,0.73,,Pastures
50.135326,8.550196,16.3,,0.0,,0.55,,Industrial or commercial units
50.136314,8.473377,24.9,,0.0,,0.63,,Non-irrigated arable land
50.171265,8.542793,17.1,,0.8,,0.66,,Broad-leaved forest
50.171413,7.215029,16.9,,0.0,,0.7,,Broad-leaved forest
46.68426,1.0465,15.9,,0.0,,0.41,,Non-irrigated arable land
50.177311,8.546677,20.8,,0.8,,0.62,,Green urban areas
48.492023,12.944847,16.5,,0.0,,0.72,,Mixed forest
50.192123,10.267324,20.9,,0.3,,0.86,,Coniferous forest
50.212133,8.482711,11.6,,0.7,,0.81,,Broad-leaved forest
50.259911,9.414725,17.3,,0.0,,0.87,,Water bodies
50.278671,10.360579,24.1,,0.0,,0.57,,Pastures
50.289284,10.305519,15.5,,1.2,,0.66,,Sport and leisure facilities
48.8717,9.304315,19.2,,0.0,,0.66,,Non-irrigated arable land
50.303516,8.591646,24.0,,0.0,,0.7,,"Land principally occupied by agriculture, with significant areas of natural vegetation"
50.321217,9.547033,23.4,,0.1,,0.69,,Non-irrigated arable land
49.073982,12.956733,12.2,,0.3,,0.71,,"Land principally occupied by agriculture, with significant areas of natural vegetation"
50.378284,9.116764,14.2,,1.4,,0.59,,Broad-leaved forest
52.64973,7.81217,11.5,,0.0,,0.68,,"Land principally occupied by agriculture, with significant areas of natural vegetation"
50.387917,8.049727,22.7,,1.7,,0.78,,Coniferous forest
49.8298,6.44668,11.1,,1.3,,0.59,,"Land principally occupied by agriculture, with significant areas of natural vegetation"
53.201233,9.200271,23.7,,0.2,,0.67,,"Land principally occupied by agriculture, with significant areas of natural vegetation"
50.416176,8.227386,19.8,,0.1,,0.6,,Industrial or commercial units
50.416176,8.227386,19.6,,0.0,,0.61,,Transitional woodland-shrub
50.416176,8.227386,23.0,,0.8,,0.63,,Non-irrigated arable land
50.416176,8.227386,21.2,,0.0,,0.63,,Pastures
50.416176,8.227386,23.0,,0.1,,0.56,,Pastures
50.416176,8.227386,11.5,,0.2,,0.63,,"Land principally occupied by agriculture, with significant areas of natural vegetation"
50.417728,8.229558,25.2,,0.2,,0.35,,Discontinuous urban fabric
50.417728,8.229558,28.2,,0.0,,0.35,,Discontinuous urban fabric
50.420467,8.218771,18.3,,0.0,,0.73,,"Land principally occupied by agriculture, with significant areas of natural vegetation"
50.420467,8.218771,16.8,,0.1,,0.79,,"Land principally occupied by agriculture, with significant areas of natural vegetation"
50.431362,8.210649,27.7,,0.0,,0.32,,Discontinuous urban fabric
49.136406,8.914032,27.3,,0.3,,0.62,,"Land principally occupied by agriculture, with significant areas of natural vegetation"
50.463066,6.628131,18.2,,0.0,,0.79,,Moors and heathland
50.480995,9.100628,16.0,,0.1,,0.64,,Water bodies
50.486073,11.511491,17.9,,0.4,,0.57,,Discontinuous urban fabric
50.514301,7.008694,19.8,,0.0,,0.58,,Pastures
50.5158,11.7312,10.6,,0.0,,0.57,,Discontinuous urban fabric
50.518559,6.598492,11.3,,0.9,,0.83,,Coniferous forest
50.54,9.92,10.7,,0.0,,0.71,,Broad-leaved forest
50.553917,8.503522,19.4,,0.0,,0.69,,Coniferous forest
50.553917,8.503522,14.6,,1.8,,0.62,,Coniferous forest
47.15616,2.34166,15.5,,0.4,,0.33,,"Land principally occupied by agriculture, with significant areas of natural vegetation"
50.553917,8.503522,19.1,,0.0,,0.62,,Pastures
50.573784,6.707629,15.8,,0.0,,0.19,,Pastures
50.576725,7.159116,20.5,,0.0,,0.86,,Inland marshes
50.58,9.68,17.3,,0.7,,0.58,,"Land principally occupied by agriculture, with significant areas of natural vegetation"
50.580276,7.15752,25.3,,0.8,,0.83,,Pastures
50.609661,6.629219,17.2,,0.1,,0.76,,Broad-leaved forest
50.617203,6.535378,15.3,,0.0,,0.75,,"Land principally occupied by agriculture, with significant areas of natural vegetation"
50.617203,6.535378,20.0,,0.6,,0.75,,"Land principally occupied by agriculture, with significant areas of natural vegetation"
50.619083,9.027243,23.0,,0.0,,0.58,,"Land principally occupied by agriculture, with significant areas of natural vegetation"
50.619083,9.027243,20.7,,0.0,,0.58,,Broad-leaved forest
50.619083,9.027243,22.3,,0.0,,0.55,,Green urban areas
48.88327,2.75312,17.3,,0.0,,0.42,,Industrial or commercial units
50.623775,6.457666,16.3,,0.0,,0.58,,Pastures
50.631577,8.378183,14.8,,0.0,,0.64,,Pastures
50.687019,11.394429,27.5,,0.0,,0.69,,Coniferous forest
50.688351,7.807449,21.6,,0.1,,0.67,,Broad-leaved forest
50.690514,11.348681,24.7,,0.1,,0.78,,Mixed forest
50.7,7.33333,16.3,,1.9,,0.66,,Pastures
50.724178,11.327934,24.6,,0.0,,0.67,,Broad-leaved forest
50.724178,11.327934,21.6,,1.8,,0.65,,Pastures
50.72961,11.43651,24.4,,0.0,,0.79,,Broad-leaved forest
50.736019,11.476287,13.5,,0.0,,0.67,,"Land principally occupied by agriculture, with significant areas of natural vegetation"
50.736019,11.476287,16.8,,0.3,,0.67,,"Land principally occupied by agriculture, with significant areas of natural vegetation"
50.736019,11.476287,18.5,,0.0,,0.62,,Green urban areas
50.736019,11.476287,20.0,,0.0,,0.62,,Green urban areas
48.971962,14.354682,21.1,,0.0,,0.88,,Coniferous forest
48.973352,16.864954,11.4,,1.3,,0.58,,"Land principally occupied by agriculture, with significant areas of natural vegetation"
50.736019,11.476287,28.0,,0.9,,0.6,,Pastures
48.950219,16.600087,17.6,,0.0,,0.52,,Broad-leaved forest
50.736019,11.476287,14.4,,0.1,,0.6,,Broad-leaved forest
50.736019,11.476287,22.9,,0.0,,0.6,,Broad-leaved forest
50.736019,11.476287,20.6,,0.0,,0.58,,"Land principally occupied by agriculture, with significant areas of natural vegetation"
50.742592,6.518154,25.8,,1.6,,0.81,,Broad-leaved forest
50.760063,8.950701,21.2,,0.0,,0.77,,Broad-leaved forest
53.865517,10.790042,10.3,,0.0,,0.81,,Pastures
53.402882,8.72632,28.5,,0.0,,0.74,,Broad-leaved forest
50.775002,8.973611,18.9,,0.0,,0.85,,"Land principally occupied by agriculture, with significant areas of natural vegetation"
50.788685,11.26811,18.8,,3.5,,0.68,,Coniferous forest
50.790859,10.776396,19.9,,0.3,,0.82,,Pastures
50.802578,8.809598,10.4,,0.0,,0.69,,Transitional woodland-shrub
50.803802,8.788633,11.7,,0.2,,0.61,,Green urban areas
50.803867,8.808985,19.8,,0.0,,0.75,,"Land principally occupied by agriculture, with significant areas of natural vegetation"
50.810001,8.815104,24.4,,0.0,,0.71,,"Land principally occupied by agriculture, with significant areas of natural vegetation"
50.822422,8.779535,19.6,,0.1,,0.65,,Coniferous forest
50.824615,8.903561,20.9,,0.0,,0.81,,Broad-leaved forest
50.82608,8.759408,9.7,,0.3,,0.66,,Mixed forest
50.851727,7.328101,15.2,,0.0,,0.6,,Broad-leaved forest
50.858124,8.54259,20.1,,0.0,,0.63,,Discontinuous urban fabric
49.01118,6.03068,24.7,,0.0,,0.36,,Discontinuous urban fabric
50.870422,7.625188,17.8,,0.5,,0.56,,Green urban areas
50.870647,7.625209,24.2,,0.0,,0.6,,Pastures
46.68426,1.0465,21.8,,4.0,,0.71,,Non-irrigated arable land
50.870693,7.625222,19.8,,0.2,,0.59,,Green urban areas
49.248134,17.679041,19.4,,0.0,,0.7,,Coniferous forest
46.68426,1.0465,21.3,,0.0,,0.41,,Non-irrigated arable land
50.870743,7.625322,19.0,,0.0,,0.5,,Complex cultivation patterns
48.669746,1.645603,21.6,,0.4,,0.55,,"Land principally occupied by agriculture, with significant areas of natural vegetation"
49.295412,14.46977,22.2,,0.0,,0.28,,Discontinuous urban fabric
48.80409,2.22733,29.8,,0.0,,0.69,,Broad-leaved forest
50.871101,11.56708,19.6,,1.6,,0.73,,Non-irrigated arable land
51.359669,9.054623,18.8,,1.0,,-0.42,,Broad-leaved forest
49.23865,3.3479,23.3,,0.0,,0.4,,Non-irrigated arable land
49.223483,16.504096,23.1,,0.0,,0.58,,Broad-leaved forest
49.25288,3.36429,7.7,,1.7,,0.87,,Broad-leaved forest
49.33126,2.10596,18.1,,0.2,,0.76,,Non-irrigated arable land
50.87289,6.132139,18.1,,0.1,,0.5,,Broad-leaved forest
50.881638,12.894707,21.8,,0.4,,0.67,,Broad-leaved forest
49.297008,14.473072,16.9,,0.0,,0.54,,"Land principally occupied by agriculture, with significant areas of natural vegetation"
50.884464,7.148023,22.1,,0.4,,0.65,,"Land principally occupied by agriculture, with significant areas of natural vegetation"
49.3322,2.24349,26.7,,0.0,,0.81,,Non-irrigated arable land
49.33126,2.10596,25.6,,0.2,,0.77,,Non-irrigated arable land
49.33126,2.10596,23.9,,2.4,,0.73,,"Land principally occupied by agriculture, with significant areas of natural vegetation"
49.33126,2.10596,19.2,,0.0,,0.77,,Non-irrigated arable land
51.359669,9.054623,26.2,,1.1,,0.59,,"Land principally occupied by agriculture, with significant areas of natural vegetation"
49.3806,-1.76986,22.3,,0.0,,0.73,,Pastures
49.002804,8.520498,22.7,,0.2,,0.58,,"Land principally occupied by agriculture, with significant areas of natural vegetation"
50.905846,14.242294,18.1,,0.0,,0.72,,Pastures
49.3322,2.24349,27.9,,0.0,,0.68,,Non-irrigated arable land
49.42004,1.96663,9.9,,0.8,,0.61,,Pastures
49.33361,2.51858,24.9,,0.0,,0.63,,Broad-leaved forest
49.33455,2.93122,16.1,,0.2,,0.65,,Broad-leaved forest
49.40295,2.21628,8.6,,1.9,,0.78,,Broad-leaved forest
52.6362,13.489773,22.7,,0.0,,0.57,,"Land principally occupied by agriculture, with significant areas of natural vegetation"
50.940006,10.740518,19.9,,1.2,,0.57,,"Land principally occupied by agriculture, with significant areas of natural vegetation"
53.899887,10.746485,17.6,,0.3,,0.62,,Transitional woodland-shrub
49.42208,2.24217,14.9,,0.1,,0.28,,Non-irrigated arable land
49.5,6.02,9.5,,0.0,,0.7,,"Land principally occupied by agriculture, with significant areas of natural vegetation"
49.42396,2.65553,15.0,,0.0,,0.38,,Non-irrigated arable land
49.42428,2.79331,15.4,,0.4,,0.5,,Non-irrigated arable land
49.50866,1.82682,12.7,,0.1,,0.47,,Non-irrigated arable land
45.78591,3.1154,22.0,,2.0,,0.24,,Road and rail networks and associated land
53.265667,11.020611,21.5,,0.0,,0.72,,Coniferous forest
50.948425,6.752472,17.3,,0.0,,0.77,,"Land principally occupied by agriculture, with significant areas of natural vegetation"
49.50991,1.96482,20.3,,0.0,,0.65,,Complex cultivation patterns
49.511322,9.00606,21.3,,0.0,,0.62,,Non-irrigated arable land
50.94891,6.757536,17.7,,0.0,,0.78,,Pastures
50.949722,6.757536,20.1,,0.1,,0.82,,Broad-leaved forest
50.9501,6.754875,21.3,,0.7,,0.78,,Non-irrigated arable land
50.950207,14.140242,20.2,,0.3,,0.8,,"Land principally occupied by agriculture, with significant areas of natural vegetation"
50.966347,14.05941,22.9,,3.5,,0.81,,"Land principally occupied by agriculture, with significant areas of natural vegetation"
49.6625,6.25053,19.9,,0.5,,0.77,,"Land principally occupied by agriculture, with significant areas of natural vegetation"
49.452267,8.499363,23.7,,0.0,,0.46,,"Land principally occupied by agriculture, with significant areas of natural vegetation"
49.7322,6.28445,20.4,,0.0,,0.67,,"Land principally occupied by agriculture, with significant areas of natural vegetation"
51.007923,11.291714,19.2,,0.0,,0.55,,"Land principally occupied by agriculture, with significant areas of natural vegetation"
51.036106,11.508716,16.6,,0.0,,0.5,,Pastures
51.039467,11.560198,24.5,,0.0,,0.74,,Inland marshes
51.074734,9.031963,14.5,,0.5,,0.8,,Sport and leisure facilities
51.077778,12.540556,25.7,,0.0,,0.57,,Complex cultivation patterns
48.005493,7.809224,24.8,,0.6,,0.68,,"Land principally occupied by agriculture, with significant areas of natural vegetation"
49.95785,4.18352,6.8,,0.0,,0.68,,Broad-leaved forest
49.95912,4.0443,18.3,,0.0,,0.72,,Pastures
49.51431,3.06902,15.3,,0.4,,0.66,,Broad-leaved forest
51.095654,8.036885,15.1,,0.3,,0.72,,Water bodies
49.51431,2.93098,18.0,,0.0,,0.52,,Non-irrigated arable land
51.096786,8.034697,18.2,,0.9,,0.81,,Industrial or commercial units
49.59977,1.96301,18.7,,0.2,,0.59,,Pastures
50.04055,14.54808,19.9,,0.0,,0.61,,"Land principally occupied by agriculture, with significant areas of natural vegetation"
49.8693,4.04247,12.8,,1.2,,0.83,,"Land principally occupied by agriculture, with significant areas of natural vegetation"
51.096947,8.036177,24.8,,0.0,,0.72,,"Land principally occupied by agriculture, with significant areas of natural vegetation"
49.88607,4.01107,12.9,,1.4,,0.76,,Mixed forest
50.04291,1.39603,24.4,,1.6,,0.74,,Broad-leaved forest
51.097271,8.041306,22.5,,0.3,,0.71,,Coniferous forest
48.313759,7.983627,23.1,,0.0,,0.87,,"Land principally occupied by agriculture, with significant areas of natural vegetation"
52.926704,13.986111,23.5,,0.1,,0.16,,"Land principally occupied by agriculture, with significant areas of natural vegetation"
51.949909,9.501788,19.0,,1.0,,0.64,,Mixed forest
51.102013,8.043838,24.7,,2.8,,0.76,,Mixed forest
51.111633,8.955102,11.4,,0.0,,0.86,,"Land principally occupied by agriculture, with significant areas of natural vegetation"
50.055508,6.03358,12.5,,0.2,,0.71,,Mixed forest
50.056616,6.030434,15.6,,0.0,,0.74,,Broad-leaved forest
51.123722,7.957441,19.8,,0.2,,0.74,,Pastures
50.097161,14.557254,13.6,,0.0,,0.55,,"Land principally occupied by agriculture, with significant areas of natural vegetation"
50.099497,14.351687,25.2,,1.2,,0.68,,Broad-leaved forest
51.128952,14.93248,18.8,,0.0,,0.85,,Broad-leaved forest
51.14,8.93,14.9,,0.6,,0.7,,"Land principally occupied by agriculture, with significant areas of natural vegetation"
51.141582,9.497343,15.4,,0.2,,0.67,,Pastures
50.12694,4.74111,18.3,,0.0,,0.65,,Broad-leaved forest
51.141582,9.497343,17.1,,3.1,,0.67,,Pastures
50.128887,14.475278,26.5,,0.0,,0.3,,Industrial or commercial units
50.13028,14.463889,12.3,,0.0,,0.69,,Green urban areas
51.15,9.05,14.6,,0.0,,0.69,,Non-irrigated arable land
50.1325,14.470834,16.8,,0.0,,0.45,,Road and rail networks and associated land
50.132847,14.393087,21.5,,0.0,,0.52,,Green urban areas
51.153404,6.807859,17.1,,0.0,,0.33,,"Land principally occupied by agriculture, with significant areas of natural vegetation"
51.162712,9.119468,19.4,,0.3,,0.61,,Industrial or commercial units
50.136944,14.465834,13.3,,0.0,,0.68,,"Land principally occupied by agriculture, with significant areas of natural vegetation"
51.17,8.97,16.0,,0.0,,0.2,,"Land principally occupied by agriculture, with significant areas of natural vegetation"
51.173756,14.456466,22.2,,0.0,,0.63,,Complex cultivation patterns
51.173756,14.456466,18.8,,1.1,,0.63,,Complex cultivation patterns
50.22725,1.81018,8.1,,0.0,,0.8,,Broad-leaved forest
50.22725,1.81018,22.6,,0.0,,0.71,,Broad-leaved forest
51.173756,14.456466,20.6,,1.3,,0.63,,Complex cultivation patterns
51.175133,8.964786,3.8,,0.0,,0.68,,"Land principally occupied by agriculture, with significant areas of natural vegetation"
51.177944,6.782513,25.6,,0.6,,0.37,,Non-irrigated arable land
51.178069,6.883119,13.8,,0.4,,0.64,,Green urban areas
51.204826,7.159417,18.1,,0.0,,0.31,,Broad-leaved forest
50.35605,14.350414,20.7,,0.0,,0.45,,Discontinuous urban fabric
51.213013,7.132824,10.7,,1.1,,0.78,,Coniferous forest
51.241886,6.169864,8.4,,1.2,,0.72,,"Land principally occupied by agriculture, with significant areas of natural vegetation"
50.272778,4.6475,14.2,,0.2,,0.4,,"Land principally occupied by agriculture, with significant areas of natural vegetation"
51.252354,6.85873,18.0,,0.0,,0.63,,Mixed forest
51.259014,6.148224,22.0,,0.0,,0.72,,Coniferous forest
51.262947,7.197912,25.6,,0.0,,0.58,,Green urban areas
51.293888,6.162407,27.3,,1.8,,0.6,,Coniferous forest
51.296911,12.653038,18.5,,0.5,,0.44,,Broad-leaved forest
51.305103,7.343631,10.4,,0.0,,0.48,,Mineral extraction sites
51.359669,9.054623,17.1,,0.5,,0.44,,Broad-leaved forest
51.359669,9.054623,19.4,,1.5,,0.33,,Moors and heathland
51.359669,9.054623,19.2,,0.1,,0.53,,Transitional woodland-shrub
51.359669,9.054623,21.0,,0.3,,0.33,,"Land principally occupied by agriculture, with significant areas of natural vegetation"
51.359669,9.054623,22.4,,0.2,,0.33,,"Land principally occupied by agriculture, with significant areas of natural vegetation"
50.303074,8.581781,17.4,,0.1,,0.61,,Broad-leaved forest
50.948586,14.041471,17.3,,0.0,,0.86,,Transitional woodland-shrub
50.416176,8.227386,22.8,,0.0,,0.63,,Non-irrigated arable land
47.610271,10.678874,17.5,,0.0,,0.78,,Mixed forest
50.430827,3.284015,25.6,,0.0,,0.9,,Broad-leaved forest
48.83913,9.473476,22.3,,0.0,,0.84,,"Land principally occupied by agriculture, with significant areas of natural vegetation"
50.579882,-3.755286,13.0,,2.0,,0.65,,Pastures
51.359669,9.054623,21.3,,0.0,,0.59,,Broad-leaved forest
51.364922,6.28993,21.0,,0.0,,0.66,,Pastures
49.219837,8.159318,20.5,,0.0,,0.69,,"Land principally occupied by agriculture, with significant areas of natural vegetation"
50.588399,-3.853604,10.4,,0.9,,0.7,,Pastures
51.373692,7.374194,13.4,,0.2,,0.5,,Pastures
47.664982,8.165202,21.4,,1.5,,0.79,,Complex cultivation patterns
51.39418,6.82645,12.4,,0.0,,0.61,,Broad-leaved forest
51.402981,6.47702,19.0,,0.0,,0.88,,Broad-leaved forest
51.404507,6.479177,18.8,,0.0,,0.76,,Pastures
49.37394,11.623587,12.4,,1.0,,0.56,,"Land principally occupied by agriculture, with significant areas of natural vegetation"
51.412315,6.876594,17.5,,0.0,,0.68,,Sport and leisure facilities
51.416821,7.143688,20.9,,0.0,,0.75,,Broad-leaved forest
48.728157,9.092649,31.5,,0.0,,0.82,,"Land principally occupied by agriculture, with significant areas of natural vegetation"
51.484665,7.342264,18.4,,0.8,,0.8,,Broad-leaved forest
51.484711,7.369396,23.9,,0.0,,0.55,,Continuous urban fabric
51.507435,7.227631,17.1,,0.0,,0.66,,"Land principally occupied by agriculture, with significant areas of natural vegetation"
50.627561,-3.811703,18.4,,0.4,,0.7,,Complex cultivation patterns
51.512054,7.23424,14.1,,0.0,,0.62,,Broad-leaved forest
50.633001,-4.13299,14.6,,0.9,,0.68,,Coniferous forest
51.514923,7.193046,12.8,,0.2,,0.65,,Water bodies
50.072704,9.045344,21.3,,0.0,,0.69,,"Land principally occupied by agriculture, with significant areas of natural vegetation"
47.837444,7.697296,25.2,,0.2,,0.83,,"Land principally occupied by agriculture, with significant areas of natural vegetation"
51.53619,9.952369,28.0,,0.0,,0.53,,Green urban areas
51.536514,10.816727,24.3,,0.1,,0.62,,Broad-leaved forest
51.54274,7.424312,24.6,,0.0,,0.35,,"Land principally occupied by agriculture, with significant areas of natural vegetation"
51.543026,10.737762,20.9,,0.0,,0.66,,Pastures
51.543026,10.737762,16.9,,0.2,,0.55,,Green urban areas
51.551407,10.709524,20.9,,1.4,,0.65,,Non-irrigated arable land
51.556148,9.958478,16.2,,0.0,,0.6,,"Land principally occupied by agriculture, with significant areas of natural vegetation"
51.55624,9.956178,17.3,,0.1,,0.61,,Pastures
50.739476,14.999484,18.0,,0.2,,0.75,,Coniferous forest
51.55624,9.956178,18.6,,0.2,,0.61,,Pastures
50.755152,2.342525,3.3,,0.0,,0.78,,Broad-leaved forest
51.557278,9.962368,14.6,,0.2,,0.56,,Broad-leaved forest
51.568428,6.841049,23.2,,0.0,,0.65,,Broad-leaved forest
51.568428,6.841049,21.0,,0.0,,0.74,,Broad-leaved forest
50.804247,4.447232,16.8,,0.9,,0.88,,Broad-leaved forest
51.570667,7.337322,27.9,,0.5,,0.64,,"Land principally occupied by agriculture, with significant areas of natural vegetation"
50.76913,2.34274,9.4,,0.0,,0.77,,Broad-leaved forest
51.577709,10.07515,29.4,,0.0,,0.77,,Broad-leaved forest
51.592884,9.895978,6.8,,0.8,,0.62,,Broad-leaved forest
51.592884,9.895978,24.1,,1.0,,0.7,,Broad-leaved forest
51.592884,9.895978,16.5,,0.0,,0.65,,Broad-leaved forest
51.592884,9.895978,13.5,,0.0,,0.62,,Broad-leaved forest
51.592884,9.895978,15.6,,0.0,,0.62,,Broad-leaved forest
49.978825,8.322487,24.5,,0.0,,0.58,,Transitional woodland-shrub
51.608421,9.903574,16.8,,0.4,,0.61,,Complex cultivation patterns
50.856748,-1.483956,18.6,,0.2,,0.55,,Complex cultivation patterns
50.857272,-1.531648,18.1,,0.5,,0.65,,Moors and heathland
51.608421,9.903574,18.2,,1.8,,0.61,,Complex cultivation patterns
51.608421,9.903574,17.1,,0.0,,0.61,,Complex cultivation patterns
51.608421,9.903574,15.6,,0.0,,0.61,,Complex cultivation patterns
50.89697,14.456963,27.8,,0.4,,0.64,,Coniferous forest
51.616657,7.950153,22.7,,0.0,,0.72,,Broad-leaved forest
51.616657,7.950153,10.5,,0.5,,0.72,,Green urban areas
51.616657,7.950153,11.0,,0.0,,0.72,,"Land principally occupied by agriculture, with significant areas of natural vegetation"
51.616657,7.950153,17.4,,0.0,,0.72,,Broad-leaved forest
51.616657,7.950153,17.6,,0.0,,0.72,,Broad-leaved forest
51.616657,7.950153,18.4,,0.0,,0.68,,Broad-leaved forest
51.616657,7.950153,15.8,,0.0,,0.68,,Broad-leaved forest
51.619427,6.447258,26.3,,3.3,,0.68,,Broad-leaved forest
51.645187,7.524905,19.4,,0.0,,0.66,,Broad-leaved forest
51.687107,6.960416,25.4,,0.0,,0.58,,Green urban areas
51.687107,6.960416,24.6,,1.1,,0.58,,Mixed forest
51.687107,6.960416,12.8,,0.1,,0.58,,Coniferous forest
51.687107,6.960416,18.3,,0.0,,0.54,,"Land principally occupied by agriculture, with significant areas of natural vegetation"
51.687107,6.960416,17.8,,0.0,,0.54,,"Land principally occupied by agriculture, with significant areas of natural vegetation"
51.07974,2.55303,10.2,,0.0,,0.6,,Broad-leaved forest
51.07974,2.55303,15.3,,0.0,,0.6,,Broad-leaved forest
51.07974,2.55303,12.5,,0.0,,0.6,,Non-irrigated arable land
51.07974,2.55303,15.7,,0.0,,0.6,,Discontinuous urban fabric
51.07974,2.55303,10.6,,2.4,,0.81,,Non-irrigated arable land
51.07974,2.55303,20.0,,0.0,,0.73,,Pastures
51.07974,2.55303,23.3,,0.0,,0.73,,"Land principally occupied by agriculture, with significant areas of natural vegetation"
51.07974,2.55303,9.3,,1.8,,0.64,,Continuous urban fabric
51.07974,2.55303,20.5,,1.7,,0.73,,"Land principally occupied by agriculture, with significant areas of natural vegetation"
51.07974,2.55303,23.3,,0.7,,0.81,,"Land principally occupied by agriculture, with significant areas of natural vegetation"
51.07974,2.55303,16.1,,1.8,,0.73,,"Land principally occupied by agriculture, with significant areas of natural vegetation"
51.07974,2.55303,6.5,,0.9,,0.64,,"Land principally occupied by agriculture, with significant areas of natural vegetation"
51.07974,2.55303,23.2,,0.3,,0.73,,"Land principally occupied by agriculture, with significant areas of natural vegetation"
51.07974,2.55303,18.8,,0.0,,0.73,,"Land principally occupied by agriculture, with significant areas of natural vegetation"
51.07974,2.55303,12.7,,0.0,,0.81,,"Land principally occupied by agriculture, with significant areas of natural vegetation"
51.07974,2.55303,17.9,,0.0,,0.81,,"Land principally occupied by agriculture, with significant areas of natural vegetation"
51.07974,2.55303,20.6,,3.9,,0.73,,"Land principally occupied by agriculture, with significant areas of natural vegetation"
51.07974,2.55303,20.7,,0.0,,0.62,,Broad-leaved forest
51.07974,2.55303,14.4,,1.3,,0.62,,"Land principally occupied by agriculture, with significant areas of natural vegetation"
51.07974,2.55303,11.1,,1.1,,0.62,,Moors and heathland
51.07974,2.55303,20.5,,0.5,,0.77,,Non-irrigated arable land
51.07974,2.55303,15.9,,0.0,,0.62,,"Land principally occupied by agriculture, with significant areas of natural vegetation"
51.07974,2.55303,19.8,,0.0,,0.77,,"Land principally occupied by agriculture, with significant areas of natural vegetation"
51.07974,2.55303,13.8,,0.0,,0.76,,"Land principally occupied by agriculture, with significant areas of natural vegetation"
51.07974,2.55303,10.7,,1.3,,0.69,,Discontinuous urban fabric
51.07974,2.55303,7.6,,0.1,,0.62,,Coniferous forest
51.07974,2.55303,9.7,,0.2,,0.76,,"Land principally occupied by agriculture, with significant areas of natural vegetation"
51.07974,2.55303,14.5,,0.4,,0.69,,"Land principally occupied by agriculture, with significant areas of natural vegetation"
51.07974,2.55303,16.6,,0.0,,0.57,,"Land principally occupied by agriculture, with significant areas of natural vegetation"
51.07974,2.55303,14.7,,0.1,,0.57,,"Land principally occupied by agriculture, with significant areas of natural vegetation"
51.07974,2.55303,24.5,,0.3,,0.73,,"Land principally occupied by agriculture, with significant areas of natural vegetation"
51.07974,2.55303,10.3,,0.6,,0.64,,"Land principally occupied by agriculture, with significant areas of natural vegetation"
51.687107,6.960416,20.7,,0.4,,0.48,,Water bodies
51.687107,6.960416,18.4,,0.0,,0.51,,Green urban areas
51.687107,6.960416,22.2,,0.1,,0.53,,Green urban areas
51.687107,6.960416,29.6,,0.0,,0.51,,Green urban areas
51.687107,6.960416,26.1,,3.4,,0.53,,Green urban areas
51.687107,6.960416,28.5,,0.0,,0.53,,Green urban areas
51.687107,6.960416,18.7,,2.5,,0.51,,Green urban areas
51.687107,6.960416,20.0,,0.7,,0.51,,Green urban areas
51.687107,6.960416,23.5,,0.6,,0.51,,Green urban areas
51.687107,6.960416,28.1,,1.7,,0.51,,Green urban areas
51.687107,6.960416,17.2,,0.6,,0.51,,Green urban areas
51.687107,6.960416,20.4,,0.4,,0.51,,Green urban areas
51.687107,6.960416,21.2,,0.0,,0.51,,Green urban areas
51.687107,6.960416,24.1,,1.4,,0.58,,Road and rail networks and associated land
51.687107,6.960416,10.8,,0.3,,0.58,,Road and rail networks and associated land
51.687107,6.960416,21.4,,0.0,,0.58,,Road and rail networks and associated land
51.687107,6.960416,22.6,,0.0,,0.58,,Road and rail networks and associated land
51.687107,6.960416,19.2,,0.1,,0.48,,Road and rail networks and associated land
51.687107,6.960416,18.9,,0.3,,0.58,,Road and rail networks and associated land
51.687107,6.960416,29.2,,0.0,,0.48,,Road and rail networks and associated land
51.699246,10.671448,21.2,,0.0,,0.49,,Broad-leaved forest
51.316533,-2.350775,15.6,,2.5,,0.66,,Broad-leaved forest
51.316533,-2.350775,19.1,,0.0,,0.59,,Broad-leaved forest
51.738934,10.330238,22.4,,0.0,,-0.28,,Complex cultivation patterns
51.332599,-2.683187,15.3,,0.4,,0.75,,Pastures
51.316533,-2.350775,12.1,,0.0,,0.66,,"Land principally occupied by agriculture, with significant areas of natural vegetation"
51.771706,10.729308,21.5,,0.0,,0.4,,"Land principally occupied by agriculture, with significant areas of natural vegetation"
51.369379,-2.525716,15.0,,0.0,,0.63,,Broad-leaved forest
51.332599,-2.683187,18.3,,0.0,,0.73,,"Land principally occupied by agriculture, with significant areas of natural vegetation"
51.369379,-2.525716,20.8,,0.0,,0.65,,Broad-leaved forest
51.371749,-2.49773,16.7,,0.2,,0.13,,Non-irrigated arable land
51.369379,-2.525716,14.6,,2.6,,0.64,,"Land principally occupied by agriculture, with significant areas of natural vegetation"
51.369379,-2.525716,9.8,,0.0,,0.67,,"Land principally occupied by agriculture, with significant areas of natural vegetation"
51.377102,-2.823936,23.4,,0.0,,0.84,,Pastures
51.381085,-2.408744,24.5,,0.3,,0.69,,Broad-leaved forest
51.386436,4.45113,12.9,,0.8,,0.69,,Sport and leisure facilities
51.098635,7.214037,25.1,,1.9,,0.77,,"Land principally occupied by agriculture, with significant areas of natural vegetation"
51.375902,-2.342608,19.0,,0.0,,0.67,,Coniferous forest
51.377102,-2.823936,17.7,,0.0,,0.74,,"Land principally occupied by agriculture, with significant areas of natural vegetation"
51.805565,9.922564,12.6,,0.0,,0.63,,Broad-leaved forest
51.381085,-2.408744,21.0,,0.0,,0.74,,"Land principally occupied by agriculture, with significant areas of natural vegetation"
51.807621,7.245848,24.9,,0.0,,0.54,,Non-irrigated arable land
51.383879,-2.752208,14.8,,0.2,,0.75,,"Land principally occupied by agriculture, with significant areas of natural vegetation"
51.383879,-2.752208,11.2,,0.0,,0.75,,"Land principally occupied by agriculture, with significant areas of natural vegetation"
51.383879,-2.752208,15.3,,0.0,,0.77,,"Land principally occupied by agriculture, with significant areas of natural vegetation"
51.404267,-2.727384,11.1,,1.9,,0.63,,Broad-leaved forest
51.818378,7.178192,22.3,,1.4,,0.37,,"Land principally occupied by agriculture, with significant areas of natural vegetation"
51.407159,-2.302946,21.2,,0.0,,0.77,,Pastures
51.389487,15.576265,16.5,,0.2,,0.77,,Broad-leaved forest
49.51384,2.65492,15.4,,0.8,,0.45,,Non-irrigated arable land
51.397309,-2.761053,12.0,,0.0,,0.71,,"Land principally occupied by agriculture, with significant areas of natural vegetation"
49.51384,2.65492,15.2,,0.1,,0.45,,Non-irrigated arable land
51.404267,-2.727384,15.4,,0.0,,0.68,,"Land principally occupied by agriculture, with significant areas of natural vegetation"
49.51415,2.79295,24.6,,0.0,,0.66,,"Land principally occupied by agriculture, with significant areas of natural vegetation"
49.51415,2.79295,24.2,,0.0,,0.66,,"Land principally occupied by agriculture, with significant areas of natural vegetation"
51.406555,-2.72095,17.0,,0.0,,0.71,,"Land principally occupied by agriculture, with significant areas of natural vegetation"
51.407159,-2.302946,14.2,,0.5,,0.72,,"Land principally occupied by agriculture, with significant areas of natural vegetation"
51.409579,-2.808704,22.7,,0.0,,0.72,,Broad-leaved forest
51.409579,-2.808704,19.1,,0.9,,0.72,,"Land principally occupied by agriculture, with significant areas of natural vegetation"
51.821192,9.37448,12.1,,0.4,,0.77,,"Land principally occupied by agriculture, with significant areas of natural vegetation"
51.411559,15.398638,14.9,,0.2,,0.7,,"Land principally occupied by agriculture, with significant areas of natural vegetation"
51.417659,-2.485286,13.1,,0.0,,0.55,,Broad-leaved forest
51.821297,7.143517,27.3,,0.0,,0.42,,Non-irrigated arable land
51.417659,-2.485286,17.3,,0.0,,0.55,,"Land principally occupied by agriculture, with significant areas of natural vegetation"
51.438347,-2.66678,19.7,,0.5,,0.73,,Broad-leaved forest
51.437203,-9.503528,19.9,,0.6,,0.73,,Broad-leaved forest
51.438347,-2.66678,20.7,,0.0,,0.68,,"Land principally occupied by agriculture, with significant areas of natural vegetation"
51.441266,-2.547548,14.3,,1.0,,0.61,,Green urban areas
51.440894,15.590039,16.6,,0.2,,0.71,,"Land principally occupied by agriculture, with significant areas of natural vegetation"
51.441266,-2.547548,11.3,,0.8,,0.58,,"Land principally occupied by agriculture, with significant areas of natural vegetation"
51.441646,-2.717187,24.9,,0.0,,0.69,,Sport and leisure facilities
51.446231,-2.531635,18.7,,0.0,,0.78,,Broad-leaved forest
51.442016,-2.653885,11.3,,0.0,,0.67,,"Land principally occupied by agriculture, with significant areas of natural vegetation"
51.446231,-2.531635,25.1,,0.4,,0.76,,"Land principally occupied by agriculture, with significant areas of natural vegetation"
51.44643,-2.668337,22.2,,0.0,,0.72,,Broad-leaved forest
51.448308,-2.799315,15.7,,0.0,,0.67,,Broad-leaved forest
51.454372,-2.694359,17.2,,0.0,,0.8,,Pastures
51.451805,-2.813767,20.0,,0.9,,0.68,,"Land principally occupied by agriculture, with significant areas of natural vegetation"
51.454532,-2.809498,14.3,,0.0,,0.53,,Pastures
51.454532,-2.809498,12.6,,0.0,,0.57,,"Land principally occupied by agriculture, with significant areas of natural vegetation"
51.455582,-2.639686,17.6,,0.4,,0.83,,Broad-leaved forest
51.454714,-2.633917,11.1,,0.2,,0.57,,Broad-leaved forest
51.455582,-2.639686,15.8,,1.8,,0.62,,"Land principally occupied by agriculture, with significant areas of natural vegetation"
51.455582,-2.639686,19.3,,0.9,,0.85,,"Land principally occupied by agriculture, with significant areas of natural vegetation"
51.456102,-2.536067,12.1,,0.1,,0.65,,Pastures
51.456505,-2.635381,15.9,,0.5,,0.85,,Broad-leaved forest
51.456512,-2.633942,20.5,,0.5,,0.81,,Broad-leaved forest
51.457543,-2.828982,17.9,,2.8,,0.6,,Pastures
51.457543,-2.828982,16.0,,1.6,,0.72,,"Land principally occupied by agriculture, with significant areas of natural vegetation"
51.457543,-2.828982,10.3,,1.4,,0.7,,Pastures
51.465076,-2.736397,10.1,,0.0,,0.6,,Broad-leaved forest
51.457987,-2.82971,15.6,,0.0,,0.68,,"Land principally occupied by agriculture, with significant areas of natural vegetation"
51.457987,-2.82971,18.0,,0.0,,0.69,,Broad-leaved forest
51.465076,-2.736397,17.4,,0.0,,0.65,,"Land principally occupied by agriculture, with significant areas of natural vegetation"
51.467175,-2.657123,13.9,,0.2,,0.68,,Broad-leaved forest
51.467175,-2.657123,13.1,,0.0,,0.68,,"Land principally occupied by agriculture, with significant areas of natural vegetation"
51.467198,-2.798205,15.9,,0.0,,0.68,,Broad-leaved forest
51.468224,-2.629785,12.5,,0.0,,0.62,,Broad-leaved forest
51.468224,-2.629785,16.8,,0.0,,0.66,,"Land principally occupied by agriculture, with significant areas of natural vegetation"
51.468224,-2.629785,16.2,,1.5,,0.66,,Broad-leaved forest
51.468224,-2.629785,12.8,,0.0,,0.55,,"Land principally occupied by agriculture, with significant areas of natural vegetation"
51.468224,-2.629785,13.8,,0.0,,0.62,,Broad-leaved forest
51.468224,-2.629785,13.8,,0.2,,0.52,,Broad-leaved forest
51.468224,-2.629785,14.1,,1.4,,0.81,,Broad-leaved forest
51.469123,-2.629798,16.8,,0.0,,0.65,,Green urban areas
51.469123,-2.629798,14.4,,0.3,,0.63,,Green urban areas
51.469131,-2.628358,17.6,,2.8,,0.64,,Pastures
51.469131,-2.628358,19.0,,0.9,,0.74,,"Land principally occupied by agriculture, with significant areas of natural vegetation"
51.471781,-2.785328,15.3,,1.9,,0.7,,Broad-leaved forest
51.470327,-2.732033,19.3,,0.8,,0.78,,Pastures
51.470354,-2.727715,14.4,,0.0,,0.75,,Broad-leaved forest
51.477144,-2.642868,17.1,,0.0,,0.71,,Pastures
51.475822,-2.786117,9.7,,0.0,,0.65,,Pastures
51.477144,-2.642868,13.1,,1.6,,0.72,,"Land principally occupied by agriculture, with significant areas of natural vegetation"
51.478211,-2.620059,22.2,,0.0,,0.79,,Green urban areas
51.478211,-2.620059,14.2,,0.0,,0.73,,"Land principally occupied by agriculture, with significant areas of natural vegetation"
51.844543,12.286482,9.9,,0.7,,0.56,,Sport and leisure facilities
51.844543,12.286482,12.5,,0.1,,0.56,,Sport and leisure facilities
51.485094,-2.743071,11.8,,0.0,,0.74,,Pastures
51.485094,-2.743071,17.4,,0.0,,0.74,,"Land principally occupied by agriculture, with significant areas of natural vegetation"
51.502374,-2.633138,14.7,,0.0,,0.43,,Broad-leaved forest
51.490389,15.370182,15.2,,0.0,,0.72,,"Land principally occupied by agriculture, with significant areas of natural vegetation"
51.493511,-2.762654,15.2,,0.0,,0.71,,Broad-leaved forest
51.502374,-2.633138,12.9,,0.0,,0.48,,"Land principally occupied by agriculture, with significant areas of natural vegetation"
51.503672,-2.642521,11.5,,0.3,,0.68,,Pastures
51.503672,-2.642521,11.6,,0.3,,0.8,,Sport and leisure facilities
51.50944,-2.656291,16.8,,0.9,,0.77,,Pastures
51.844543,12.286482,20.2,,0.0,,0.7,,Sport and leisure facilities
51.508533,-2.657718,19.0,,0.9,,0.75,,Pastures
51.50944,-2.656291,17.8,,0.0,,0.71,,"Land principally occupied by agriculture, with significant areas of natural vegetation"
51.528706,15.369843,15.4,,0.5,,0.76,,"Land principally occupied by agriculture, with significant areas of natural vegetation"
51.899379,10.916379,21.6,,1.5,,0.75,,Non-irrigated arable land
51.527975,15.376183,15.4,,0.5,,0.76,,Broad-leaved forest
51.528709,-2.613134,13.8,,0.4,,0.61,,Sport and leisure facilities
51.528709,-2.613134,15.8,,0.0,,0.69,,"Land principally occupied by agriculture, with significant areas of natural vegetation"
51.528709,-2.613134,20.0,,0.0,,0.61,,Sport and leisure facilities
51.530799,-2.61407,19.4,,0.2,,0.64,,Green urban areas
51.530799,-2.61407,19.1,,0.0,,0.77,,"Land principally occupied by agriculture, with significant areas of natural vegetation"
51.530799,-2.61407,18.9,,0.0,,0.77,,"Land principally occupied by agriculture, with significant areas of natural vegetation"
51.530799,-2.61407,12.8,,0.0,,0.62,,Sport and leisure facilities
51.530799,-2.61407,19.7,,0.0,,0.64,,Green urban areas
51.531969,-2.61214,9.7,,0.0,,0.87,,Broad-leaved forest
51.531252,-2.613356,12.8,,0.0,,0.62,,Sport and leisure facilities
51.531969,-2.61214,21.2,,0.4,,0.85,,"Land principally occupied by agriculture, with significant areas of natural vegetation"
51.410771,10.482845,12.2,,1.2,,0.5,,"Land principally occupied by agriculture, with significant areas of natural vegetation"
49.470913,6.400394,15.6,,0.0,,0.62,,"Land principally occupied by agriculture, with significant areas of natural vegetation"
51.924561,10.494473,18.1,,0.2,,0.39,,Broad-leaved forest
51.924561,10.494473,13.8,,0.1,,0.39,,Industrial or commercial units
51.924561,10.494473,17.5,,0.1,,0.27,,"Land principally occupied by agriculture, with significant areas of natural vegetation"
51.924561,10.494473,13.6,,0.0,,0.34,,Broad-leaved forest
51.930058,7.97159,21.3,,0.4,,0.63,,Green urban areas
51.554082,-3.515873,17.4,,1.7,,0.56,,Broad-leaved forest
51.930058,7.97159,38.3,,0.0,,0.63,,Green urban areas
51.946671,10.510912,17.8,,0.1,,0.61,,"Land principally occupied by agriculture, with significant areas of natural vegetation"
51.946671,10.510912,24.3,,0.0,,0.63,,"Land principally occupied by agriculture, with significant areas of natural vegetation"
51.949608,10.526533,13.6,,0.3,,0.65,,Broad-leaved forest
53.95639,10.693645,16.3,,0.1,,0.68,,Pastures
49.698727,8.371582,15.7,,2.5,,0.66,,"Land principally occupied by agriculture, with significant areas of natural vegetation"
51.585317,-2.371605,11.2,,0.0,,0.62,,Broad-leaved forest
51.579779,5.059911,17.2,,0.0,,0.42,,"Land principally occupied by agriculture, with significant areas of natural vegetation"
51.966045,7.177238,27.0,,0.0,,0.68,,Broad-leaved forest
51.996395,9.85709,10.1,,0.2,,0.6,,Complex cultivation patterns
52.00108,9.85074,11.5,,0.2,,0.58,,"Land principally occupied by agriculture, with significant areas of natural vegetation"
52.002811,9.860173,18.3,,0.0,,0.5,,Moors and heathland
52.003853,9.681276,18.8,,0.6,,0.69,,"Land principally occupied by agriculture, with significant areas of natural vegetation"
51.594764,-2.369517,12.5,,0.0,,0.57,,Broad-leaved forest
51.594764,-2.369517,16.5,,0.2,,0.62,,"Land principally occupied by agriculture, with significant areas of natural vegetation"
51.594764,-2.369517,18.3,,1.1,,0.49,,"Land principally occupied by agriculture, with significant areas of natural vegetation"
51.594764,-2.369517,16.9,,0.8,,0.57,,Broad-leaved forest
52.005257,9.871162,21.1,,0.1,,0.77,,"Land principally occupied by agriculture, with significant areas of natural vegetation"
52.006542,9.871014,21.6,,0.0,,0.63,,Pastures
52.009716,6.949368,17.9,,0.0,,0.63,,Transitional woodland-shrub
52.023422,9.894935,16.6,,0.2,,0.59,,"Land principally occupied by agriculture, with significant areas of natural vegetation"
52.040375,8.477068,14.5,,0.0,,0.5,,Complex cultivation patterns
52.040375,8.477068,20.8,,0.0,,0.49,,Industrial or commercial units
52.046314,6.6996,25.2,,0.8,,0.48,,Water bodies
52.050488,8.48205,20.0,,0.0,,0.69,,Broad-leaved forest
52.075497,8.498955,20.9,,0.4,,0.8,,Green urban areas
52.08403,9.792646,17.6,,0.3,,0.61,,Sport and leisure facilities
52.08403,9.792646,2.0,,0.2,,0.71,,Sport and leisure facilities
52.108166,10.380921,6.3,,0.4,,0.27,,Water bodies
51.627777,5.136111,19.1,,0.1,,0.73,,Broad-leaved forest
52.117092,10.537254,19.2,,0.2,,0.55,,Non-irrigated arable land
52.128483,11.040916,17.0,,0.8,,0.54,,Complex cultivation patterns
52.247982,8.300699,21.9,,0.0,,0.79,,Broad-leaved forest
52.259491,10.603609,12.8,,1.2,,0.6,,Moors and heathland
52.267422,10.556145,23.4,,3.4,,0.62,,Broad-leaved forest
52.268997,8.888903,11.1,,1.2,,0.57,,Green urban areas
52.273624,13.789871,22.5,,0.0,,0.56,,"Land principally occupied by agriculture, with significant areas of natural vegetation"
52.286061,7.789564,11.5,,0.2,,0.69,,Mixed forest
52.372958,9.539078,28.9,,0.0,,0.7,,Non-irrigated arable land
52.376915,12.027731,25.1,,0.0,,0.78,,Broad-leaved forest
52.383274,8.24245,18.0,,0.1,,0.51,,Pastures
52.383823,8.241827,19.8,,0.0,,0.69,,"Land principally occupied by agriculture, with significant areas of natural vegetation"
52.385048,13.060895,22.0,,0.0,,0.58,,Broad-leaved forest
52.389954,9.788303,29.4,,1.4,,0.74,,Mixed forest
52.397846,13.009199,14.4,,0.2,,0.64,,Broad-leaved forest
52.398361,12.88441,27.5,,0.0,,0.64,,Transitional woodland-shrub
52.403046,13.533182,28.9,,0.0,,0.52,,Non-irrigated arable land
52.406277,13.02016,9.6,,0.0,,0.64,,Water bodies
52.414906,12.712641,21.8,,1.4,,0.5,,Broad-leaved forest
48.924023,9.414854,21.8,,0.0,,0.85,,"Land principally occupied by agriculture, with significant areas of natural vegetation"
52.43211,9.771983,20.0,,0.0,,0.73,,Broad-leaved forest
52.441257,10.470142,32.0,,0.4,,0.72,,Pastures
52.449051,9.624903,-0.4,,0.0,,0.7,,"Land principally occupied by agriculture, with significant areas of natural vegetation"
52.449574,13.395709,22.4,,0.4,,0.72,,Green urban areas
52.455067,10.568333,18.1,,1.5,,0.82,,Coniferous forest
52.468719,13.552397,22.5,,0.0,,0.53,,Green urban areas
51.69331,3.700762,15.7,,0.0,,0.55,,Broad-leaved forest
52.483856,10.501788,25.5,,0.0,,0.73,,Coniferous forest
52.501502,13.246237,18.4,,0.0,,0.53,,Broad-leaved forest
52.52924,9.475308,19.3,,0.0,,0.6,,Broad-leaved forest
52.52924,9.475308,19.0,,1.4,,0.6,,Mixed forest
52.53063,13.317144,24.2,,1.8,,0.3,,Broad-leaved forest
53.899887,10.746485,9.3,,0.0,,0.57,,"Land principally occupied by agriculture, with significant areas of natural vegetation"
52.537945,10.151367,20.0,,0.6,,0.62,,Discontinuous urban fabric
49.820137,8.460553,20.7,,2.1,,0.54,,"Land principally occupied by agriculture, with significant areas of natural vegetation"
52.551403,13.557078,23.4,,0.9,,0.5,,Green urban areas
51.863143,-5.336796,14.6,,0.0,,0.62,,Broad-leaved forest
52.562237,10.195098,16.3,,0.0,,0.65,,Water bodies
52.562237,10.195098,25.8,,0.0,,0.16,,Water bodies
52.599762,13.388386,19.4,,0.0,,0.58,,Sport and leisure facilities
52.628002,9.38349,16.1,,0.0,,0.62,,Broad-leaved forest
52.633518,13.485847,15.6,,0.6,,0.46,,Broad-leaved forest
52.796089,10.09904,21.7,,0.3,,0.5,,"Land principally occupied by agriculture, with significant areas of natural vegetation"
53.201233,9.200271,17.0,,0.0,,0.67,,"Land principally occupied by agriculture, with significant areas of natural vegetation"
51.944119,-0.118756,20.9,,0.0,,0.66,,Green urban areas
52.654991,13.383948,20.2,,0.1,,0.53,,"Land principally occupied by agriculture, with significant areas of natural vegetation"
52.657253,8.140162,23.0,,0.0,,0.64,,"Land principally occupied by agriculture, with significant areas of natural vegetation"
52.790771,-4.74505,11.5,,0.0,,0.79,,Pastures
52.71476,13.445221,29.5,,0.0,,0.52,,Continuous urban fabric
52.745178,10.081652,20.5,,0.3,,0.84,,Coniferous forest
52.790771,-4.74505,15.8,,0.0,,0.86,,Pastures
52.776443,10.268269,17.2,,0.0,,0.6,,Broad-leaved forest
52.790771,-4.74505,16.5,,0.0,,0.86,,Pastures
52.790771,-4.74505,16.6,,0.0,,0.86,,Pastures
50.892559,11.63877,20.3,,0.0,,0.69,,"Land principally occupied by agriculture, with significant areas of natural vegetation"
52.826054,11.373596,27.9,,0.0,,0.69,,Non-irrigated arable land
52.869129,11.715546,17.1,,0.0,,0.85,,"Land principally occupied by agriculture, with significant areas of natural vegetation"
52.890781,13.424349,29.0,,1.4,,0.63,,Broad-leaved forest
52.013359,-9.501179,12.7,,1.2,,0.77,,Broad-leaved forest
52.913818,14.010665,23.8,,0.0,,0.69,,"Land principally occupied by agriculture, with significant areas of natural vegetation"
51.098635,7.214037,24.8,,2.1,,0.77,,"Land principally occupied by agriculture, with significant areas of natural vegetation"
52.953949,10.561718,19.8,,0.9,,0.63,,Complex cultivation patterns
49.379356,8.494835,14.3,,0.0,,0.65,,"Land principally occupied by agriculture, with significant areas of natural vegetation"
52.969734,10.540266,19.2,,0.0,,0.62,,Sport and leisure facilities
53.126328,12.539778,21.7,,1.7,,0.48,,"Land principally occupied by agriculture, with significant areas of natural vegetation"
52.098234,-3.096286,9.8,,0.4,,0.75,,Pastures
52.098396,5.926616,17.4,,0.6,,0.79,,Coniferous forest
53.127384,12.540293,22.0,,0.2,,0.46,,Non-irrigated arable land
53.131512,13.118318,25.3,,1.4,,0.68,,Mixed forest
53.134113,13.11672,20.7,,0.0,,0.76,,Broad-leaved forest
52.25,4.45,20.9,,0.3,,0.4,,Non-irrigated arable land
51.368862,7.154917,16.8,,0.0,,0.76,,"Land principally occupied by agriculture, with significant areas of natural vegetation"
48.492023,12.944847,21.8,,1.6,,0.69,,Mixed forest
52.315718,15.750745,26.0,,0.0,,0.54,,Discontinuous urban fabric
51.359669,9.054623,29.8,,4.2,,-0.42,,Non-irrigated arable land
52.375509,18.317199,26.9,,0.2,,0.64,,Coniferous forest
52.376728,-3.521857,8.2,,0.0,,0.81,,Pastures
53.201233,9.200271,23.9,,0.3,,0.63,,Broad-leaved forest
53.201233,9.200271,18.3,,0.2,,0.63,,Broad-leaved forest
53.347132,12.823786,22.4,,0.0,,0.68,,"Land principally occupied by agriculture, with significant areas of natural vegetation"
48.492023,12.944847,12.1,,0.0,,0.7,,"Land principally occupied by agriculture, with significant areas of natural vegetation"
53.222416,10.415867,24.2,,0.0,,0.62,,Sport and leisure facilities
53.223129,10.414776,11.0,,0.3,,0.64,,Broad-leaved forest
50.916023,10.22192,23.9,,1.9,,0.73,,Broad-leaved forest
53.279995,13.792305,17.8,,0.0,,0.71,,Industrial or commercial units
53.334717,8.631477,11.2,,1.0,,0.58,,"Land principally occupied by agriculture, with significant areas of natural vegetation"
52.521055,-1.219583,20.0,,0.0,,0.4,,"Land principally occupied by agriculture, with significant areas of natural vegetation"
50.416176,8.227386,26.2,,0.0,,0.57,,"Land principally occupied by agriculture, with significant areas of natural vegetation"
53.357704,13.076214,21.5,,1.3,,0.52,,Industrial or commercial units
48.492023,12.944847,13.7,,1.4,,0.65,,Mixed forest
53.514084,10.280886,22.8,,0.0,,0.6,,Complex cultivation patterns
53.533779,8.714561,15.6,,1.6,,0.81,,Complex cultivation patterns
52.521055,-1.219583,17.7,,2.5,,0.36,,Discontinuous urban fabric
53.533779,8.714561,21.7,,1.1,,0.81,,Complex cultivation patterns
48.492023,12.944847,24.6,,0.0,,0.72,,"Land principally occupied by agriculture, with significant areas of natural vegetation"
53.533779,8.714561,25.6,,0.1,,0.54,,Broad-leaved forest
52.62832,-3.848247,15.1,,0.4,,0.68,,"Land principally occupied by agriculture, with significant areas of natural vegetation"
53.533779,8.714561,21.2,,0.0,,0.6,,Pastures
48.492023,12.944847,23.9,,0.1,,0.65,,"Land principally occupied by agriculture, with significant areas of natural vegetation"
53.605087,11.450071,23.2,,4.9,,0.44,,Non-irrigated arable land
53.606205,11.529465,18.2,,0.7,,0.69,,Broad-leaved forest
53.612663,11.124331,20.1,,3.3,,0.7,,Pastures
52.669213,-1.338207,19.2,,0.8,,0.76,,Mixed forest
52.602886,6.667011,28.4,,0.3,,0.59,,Green urban areas
52.676119,-1.217562,22.0,,0.4,,0.69,,"Land principally occupied by agriculture, with significant areas of natural vegetation"
52.676119,-1.217562,17.0,,0.3,,0.69,,"Land principally occupied by agriculture, with significant areas of natural vegetation"
52.676841,-1.335874,21.2,,0.0,,0.42,,Pastures
52.62832,-3.848247,14.3,,0.3,,0.76,,Coniferous forest
52.694097,-1.217241,19.9,,0.1,,0.42,,Broad-leaved forest
53.620464,8.708725,19.8,,0.0,,0.61,,Coniferous forest
52.669213,-1.338207,26.0,,0.0,,0.43,,Non-irrigated arable land
53.621967,12.303334,20.5,,0.0,,0.67,,Non-irrigated arable land
52.676841,-1.335874,26.0,,0.0,,0.81,,Non-irrigated arable land
53.623875,11.28768,20.2,,0.0,,0.85,,Transitional woodland-shrub
52.790464,-4.099827,18.9,,0.1,,0.88,,Pastures
52.790464,-4.099827,16.4,,2.1,,0.75,,Pastures
52.790464,-4.099827,10.1,,0.6,,0.75,,Pastures
52.829708,4.70138,10.4,,0.0,,0.43,,Industrial or commercial units
53.652168,8.779964,20.4,,0.2,,0.71,,Non-irrigated arable land
53.667103,10.093496,27.7,,0.4,,0.58,,Pastures
53.669979,8.67669,26.8,,0.0,,0.61,,"Land principally occupied by agriculture, with significant areas of natural vegetation"
53.687271,10.007769,14.0,,0.0,,0.71,,Sport and leisure facilities
57.6132,-5.3087,11.3,,0.2,,0.53,,Green urban areas
52.997052,-3.118921,5.0,,0.7,,0.69,,Pastures
57.6132,-5.3087,13.9,,0.4,,0.53,,Green urban areas
57.6132,-5.3087,10.7,,0.3,,0.53,,Green urban areas
57.6132,-5.3087,15.5,,0.0,,0.53,,Green urban areas
53.115474,-9.680901,19.6,,0.9,,0.81,,Pastures
53.115474,-9.680901,22.0,,0.1,,0.81,,Broad-leaved forest
53.123597,-9.740974,22.0,,0.1,,0.74,,Pastures
53.124665,-9.666321,22.0,,0.1,,0.76,,Broad-leaved forest
53.124665,-9.666321,19.6,,0.9,,0.76,,Pastures
53.005565,4.786748,27.3,,0.0,,0.47,,Discontinuous urban fabric
53.132359,-9.75627,19.7,,0.2,,0.84,,Green urban areas
53.023052,-9.300216,19.9,,0.0,,0.74,,Pastures
53.68898,9.517937,18.3,,0.4,,0.75,,Complex cultivation patterns
53.079802,-3.718235,22.1,,0.2,,0.8,,Pastures
53.68898,9.517937,19.4,,0.0,,0.56,,Pastures
53.68898,9.517937,19.1,,0.0,,0.57,,Broad-leaved forest
53.68898,9.517937,19.9,,0.0,,0.66,,"Land principally occupied by agriculture, with significant areas of natural vegetation"
53.193712,-4.099279,17.0,,0.1,,0.79,,Sport and leisure facilities
53.68898,9.517937,21.2,,0.0,,0.59,,Complex cultivation patterns
53.689999,8.740654,21.1,,0.0,,0.72,,"Land principally occupied by agriculture, with significant areas of natural vegetation"
53.353319,-3.42872,16.8,,0.8,,-0.39,,"Land principally occupied by agriculture, with significant areas of natural vegetation"
53.193712,-4.099279,20.5,,0.0,,0.75,,Pastures
53.193712,-4.099279,16.9,,1.9,,0.75,,Pastures
53.705654,8.697504,20.2,,0.1,,0.66,,Transitional woodland-shrub
53.705654,8.697504,19.3,,0.0,,0.7,,Green urban areas
53.705654,8.697504,15.3,,0.1,,0.73,,Green urban areas
53.705734,8.697856,16.7,,0.2,,0.65,,Green urban areas
53.492963,-1.112927,15.0,,0.8,,0.54,,Broad-leaved forest
53.705738,8.697829,19.0,,0.0,,0.69,,Green urban areas
53.705906,8.697858,20.0,,0.2,,0.43,,Discontinuous urban fabric
53.705971,8.697787,22.0,,0.0,,0.64,,Discontinuous urban fabric
53.672194,21.988833,20.6,,0.2,,0.5,,"Land principally occupied by agriculture, with significant areas of natural vegetation"
53.706062,8.697779,19.4,,0.2,,0.51,,Discontinuous urban fabric
53.706139,8.697878,20.8,,0.0,,0.43,,Discontinuous urban fabric
53.715389,12.198471,14.9,,1.5,,0.65,,Broad-leaved forest
53.749496,12.24864,13.0,,0.0,,0.66,,Broad-leaved forest
53.750664,12.195168,30.1,,0.0,,0.67,,Non-irrigated arable land
53.762665,12.120495,26.8,,1.4,,0.62,,Pastures
53.770325,12.1768,11.5,,0.7,,0.46,,Pastures
53.785542,10.992937,5.3,,0.6,,0.66,,Pastures
48.492023,12.944847,8.8,,1.9,,0.68,,"Land principally occupied by agriculture, with significant areas of natural vegetation"
48.492023,12.944847,10.2,,0.3,,0.69,,Mixed forest
53.706889,22.081333,20.7,,0.2,,0.69,,Broad-leaved forest
53.843918,10.914574,19.4,,0.0,,0.53,,"Land principally occupied by agriculture, with significant areas of natural vegetation"
53.882465,10.716423,24.3,,4.3,,0.61,,Sport and leisure facilities
53.882465,10.716423,27.6,,6.1,,0.61,,Sport and leisure facilities
53.886356,10.812349,9.4,,0.5,,0.61,,Water bodies
50.940853,10.740294,24.7,,1.7,,0.72,,Industrial or commercial units
53.770389,22.091889,23.3,,0.0,,0.83,,Broad-leaved forest
53.771639,22.104611,23.3,,0.0,,0.64,,Coniferous forest
53.773294,21.858698,23.1,,0.1,,0.51,,Non-irrigated arable land
53.773294,21.858698,9.5,,0.0,,0.51,,Non-irrigated arable land
53.775914,22.134215,23.5,,0.0,,0.69,,"Land principally occupied by agriculture, with significant areas of natural vegetation"
53.778964,22.141632,20.5,,0.3,,0.59,,"Land principally occupied by agriculture, with significant areas of natural vegetation"
49.385021,7.458614,13.1,,0.0,,0.58,,"Land principally occupied by agriculture, with significant areas of natural vegetation"
53.899887,10.746485,11.2,,0.5,,0.54,,Pastures
53.899887,10.746485,16.6,,0.2,,0.66,,Green urban areas
53.904415,10.721283,23.5,,0.0,,0.49,,"Land principally occupied by agriculture, with significant areas of natural vegetation"
48.492023,12.944847,23.9,,0.2,,0.69,,Pastures
53.954773,10.740037,20.8,,0.0,,0.15,,Water bodies
48.492023,12.944847,31.3,,0.0,,0.65,,Non-irrigated arable land
53.98201,10.806427,17.2,,0.9,,0.56,,"Land principally occupied by agriculture, with significant areas of natural vegetation"
53.98201,10.806427,18.5,,0.2,,0.67,,Green urban areas
53.98201,10.806427,8.5,,0.0,,0.67,,Pastures
53.98201,10.806427,20.5,,3.6,,0.61,,Broad-leaved forest
53.985924,10.826854,8.6,,0.1,,0.59,,Broad-leaved forest
54.133881,13.29114,15.1,,0.3,,0.63,,"Land principally occupied by agriculture, with significant areas of natural vegetation"
54.354706,8.828716,15.9,,0.0,,0.87,,Broad-leaved forest
54.374851,9.31095,22.7,,0.2,,0.58,,Broad-leaved forest
54.423378,13.539851,9.4,,0.1,,0.33,,Water bodies
54.441196,9.855276,24.1,,3.3,,-0.31,,Broad-leaved forest
53.93006,-2.75397,20.3,,0.6,,0.75,,Pastures
54.542122,9.263363,13.5,,0.0,,0.45,,Complex cultivation patterns
54.568989,13.620278,14.2,,0.0,,0.25,,Broad-leaved forest
54.150276,-2.782333,10.6,,0.0,,0.52,,Broad-leaved forest
54.692585,9.623551,15.5,,0.0,,0.58,,Broad-leaved forest
54.150276,-2.782333,7.8,,0.0,,0.52,,Broad-leaved forest
48.492023,12.944847,21.7,,1.0,,0.72,,"Land principally occupied by agriculture, with significant areas of natural vegetation"
54.150276,-2.782333,10.4,,0.0,,0.52,,Broad-leaved forest
54.150276,-2.782333,9.1,,0.0,,0.52,,Broad-leaved forest
54.785641,9.924774,10.1,,0.0,,0.68,,Broad-leaved forest
54.925056,-5.965221,12.6,,0.3,,0.58,,Coniferous forest
54.932134,9.778635,12.6,,0.0,,0.69,,"Land principally occupied by agriculture, with significant areas of natural vegetation"
54.772009,25.281417,16.8,,0.0,,0.73,,"Land principally occupied by agriculture, with significant areas of natural vegetation"
55.218548,14.719062,15.6,,0.0,,0.71,,Green urban areas
54.822377,23.423086,28.0,,0.0,,0.79,,Broad-leaved forest
54.826175,23.434502,23.3,,3.5,,0.7,,Coniferous forest
55.47126,13.01553,9.3,,0.0,,0.58,,"Land principally occupied by agriculture, with significant areas of natural vegetation"
55.093881,15.108324,20.7,,5.6,,0.68,,Coniferous forest
55.369365,10.426788,14.8,,1.1,,0.55,,Industrial or commercial units
55.39088,-3.327099909,5.4,,1.8,,0.65,,Pastures
55.476856,9.574107,28.1,,0.0,,0.61,,Complex cultivation patterns
55.481696,9.302687,18.2,,0.2,,0.3,,Discontinuous urban fabric
55.484059,9.281835,20.1,,0.6,,0.47,,Discontinuous urban fabric
55.48417,9.416598,18.9,,0.1,,0.62,,"Land principally occupied by agriculture, with significant areas of natural vegetation"
55.59628,12.95944,14.0,,0.0,,0.5,,"Land principally occupied by agriculture, with significant areas of natural vegetation"
55.487964,9.300473,18.1,,0.0,,0.72,,Green urban areas
55.488124,9.302023,14.1,,0.1,,0.6,,"Land principally occupied by agriculture, with significant areas of natural vegetation"
55.59231,13.90501,19.6,,0.1,,0.47,,Pastures
55.64624,13.54292,10.5,,0.0,,0.72,,Coniferous forest
55.65408,14.27079,20.3,,0.1,,0.77,,Broad-leaved forest
55.65572,13.07311,19.6,,0.0,,0.71,,Broad-leaved forest
55.65578,14.26876,17.9,,2.7,,0.74,,Broad-leaved forest
55.65605,14.26899,19.4,,0.0,,0.67,,"Land principally occupied by agriculture, with significant areas of natural vegetation"
55.65897,13.79213,7.8,,0.2,,0.59,,Broad-leaved forest
55.65995,14.27573,20.2,,0.1,,0.62,,Broad-leaved forest
55.66309,14.27352,19.9,,0.1,,0.7,,Broad-leaved forest
55.66794,13.62798,13.6,,0.0,,0.7,,Pastures
55.668297,8.14708,21.7,,0.0,,0.64,,Natural grasslands
55.67331,13.91973,22.0,,0.0,,0.78,,Broad-leaved forest
55.67548,13.32958,19.9,,3.3,,0.78,,Broad-leaved forest
55.67715,13.3275,17.6,,0.0,,0.62,,Broad-leaved forest
55.679,14.24874,17.2,,0.1,,0.83,,Broad-leaved forest
55.683171,9.858449,18.8,,0.0,,0.74,,Coniferous forest
55.69179,13.49545,8.5,,0.0,,0.63,,Broad-leaved forest
55.69751,13.23742,18.5,,0.4,,0.43,,Mineral extraction sites
55.71359,13.41629,19.6,,2.5,,0.56,,"Land principally occupied by agriculture, with significant areas of natural vegetation"
55.713023,9.685917,17.7,,1.1,,0.45,,Discontinuous urban fabric
55.7571,13.01414,18.4,,1.7,,0.61,,Green urban areas
55.7571,13.01414,28.4,,2.0,,0.61,,Green urban areas
55.713183,9.68425,18.4,,0.2,,0.51,,Discontinuous urban fabric
55.76437,14.09498,15.5,,0.4,,0.86,,Broad-leaved forest
55.71343,9.684768,16.5,,0.1,,0.55,,Green urban areas
55.71368,13.20812,19.9,,0.0,,0.57,,Green urban areas
55.77811,14.17456,20.2,,0.4,,0.81,,Broad-leaved forest
55.78113,14.17191,17.1,,3.0,,0.86,,Broad-leaved forest
55.76219,14.15796,16.8,,2.6,,0.84,,Broad-leaved forest
55.82048,14.0824,22.1,,0.2,,0.82,,Broad-leaved forest
55.76585,14.12564,8.0,,0.7,,0.59,,Broad-leaved forest
55.77604,14.11762,22.0,,0.0,,0.07,,"Land principally occupied by agriculture, with significant areas of natural vegetation"
55.80714,12.94379,25.3,,0.4,,0.72,,Coniferous forest
55.82285,13.02981,22.0,,1.9,,0.6,,"Land principally occupied by agriculture, with significant areas of natural vegetation"
55.922915,-5.621184,13.0,,0.5,,0.69,,Pastures
55.9283,14.0134,12.9,,1.9,,0.84,,Broad-leaved forest
55.846172,12.478355,22.6,,0.0,,0.75,,Broad-leaved forest
55.88876,13.37751,20.3,,0.0,,0.66,,"Land principally occupied by agriculture, with significant areas of natural vegetation"
55.88898,13.64035,21.3,,2.8,,0.48,,Non-irrigated arable land
55.95303,13.8485,27.0,,3.1,,0.74,,"Land principally occupied by agriculture, with significant areas of natural vegetation"
55.9618,13.3732,19.9,,0.1,,0.78,,"Land principally occupied by agriculture, with significant areas of natural vegetation"
55.95633,14.28579,26.6,,0.0,,0.66,,Coniferous forest
55.99072,12.753,17.2,,0.6,,0.72,,Water bodies
55.991536,-5.647306,9.5,,0.2,,0.72,,Broad-leaved forest
55.956612,11.869711,8.4,,0.6,,0.69,,Sport and leisure facilities
55.961389,9.383611,14.8,,0.2,,0.66,,Complex cultivation patterns
56.006309,-5.631207,9.8,,0.0,,0.62,,"Land principally occupied by agriculture, with significant areas of natural vegetation"
55.9618,13.3732,6.2,,0.6,,0.65,,"Land principally occupied by agriculture, with significant areas of natural vegetation"
55.991536,-5.647306,8.3,,0.0,,0.6,,Broad-leaved forest
56.02191,15.79662,10.0,,0.1,,0.54,,"Land principally occupied by agriculture, with significant areas of natural vegetation"
56.024481,-4.995583,10.1,,1.8,,0.64,,"Land principally occupied by agriculture, with significant areas of natural vegetation"
56.001808,9.941081,22.1,,0.7,,0.76,,Pastures
56.02667,14.45743,20.7,,0.0,,0.75,,"Land principally occupied by agriculture, with significant areas of natural vegetation"
56.006309,-5.631207,11.7,,0.0,,0.66,,Broad-leaved forest
56.04926,14.14534,17.9,,0.0,,0.62,,"Land principally occupied by agriculture, with significant areas of natural vegetation"
56.01749,13.40082,19.4,,0.6,,0.8,,Broad-leaved forest
56.074076,-3.305168,15.6,,0.2,,0.71,,"Land principally occupied by agriculture, with significant areas of natural vegetation"
56.024481,-4.995583,17.3,,0.0,,0.67,,Pastures
56.038108,9.897813,24.6,,0.0,,0.43,,Complex cultivation patterns
56.109957,-5.255132,9.3,,1.9,,0.6,,"Land principally occupied by agriculture, with significant areas of natural vegetation"
56.057299,-5.465353,13.1,,0.3,,0.78,,Broad-leaved forest
56.11483,13.55011,16.4,,0.2,,0.85,,"Land principally occupied by agriculture, with significant areas of natural vegetation"
56.134258,-5.042594,8.7,,0.0,,0.71,,"Land principally occupied by agriculture, with significant areas of natural vegetation"
56.134258,-5.042594,15.7,,0.5,,0.78,,Broad-leaved forest
56.137261,-5.605394,9.5,,0.0,,0.67,,Discontinuous urban fabric
56.094,8.269437,20.5,,0.8,,0.58,,Sport and leisure facilities
56.09947,15.86513,16.7,,0.0,,0.9,,Broad-leaved forest
56.1527,13.58755,9.5,,0.0,,0.69,,"Land principally occupied by agriculture, with significant areas of natural vegetation"
56.11076,13.52139,19.1,,0.6,,0.89,,Coniferous forest
56.15522,13.60102,22.5,,0.0,,0.64,,"Land principally occupied by agriculture, with significant areas of natural vegetation"
56.15522,13.60102,19.5,,1.2,,0.64,,"Land principally occupied by agriculture, with significant areas of natural vegetation"
56.15522,13.60102,8.6,,0.0,,0.62,,"Land principally occupied by agriculture, with significant areas of natural vegetation"
56.15522,13.60102,24.9,,0.9,,0.62,,"Land principally occupied by agriculture, with significant areas of natural vegetation"
56.137261,-5.605394,12.0,,1.2,,0.65,,Pastures
56.1583,15.01977,13.0,,0.2,,0.62,,"Land principally occupied by agriculture, with significant areas of natural vegetation"
56.16128,15.37842,20.6,,0.1,,0.61,,Pastures
56.16337,15.00587,17.0,,0.1,,0.63,,"Land principally occupied by agriculture, with significant areas of natural vegetation"
56.16554,14.99678,8.5,,0.0,,0.82,,"Land principally occupied by agriculture, with significant areas of natural vegetation"
56.14675,15.82504,16.4,,0.8,,0.66,,"Land principally occupied by agriculture, with significant areas of natural vegetation"
56.154822,9.398105,18.1,,0.1,,0.63,,"Land principally occupied by agriculture, with significant areas of natural vegetation"
56.15522,13.60102,1.4,,0.0,,0.69,,Complex cultivation patterns
56.17193,14.99228,17.8,,1.2,,0.09,,Pastures
56.16744,14.82697,9.9,,0.0,,0.61,,Broad-leaved forest
56.16888,14.28717,17.5,,1.2,,0.79,,"Land principally occupied by agriculture, with significant areas of natural vegetation"
56.168891,9.576535,21.9,,0.1,,0.59,,"Land principally occupied by agriculture, with significant areas of natural vegetation"
56.17702,13.56792,23.8,,0.0,,0.74,,Coniferous forest
56.18985,14.99038,18.5,,0.0,,0.27,,Water bodies
56.18513,12.90454,6.5,,0.0,,0.56,,Coniferous forest
56.194415,-3.038009,14.8,,0.0,,0.5,,Pastures
56.18701,12.55984,11.9,,0.0,,0.42,,"Land principally occupied by agriculture, with significant areas of natural vegetation"
56.19632,14.98322,17.7,,0.3,,0.6,,Broad-leaved forest
56.18885,15.6637,19.9,,0.0,,0.26,,Green urban areas
56.19281,12.84179,21.7,,0.9,,0.56,,Broad-leaved forest
56.194415,-3.038009,11.1,,0.1,,0.5,,Pastures
56.20479,15.30223,18.0,,1.0,,0.73,,Broad-leaved forest
56.214137,-5.693614,15.4,,0.1,,0.58,,Broad-leaved forest
56.20707,15.68005,18.1,,0.0,,0.77,,Broad-leaved forest
56.207582,-5.693306,10.0,,0.0,,0.63,,Moors and heathland
56.207582,-5.693306,19.8,,0.2,,0.61,,Moors and heathland
56.223471,10.585903,6.6,,0.2,,0.63,,Pastures
56.226736,10.590506,6.4,,0.2,,0.61,,Broad-leaved forest
56.227409,10.575145,13.6,,0.0,,0.65,,"Land principally occupied by agriculture, with significant areas of natural vegetation"
56.214137,-5.693614,19.8,,0.2,,0.64,,Moors and heathland
56.21461,12.55323,16.3,,0.9,,0.49,,"Land principally occupied by agriculture, with significant areas of natural vegetation"
56.230278,10.606944,21.2,,0.5,,0.52,,Green urban areas
56.24388,15.17682,22.8,,0.0,,0.7,,"Land principally occupied by agriculture, with significant areas of natural vegetation"
56.259445,-5.549689,14.1,,0.0,,0.69,,Pastures
56.234125,-4.280831,11.0,,1.9,,0.64,,Pastures
56.238922,-2.794357,9.4,,0.1,,0.65,,Sport and leisure facilities
56.238945,-2.794359,12.9,,0.0,,0.65,,Sport and leisure facilities
56.27639,16.49659,20.6,,1.0,,0.68,,"Land principally occupied by agriculture, with significant areas of natural vegetation"
56.259445,-5.549689,12.9,,0.4,,0.66,,Pastures
56.28032,15.69273,16.4,,3.1,,0.75,,Inland marshes
56.261897,-5.533115,10.3,,0.1,,0.63,,Broad-leaved forest
56.28196,15.69642,19.2,,0.5,,0.78,,"Land principally occupied by agriculture, with significant areas of natural vegetation"
56.28196,15.69642,17.2,,2.5,,0.78,,"Land principally occupied by agriculture, with significant areas of natural vegetation"
56.29032,16.29859,19.5,,0.5,,-0.43,,"Land principally occupied by agriculture, with significant areas of natural vegetation"
56.261897,-5.533115,5.4,,0.0,,0.76,,Broad-leaved forest
56.29136,12.47571,20.3,,0.0,,0.71,,Industrial or commercial units
56.29393,-5.439714,12.0,,1.3,,0.05,,"Land principally occupied by agriculture, with significant areas of natural vegetation"
56.27649,16.49775,19.1,,0.4,,0.58,,Complex cultivation patterns
56.28141,15.69078,17.0,,0.0,,0.7,,Broad-leaved forest
56.29062,12.48126,14.3,,0.3,,0.66,,Broad-leaved forest
56.31523,-3.792691,15.8,,0.1,,0.68,,"Land principally occupied by agriculture, with significant areas of natural vegetation"
56.299905,10.471369,17.5,,1.6,,0.48,,Discontinuous urban fabric
56.300114,10.471429,24.2,,0.0,,0.48,,Discontinuous urban fabric
56.329874,-5.504445,11.1,,0.0,,0.62,,Pastures
56.34382,16.49222,6.5,,0.1,,0.66,,"Land principally occupied by agriculture, with significant areas of natural vegetation"
56.316569,10.194068,9.1,,0.8,,0.59,,Non-irrigated arable land
56.36053,13.61193,8.8,,0.6,,0.56,,"Land principally occupied by agriculture, with significant areas of natural vegetation"
56.37162,16.53739,4.8,,0.3,,0.56,,"Land principally occupied by agriculture, with significant areas of natural vegetation"
56.37162,16.53739,4.0,,0.2,,0.56,,"Land principally occupied by agriculture, with significant areas of natural vegetation"
56.326001,9.881077,13.2,,1.6,,0.77,,Pastures
56.425278,-5.253334,10.0,,0.1,,0.64,,"Land principally occupied by agriculture, with significant areas of natural vegetation"
56.440772,-5.217657,14.2,,0.3,,0.71,,"Land principally occupied by agriculture, with significant areas of natural vegetation"
56.327769,-3.516369,20.8,,0.2,,0.63,,Broad-leaved forest
56.35897,16.41163,6.9,,1.2,,0.57,,Broad-leaved forest
56.47095,-6.142576,14.1,,0.0,,0.6,,Broad-leaved forest
56.39676,14.62991,26.3,,0.0,,0.76,,"Land principally occupied by agriculture, with significant areas of natural vegetation"
56.466709,-5.257204,13.0,,0.0,,0.63,,Broad-leaved forest
56.470516,-5.731501,15.0,,2.9,,0.65,,Coniferous forest
56.471886,-5.268855,17.3,,0.0,,0.63,,Moors and heathland
56.472221,8.329465,19.1,,0.0,,0.77,,Coniferous forest
56.476475,9.371657,22.7,,0.7,,0.72,,Broad-leaved forest
56.47669,15.92917,20.8,,0.8,,0.81,,Coniferous forest
56.503667,-4.229872,11.7,,0.0,,0.62,,"Land principally occupied by agriculture, with significant areas of natural vegetation"
56.477903,9.372761,22.7,,0.7,,0.6,,"Land principally occupied by agriculture, with significant areas of natural vegetation"
56.478192,9.373422,22.7,,0.7,,0.61,,"Land principally occupied by agriculture, with significant areas of natural vegetation"
56.548465,-5.448793,16.4,,4.3,,0.59,,"Land principally occupied by agriculture, with significant areas of natural vegetation"
56.49092,16.15601,21.6,,0.0,,0.85,,Broad-leaved forest
56.548882,-6.040062,15.8,,4.6,,0.77,,Broad-leaved forest
56.518084,-4.252665,19.7,,0.0,,0.6,,Natural grasslands
56.551312,-6.044148,15.9,,0.5,,0.87,,Discontinuous urban fabric
56.52561,15.5359,18.9,,0.9,,0.14,,Water bodies
56.555572,-5.282748,13.0,,1.6,,0.56,,Pastures
56.560007,-5.261154,13.0,,0.0,,0.73,,"Land principally occupied by agriculture, with significant areas of natural vegetation"
56.548465,-5.448793,16.0,,0.1,,0.7,,Pastures
56.561122,-5.263204,12.2,,1.4,,0.56,,"Land principally occupied by agriculture, with significant areas of natural vegetation"
56.55045,16.39163,17.3,,0.0,,0.68,,Broad-leaved forest
56.56394,16.4508,4.3,,0.0,,0.7,,"Land principally occupied by agriculture, with significant areas of natural vegetation"
56.55369,16.18767,13.3,,0.0,,0.69,,"Land principally occupied by agriculture, with significant areas of natural vegetation"
56.560007,-5.261154,14.2,,0.0,,0.83,,Broad-leaved forest
56.58809,16.41866,9.2,,0.0,,0.67,,"Land principally occupied by agriculture, with significant areas of natural vegetation"
56.59206,15.7428,21.9,,0.3,,0.7,,Coniferous forest
56.597704,-5.014271,14.6,,0.0,,-0.34,,Coniferous forest
56.561122,-5.263204,13.8,,0.0,,0.65,,Natural grasslands
56.56858,16.41467,18.9,,0.1,,0.46,,"Land principally occupied by agriculture, with significant areas of natural vegetation"
56.58135,16.41807,18.4,,0.3,,0.7,,Green urban areas
56.602958,-3.626047,6.9,,1.0,,0.57,,Broad-leaved forest
56.626987,25.733287,14.1,,0.0,,0.54,,Complex cultivation patterns
56.62653,16.64695,10.3,,0.8,,0.6,,"Land principally occupied by agriculture, with significant areas of natural vegetation"
56.60901,16.43481,26.1,,0.0,,0.54,,"Land principally occupied by agriculture, with significant areas of natural vegetation"
56.62924,15.23839,19.2,,0.0,,0.48,,Inland marshes
56.60999,16.50924,18.4,,0.0,,0.92,,Broad-leaved forest
56.64754,16.29557,18.2,,0.0,,0.55,,Inland marshes
56.61135,16.54699,11.8,,0.4,,0.55,,"Land principally occupied by agriculture, with significant areas of natural vegetation"
56.62353,16.56688,20.7,,0.0,,0.61,,"Land principally occupied by agriculture, with significant areas of natural vegetation"
56.64227,16.47442,7.2,,0.9,,0.63,,Green urban areas
56.66443,16.5953,13.7,,0.0,,0.6,,Industrial or commercial units
56.647978,16.546402,17.6,,0.2,,0.71,,Broad-leaved forest
56.66502,16.48195,15.1,,0.0,,0.61,,Industrial or commercial units
56.64964,16.55295,21.0,,0.2,,0.58,,"Land principally occupied by agriculture, with significant areas of natural vegetation"
56.67102,16.59859,12.6,,0.1,,0.62,,Sport and leisure facilities
56.65292,16.61925,18.6,,0.0,,0.73,,Broad-leaved forest
56.66485,16.48211,10.2,,0.0,,0.65,,Green urban areas
56.67644,16.33355,16.2,,0.0,,0.48,,Coniferous forest
56.678905,-5.12764,19.3,,0.0,,0.83,,Broad-leaved forest
56.70566,12.77149,13.6,,0.4,,0.73,,"Land principally occupied by agriculture, with significant areas of natural vegetation"
56.66736,16.47845,14.8,,4.7,,0.69,,"Land principally occupied by agriculture, with significant areas of natural vegetation"
56.671817,9.926883,20.9,,1.4,,0.64,,"Land principally occupied by agriculture, with significant areas of natural vegetation"
56.718,15.96528,14.1,,0.0,,0.47,,Discontinuous urban fabric
56.6744,16.24609,8.0,,1.0,,0.54,,Discontinuous urban fabric
56.73082,13.06608,18.2,,4.1,,0.52,,"Land principally occupied by agriculture, with significant areas of natural vegetation"
56.7365,15.91969,16.7,,0.0,,0.6,,"Land principally occupied by agriculture, with significant areas of natural vegetation"
56.74055,12.86053,12.9,,0.9,,0.67,,Pastures
56.70987,16.53457,19.8,,0.0,,0.73,,Broad-leaved forest
56.715832,11.512777,20.6,,0.0,,-0.03,,Port areas
56.71888,12.90753,16.9,,0.2,,0.09,,Mineral extraction sites
56.74276,12.86083,14.4,,0.3,,0.47,,Broad-leaved forest
56.74846,12.77271,11.8,,0.0,,0.51,,"Land principally occupied by agriculture, with significant areas of natural vegetation"
56.76423,24.755171,10.3,,0.9,,0.58,,Coniferous forest
56.76432,16.34009,10.3,,0.8,,0.6,,Inland marshes
56.75048,16.54651,9.4,,0.0,,0.54,,"Land principally occupied by agriculture, with significant areas of natural vegetation"
56.7532,15.87578,4.1,,0.0,,0.72,,"Land principally occupied by agriculture, with significant areas of natural vegetation"
56.76102,16.62067,17.4,,0.0,,0.97,,Broad-leaved forest
56.77137,16.36325,12.9,,0.0,,0.54,,Complex cultivation patterns
56.77238,14.61259,19.8,,0.1,,0.72,,"Land principally occupied by agriculture, with significant areas of natural vegetation"
56.76514,15.8731,22.4,,0.0,,0.57,,"Land principally occupied by agriculture, with significant areas of natural vegetation"
56.77097,16.48019,22.7,,1.5,,0.49,,Sport and leisure facilities
56.77114,13.50901,22.3,,2.4,,0.51,,"Land principally occupied by agriculture, with significant areas of natural vegetation"
56.77354,16.45207,17.5,,0.0,,0.91,,Broad-leaved forest
56.7746,16.62492,14.2,,0.9,,0.65,,Pastures
56.77463,16.62477,14.2,,0.9,,0.62,,Non-irrigated arable land
56.775072,9.945167,21.2,,0.0,,0.49,,Discontinuous urban fabric
56.77743,15.89847,1.8,,0.2,,0.65,,"Land principally occupied by agriculture, with significant areas of natural vegetation"
56.7793,16.13188,15.4,,0.0,,0.62,,"Land principally occupied by agriculture, with significant areas of natural vegetation"
56.78005,12.82606,29.3,,0.1,,0.64,,Discontinuous urban fabric
56.8091,15.51119,17.2,,0.0,,0.52,,Coniferous forest
56.826233,26.164782,12.8,,0.0,,0.52,,Complex cultivation patterns
56.78058,15.88539,14.9,,0.1,,0.57,,Pastures
56.860911,26.203396,11.7,,0.0,,0.77,,"Land principally occupied by agriculture, with significant areas of natural vegetation"
56.790382,9.951227,18.7,,0.0,,0.63,,"Land principally occupied by agriculture, with significant areas of natural vegetation"
56.87349,16.65211,10.8,,0.0,,0.66,,Non-irrigated arable land
56.882298,24.493481,11.3,,0.0,,0.56,,Non-irrigated arable land
56.89216,16.2228,19.3,,0.0,,0.75,,Coniferous forest
56.795083,16.575114,12.4,,0.0,,0.63,,Broad-leaved forest
56.81634,14.76419,6.9,,1.8,,0.39,,"Land principally occupied by agriculture, with significant areas of natural vegetation"
56.81779,16.13879,9.6,,0.0,,0.76,,Broad-leaved forest
56.95177,16.85453,20.3,,0.0,,0.71,,"Land principally occupied by agriculture, with significant areas of natural vegetation"
56.921389,10.189427,20.6,,0.2,,0.44,,Inland marshes
56.92926,16.09756,27.4,,0.0,,0.84,,Broad-leaved forest
56.948511,8.383658,16.1,,0.6,,0.63,,Pastures
56.955438,10.259788,11.6,,0.0,,0.53,,Sport and leisure facilities
56.972139,23.067971,11.4,,0.0,,0.5,,Non-irrigated arable land
56.9603,10.267417,20.0,,2.3,,0.58,,Sport and leisure facilities
56.960338,10.267405,13.2,,0.3,,0.54,,Sport and leisure facilities
56.97119,16.20316,21.0,,1.3,,0.69,,"Land principally occupied by agriculture, with significant areas of natural vegetation"
56.98114,16.3233,20.2,,1.1,,0.75,,"Land principally occupied by agriculture, with significant areas of natural vegetation"
56.9863,15.98769,19.2,,0.0,,0.61,,Broad-leaved forest
56.98662,15.98821,20.3,,0.2,,0.66,,Broad-leaved forest
56.995275,10.100136,15.8,,1.9,,0.73,,Green urban areas
56.996144,10.099733,19.5,,1.8,,0.39,,Industrial or commercial units
56.996742,10.100989,15.9,,1.9,,0.5,,Industrial or commercial units
56.996755,10.100986,15.9,,1.9,,0.5,,Industrial or commercial units
57.00836,16.18313,14.6,,0.3,,0.7,,"Land principally occupied by agriculture, with significant areas of natural vegetation"
56.996765,10.100993,15.9,,1.9,,0.5,,Industrial or commercial units
57.03478,14.69954,26.2,,0.0,,0.77,,"Land principally occupied by agriculture, with significant areas of natural vegetation"
56.996777,10.100995,15.9,,1.9,,0.5,,Industrial or commercial units
56.996792,10.100986,15.9,,1.9,,0.5,,Industrial or commercial units
57.06828,14.62039,16.3,,0.0,,0.54,,"Land principally occupied by agriculture, with significant areas of natural vegetation"
57.06828,14.62039,24.1,,0.0,,0.54,,"Land principally occupied by agriculture, with significant areas of natural vegetation"
57.10466,25.108383,14.2,,0.4,,0.73,,Transitional woodland-shrub
57.03477,12.51836,11.3,,0.4,,0.61,,Broad-leaved forest
57.05486,13.84489,16.7,,0.3,,0.51,,"Land principally occupied by agriculture, with significant areas of natural vegetation"
57.1416,12.49822,8.2,,0.0,,0.71,,"Land principally occupied by agriculture, with significant areas of natural vegetation"
57.1416,12.49822,18.9,,0.0,,0.81,,Broad-leaved forest
57.06456,16.90979,24.6,,0.0,,0.79,,"Land principally occupied by agriculture, with significant areas of natural vegetation"
57.11834,12.19699,18.0,,0.1,,0.61,,Moors and heathland
57.13508,16.20899,18.2,,0.0,,0.76,,Broad-leaved forest
57.17915,16.93574,19.9,,0.0,,0.83,,"Land principally occupied by agriculture, with significant areas of natural vegetation"
57.17994,16.94978,8.7,,1.3,,0.59,,"Land principally occupied by agriculture, with significant areas of natural vegetation"
57.19516,16.93533,10.3,,0.3,,0.64,,Mixed forest
57.19563,16.93583,19.9,,0.0,,0.83,,"Land principally occupied by agriculture, with significant areas of natural vegetation"
57.202966,24.523541,14.1,,0.9,,0.74,,Broad-leaved forest
57.21632,12.47676,14.6,,0.0,,0.78,,Coniferous forest
57.21726,16.03495,21.3,,0.8,,0.32,,"Land principally occupied by agriculture, with significant areas of natural vegetation"
57.14816,16.34478,21.3,,6.5,,0.69,,Broad-leaved forest
57.239475,25.301015,13.6,,0.5,,0.7,,"Land principally occupied by agriculture, with significant areas of natural vegetation"
57.15291,15.65071,24.7,,0.0,,0.13,,Water bodies
57.27676,15.92685,19.1,,0.0,,0.71,,"Land principally occupied by agriculture, with significant areas of natural vegetation"
57.16121,15.04389,18.3,,2.5,,0.62,,Broad-leaved forest
57.225014,10.432725,19.8,,4.1,,0.59,,"Land principally occupied by agriculture, with significant areas of natural vegetation"
57.299881,25.607773,8.7,,0.0,,0.72,,Coniferous forest
57.26711,16.41165,17.8,,1.7,,0.53,,Industrial or commercial units
57.27876,18.37799,14.2,,4.3,,0.68,,"Land principally occupied by agriculture, with significant areas of natural vegetation"
57.28288,12.66648,10.0,,0.0,,0.82,,Mixed forest
57.32902,17.05172,10.9,,0.0,,0.56,,Peat bogs
57.285286,17.972342,26.2,,0.0,,0.62,,"Land principally occupied by agriculture, with significant areas of natural vegetation"
57.33042,16.47312,14.7,,0.0,,0.6,,"Land principally occupied by agriculture, with significant areas of natural vegetation"
57.330893,-4.789871,17.1,,0.0,,0.48,,Inland marshes
57.351523,22.592208,13.0,,0.0,,0.78,,Mixed forest
57.31612,12.34157,19.2,,0.4,,0.64,,Broad-leaved forest
57.351627,22.592199,11.5,,0.0,,0.81,,Mixed forest
57.3241,12.23004,18.2,,0.1,,0.75,,Mixed forest
57.32965,17.07047,15.5,,0.0,,0.6,,Broad-leaved forest
57.38886,12.28063,11.2,,0.0,,0.76,,Coniferous forest
57.3465,12.55368,26.5,,0.0,,0.75,,Broad-leaved forest
57.34859,14.08205,17.8,,0.5,,0.83,,Coniferous forest
57.40677,15.69368,16.8,,0.0,,0.6,,Water bodies
57.36074,17.06453,13.0,,0.0,,0.62,,Broad-leaved forest
57.42226,18.84263,7.7,,0.3,,0.54,,"Land principally occupied by agriculture, with significant areas of natural vegetation"
57.43398,12.01572,16.8,,0.0,,0.6,,Green urban areas
57.39474,12.66474,19.4,,0.0,,0.74,,"Land principally occupied by agriculture, with significant areas of natural vegetation"
57.403049,9.745262,13.1,,0.3,,0.61,,"Land principally occupied by agriculture, with significant areas of natural vegetation"
57.440264,-4.253501,12.7,,1.8,,0.68,,"Land principally occupied by agriculture, with significant areas of natural vegetation"
57.41084,15.2158,26.1,,0.0,,0.78,,Coniferous forest
57.43398,12.01572,6.7,,1.4,,0.62,,"Land principally occupied by agriculture, with significant areas of natural vegetation"
57.43879,13.62467,18.0,,0.6,,0.8,,Coniferous forest
57.494486,26.797574,17.7,,0.4,,0.79,,Mixed forest
57.463421,14.945869,21.0,,4.5,,0.68,,"Land principally occupied by agriculture, with significant areas of natural vegetation"
57.46538,15.86747,19.0,,0.8,,0.56,,"Land principally occupied by agriculture, with significant areas of natural vegetation"
57.440264,-4.253501,11.9,,0.0,,0.66,,Broad-leaved forest
57.516149,26.702079,17.1,,1.1,,0.52,,Complex cultivation patterns
57.459676,-4.184422,8.4,,0.1,,0.54,,Broad-leaved forest
57.459676,-4.184422,12.2,,2.6,,0.77,,Broad-leaved forest
57.51898,15.04958,1.4,,0.0,,0.68,,Broad-leaved forest
57.46199,12.17988,12.2,,0.0,,0.62,,Green urban areas
57.50964,16.66192,22.5,,0.0,,0.72,,"Land principally occupied by agriculture, with significant areas of natural vegetation"
57.586136,-6.360263,13.6,,0.3,,0.75,,"Land principally occupied by agriculture, with significant areas of natural vegetation"
57.52278,18.75671,20.2,,1.6,,0.8,,"Land principally occupied by agriculture, with significant areas of natural vegetation"
57.600461,-3.788109,19.6,,0.0,,0.76,,Coniferous forest
57.57239,11.78385,19.9,,0.0,,0.64,,Sport and leisure facilities
57.58127,14.85758,17.7,,0.2,,0.5,,"Land principally occupied by agriculture, with significant areas of natural vegetation"
57.586136,-6.360263,11.3,,0.0,,0.57,,Complex cultivation patterns
57.60368,16.74672,18.0,,0.0,,0.42,,Complex cultivation patterns
57.62673,18.28004,16.6,,0.0,,0.7,,"Land principally occupied by agriculture, with significant areas of natural vegetation"
57.623471,-4.169128,10.2,,0.5,,0.64,,"Land principally occupied by agriculture, with significant areas of natural vegetation"
57.623471,-4.169128,22.2,,0.0,,0.64,,Moors and heathland
57.63523,12.10089,9.4,,0.0,,0.75,,Complex cultivation patterns
57.62888,12.09308,9.0,,1.1,,0.66,,Peat bogs
57.63523,12.10089,13.0,,0.0,,0.68,,Moors and heathland
57.63523,12.10089,17.0,,0.8,,0.75,,Complex cultivation patterns
57.63847,12.17756,13.1,,0.4,,0.57,,Complex cultivation patterns
57.64444,12.05504,13.2,,0.0,,0.47,,Complex cultivation patterns
57.64242,18.34516,5.3,,0.5,,0.58,,Green urban areas
57.64809,12.09952,7.9,,0.4,,0.58,,"Land principally occupied by agriculture, with significant areas of natural vegetation"
57.64809,12.09952,8.2,,0.0,,0.58,,"Land principally occupied by agriculture, with significant areas of natural vegetation"
57.64809,12.09952,17.9,,0.0,,0.75,,Complex cultivation patterns
57.64809,12.09952,18.4,,1.0,,0.75,,Complex cultivation patterns
57.64825,11.76714,10.5,,0.0,,0.58,,"Land principally occupied by agriculture, with significant areas of natural vegetation"
57.65255,11.77815,25.4,,0.0,,0.63,,Natural grasslands
57.6515,11.78146,18.3,,0.1,,0.75,,"Land principally occupied by agriculture, with significant areas of natural vegetation"
57.65255,11.77815,17.6,,0.0,,0.6,,"Land principally occupied by agriculture, with significant areas of natural vegetation"
57.65255,11.77815,11.7,,0.2,,0.64,,Complex cultivation patterns
57.65255,11.77815,6.7,,0.0,,0.64,,"Land principally occupied by agriculture, with significant areas of natural vegetation"
57.65255,11.77815,22.3,,0.0,,0.63,,"Land principally occupied by agriculture, with significant areas of natural vegetation"
57.65255,11.77815,23.5,,1.1,,0.53,,Natural grasslands
57.65255,11.77815,13.9,,0.0,,0.63,,Complex cultivation patterns
57.66161,12.13965,10.8,,0.0,,0.79,,Coniferous forest
57.65257,11.77815,18.4,,0.0,,0.64,,Complex cultivation patterns
57.65257,11.77815,21.3,,1.0,,0.64,,Complex cultivation patterns
57.6534,12.25131,18.9,,0.0,,0.72,,Broad-leaved forest
57.65524,16.58013,14.2,,0.0,,0.63,,"Land principally occupied by agriculture, with significant areas of natural vegetation"
57.66785,12.0953,17.5,,0.0,,0.61,,Complex cultivation patterns
57.66502,-4.357719,16.6,,0.0,,0.78,,"Land principally occupied by agriculture, with significant areas of natural vegetation"
57.665505,-4.34375,19.7,,1.0,,0.84,,"Land principally occupied by agriculture, with significant areas of natural vegetation"
57.67129,12.12649,19.8,,0.0,,0.53,,Green urban areas
57.67138,12.08424,12.7,,0.0,,0.5,,Complex cultivation patterns
57.671858,10.499764,17.0,,0.2,,0.5,,Complex cultivation patterns
57.672,10.4992,16.5,,0.3,,0.55,,Complex cultivation patterns
57.67308,11.95333,18.2,,1.0,,0.67,,Complex cultivation patterns
57.67308,11.95333,17.7,,0.6,,0.67,,Complex cultivation patterns
57.68103,11.95674,7.9,,0.4,,0.62,,Broad-leaved forest
57.68281,11.95424,6.4,,0.0,,0.79,,Broad-leaved forest
57.68624,11.95904,26.3,,0.0,,0.05,,Industrial or commercial units
57.687705,-3.461335,14.4,,0.2,,0.71,,"Land principally occupied by agriculture, with significant areas of natural vegetation"
57.69035,11.93936,9.2,,2.3,,0.7,,"Land principally occupied by agriculture, with significant areas of natural vegetation"
57.68921,12.48156,17.2,,0.1,,0.7,,Broad-leaved forest
57.70141,16.66544,17.0,,0.0,,0.72,,"Land principally occupied by agriculture, with significant areas of natural vegetation"
57.693889,26.885,14.1,,0.1,,0.63,,Complex cultivation patterns
57.7,26.9,13.5,,0.4,,0.79,,Coniferous forest
57.70141,16.6656,20.0,,0.0,,0.7,,"Land principally occupied by agriculture, with significant areas of natural vegetation"
57.70141,16.6656,13.3,,0.1,,0.74,,"Land principally occupied by agriculture, with significant areas of natural vegetation"
57.70181,11.80895,16.4,,0.6,,0.07,,Industrial or commercial units
57.71073,11.80091,29.8,,0.0,,0.66,,Moors and heathland
57.713226,-3.37904,14.4,,0.8,,0.5,,"Land principally occupied by agriculture, with significant areas of natural vegetation"
57.71438,18.85304,14.5,,0.0,,0.51,,Moors and heathland
57.73213,11.68108,9.5,,0.7,,0.52,,"Land principally occupied by agriculture, with significant areas of natural vegetation"
57.72312,11.76771,22.7,,5.2,,0.34,,Industrial or commercial units
57.73582,11.67499,16.5,,0.0,,0.66,,"Land principally occupied by agriculture, with significant areas of natural vegetation"
57.74526,11.90178,15.5,,0.7,,0.6,,"Land principally occupied by agriculture, with significant areas of natural vegetation"
57.74987,14.14918,5.4,,0.9,,0.6,,"Land principally occupied by agriculture, with significant areas of natural vegetation"
57.74989,12.04305,18.2,,1.5,,0.83,,Broad-leaved forest
57.76895,14.31184,21.0,,0.3,,0.63,,"Land principally occupied by agriculture, with significant areas of natural vegetation"
57.75902,11.97296,7.8,,1.7,,0.65,,Broad-leaved forest
57.76493,11.97805,6.6,,0.0,,0.55,,"Land principally occupied by agriculture, with significant areas of natural vegetation"
57.77955,16.70901,17.0,,0.2,,0.68,,"Land principally occupied by agriculture, with significant areas of natural vegetation"
57.7854,12.03289,8.8,,0.2,,0.61,,"Land principally occupied by agriculture, with significant areas of natural vegetation"
57.7854,12.03289,10.2,,0.6,,0.61,,"Land principally occupied by agriculture, with significant areas of natural vegetation"
57.80343,11.85134,23.4,,0.0,,0.63,,"Land principally occupied by agriculture, with significant areas of natural vegetation"
57.80401,11.87323,16.3,,0.0,,0.66,,"Land principally occupied by agriculture, with significant areas of natural vegetation"
57.84511,11.94021,6.7,,0.0,,0.65,,"Land principally occupied by agriculture, with significant areas of natural vegetation"
57.81555,11.86931,18.9,,0.0,,0.85,,Broad-leaved forest
57.82416,11.99029,19.0,,0.4,,0.76,,Discontinuous urban fabric
57.847,12.67614,24.3,,1.4,,0.79,,"Land principally occupied by agriculture, with significant areas of natural vegetation"
57.847,12.67614,20.8,,0.0,,0.79,,"Land principally occupied by agriculture, with significant areas of natural vegetation"
57.8775,14.33886,13.5,,1.4,,0.82,,"Land principally occupied by agriculture, with significant areas of natural vegetation"
57.86966,11.71484,17.7,,0.2,,0.69,,"Land principally occupied by agriculture, with significant areas of natural vegetation"
57.89409,12.48525,16.4,,0.0,,0.55,,"Land principally occupied by agriculture, with significant areas of natural vegetation"
57.89394,16.08447,26.7,,0.3,,0.69,,"Land principally occupied by agriculture, with significant areas of natural vegetation"
57.89419,12.48515,29.5,,0.2,,0.74,,"Land principally occupied by agriculture, with significant areas of natural vegetation"
57.89418,12.48531,18.2,,1.6,,0.72,,Broad-leaved forest
57.89418,12.48531,16.7,,1.7,,0.72,,Broad-leaved forest
57.89418,12.48531,14.0,,0.4,,0.66,,Broad-leaved forest
57.90469,12.62488,27.3,,2.0,,0.75,,"Land principally occupied by agriculture, with significant areas of natural vegetation"
57.92059,11.73688,12.6,,2.2,,0.73,,Broad-leaved forest
57.95239,15.83679,17.0,,1.2,,0.11,,Water bodies
57.96122,19.23215,6.4,,0.0,,0.72,,Complex cultivation patterns
57.96122,19.23215,5.6,,0.0,,0.67,,Complex cultivation patterns
57.99173,14.72098,16.9,,0.0,,0.8,,"Land principally occupied by agriculture, with significant areas of natural vegetation"
57.984361,7.536587,14.8,,3.9,,0.78,,Pastures
57.99779,14.58651,13.9,,0.0,,0.69,,"Land principally occupied by agriculture, with significant areas of natural vegetation"
58.051945,7.215556,18.4,,0.0,,0.72,,"Land principally occupied by agriculture, with significant areas of natural vegetation"
58.0,25.6,26.3,,0.0,,0.78,,Complex cultivation patterns
58.01093,14.67348,18.0,,1.0,,0.64,,"Land principally occupied by agriculture, with significant areas of natural vegetation"
58.015004,7.614066,11.8,,0.0,,-0.46,,Water bodies
58.03282,11.56153,21.4,,0.0,,0.6,,Non-irrigated arable land
58.03284,15.27655,16.1,,0.4,,0.57,,Industrial or commercial units
58.033385,7.283774,13.6,,0.0,,0.7,,Coniferous forest
58.054239,7.042199,14.7,,0.3,,0.67,,"Land principally occupied by agriculture, with significant areas of natural vegetation"
58.054239,7.042199,14.3,,0.8,,0.64,,"Land principally occupied by agriculture, with significant areas of natural vegetation"
58.06276,7.753458,5.8,,0.0,,0.71,,"Land principally occupied by agriculture, with significant areas of natural vegetation"
58.065611,7.83763,17.2,,2.2,,0.76,,"Land principally occupied by agriculture, with significant areas of natural vegetation"
58.065611,7.83763,9.6,,0.0,,0.65,,"Land principally occupied by agriculture, with significant areas of natural vegetation"
58.068918,8.001222,15.5,,0.1,,0.8,,Broad-leaved forest
58.069645,7.788537,9.3,,0.2,,0.33,,"Land principally occupied by agriculture, with significant areas of natural vegetation"
58.069578,7.093403,20.0,,1.9,,0.76,,Broad-leaved forest
58.069645,7.788537,9.3,,0.1,,0.82,,"Land principally occupied by agriculture, with significant areas of natural vegetation"
58.070006,8.001672,23.3,,0.0,,0.69,,"Land principally occupied by agriculture, with significant areas of natural vegetation"
58.075892,7.914948,7.4,,0.2,,0.68,,Coniferous forest
58.0708,11.6821,19.0,,0.9,,0.73,,Coniferous forest
58.07529,16.33922,9.2,,0.5,,0.79,,"Land principally occupied by agriculture, with significant areas of natural vegetation"
58.075892,7.914948,16.7,,0.1,,0.54,,Coniferous forest
58.07717,7.841089,18.2,,0.0,,0.61,,Water bodies
58.077403,7.975755,25.9,,0.0,,0.65,,"Land principally occupied by agriculture, with significant areas of natural vegetation"
58.087229,7.864292,13.1,,0.1,,0.61,,"Land principally occupied by agriculture, with significant areas of natural vegetation"
58.082361,7.812307,16.8,,1.2,,0.55,,Industrial or commercial units
58.088696,7.70653,14.4,,0.2,,0.72,,Coniferous forest
58.088696,7.70653,10.8,,0.5,,0.82,,Mixed forest
58.089846,7.762756,19.0,,3.0,,-0.5,,Water bodies
58.089997,7.913601,11.5,,1.6,,0.78,,"Land principally occupied by agriculture, with significant areas of natural vegetation"
58.092248,7.966565,19.5,,0.0,,0.55,,Sport and leisure facilities
58.092248,7.966565,16.7,,0.0,,0.22,,"Land principally occupied by agriculture, with significant areas of natural vegetation"
58.093834,7.830812,9.6,,0.0,,0.63,,"Land principally occupied by agriculture, with significant areas of natural vegetation"
58.093212,7.904061,19.3,,0.0,,0.0,,Water bodies
58.09457,7.89338,19.2,,0.1,,0.81,,Broad-leaved forest
58.09504,7.749847,18.4,,0.0,,0.37,,Mixed forest
58.098786,7.847817,20.7,,0.0,,0.8,,Mixed forest
58.09917,7.880067,13.8,,0.9,,0.76,,Broad-leaved forest
58.099531,7.843218,8.9,,0.7,,0.68,,Broad-leaved forest
58.106504,7.94099,19.3,,0.1,,0.79,,Mixed forest
58.107211,7.875288,5.7,,0.0,,0.7,,Broad-leaved forest
58.107211,7.875288,9.3,,0.0,,0.78,,"Land principally occupied by agriculture, with significant areas of natural vegetation"
58.130184,7.793999,16.8,,0.0,,-0.2,,Water bodies
58.109522,6.700399,17.8,,2.3,,0.86,,Broad-leaved forest
58.1103,7.9344,14.3,,0.0,,0.28,,"Land principally occupied by agriculture, with significant areas of natural vegetation"
58.1199,8.106703,20.6,,0.0,,0.73,,Broad-leaved forest
58.125616,7.429472,12.1,,0.0,,0.45,,Water bodies
58.138109,7.660276,16.7,,0.3,,0.66,,"Land principally occupied by agriculture, with significant areas of natural vegetation"
58.143026,7.570956,9.8,,0.0,,0.23,,"Land principally occupied by agriculture, with significant areas of natural vegetation"
58.148028,-5.200322,11.7,,0.2,,0.56,,Moors and heathland
58.148028,-5.200322,13.0,,0.1,,0.45,,"Land principally occupied by agriculture, with significant areas of natural vegetation"
58.153645,8.164464,17.3,,0.0,,0.95,,"Land principally occupied by agriculture, with significant areas of natural vegetation"
58.15905,11.89154,20.5,,0.6,,0.65,,"Land principally occupied by agriculture, with significant areas of natural vegetation"
58.16328,8.097728,12.0,,0.2,,0.46,,Non-irrigated arable land
58.16328,8.097728,10.7,,0.0,,0.41,,Non-irrigated arable land
58.16499,11.78664,22.2,,0.0,,0.72,,"Land principally occupied by agriculture, with significant areas of natural vegetation"
58.166668,7.688941,17.4,,0.0,,0.11,,"Land principally occupied by agriculture, with significant areas of natural vegetation"
58.166668,7.688941,15.3,,0.1,,0.14,,Water bodies
58.19391,14.59642,18.7,,0.9,,0.75,,"Land principally occupied by agriculture, with significant areas of natural vegetation"
58.175361,7.850431,8.1,,0.3,,0.2,,Water bodies
58.189527,7.95221,16.6,,0.0,,0.7,,Pastures
58.1966,16.61367,19.0,,1.5,,0.6,,Industrial or commercial units
58.19972,14.70079,27.7,,0.0,,0.82,,Mixed forest
58.19972,14.70079,22.7,,0.1,,0.82,,Mixed forest
58.2,27.4,16.6,,0.0,,0.83,,Coniferous forest
58.20067,13.83466,21.5,,0.7,,0.76,,"Land principally occupied by agriculture, with significant areas of natural vegetation"
58.200747,7.702883,23.9,,0.0,,0.75,,Industrial or commercial units
58.21214,12.90679,8.2,,0.0,,0.66,,Industrial or commercial units
58.234723,7.343072,20.7,,0.0,,0.75,,Industrial or commercial units
58.237007,7.423839,18.5,,0.0,,0.69,,Industrial or commercial units
58.24192,11.43254,18.9,,0.0,,0.61,,"Land principally occupied by agriculture, with significant areas of natural vegetation"
58.24604,11.43632,22.3,,0.0,,0.33,,"Beaches, dunes, sands"
58.248631,26.799302,24.1,,0.0,,0.75,,"Land principally occupied by agriculture, with significant areas of natural vegetation"
58.250784,7.174844,16.5,,0.6,,0.79,,Broad-leaved forest
58.33103,14.82162,7.4,,0.1,,0.57,,"Land principally occupied by agriculture, with significant areas of natural vegetation"
58.255813,7.70238,12.7,,0.3,,0.15,,Natural grasslands
58.278264,-5.066455,13.8,,0.4,,0.57,,Moors and heathland
58.3,25.0,13.9,,0.0,,0.82,,Complex cultivation patterns
58.3,22.5,25.3,,0.5,,0.62,,Transitional woodland-shrub
58.331301,7.484323,22.2,,0.2,,0.71,,Industrial or commercial units
58.33273,13.825,21.3,,0.3,,0.76,,"Land principally occupied by agriculture, with significant areas of natural vegetation"
58.34963,12.47592,21.1,,0.0,,0.77,,Coniferous forest
58.35045,19.21911,18.4,,0.4,,0.83,,Coniferous forest
58.35027,11.92203,10.7,,0.0,,0.79,,"Land principally occupied by agriculture, with significant areas of natural vegetation"
58.35371,12.03368,16.2,,0.0,,0.8,,"Land principally occupied by agriculture, with significant areas of natural vegetation"
58.3585,11.97003,15.2,,0.6,,0.71,,"Land principally occupied by agriculture, with significant areas of natural vegetation"
58.383989,6.062128,19.7,,0.9,,0.71,,"Land principally occupied by agriculture, with significant areas of natural vegetation"
58.379682,-5.173386,13.0,,0.5,,0.6,,Moors and heathland
58.383989,6.062128,15.1,,1.9,,0.71,,Industrial or commercial units
58.3927,12.54624,23.7,,0.0,,0.46,,Non-irrigated arable land
58.392606,8.703229,12.8,,0.0,,0.61,,Complex cultivation patterns
58.3944,15.59511,18.0,,1.0,,0.69,,"Land principally occupied by agriculture, with significant areas of natural vegetation"
58.39357,11.98323,24.1,,0.0,,0.84,,Water bodies
58.39578,13.85669,24.7,,0.9,,0.4,,Industrial or commercial units
58.40657,12.04353,-1.8,,0.0,,0.69,,"Land principally occupied by agriculture, with significant areas of natural vegetation"
58.40857,12.05633,21.5,,0.2,,0.5,,"Land principally occupied by agriculture, with significant areas of natural vegetation"
58.40676,12.04386,8.5,,0.0,,0.71,,"Land principally occupied by agriculture, with significant areas of natural vegetation"
58.40857,12.05633,11.9,,0.0,,0.51,,Industrial or commercial units
58.4214,13.85624,25.3,,0.0,,0.79,,Industrial or commercial units
58.41069,15.5626,9.5,,0.0,,0.46,,"Land principally occupied by agriculture, with significant areas of natural vegetation"
58.422028,6.021273,15.1,,0.0,,0.77,,Industrial or commercial units
58.430043,8.757191,24.4,,0.0,,0.81,,"Land principally occupied by agriculture, with significant areas of natural vegetation"
58.437342,6.011095,12.1,,0.1,,0.8,,Industrial or commercial units
58.43635,11.26704,23.8,,1.4,,0.6,,Sport and leisure facilities
58.45636,12.33585,18.0,,1.5,,0.73,,Industrial or commercial units
58.440991,-4.383295,13.0,,0.1,,0.55,,Moors and heathland
58.445057,8.691623,19.8,,1.7,,0.77,,Broad-leaved forest
58.447219,8.861862,15.3,,0.0,,0.76,,Sport and leisure facilities
58.46061,13.68126,9.8,,0.0,,0.57,,Industrial or commercial units
58.472909,8.889081,19.2,,0.0,,0.77,,Industrial or commercial units
58.46488,11.32934,6.8,,0.0,,0.53,,"Land principally occupied by agriculture, with significant areas of natural vegetation"
58.46807,13.65566,0.5,,0.0,,0.71,,Broad-leaved forest
58.47814,12.39134,22.8,,0.0,,0.72,,"Land principally occupied by agriculture, with significant areas of natural vegetation"
58.47478,12.40676,6.5,,0.0,,0.78,,"Land principally occupied by agriculture, with significant areas of natural vegetation"
58.47478,12.40676,13.0,,0.2,,0.8,,Broad-leaved forest
58.47478,12.40676,16.9,,0.4,,0.79,,Broad-leaved forest
58.4787,15.18503,14.8,,0.1,,0.82,,Mixed forest
58.498106,7.400079,14.5,,0.0,,0.07,,Industrial or commercial units
58.50026,7.380567,10.9,,0.0,,0.09,,Industrial or commercial units
58.499701,5.802668,19.4,,0.0,,0.59,,Natural grasslands
58.502748,5.944197,9.1,,0.0,,0.8,,Industrial or commercial units
58.510721,7.39247,19.0,,0.0,,0.78,,Industrial or commercial units
58.512034,5.803692,22.5,,0.0,,0.76,,"Land principally occupied by agriculture, with significant areas of natural vegetation"
58.51419,13.07273,15.1,,1.1,,0.78,,Broad-leaved forest
58.516398,7.409592,17.6,,0.0,,0.47,,Industrial or commercial units
58.51819,11.26526,14.2,,0.0,,0.57,,Moors and heathland
58.522121,7.407256,18.0,,0.0,,0.77,,Industrial or commercial units
58.52983,11.56247,17.8,,0.4,,0.74,,"Land principally occupied by agriculture, with significant areas of natural vegetation"
58.56581,15.0688,24.3,,3.3,,0.76,,Industrial or commercial units
58.53141,15.09371,21.3,,2.4,,0.76,,Broad-leaved forest
58.535909,5.987101,10.9,,0.0,,0.85,,"Land principally occupied by agriculture, with significant areas of natural vegetation"
58.57065,15.50604,14.1,,1.0,,0.75,,Industrial or commercial units
58.57028,15.50616,10.4,,0.1,,0.72,,Natural grasslands
58.57028,15.50616,22.6,,0.3,,0.72,,"Land principally occupied by agriculture, with significant areas of natural vegetation"
58.59777,16.10253,14.2,,0.6,,0.72,,"Land principally occupied by agriculture, with significant areas of natural vegetation"
58.622046,8.182422,19.5,,0.1,,0.38,,Industrial or commercial units
58.620876,8.926263,18.9,,0.0,,0.61,,Broad-leaved forest
58.64434,13.21285,22.9,,0.1,,0.29,,Complex cultivation patterns
58.682752,9.094239,12.1,,0.0,,0.61,,"Land principally occupied by agriculture, with significant areas of natural vegetation"
58.6828,17.04353,23.2,,0.0,,0.73,,Complex cultivation patterns
58.68675,17.0256,18.7,,0.0,,0.71,,Complex cultivation patterns
58.68757,17.02368,20.1,,0.2,,0.65,,Complex cultivation patterns
58.68936,17.01917,18.9,,0.0,,0.74,,Complex cultivation patterns
58.6901,17.03137,23.1,,0.0,,0.82,,Complex cultivation patterns
58.69158,13.63528,23.5,,0.0,,0.77,,Coniferous forest
58.701419,9.121718,17.4,,0.4,,0.83,,Broad-leaved forest
58.710532,9.124512,18.9,,0.1,,0.85,,Complex cultivation patterns
58.71145,15.75403,25.9,,0.0,,0.63,,Green urban areas
58.712967,9.221745,11.4,,2.2,,0.39,,Discontinuous urban fabric
58.724997,9.005404,17.9,,0.0,,0.68,,Water bodies
58.71668,16.87328,21.3,,0.0,,0.62,,"Land principally occupied by agriculture, with significant areas of natural vegetation"
58.73242,9.134815,18.2,,0.0,,0.7,,Coniferous forest
58.73703,16.48346,24.4,,0.0,,0.58,,"Land principally occupied by agriculture, with significant areas of natural vegetation"
58.738956,5.656431,20.6,,0.0,,0.83,,"Land principally occupied by agriculture, with significant areas of natural vegetation"
58.755786,9.104964,9.3,,0.0,,0.81,,Broad-leaved forest
58.74165,16.913,21.0,,1.6,,0.61,,Industrial or commercial units
58.76514,17.00062,22.1,,0.0,,0.83,,Mixed forest
58.77314,12.38162,17.9,,0.0,,0.79,,Discontinuous urban fabric
58.798254,9.185175,19.1,,0.0,,0.69,,"Land principally occupied by agriculture, with significant areas of natural vegetation"
58.814571,5.811678,5.8,,0.0,,0.82,,"Land principally occupied by agriculture, with significant areas of natural vegetation"
58.84928,17.89103,18.8,,1.3,,0.79,,Coniferous forest
58.845002,5.722188,11.5,,0.0,,0.75,,Water bodies
58.92014,5.789157,20.1,,0.0,,0.49,,Sparsely vegetated areas
58.865124,5.795939,6.3,,0.5,,0.73,,"Land principally occupied by agriculture, with significant areas of natural vegetation"
58.873828,5.805812,8.1,,0.0,,0.86,,Complex cultivation patterns
58.925165,22.093407,14.2,,0.0,,0.74,,Coniferous forest
58.933201,5.701625,10.2,,0.0,,0.42,,Discontinuous urban fabric
58.948231,5.676876,12.6,,0.0,,0.58,,Industrial or commercial units
58.93976,5.702919,17.4,,2.1,,0.74,,Sparsely vegetated areas
58.944737,5.890451,12.9,,0.0,,0.79,,"Land principally occupied by agriculture, with significant areas of natural vegetation"
58.955334,5.724191,12.4,,0.6,,0.92,,"Land principally occupied by agriculture, with significant areas of natural vegetation"
58.955102,5.724649,13.7,,0.0,,0.86,,Industrial or commercial units
58.955334,5.724191,18.9,,0.0,,0.93,,"Land principally occupied by agriculture, with significant areas of natural vegetation"
58.958243,5.681952,7.6,,0.7,,0.85,,"Land principally occupied by agriculture, with significant areas of natural vegetation"
58.960012,5.585284,18.0,,0.2,,0.73,,Broad-leaved forest
58.960661,5.757976,12.3,,0.2,,0.82,,Mixed forest
58.972405,9.835959,11.7,,0.3,,0.71,,Vineyards
58.974693,9.88393,23.5,,0.0,,0.77,,"Land principally occupied by agriculture, with significant areas of natural vegetation"
58.97644,17.09723,22.3,,0.0,,0.75,,"Land principally occupied by agriculture, with significant areas of natural vegetation"
58.974841,9.821973,11.2,,0.0,,0.8,,Broad-leaved forest
58.97644,17.09723,23.4,,0.0,,0.77,,"Land principally occupied by agriculture, with significant areas of natural vegetation"
58.97644,17.09723,17.8,,0.3,,0.75,,"Land principally occupied by agriculture, with significant areas of natural vegetation"
58.97701,17.09343,18.6,,1.9,,0.77,,Transitional woodland-shrub
58.98525,15.07634,17.2,,0.1,,0.76,,"Land principally occupied by agriculture, with significant areas of natural vegetation"
58.981322,9.621145,10.6,,0.0,,0.76,,"Land principally occupied by agriculture, with significant areas of natural vegetation"
58.984058,10.001169,19.2,,5.3,,0.57,,Transitional woodland-shrub
58.995161,9.605299,20.1,,0.0,,0.72,,"Land principally occupied by agriculture, with significant areas of natural vegetation"
58.995161,9.605299,22.3,,0.0,,0.72,,"Land principally occupied by agriculture, with significant areas of natural vegetation"
58.99937,17.10564,14.0,,0.0,,0.82,,Mixed forest
59.004377,9.738807,17.5,,0.0,,0.55,,Green urban areas
59.00774,10.15196,7.1,,0.0,,0.76,,Discontinuous urban fabric
59.0091,11.539372,14.8,,0.0,,0.7,,Coniferous forest
59.01793,16.19318,24.8,,0.0,,0.79,,Broad-leaved forest
59.010474,11.534314,21.1,,0.2,,0.65,,Complex cultivation patterns
59.01362,15.54129,13.7,,1.0,,0.76,,"Land principally occupied by agriculture, with significant areas of natural vegetation"
59.02805,10.196947,17.6,,2.4,,0.72,,"Land principally occupied by agriculture, with significant areas of natural vegetation"
59.02504,10.174301,9.3,,0.0,,0.07,,Transitional woodland-shrub
59.027162,9.727982,17.8,,0.8,,0.63,,Sport and leisure facilities
59.027675,11.566447,24.8,,0.0,,0.86,,Broad-leaved forest
59.027768,10.208922,11.5,,0.5,,0.33,,Coniferous forest
59.033902,11.013435,22.6,,0.3,,0.5,,Mixed forest
59.041001,9.67959,10.2,,0.0,,0.7,,Broad-leaved forest
59.035945,10.217169,10.4,,0.0,,0.58,,Complex cultivation patterns
59.05699,17.21578,15.7,,0.2,,0.57,,Non-irrigated arable land
59.056561,10.1774,9.2,,0.0,,0.53,,"Land principally occupied by agriculture, with significant areas of natural vegetation"
59.05707,17.21595,19.8,,0.0,,0.58,,"Land principally occupied by agriculture, with significant areas of natural vegetation"
59.05721,17.21556,26.6,,0.0,,0.57,,"Land principally occupied by agriculture, with significant areas of natural vegetation"
59.059095,11.413932,18.4,,0.0,,0.74,,Broad-leaved forest
59.06569,13.98927,11.4,,0.0,,0.73,,"Land principally occupied by agriculture, with significant areas of natural vegetation"
59.061441,25.513001,22.5,,0.0,,0.68,,Mixed forest
59.072,16.38129,29.8,,0.6,,0.71,,"Land principally occupied by agriculture, with significant areas of natural vegetation"
59.06735,10.524886,17.1,,0.0,,0.6,,Complex cultivation patterns
59.068624,10.522632,24.8,,0.1,,0.67,,Complex cultivation patterns
59.08067,18.52707,19.9,,0.0,,0.75,,Broad-leaved forest
59.08828,5.921676,22.7,,0.2,,0.8,,"Land principally occupied by agriculture, with significant areas of natural vegetation"
59.088843,10.911054,24.4,,0.0,,0.66,,Green urban areas
59.088843,10.911054,13.7,,1.8,,0.62,,Broad-leaved forest
59.088843,10.911054,13.9,,0.7,,0.62,,"Land principally occupied by agriculture, with significant areas of natural vegetation"
59.095605,9.695067,23.4,,0.0,,0.67,,Moors and heathland
59.090619,9.816888,15.9,,0.0,,0.3,,"Land principally occupied by agriculture, with significant areas of natural vegetation"
59.10356,16.5636,11.2,,0.4,,0.78,,Mixed forest
59.09642,14.06545,12.3,,1.5,,0.76,,Pastures
59.10504,15.39976,11.7,,0.3,,0.68,,"Land principally occupied by agriculture, with significant areas of natural vegetation"
59.137599,9.960646,17.2,,0.2,,0.74,,Water bodies
59.10718,12.64858,8.2,,0.1,,0.63,,Broad-leaved forest
59.107509,10.110359,15.8,,0.0,,0.21,,Industrial or commercial units
59.114251,10.058382,22.2,,2.4,,0.66,,"Land principally occupied by agriculture, with significant areas of natural vegetation"
59.11681,10.069387,13.9,,0.0,,0.84,,"Land principally occupied by agriculture, with significant areas of natural vegetation"
59.1178,15.19691,19.5,,0.1,,0.65,,Water bodies
59.159817,5.251021,15.4,,0.1,,0.81,,Coniferous forest
59.14044,17.6387,20.4,,0.5,,0.68,,"Land principally occupied by agriculture, with significant areas of natural vegetation"
59.15651,18.14613,7.6,,0.0,,0.8,,Natural grasslands
59.15931,15.37477,8.7,,0.1,,0.77,,"Land principally occupied by agriculture, with significant areas of natural vegetation"
59.163718,5.299593,6.1,,1.1,,0.87,,"Land principally occupied by agriculture, with significant areas of natural vegetation"
59.17897,17.41955,12.0,,0.3,,0.68,,Industrial or commercial units
59.18045,16.72272,19.3,,0.0,,0.74,,"Land principally occupied by agriculture, with significant areas of natural vegetation"
59.190124,9.659629,13.4,,0.1,,0.8,,Mixed forest
59.189057,9.933876,10.6,,0.3,,0.62,,"Land principally occupied by agriculture, with significant areas of natural vegetation"
59.19243,18.16414,8.9,,0.0,,0.74,,Coniferous forest
59.1995,12.2199,16.5,,0.0,,0.67,,"Land principally occupied by agriculture, with significant areas of natural vegetation"
59.192646,9.580254,15.6,,0.7,,0.51,,"Land principally occupied by agriculture, with significant areas of natural vegetation"
59.199505,10.081146,10.4,,0.0,,0.7,,Broad-leaved forest
59.20319,17.01634,5.8,,0.1,,0.66,,Discontinuous urban fabric
59.204182,10.280167,3.3,,0.0,,0.79,,Broad-leaved forest
59.21486,17.83412,8.3,,0.0,,0.72,,"Land principally occupied by agriculture, with significant areas of natural vegetation"
59.224256,9.84444,24.8,,0.0,,0.31,,"Land principally occupied by agriculture, with significant areas of natural vegetation"
59.22098,18.27395,8.2,,0.0,,0.68,,Non-irrigated arable land
59.227846,10.004016,10.2,,0.0,,0.81,,Complex cultivation patterns
59.227851,10.004016,11.0,,0.2,,0.81,,"Land principally occupied by agriculture, with significant areas of natural vegetation"
59.228632,10.032789,10.0,,1.9,,0.4,,"Land principally occupied by agriculture, with significant areas of natural vegetation"
59.2357,18.29801,5.3,,0.4,,0.83,,"Land principally occupied by agriculture, with significant areas of natural vegetation"
59.235934,10.043776,12.2,,0.0,,0.2,,Complex cultivation patterns
59.244884,10.698504,18.3,,0.0,,0.72,,"Land principally occupied by agriculture, with significant areas of natural vegetation"
59.251994,9.791915,14.2,,0.0,,0.63,,Coniferous forest
59.252307,9.994171,11.2,,0.0,,0.37,,Vineyards
59.254235,9.975234,12.4,,0.0,,0.77,,Complex cultivation patterns
59.25437,18.15046,18.2,,0.0,,0.87,,Broad-leaved forest
59.256,13.50594,6.8,,0.0,,0.77,,Coniferous forest
59.26144,17.95974,16.6,,2.3,,0.6,,Green urban areas
59.26005,18.75151,14.2,,0.0,,0.75,,Pastures
59.26074,18.16155,20.0,,0.0,,0.81,,Broad-leaved forest
59.262161,10.401656,20.0,,0.6,,0.43,,Discontinuous urban fabric
59.262161,10.401656,17.2,,0.1,,0.41,,"Land principally occupied by agriculture, with significant areas of natural vegetation"
59.269309,10.457755,16.2,,0.0,,0.72,,"Land principally occupied by agriculture, with significant areas of natural vegetation"
59.27239,18.75318,13.7,,0.0,,0.76,,Coniferous forest
59.27663,16.545317,21.2,,0.0,,0.71,,"Land principally occupied by agriculture, with significant areas of natural vegetation"
59.276557,10.390256,16.3,,0.0,,0.72,,"Land principally occupied by agriculture, with significant areas of natural vegetation"
59.27928,17.81589,15.8,,0.0,,0.81,,"Land principally occupied by agriculture, with significant areas of natural vegetation"
59.282692,5.248551,21.9,,0.0,,0.74,,Industrial or commercial units
59.283344,17.904968,19.2,,0.2,,0.63,,Moors and heathland
59.28889,18.12244,15.2,,0.4,,0.75,,Coniferous forest
59.285266,10.382593,16.4,,0.0,,0.84,,Moors and heathland
59.285487,10.383123,19.5,,0.3,,0.82,,"Land principally occupied by agriculture, with significant areas of natural vegetation"
59.286964,10.205832,18.2,,0.0,,0.81,,Broad-leaved forest
59.29186,17.90164,18.0,,0.0,,0.8,,Mixed forest
59.29558,17.9194,13.4,,0.0,,0.78,,Broad-leaved forest
59.30054,15.28747,8.2,,0.0,,0.76,,"Land principally occupied by agriculture, with significant areas of natural vegetation"
59.29935,12.72244,17.7,,0.1,,0.69,,Coniferous forest
59.30215,17.85092,17.2,,0.0,,0.59,,"Land principally occupied by agriculture, with significant areas of natural vegetation"
59.30335,15.26966,26.5,,0.0,,0.65,,"Land principally occupied by agriculture, with significant areas of natural vegetation"
59.307003,4.886188,15.6,,0.5,,0.66,,"Land principally occupied by agriculture, with significant areas of natural vegetation"
59.30383,17.96412,17.5,,0.0,,0.55,,Green urban areas
59.31108,18.11579,5.6,,0.0,,0.58,,Broad-leaved forest
59.31194,18.44047,15.0,,0.0,,0.78,,Coniferous forest
59.31702,15.05589,5.5,,0.2,,0.48,,Industrial or commercial units
59.32584,18.51082,20.8,,0.0,,0.64,,Inland marshes
59.32593,15.03838,12.2,,0.4,,0.76,,Coniferous forest
59.327388,10.803912,16.7,,0.1,,0.63,,Green urban areas
59.327388,10.803912,27.6,,0.0,,0.62,,Green urban areas
59.32983,5.345174,11.2,,0.9,,0.84,,"Land principally occupied by agriculture, with significant areas of natural vegetation"
59.33006,18.88116,12.5,,0.0,,0.83,,Mixed forest
59.33595,18.89912,21.4,,0.5,,0.73,,"Land principally occupied by agriculture, with significant areas of natural vegetation"
59.331402,10.134649,13.7,,0.0,,0.1,,Vineyards
59.33965,17.92482,23.8,,0.0,,0.65,,"Land principally occupied by agriculture, with significant areas of natural vegetation"
59.346446,10.735766,9.5,,0.0,,0.69,,"Land principally occupied by agriculture, with significant areas of natural vegetation"
59.34062,17.87999,8.5,,0.0,,0.39,,Coniferous forest
59.34679,14.04833,18.2,,4.1,,0.7,,"Land principally occupied by agriculture, with significant areas of natural vegetation"
59.3496,17.91628,19.0,,0.0,,0.63,,Water bodies
59.346927,10.746411,14.6,,0.0,,0.4,,Non-irrigated arable land
59.346927,10.746411,19.2,,0.0,,0.79,,Non-irrigated arable land
59.35162,16.52781,10.1,,0.0,,0.78,,"Land principally occupied by agriculture, with significant areas of natural vegetation"
59.351,16.52752,9.1,,0.2,,0.75,,"Land principally occupied by agriculture, with significant areas of natural vegetation"
59.355024,10.757236,22.2,,0.0,,0.79,,"Land principally occupied by agriculture, with significant areas of natural vegetation"
59.35205,13.94166,12.6,,0.0,,0.75,,"Land principally occupied by agriculture, with significant areas of natural vegetation"
59.36386,17.03911,14.4,,0.0,,0.38,,Industrial or commercial units
59.367975,5.317586,13.7,,1.1,,0.82,,Coniferous forest
59.36827,18.06394,19.5,,0.0,,0.8,,"Land principally occupied by agriculture, with significant areas of natural vegetation"
59.36975,17.90578,12.8,,0.0,,0.53,,Green urban areas
59.36892,12.65335,17.5,,1.5,,0.66,,"Land principally occupied by agriculture, with significant areas of natural vegetation"
59.36975,17.90578,20.5,,0.0,,0.54,,Green urban areas
59.37038,18.65373,16.2,,2.2,,0.68,,"Land principally occupied by agriculture, with significant areas of natural vegetation"
59.38922,18.01428,22.0,,0.0,,0.76,,"Land principally occupied by agriculture, with significant areas of natural vegetation"
59.37355,13.46103,11.0,,0.0,,0.77,,Complex cultivation patterns
59.37835,17.89021,21.9,,0.2,,0.54,,Green urban areas
59.38944,13.46355,18.3,,1.6,,0.32,,Industrial or commercial units
59.4,28.0,14.9,,0.0,,0.77,,Broad-leaved forest
59.4,24.7,18.3,,0.4,,0.62,,Green urban areas
59.4,26.5,19.9,,0.2,,0.41,,Non-irrigated arable land
59.40721,14.77445,16.7,,0.1,,0.78,,Discontinuous urban fabric
59.40527,18.17542,14.3,,0.0,,0.7,,"Land principally occupied by agriculture, with significant areas of natural vegetation"
59.41567,14.04365,19.6,,0.0,,0.82,,Coniferous forest
59.40764,13.5677,20.8,,0.0,,0.52,,Natural grasslands
59.42345,14.77129,17.1,,0.0,,0.69,,Mixed forest
59.418057,10.595314,22.9,,0.0,,0.46,,Complex cultivation patterns
59.4221,17.84319,18.2,,1.5,,0.51,,Industrial or commercial units
59.423802,5.342353,12.6,,0.0,,0.71,,"Land principally occupied by agriculture, with significant areas of natural vegetation"
59.423564,5.306411,16.7,,0.4,,0.89,,"Land principally occupied by agriculture, with significant areas of natural vegetation"
59.42745,18.26316,16.0,,0.0,,0.77,,Coniferous forest
59.4242,17.91018,14.1,,0.0,,0.74,,Industrial or commercial units
59.436827,5.082901,16.2,,0.2,,0.82,,"Land principally occupied by agriculture, with significant areas of natural vegetation"
59.43978,14.81878,14.8,,2.7,,0.84,,"Land principally occupied by agriculture, with significant areas of natural vegetation"
59.440413,8.781391,19.0,,0.0,,0.67,,Broad-leaved forest
59.440618,10.475066,25.9,,0.0,,0.66,,Water bodies
59.442038,10.460208,24.1,,0.0,,0.72,,"Land principally occupied by agriculture, with significant areas of natural vegetation"
59.442084,10.460298,24.1,,0.0,,0.72,,"Land principally occupied by agriculture, with significant areas of natural vegetation"
59.45029,17.92273,18.5,,0.6,,0.45,,Industrial or commercial units
59.453852,8.760739,17.0,,0.2,,0.75,,Broad-leaved forest
59.450897,10.440794,14.7,,0.0,,0.71,,Discontinuous urban fabric
59.45391,18.53126,25.0,,0.1,,0.66,,"Land principally occupied by agriculture, with significant areas of natural vegetation"
59.45901,17.58035,20.0,,0.0,,0.83,,"Land principally occupied by agriculture, with significant areas of natural vegetation"
59.459836,10.674734,17.5,,1.1,,0.75,,Green urban areas
59.46206,17.92087,12.1,,0.0,,0.55,,Continuous urban fabric
59.48556,17.8148,14.1,,0.0,,0.78,,Coniferous forest
59.5082,16.59969,17.4,,0.6,,0.79,,"Land principally occupied by agriculture, with significant areas of natural vegetation"
59.4942,16.06106,18.9,,0.2,,0.82,,"Land principally occupied by agriculture, with significant areas of natural vegetation"
59.50062,10.707765,7.9,,0.2,,0.63,,"Land principally occupied by agriculture, with significant areas of natural vegetation"
59.502239,10.977817,17.3,,0.0,,0.8,,"Land principally occupied by agriculture, with significant areas of natural vegetation"
59.50333,16.46674,24.4,,0.0,,0.73,,Broad-leaved forest
59.513101,10.982398,18.3,,0.2,,0.82,,"Land principally occupied by agriculture, with significant areas of natural vegetation"
59.51515,13.4609,18.5,,0.0,,0.73,,"Land principally occupied by agriculture, with significant areas of natural vegetation"
59.51515,13.4609,17.5,,0.4,,0.69,,"Land principally occupied by agriculture, with significant areas of natural vegetation"
59.51515,13.4609,17.7,,1.8,,0.73,,"Land principally occupied by agriculture, with significant areas of natural vegetation"
59.52024,14.98526,9.4,,0.0,,0.74,,Pastures
59.51945,17.6549,19.4,,1.4,,0.67,,Broad-leaved forest
59.521354,5.266787,15.7,,0.8,,0.87,,Coniferous forest
59.52084,18.08928,15.7,,0.3,,0.4,,"Land principally occupied by agriculture, with significant areas of natural vegetation"
59.52091,15.13347,11.6,,0.0,,0.68,,Complex cultivation patterns
59.52183,12.48408,21.7,,0.2,,0.75,,"Land principally occupied by agriculture, with significant areas of natural vegetation"
59.522839,10.718958,5.2,,0.0,,0.59,,"Land principally occupied by agriculture, with significant areas of natural vegetation"
59.5234,11.246,29.4,,0.0,,0.74,,"Land principally occupied by agriculture, with significant areas of natural vegetation"
59.52427,15.04224,21.4,,1.5,,0.69,,"Land principally occupied by agriculture, with significant areas of natural vegetation"
59.525919,10.196597,24.3,,0.0,,0.84,,Broad-leaved forest
59.525035,10.67036,11.4,,0.6,,0.8,,"Land principally occupied by agriculture, with significant areas of natural vegetation"
59.526753,10.673369,7.7,,0.0,,0.68,,"Land principally occupied by agriculture, with significant areas of natural vegetation"
59.53977,16.87308,18.3,,1.4,,0.68,,"Land principally occupied by agriculture, with significant areas of natural vegetation"
59.528539,10.681238,20.4,,0.0,,0.57,,"Land principally occupied by agriculture, with significant areas of natural vegetation"
59.53137,15.99624,15.2,,0.8,,0.7,,Non-irrigated arable land
59.54143,16.66798,17.3,,0.0,,0.76,,"Land principally occupied by agriculture, with significant areas of natural vegetation"
59.54143,16.66798,14.0,,1.3,,0.65,,"Land principally occupied by agriculture, with significant areas of natural vegetation"
59.54143,16.66798,20.3,,0.0,,0.62,,"Land principally occupied by agriculture, with significant areas of natural vegetation"
59.54143,16.66798,17.4,,0.0,,0.72,,"Land principally occupied by agriculture, with significant areas of natural vegetation"
59.54143,16.66798,25.2,,0.0,,0.65,,"Land principally occupied by agriculture, with significant areas of natural vegetation"
59.54313,16.86592,24.6,,0.0,,0.73,,"Land principally occupied by agriculture, with significant areas of natural vegetation"
59.54322,18.08359,21.7,,0.0,,0.63,,Transitional woodland-shrub
59.54838,16.29418,23.3,,0.0,,0.74,,"Land principally occupied by agriculture, with significant areas of natural vegetation"
59.55325,18.36207,16.8,,0.2,,0.8,,Broad-leaved forest
59.55128,18.36222,23.3,,0.0,,0.76,,"Land principally occupied by agriculture, with significant areas of natural vegetation"
59.55208,18.33194,8.9,,0.0,,0.76,,"Land principally occupied by agriculture, with significant areas of natural vegetation"
59.567838,10.128963,19.4,,0.0,,0.83,,Mixed forest
59.574244,5.292667,19.7,,1.3,,0.67,,Moors and heathland
59.57667,17.62391,16.5,,0.3,,0.58,,"Land principally occupied by agriculture, with significant areas of natural vegetation"
59.57579,16.62636,21.3,,0.0,,0.52,,Pastures
59.58795,16.42076,16.7,,0.0,,0.72,,"Land principally occupied by agriculture, with significant areas of natural vegetation"
59.58601,16.48929,13.8,,0.4,,0.84,,Broad-leaved forest
59.58795,16.42076,0.8,,0.0,,0.72,,"Land principally occupied by agriculture, with significant areas of natural vegetation"
59.59141,16.59858,18.2,,1.4,,0.58,,Coniferous forest
59.59115,15.19934,26.3,,0.0,,0.73,,"Land principally occupied by agriculture, with significant areas of natural vegetation"
59.62051,18.86238,10.0,,0.6,,0.76,,Mixed forest
59.60399,16.61272,21.1,,0.0,,0.66,,"Land principally occupied by agriculture, with significant areas of natural vegetation"
59.613949,10.414798,13.4,,0.2,,0.64,,Broad-leaved forest
59.6162,12.79526,6.4,,0.0,,0.84,,"Land principally occupied by agriculture, with significant areas of natural vegetation"
59.61718,16.482,20.4,,0.0,,0.84,,"Land principally occupied by agriculture, with significant areas of natural vegetation"
59.62051,18.86238,19.3,,0.0,,0.79,,"Land principally occupied by agriculture, with significant areas of natural vegetation"
59.62536,17.70164,19.1,,0.0,,0.78,,Coniferous forest
59.63148,15.2081,22.2,,0.3,,0.62,,Pastures
59.628187,8.971915,21.3,,0.6,,0.9,,Broad-leaved forest
59.657724,10.59244,19.6,,0.0,,0.34,,Dump sites
59.66415,17.6555,19.7,,0.3,,0.5,,Non-irrigated arable land
59.66098,18.27401,5.1,,0.4,,0.7,,"Land principally occupied by agriculture, with significant areas of natural vegetation"
59.66415,17.6555,17.3,,0.0,,0.58,,"Land principally occupied by agriculture, with significant areas of natural vegetation"
59.670641,10.534894,20.6,,0.2,,0.75,,Broad-leaved forest
59.670641,10.534894,20.9,,0.6,,0.81,,"Land principally occupied by agriculture, with significant areas of natural vegetation"
59.68516,16.59025,23.2,,4.3,,0.47,,"Land principally occupied by agriculture, with significant areas of natural vegetation"
59.68805,17.38033,28.9,,0.4,,0.71,,"Land principally occupied by agriculture, with significant areas of natural vegetation"
59.69139,12.58119,16.9,,0.6,,0.59,,"Land principally occupied by agriculture, with significant areas of natural vegetation"
59.70103,16.52423,18.0,,0.0,,0.69,,"Land principally occupied by agriculture, with significant areas of natural vegetation"
59.70103,16.52423,3.5,,0.2,,0.63,,"Land principally occupied by agriculture, with significant areas of natural vegetation"
59.70103,16.52423,20.3,,0.6,,0.63,,"Land principally occupied by agriculture, with significant areas of natural vegetation"
59.70103,16.52423,21.8,,0.0,,0.63,,"Land principally occupied by agriculture, with significant areas of natural vegetation"
59.70103,16.52423,19.8,,0.9,,0.63,,"Land principally occupied by agriculture, with significant areas of natural vegetation"
59.70103,16.52423,20.1,,0.0,,0.65,,"Land principally occupied by agriculture, with significant areas of natural vegetation"
59.70103,16.52423,19.9,,0.1,,0.68,,Discontinuous urban fabric
59.70151,16.47758,21.5,,0.0,,0.64,,"Land principally occupied by agriculture, with significant areas of natural vegetation"
59.70151,16.47758,19.5,,0.0,,0.72,,"Land principally occupied by agriculture, with significant areas of natural vegetation"
59.70324,16.4903,11.0,,0.5,,0.71,,"Land principally occupied by agriculture, with significant areas of natural vegetation"
59.70973,16.17307,15.7,,0.7,,0.79,,"Land principally occupied by agriculture, with significant areas of natural vegetation"
59.70415,16.51851,12.5,,1.0,,0.45,,"Land principally occupied by agriculture, with significant areas of natural vegetation"
59.70563,17.29736,18.0,,0.0,,0.7,,Natural grasslands
59.70563,17.29736,19.4,,0.6,,0.7,,Non-irrigated arable land
59.70636,17.2965,12.1,,0.0,,0.78,,"Land principally occupied by agriculture, with significant areas of natural vegetation"
59.70636,17.2965,11.5,,0.0,,0.78,,Complex cultivation patterns
59.70636,17.2965,11.4,,0.5,,0.78,,Complex cultivation patterns
59.70729,19.40233,15.2,,0.0,,0.72,,Pastures
59.70801,17.29391,24.4,,0.0,,0.75,,Coniferous forest
59.71399,16.22086,14.7,,0.0,,0.72,,"Land principally occupied by agriculture, with significant areas of natural vegetation"
59.72271,15.8366,20.7,,0.0,,0.83,,Mixed forest
59.72337,17.31671,10.7,,0.0,,0.71,,"Land principally occupied by agriculture, with significant areas of natural vegetation"
59.73519,17.80738,26.5,,0.0,,0.71,,"Land principally occupied by agriculture, with significant areas of natural vegetation"
59.728107,10.574321,19.6,,0.2,,0.71,,Broad-leaved forest
59.73822,17.54374,11.9,,0.2,,0.81,,"Land principally occupied by agriculture, with significant areas of natural vegetation"
59.74057,16.16029,13.1,,0.1,,0.64,,"Land principally occupied by agriculture, with significant areas of natural vegetation"
59.744,10.82,18.4,,0.0,,0.65,,"Land principally occupied by agriculture, with significant areas of natural vegetation"
59.75017,14.74002,17.9,,0.8,,0.84,,"Land principally occupied by agriculture, with significant areas of natural vegetation"
59.76154,17.58463,26.1,,0.9,,0.75,,Broad-leaved forest
59.76075,18.21652,18.0,,0.0,,0.81,,Coniferous forest
59.778502,10.698459,18.2,,0.0,,0.73,,"Land principally occupied by agriculture, with significant areas of natural vegetation"
59.76921,17.56575,11.6,,0.3,,0.7,,"Land principally occupied by agriculture, with significant areas of natural vegetation"
59.77403,16.19051,21.5,,0.0,,0.68,,"Land principally occupied by agriculture, with significant areas of natural vegetation"
59.77609,18.32312,18.6,,0.0,,0.67,,"Land principally occupied by agriculture, with significant areas of natural vegetation"
59.77609,18.32312,24.1,,0.0,,0.72,,Inland marshes
59.778502,10.698459,24.9,,0.0,,0.76,,"Land principally occupied by agriculture, with significant areas of natural vegetation"
59.778502,10.698459,18.5,,2.3,,0.68,,"Land principally occupied by agriculture, with significant areas of natural vegetation"
59.778502,10.698459,11.3,,0.2,,0.71,,"Land principally occupied by agriculture, with significant areas of natural vegetation"
59.778502,10.698459,15.7,,0.0,,0.69,,Coniferous forest
59.78027,15.74463,15.7,,0.8,,0.68,,Coniferous forest
59.78253,17.60005,19.6,,0.0,,0.72,,"Land principally occupied by agriculture, with significant areas of natural vegetation"
59.78398,18.67308,20.1,,0.0,,0.73,,"Land principally occupied by agriculture, with significant areas of natural vegetation"
59.786188,5.125535,14.0,,0.0,,0.91,,"Land principally occupied by agriculture, with significant areas of natural vegetation"
59.786188,5.125535,7.1,,0.4,,0.83,,Mixed forest
59.786188,5.125535,9.4,,0.3,,0.83,,"Land principally occupied by agriculture, with significant areas of natural vegetation"
59.786188,5.125535,15.5,,0.5,,0.83,,Coniferous forest
59.78657,15.74802,15.6,,0.0,,0.6,,Coniferous forest
59.790062,10.960965,22.0,,0.2,,0.67,,"Land principally occupied by agriculture, with significant areas of natural vegetation"
59.79067,17.61638,24.8,,0.0,,0.42,,Inland marshes
59.79101,15.06729,18.3,,0.0,,0.72,,Coniferous forest
59.79159,17.66065,6.4,,0.0,,0.7,,"Land principally occupied by agriculture, with significant areas of natural vegetation"
59.79507,15.06381,19.6,,0.0,,0.79,,"Land principally occupied by agriculture, with significant areas of natural vegetation"
59.79652,17.84036,17.6,,0.0,,0.62,,Non-irrigated arable land
59.80715,18.56014,20.4,,6.9,,0.48,,"Land principally occupied by agriculture, with significant areas of natural vegetation"
59.80737,17.50978,23.5,,0.0,,0.51,,Non-irrigated arable land
59.80776,12.17483,19.4,,0.0,,0.68,,Mixed forest
59.80791,17.60097,13.7,,0.0,,0.63,,Coniferous forest
59.81365,17.59789,19.0,,0.0,,0.75,,Broad-leaved forest
59.81517,17.36662,16.0,,0.0,,0.54,,Non-irrigated arable land
59.81578,17.66005,19.0,,0.4,,0.39,,Industrial or commercial units
59.82434,16.19998,27.7,,0.0,,0.83,,Coniferous forest
59.82827,16.10951,25.3,,0.0,,0.79,,Coniferous forest
59.82632,17.58359,7.4,,0.2,,0.8,,"Land principally occupied by agriculture, with significant areas of natural vegetation"
59.8333,18.28741,25.0,,0.0,,0.68,,Coniferous forest
59.83712,19.03436,19.2,,0.0,,0.78,,Mixed forest
59.83354,17.5945,20.1,,0.0,,0.38,,Moors and heathland
59.839149,10.465481,20.1,,0.0,,0.63,,Coniferous forest
59.8378,17.59831,13.4,,0.0,,0.7,,"Land principally occupied by agriculture, with significant areas of natural vegetation"
59.83871,17.65623,15.4,,0.4,,0.78,,"Land principally occupied by agriculture, with significant areas of natural vegetation"
59.84033,17.59467,11.4,,0.0,,0.5,,"Land principally occupied by agriculture, with significant areas of natural vegetation"
59.8436,16.81706,18.3,,1.7,,0.75,,Discontinuous urban fabric
49.12589,2.6957,28.3,,0.0,,0.21,,Moors and heathland
59.84839,16.14918,20.3,,0.0,,0.42,,Transitional woodland-shrub
59.857082,17.439927,20.2,,0.1,,0.55,,Industrial or commercial units
59.84974,17.58737,14.3,,1.1,,0.65,,"Land principally occupied by agriculture, with significant areas of natural vegetation"
59.852317,10.669731,10.9,,1.5,,0.71,,"Land principally occupied by agriculture, with significant areas of natural vegetation"
59.857082,17.439927,22.5,,0.6,,0.55,,Industrial or commercial units
59.860446,10.85261,20.8,,0.2,,0.71,,"Land principally occupied by agriculture, with significant areas of natural vegetation"
59.86263,18.80859,17.1,,0.8,,0.66,,"Land principally occupied by agriculture, with significant areas of natural vegetation"
60.243949,21.305101,20.6,,0.9,,0.42,,Pastures
59.86263,18.80859,17.6,,0.8,,0.7,,"Land principally occupied by agriculture, with significant areas of natural vegetation"
59.86263,18.80859,10.7,,0.0,,0.71,,"Land principally occupied by agriculture, with significant areas of natural vegetation"
59.86263,18.80859,18.3,,3.3,,0.65,,"Land principally occupied by agriculture, with significant areas of natural vegetation"
59.86263,18.80859,16.6,,1.3,,0.79,,"Land principally occupied by agriculture, with significant areas of natural vegetation"
59.86263,18.80859,16.4,,0.3,,0.79,,"Land principally occupied by agriculture, with significant areas of natural vegetation"
59.86263,18.80859,19.5,,0.0,,0.74,,"Land principally occupied by agriculture, with significant areas of natural vegetation"
59.86263,18.80859,9.1,,0.0,,0.68,,"Land principally occupied by agriculture, with significant areas of natural vegetation"
59.86263,18.80859,24.7,,0.0,,0.71,,"Land principally occupied by agriculture, with significant areas of natural vegetation"
59.86263,18.80859,21.3,,0.0,,0.74,,"Land principally occupied by agriculture, with significant areas of natural vegetation"
59.86272,18.80842,23.9,,0.0,,0.75,,"Land principally occupied by agriculture, with significant areas of natural vegetation"
59.86811,17.62045,16.5,,0.3,,0.73,,"Land principally occupied by agriculture, with significant areas of natural vegetation"
59.87042,17.99459,16.9,,1.5,,0.78,,"Land principally occupied by agriculture, with significant areas of natural vegetation"
59.87042,17.99459,10.6,,0.3,,0.78,,"Land principally occupied by agriculture, with significant areas of natural vegetation"
59.872121,10.559063,20.4,,0.0,,0.67,,"Land principally occupied by agriculture, with significant areas of natural vegetation"
59.872121,10.559063,26.8,,0.0,,0.67,,"Land principally occupied by agriculture, with significant areas of natural vegetation"
59.87357,17.60667,12.7,,0.1,,0.57,,Coniferous forest
59.87619,17.97338,19.8,,0.0,,0.77,,Mixed forest
59.87469,16.06562,10.1,,1.0,,0.74,,"Land principally occupied by agriculture, with significant areas of natural vegetation"
59.87469,16.06562,5.7,,0.2,,0.73,,"Land principally occupied by agriculture, with significant areas of natural vegetation"
59.8764,18.84511,18.3,,0.1,,0.77,,Coniferous forest
59.88281,10.509292,18.5,,0.0,,0.62,,Discontinuous urban fabric
59.88889,17.53744,19.9,,0.0,,0.51,,Pastures
59.88658,17.622,14.0,,0.0,,0.69,,"Land principally occupied by agriculture, with significant areas of natural vegetation"
59.888673,10.570419,16.5,,0.0,,0.71,,"Land principally occupied by agriculture, with significant areas of natural vegetation"
59.88889,17.53744,16.6,,0.0,,0.74,,Non-irrigated arable land
59.89629,18.09414,18.6,,1.9,,0.6,,Coniferous forest
59.93754,16.60551,18.9,,0.1,,0.71,,Inland marshes
59.914379,10.683565,20.1,,0.2,,0.83,,"Land principally occupied by agriculture, with significant areas of natural vegetation"
59.92069,10.85808,17.8,,0.0,,0.85,,Broad-leaved forest
59.92993,18.38401,14.1,,0.2,,0.81,,Industrial or commercial units
59.94043,18.14229,19.7,,0.0,,0.62,,Non-irrigated arable land
59.946966,10.491712,19.2,,0.3,,0.68,,Green urban areas
59.946966,10.491712,20.1,,2.4,,0.66,,Broad-leaved forest
59.946966,10.491712,16.2,,2.5,,0.51,,Broad-leaved forest
59.946966,10.491712,23.5,,0.0,,0.51,,"Land principally occupied by agriculture, with significant areas of natural vegetation"
59.946966,10.491712,17.4,,0.5,,0.51,,"Land principally occupied by agriculture, with significant areas of natural vegetation"
59.95088,17.69454,29.3,,0.1,,0.43,,"Land principally occupied by agriculture, with significant areas of natural vegetation"
59.95585,17.67194,17.4,,0.0,,0.75,,"Land principally occupied by agriculture, with significant areas of natural vegetation"
59.96017,17.69443,20.0,,0.0,,0.75,,"Land principally occupied by agriculture, with significant areas of natural vegetation"
59.95781,17.69744,10.9,,0.1,,0.6,,Continuous urban fabric
59.96855,15.72766,21.5,,0.0,,0.87,,Broad-leaved forest
59.972208,5.467452,10.7,,2.6,,0.82,,"Land principally occupied by agriculture, with significant areas of natural vegetation"
60.00327,13.96286,19.0,,0.0,,0.67,,"Land principally occupied by agriculture, with significant areas of natural vegetation"
60.404973,22.464145,18.9,,0.7,,0.75,,Broad-leaved forest
60.00321,13.96278,18.1,,0.0,,0.76,,"Land principally occupied by agriculture, with significant areas of natural vegetation"
60.01535,15.81716,7.4,,0.0,,0.78,,Water bodies
60.05301,15.81337,19.4,,0.0,,0.46,,Peat bogs
60.02844,15.78719,19.2,,0.0,,0.58,,Transitional woodland-shrub
60.03718,18.43855,20.7,,0.0,,0.8,,Mixed forest
60.03953,16.51854,17.7,,0.6,,0.63,,"Land principally occupied by agriculture, with significant areas of natural vegetation"
60.455023,20.546211,13.3,,2.0,,0.66,,"Land principally occupied by agriculture, with significant areas of natural vegetation"
60.04697,18.2324,3.7,,1.8,,0.78,,Water bodies
60.077699,10.082628,16.7,,0.3,,0.71,,"Land principally occupied by agriculture, with significant areas of natural vegetation"
60.13393,13.01204,17.2,,0.2,,0.64,,Discontinuous urban fabric
60.469029,21.655914,4.0,,0.3,,0.48,,Non-irrigated arable land
60.151971,24.629114,1.3,,0.2,,0.34,,Industrial or commercial units
60.13753,14.39716,15.8,,0.0,,0.47,,Discontinuous urban fabric
60.16628,18.37408,19.1,,0.0,,0.79,,Mixed forest
60.16628,18.37408,26.0,,0.0,,0.8,,"Land principally occupied by agriculture, with significant areas of natural vegetation"
60.16628,18.37408,27.1,,0.0,,0.8,,"Land principally occupied by agriculture, with significant areas of natural vegetation"
60.16628,18.37408,15.6,,0.2,,0.8,,Moors and heathland
60.191079,5.347347,15.8,,0.2,,0.75,,"Land principally occupied by agriculture, with significant areas of natural vegetation"
60.17894,17.46317,11.2,,0.1,,0.77,,Green urban areas
60.188723,21.921589,15.2,,0.5,,0.56,,"Land principally occupied by agriculture, with significant areas of natural vegetation"
60.193249,5.505981,2.0,,0.0,,0.86,,"Land principally occupied by agriculture, with significant areas of natural vegetation"
60.19746,18.73538,17.1,,0.3,,0.78,,Mixed forest
60.19327,18.51138,20.3,,0.1,,0.8,,Mixed forest
60.83576,21.252047,18.1,,1.7,,0.68,,"Land principally occupied by agriculture, with significant areas of natural vegetation"
60.209057,11.433793,26.8,,0.0,,0.74,,"Land principally occupied by agriculture, with significant areas of natural vegetation"
60.966147,21.361113,9.8,,0.0,,0.6,,"Land principally occupied by agriculture, with significant areas of natural vegetation"
60.227463,10.977907,6.3,,1.0,,0.63,,"Land principally occupied by agriculture, with significant areas of natural vegetation"
60.227498,10.977853,11.6,,1.3,,0.63,,Pastures
60.25474,17.71218,28.8,,0.0,,0.71,,"Land principally occupied by agriculture, with significant areas of natural vegetation"
60.267066,24.81025,20.0,,0.2,,0.6,,Green urban areas
61.024986,27.468514,14.7,,0.0,,0.59,,Pastures
60.275077,5.369266,5.9,,0.0,,0.89,,Broad-leaved forest
60.296003,22.403198,21.8,,1.2,,0.49,,Green urban areas
61.337015,21.364431,4.4,,0.2,,0.4,,"Land principally occupied by agriculture, with significant areas of natural vegetation"
60.384382,25.092473,24.9,,0.0,,0.5,,"Land principally occupied by agriculture, with significant areas of natural vegetation"
60.361671,5.338382,13.9,,0.0,,0.73,,"Land principally occupied by agriculture, with significant areas of natural vegetation"
60.361671,5.338382,7.0,,0.0,,0.74,,Transitional woodland-shrub
61.374274,28.756878,14.4,,0.0,,0.85,,"Land principally occupied by agriculture, with significant areas of natural vegetation"
60.392394,5.367631,11.7,,2.7,,0.85,,Complex cultivation patterns
60.39959,17.23006,18.0,,0.0,,0.84,,Non-irrigated arable land
60.401602,11.187619,17.0,,2.6,,0.7,,"Land principally occupied by agriculture, with significant areas of natural vegetation"
61.374274,28.756878,16.8,,0.0,,0.82,,Mixed forest
60.42792,22.200268,15.6,,0.4,,0.48,,Discontinuous urban fabric
61.514469,24.023301,12.2,,1.5,,0.73,,"Land principally occupied by agriculture, with significant areas of natural vegetation"
60.44266,16.44069,15.8,,0.0,,0.76,,"Land principally occupied by agriculture, with significant areas of natural vegetation"
60.44266,16.44069,9.8,,0.3,,0.77,,Complex cultivation patterns
60.44266,16.44069,12.4,,1.4,,0.76,,Non-irrigated arable land
60.44266,16.44069,10.5,,0.0,,0.77,,Mixed forest
60.44266,16.44069,8.1,,0.0,,0.76,,"Land principally occupied by agriculture, with significant areas of natural vegetation"
61.878784,28.83238,13.3,,0.0,,0.68,,"Land principally occupied by agriculture, with significant areas of natural vegetation"
61.955255,23.303576,16.1,,0.0,,0.62,,Moors and heathland
60.46406,15.71787,19.2,,0.0,,0.5,,Mineral extraction sites
60.469062,5.283765,19.4,,0.0,,0.33,,Industrial or commercial units
60.473675,6.611816,9.7,,2.4,,0.9,,Broad-leaved forest
60.48332,5.366841,14.6,,0.5,,0.85,,"Land principally occupied by agriculture, with significant areas of natural vegetation"
60.477504,5.307157,13.3,,0.9,,0.82,,Mixed forest
60.484653,5.36597,21.2,,0.5,,0.76,,"Land principally occupied by agriculture, with significant areas of natural vegetation"
60.48354,16.46719,15.6,,1.8,,0.55,,Discontinuous urban fabric
60.487299,5.35351,7.3,,0.1,,0.81,,"Land principally occupied by agriculture, with significant areas of natural vegetation"
60.54536,16.64698,21.6,,0.0,,0.69,,Coniferous forest
60.53328,15.38164,15.8,,0.0,,0.73,,Pastures
60.54942,18.00589,21.4,,0.3,,0.81,,Mixed forest
60.564785,5.342955,14.5,,0.0,,0.92,,Industrial or commercial units
60.61201,15.65941,9.0,,1.3,,0.6,,"Land principally occupied by agriculture, with significant areas of natural vegetation"
60.61201,15.65941,25.3,,0.0,,0.77,,"Land principally occupied by agriculture, with significant areas of natural vegetation"
60.619494,11.25598,19.6,,0.2,,0.55,,Non-irrigated arable land
60.63137,17.30009,22.3,,0.0,,0.71,,Mixed forest
60.70533,15.91681,14.8,,0.0,,0.67,,"Land principally occupied by agriculture, with significant areas of natural vegetation"
60.792667,4.880556,12.6,,0.3,,0.7,,Sparsely vegetated areas
60.792667,4.880556,14.6,,0.0,,0.69,,Sparsely vegetated areas
60.80013,15.08624,18.9,,1.3,,0.68,,"Land principally occupied by agriculture, with significant areas of natural vegetation"
61.03861,7.803288,23.9,,0.0,,0.68,,Moors and heathland
62.250152,25.753676,16.5,,0.0,,0.8,,Industrial or commercial units
60.9225,9.413717,16.7,,3.2,,0.79,,"Land principally occupied by agriculture, with significant areas of natural vegetation"
60.956654,5.231537,15.8,,1.5,,0.94,,"Land principally occupied by agriculture, with significant areas of natural vegetation"
61.074193,6.581103,18.2,,1.9,,0.77,,"Land principally occupied by agriculture, with significant areas of natural vegetation"
61.074193,6.581103,15.5,,2.7,,0.73,,"Land principally occupied by agriculture, with significant areas of natural vegetation"
61.074193,6.581103,22.5,,0.4,,0.61,,"Land principally occupied by agriculture, with significant areas of natural vegetation"
61.074193,6.581103,13.0,,0.6,,0.61,,"Land principally occupied by agriculture, with significant areas of natural vegetation"
61.074193,6.581103,-7.1,,0.0,,0.67,,"Land principally occupied by agriculture, with significant areas of natural vegetation"
61.09389,14.65709,19.2,,0.0,,0.69,,"Land principally occupied by agriculture, with significant areas of natural vegetation"
61.09401,14.65726,23.0,,1.6,,0.45,,"Land principally occupied by agriculture, with significant areas of natural vegetation"
61.34006,16.38273,16.3,,1.4,,0.37,,Moors and heathland
61.306,29.9263,22.4,,0.0,,-1.0,,"Land principally occupied by agriculture, with significant areas of natural vegetation"
62.251304,25.713598,19.2,,1.5,,0.09,,Industrial or commercial units
61.361071,7.400088,17.7,,0.0,,0.85,,"Land principally occupied by agriculture, with significant areas of natural vegetation"
61.3608,35.4413,12.2,,0.0,,-1.0,,"Land principally occupied by agriculture, with significant areas of natural vegetation"
61.361,30.8878,10.1,,0.4,,-1.0,,"Land principally occupied by agriculture, with significant areas of natural vegetation"
61.36582,16.3961,11.3,,0.2,,0.66,,Broad-leaved forest
61.3622,30.9273,10.0,,0.4,,-1.0,,"Land principally occupied by agriculture, with significant areas of natural vegetation"
61.3638,30.8872,10.4,,0.0,,-1.0,,Discontinuous urban fabric
61.381787,5.464443,7.9,,0.0,,0.71,,"Land principally occupied by agriculture, with significant areas of natural vegetation"
61.3662,30.9267,10.5,,0.0,,-1.0,,Coniferous forest
61.3664,30.8859,10.1,,0.4,,-1.0,,"Land principally occupied by agriculture, with significant areas of natural vegetation"
61.3668,31.6036,21.8,,0.0,,-1.0,,"Land principally occupied by agriculture, with significant areas of natural vegetation"
62.251759,25.753731,17.5,,0.0,,0.81,,Mixed forest
62.253324,25.743871,2.8,,0.5,,0.73,,Water bodies
61.38053,16.08941,15.5,,0.4,,0.82,,Pastures
62.3052,30.813,15.5,,0.0,,0.83,,Coniferous forest
61.3825,29.9948,22.0,,0.0,,-1.0,,"Land principally occupied by agriculture, with significant areas of natural vegetation"
61.3825,29.9948,13.3,,0.3,,-1.0,,"Land principally occupied by agriculture, with significant areas of natural vegetation"
61.3828,30.938,9.9,,0.0,,-1.0,,Non-irrigated arable land
61.3829,30.9382,10.4,,0.0,,-1.0,,"Land principally occupied by agriculture, with significant areas of natural vegetation"
61.3841,29.7956,22.1,,0.0,,0.71,,"Land principally occupied by agriculture, with significant areas of natural vegetation"
61.3878,30.9037,10.4,,0.0,,-1.0,,"Land principally occupied by agriculture, with significant areas of natural vegetation"
61.3907,30.9123,9.9,,1.2,,-1.0,,"Land principally occupied by agriculture, with significant areas of natural vegetation"
61.3907,30.9124,9.8,,0.0,,-1.0,,"Land principally occupied by agriculture, with significant areas of natural vegetation"
61.3907,30.9125,10.3,,0.0,,-1.0,,"Land principally occupied by agriculture, with significant areas of natural vegetation"
61.3934,30.9119,10.3,,0.0,,-1.0,,Mixed forest
61.3941,30.9482,10.0,,0.5,,-1.0,,Coniferous forest
61.3941,29.7829,22.1,,0.0,,0.79,,Discontinuous urban fabric
61.3942,30.9482,9.9,,0.0,,-1.0,,"Land principally occupied by agriculture, with significant areas of natural vegetation"
61.3942,30.9482,11.6,,1.2,,-1.0,,Non-irrigated arable land
61.3946,30.9651,10.0,,1.2,,-1.0,,"Land principally occupied by agriculture, with significant areas of natural vegetation"
61.3947,30.9654,10.0,,0.0,,-1.0,,Industrial or commercial units
61.3947,30.9654,11.7,,0.9,,-1.0,,Pastures
61.3968,30.9913,9.9,,0.0,,-1.0,,Non-irrigated arable land
61.3989,30.9798,9.5,,0.5,,-1.0,,Green urban areas
61.3999,30.9513,10.1,,0.0,,-1.0,,Non-irrigated arable land
61.3999,30.9513,11.8,,1.2,,-1.0,,Broad-leaved forest
61.4019,29.9069,13.4,,0.3,,-1.0,,Coniferous forest
61.4029,30.9796,11.0,,0.0,,-1.0,,Coniferous forest
61.4071,30.0817,21.8,,0.0,,-1.0,,Non-irrigated arable land
61.4071,30.0817,13.1,,0.3,,-1.0,,Coniferous forest
61.4195,30.1166,21.9,,0.0,,-1.0,,"Land principally occupied by agriculture, with significant areas of natural vegetation"
61.4321,30.1313,21.9,,0.0,,-1.0,,"Land principally occupied by agriculture, with significant areas of natural vegetation"
61.4321,30.1313,13.2,,0.3,,-1.0,,"Land principally occupied by agriculture, with significant areas of natural vegetation"
61.4329,30.1415,13.1,,0.3,,-1.0,,"Land principally occupied by agriculture, with significant areas of natural vegetation"
61.4329,30.1415,21.8,,0.0,,-1.0,,"Land principally occupied by agriculture, with significant areas of natural vegetation"
61.550317,7.62649,14.2,,0.9,,0.92,,Broad-leaved forest
62.50081,30.09957,14.9,,0.0,,0.67,,Pastures
61.5644,30.3958,13.3,,0.4,,-1.0,,Broad-leaved forest
61.5894,30.039,21.6,,0.0,,-1.0,,"Land principally occupied by agriculture, with significant areas of natural vegetation"
61.59234,15.66194,15.9,,1.6,,0.0,,Water bodies
61.6487,30.0075,14.5,,1.1,,-1.0,,Non-irrigated arable land
61.6487,30.0075,21.6,,0.0,,0.89,,"Land principally occupied by agriculture, with significant areas of natural vegetation"
61.6499,30.0178,14.5,,1.1,,-1.0,,"Land principally occupied by agriculture, with significant areas of natural vegetation"
61.6561,30.0127,21.5,,0.0,,0.89,,"Land principally occupied by agriculture, with significant areas of natural vegetation"
61.6561,30.0127,14.5,,1.1,,-1.0,,Coniferous forest
61.6599,30.0129,14.5,,1.1,,-1.0,,Discontinuous urban fabric
61.6659,30.0163,21.5,,0.0,,0.86,,Coniferous forest
61.6659,30.0163,14.5,,1.1,,-1.0,,"Land principally occupied by agriculture, with significant areas of natural vegetation"
61.6718,31.0288,23.1,,0.0,,-1.0,,"Land principally occupied by agriculture, with significant areas of natural vegetation"
61.99008,17.02679,11.7,,0.0,,0.8,,"Land principally occupied by agriculture, with significant areas of natural vegetation"
61.99008,17.02679,13.9,,0.0,,0.72,,"Land principally occupied by agriculture, with significant areas of natural vegetation"
61.9903,17.02361,18.8,,0.0,,0.7,,Mixed forest
61.99332,6.098591,10.9,,0.6,,0.87,,Broad-leaved forest
62.101335,7.207525,19.0,,0.1,,0.71,,Coniferous forest
62.559035,28.645065,17.7,,0.0,,0.8,,Mixed forest
62.248943,7.437314,4.2,,0.7,,0.87,,Broad-leaved forest
63.209096,29.202384,16.1,,0.7,,0.72,,"Land principally occupied by agriculture, with significant areas of natural vegetation"
63.296736,21.741843,4.6,,0.1,,0.66,,"Land principally occupied by agriculture, with significant areas of natural vegetation"
63.831934,23.033806,5.1,,0.2,,0.7,,Pastures
62.2782,17.37046,18.7,,0.2,,0.78,,"Land principally occupied by agriculture, with significant areas of natural vegetation"
62.288604,7.210723,19.9,,0.8,,0.85,,"Land principally occupied by agriculture, with significant areas of natural vegetation"
62.2926,17.35909,7.9,,0.2,,0.57,,Discontinuous urban fabric
62.328859,7.32029,13.8,,0.0,,0.84,,"Land principally occupied by agriculture, with significant areas of natural vegetation"
62.292776,7.182507,13.7,,0.7,,0.76,,"Land principally occupied by agriculture, with significant areas of natural vegetation"
62.388951,6.959024,8.1,,0.0,,0.83,,Broad-leaved forest
62.33154,17.39415,21.0,,0.0,,0.69,,"Land principally occupied by agriculture, with significant areas of natural vegetation"
62.405346,6.279978,8.4,,0.0,,0.81,,"Land principally occupied by agriculture, with significant areas of natural vegetation"
62.396431,6.173816,12.7,,1.1,,0.88,,Moors and heathland
62.43617,17.5514,17.4,,0.1,,0.66,,"Land principally occupied by agriculture, with significant areas of natural vegetation"
62.473498,6.174786,9.2,,0.3,,0.81,,"Land principally occupied by agriculture, with significant areas of natural vegetation"
62.44938,17.53561,21.6,,0.0,,0.79,,"Land principally occupied by agriculture, with significant areas of natural vegetation"
62.47552,8.183517,22.9,,0.0,,0.76,,"Land principally occupied by agriculture, with significant areas of natural vegetation"
62.537009,6.384282,3.6,,0.5,,0.89,,Broad-leaved forest
62.493581,6.265129,8.8,,2.3,,0.8,,Green urban areas
62.507655,6.288638,14.6,,0.0,,0.75,,"Land principally occupied by agriculture, with significant areas of natural vegetation"
63.839036,23.390287,10.5,,0.0,,0.72,,Mixed forest
62.63464,17.95559,27.2,,0.0,,0.5,,Industrial or commercial units
62.61092,17.68871,18.9,,0.4,,0.66,,"Land principally occupied by agriculture, with significant areas of natural vegetation"
62.61259,17.68845,12.1,,0.6,,0.7,,"Land principally occupied by agriculture, with significant areas of natural vegetation"
62.61517,17.84077,17.6,,0.0,,0.88,,"Land principally occupied by agriculture, with significant areas of natural vegetation"
62.63464,17.95559,19.5,,0.0,,0.57,,"Land principally occupied by agriculture, with significant areas of natural vegetation"
62.75296,15.07306,5.7,,0.0,,0.76,,"Land principally occupied by agriculture, with significant areas of natural vegetation"
62.745676,8.695791,8.6,,2.6,,0.85,,"Land principally occupied by agriculture, with significant areas of natural vegetation"
62.828542,8.204466,19.8,,0.3,,0.91,,Mixed forest
62.904094,8.211437,18.3,,0.0,,0.45,,Moors and heathland
62.877465,8.357108,23.4,,0.1,,0.96,,Coniferous forest
62.89726,7.453124,18.8,,0.0,,0.81,,Transitional woodland-shrub
62.938321,8.144072,6.7,,0.0,,0.83,,"Land principally occupied by agriculture, with significant areas of natural vegetation"
62.918472,7.303438,14.8,,1.0,,0.81,,"Land principally occupied by agriculture, with significant areas of natural vegetation"
63.023632,7.952762,16.3,,0.7,,0.83,,"Land principally occupied by agriculture, with significant areas of natural vegetation"
63.084936,7.887325,17.5,,0.5,,0.81,,Coniferous forest
63.217495,8.744488,13.3,,0.0,,0.92,,"Land principally occupied by agriculture, with significant areas of natural vegetation"
63.136283,11.236765,9.6,,1.3,,0.68,,Complex cultivation patterns
63.16856,18.42262,14.8,,0.7,,0.73,,Non-irrigated arable land
63.881046,23.073463,15.6,,0.1,,0.53,,Pastures
64.72845,26.127632,17.1,,0.8,,0.7,,Coniferous forest
63.262775,9.745849,13.2,,1.5,,0.38,,Non-irrigated arable land
63.262775,9.745849,23.6,,0.0,,0.38,,Sport and leisure facilities
63.406838,8.935928,12.3,,0.0,,0.85,,"Land principally occupied by agriculture, with significant areas of natural vegetation"
63.299756,10.484175,10.9,,1.2,,0.65,,Moors and heathland
63.445979,10.457477,16.3,,2.6,,0.9,,"Land principally occupied by agriculture, with significant areas of natural vegetation"
63.445979,10.457477,16.6,,0.0,,0.9,,"Land principally occupied by agriculture, with significant areas of natural vegetation"
63.565801,10.944984,24.9,,0.0,,0.94,,Broad-leaved forest
63.495047,10.058041,19.7,,0.0,,0.93,,Transitional woodland-shrub
63.495063,10.063988,18.1,,0.9,,0.87,,Coniferous forest
63.49542,10.06211,19.1,,0.0,,0.89,,Coniferous forest
63.495472,10.064967,14.6,,0.6,,0.88,,Coniferous forest
63.495704,10.06618,15.1,,0.6,,0.86,,Coniferous forest
63.602177,8.849439,9.7,,0.2,,0.77,,"Land principally occupied by agriculture, with significant areas of natural vegetation"
63.624371,8.704226,10.5,,0.0,,0.84,,"Land principally occupied by agriculture, with significant areas of natural vegetation"
63.624462,8.848666,5.4,,0.6,,0.81,,"Land principally occupied by agriculture, with significant areas of natural vegetation"
63.626725,8.848055,12.6,,0.0,,0.69,,Peat bogs
63.634007,8.860398,8.7,,0.0,,0.87,,"Land principally occupied by agriculture, with significant areas of natural vegetation"
63.692042,8.7587,15.9,,0.0,,0.96,,"Land principally occupied by agriculture, with significant areas of natural vegetation"
63.635355,8.800355,13.5,,0.7,,0.7,,"Land principally occupied by agriculture, with significant areas of natural vegetation"
63.69106,20.29926,18.9,,0.4,,0.55,,Discontinuous urban fabric
63.726781,11.292838,17.4,,0.0,,0.87,,"Land principally occupied by agriculture, with significant areas of natural vegetation"
63.727771,11.295129,21.5,,0.0,,0.95,,"Land principally occupied by agriculture, with significant areas of natural vegetation"
63.727771,11.295129,14.8,,0.9,,0.9,,Mixed forest
63.7748,13.64672,16.1,,2.9,,0.83,,Coniferous forest
63.794161,8.797309,15.1,,0.0,,0.7,,"Land principally occupied by agriculture, with significant areas of natural vegetation"
63.89266,20.1525,26.0,,0.2,,0.55,,Coniferous forest
63.79768,20.869,16.8,,0.2,,0.69,,"Land principally occupied by agriculture, with significant areas of natural vegetation"
63.801637,11.467004,15.5,,0.2,,0.8,,Broad-leaved forest
64.236315,12.330329,32.3,,0.0,,0.8,,"Land principally occupied by agriculture, with significant areas of natural vegetation"
64.231953,12.311959,11.0,,0.0,,0.82,,"Land principally occupied by agriculture, with significant areas of natural vegetation"
64.41648,21.5239,15.7,,0.1,,0.7,,"Land principally occupied by agriculture, with significant areas of natural vegetation"
64.461927,10.898559,10.4,,0.4,,0.83,,"Land principally occupied by agriculture, with significant areas of natural vegetation"
64.823404,25.386505,9.1,,0.2,,0.77,,"Land principally occupied by agriculture, with significant areas of natural vegetation"
64.91369,19.48137,6.2,,0.8,,0.26,,Industrial or commercial units
65.395668,12.096825,16.1,,0.0,,0.69,,"Land principally occupied by agriculture, with significant areas of natural vegetation"
64.950244,25.480059,13.3,,2.0,,0.67,,Transitional woodland-shrub
65.928678,12.313818,19.2,,0.3,,0.63,,"Land principally occupied by agriculture, with significant areas of natural vegetation"
65.901275,12.306497,17.7,,1.4,,0.82,,Non-irrigated arable land
65.928678,12.313818,21.6,,1.3,,0.58,,Moors and heathland
65.928678,12.313818,18.4,,0.8,,0.63,,"Land principally occupied by agriculture, with significant areas of natural vegetation"
65.928678,12.313818,17.3,,1.4,,0.63,,"Land principally occupied by agriculture, with significant areas of natural vegetation"
66.158667,12.619991,10.7,,0.2,,0.78,,"Land principally occupied by agriculture, with significant areas of natural vegetation"
65.982551,12.295619,10.9,,0.5,,0.81,,"Land principally occupied by agriculture, with significant areas of natural vegetation"
65.982551,12.295619,12.3,,0.0,,0.83,,"Land principally occupied by agriculture, with significant areas of natural vegetation"
66.158667,12.619991,14.5,,0.7,,0.84,,"Land principally occupied by agriculture, with significant areas of natural vegetation"
69.235085,18.124921,15.3,,1.2,,0.82,,Broad-leaved forest
67.802882,16.539188,20.2,,1.1,,0.81,,"Land principally occupied by agriculture, with significant areas of natural vegetation"
68.085417,15.561417,17.3,,0.0,,0.87,,"Land principally occupied by agriculture, with significant areas of natural vegetation"
70.177494,29.254661,9.8,,0.1,,0.63,,Peat bogs
69.7294,26.00513,13.2,,0.0,,0.77,,Broad-leaved forest
54.841827,9.553041,23.3,,0.0,,0.77,,"Land principally occupied by agriculture, with significant areas of natural vegetation"
51.13805556,-3.231111111,16.2,,0.0,,0.4,,
51.16944444,-2.824166667,19.1,,0.016,,0.78,,
54.3225,-1.245277778,12.3,,0.0,,0.56,,
54.3225,-1.245277778,18.9,,0.031,,0.8,,
56.51833333,-3.800833333,11.0,,6.035,,0.7,,
56.51833333,-3.800833333,10.1,,0.0,,0.68,,
57.06277778,-4.127777778,16.5,,0.463,,0.66,,
57.06277778,-4.127777778,13.7,,1.162,,0.58,,
57.28055556,-4.251944444,9.6,,35.499,,0.64,,
57.28055556,-4.251944444,9.2,,1.841,,0.63,,
51.87607,-9.59021,,,,,,,Broad-leaved forest
52.26099,-7.11382,,,,,,,Discontinuous urban fabric
34.4,132.45,17.3,,5.4,,,,"Land principally occupied by agriculture, with significant areas of natural vegetation"
54.08209,-7.31235,,,,,,,
56.20543,-4.82162,,,,,,,
52.61436,-8.33222,,,,,,,
50.55001,-4.13874,,,,,,,
60.4892,-1.35391,,,,,,,
50.17534,-5.01148,,,,,,,
50.22492,-5.0076,,,,,,,
50.22528,-4.99359,,,,,,,
50.2339,-5.00816,,,,,,,
50.26516,-5.01715,,,,,,,
51.2063,-3.59629,,,,,,,
60.50707,-1.33535,,,,,,,
49.8,8.666667,,,,,,,
50.116667,8.683333,,,,,,,
55.96167,13.33361,,,,,,,
58.22414,-6.51397,,,,,,,
53.221383,10.172783,,,,,,,
52.00487,-0.61586,,,,,,,
53.079802,-3.718235,,,,,,,
52.66463,-4.07782,,,,,,,
53.09179,-3.79962,,,,,,,
53.2582,-1.91754,,,,,,,
57.48028,-4.22682,,,,,,,
53.40699,-2.9854,,,,,,,
52.65057,-3.84059,,,,,,,
54.36812,-3.06985,,,,,,,
54.04155,-6.188,,,,,,,
54.5003,-0.66415,,,,,,,
55.915,14.2778,,,,,,,
55.94573,-4.57041,,,,,,,
56.69414,-5.56888,,,,,,,
57.81653,-5.11486,,,,,,,
59.7981,5.6529,,,,,,,
51.48109,-3.17378,,,,,,,
53.08514,-3.26922,,,,,,,
56.13258,-5.04971,,,,,,,
57.87554,-4.23433,,,,,,,
51.70199,-5.27833,,,,,,,
53.90317,-7.46745,,,,,,,
53.95241,-7.42874,,,,,,,
54.08687,-7.36576,,,,,,,
56.67273,-3.87694,,,,,,,
57.89167,-4.33658,,,,,,,
53.7375,-7.61353,,,,,,,
53.28651,-6.3579,,,,,,,
54.92061,-2.35108,,,,,,,
52.63474,-1.13549,,,,,,,
55.15864,-2.39241,,,,,,,
55.28057,-1.91341,,,,,,,
55.31598,-2.37032,,,,,,,
55.33837,-2.39418,,,,,,,
59.9614,6.0162,,,,,,,
60.036,5.9079,,,,,,,
50.20586,-5.04845,,,,,,,
50.38446,-4.32825,,,,,,,
55.55008,-2.16644,,,,,,,
59.307,5.686,,,,,,,
60.4258,7.226,,,,,,,
50.10059,-5.27955,,,,,,,
50.22551,-5.31617,,,,,,,
50.84342,-1.64488,,,,,,,
51.7375,-5.29539,,,,,,,
52.59578,1.32255,,,,,,,
54.43316,-0.68947,,,,,,,
44.63,21.91,,,,,,,
53.293,-4.13822,,,,,,,
50.068883,8.862783,,,,,,,
50.72255,-1.96458,,,,,,,
53.09144,0.33732,,,,,,,
59.53833,-1.61979,,,,,,,
50.39191,-3.92055,,,,,,,
50.62336,-2.24742,,,,,,,
51.4743,0.25371,,,,,,,
56.18695,-2.55591,,,,,,,
50.55087,-2.43056,,,,,,,
57.73417,18.61056,,,,,,,
50.12015,-5.53278,,,,,,,
50.68653,-2.10618,,,,,,,
50.75383,-2.21267,,,,,,,
51.17775,-4.66852,,,,,,,
52.41727,0.74276,,,,,,,
53.574812,0.110646,,,,,,,
50.82092,-1.63795,,,,,,,
52.12125,-6.60551,,,,,,,
52.75818,-4.782051,,,,,,,
52.790771,-4.74505,,,,,,,
55.59469,-1.67467,,,,,,,
56.53786,-5.97732,,,,,,,
47.433333,11.266667,,,,,,,
50.74942,-2.16303,,,,,,,
50.89325,-2.20619,,,,,,,
51.32035,-0.94514,,,,,,,
50.25,8.533333,,,,,,,
50.2725,8.565833,,,,,,,
50.66195,8.741383,,,,,,,
56.7428,12.9658,,,,,,,
50.2825,8.583617,,,,,,,
50.380833,8.392217,,,,,,,
50.6416,-1.9505,,,,,,,
50.65959,-1.96463,,,,,,,
50.70555,9.1125,,,,,,,
55.50722,13.87806,,,,,,,
55.54139,13.27028,,,,,,,
55.7,13.2,,,,,,,
56.1139,13.746,,,,,,,
50.04,7.81,,,,,,,
51.75402,-0.341,,,,,,,
56.28333,12.48333,,,,,,,
57.08585,-5.54866,,,,,,,
50.82068,-1.56696,,,,,,,
56.30861,13.37278,,,,,,,
53.175293,-3.273175,,,,,,,
53.193712,-4.099279,,,,,,,
55.58333,13.66667,,,,,,,
55.59306,13.02139,,,,,,,
55.8256,14.0861,,,,,,,
55.93333,13.53333,,,,,,,
55.99361,14.03833,,,,,,,
56.04917,9.07,,,,,,,
56.11667,14.97194,,,,,,,
56.19405,14.74743,,,,,,,
56.20694,14.14611,,,,,,,
56.25972,12.60806,,,,,,,
56.26806,14.19806,,,,,,,
56.2798,13.9404,,,,,,,
56.28333,14.51667,,,,,,,
56.28528,13.93333,,,,,,,
56.46917,15.86722,,,,,,,
56.64139,15.67361,,,,,,,
56.64306,14.22528,,,,,,,
56.65806,16.00306,,,,,,,
56.73333,12.95,,,,,,,
56.73333,16.66667,,,,,,,
56.85,16.61667,,,,,,,
56.86972,14.82361,,,,,,,
56.91722,12.67944,,,,,,,
56.95,16.38333,,,,,,,
57.00194,19.25417,,,,,,,
57.01111,19.00056,,,,,,,
57.06111,15.05417,,,,,,,
57.26167,16.44694,,,,,,,
57.27,16.45028,,,,,,,
57.29972,13.56361,,,,,,,
57.33861,16.4525,,,,,,,
57.38111,16.48639,,,,,,,
57.4175,13.60194,,,,,,,
57.57444,16.51028,,,,,,,
57.575556,18.735,,,,,,,
57.93333,19.15,,,,,,,
57.98778,12.93111,,,,,,,
58.4,13.76667,,,,,,,
58.5387,15.0492,,,,,,,
58.75722,15.52472,,,,,,,
59.070833,16.83,,,,,,,
59.28333,18.76667,,,,,,,
59.34194,17.93972,,,,,,,
59.34778,17.88361,,,,,,,
59.84556,18.57167,,,,,,,
60.20722,17.86694,,,,,,,
48.095283,7.670833,,,,,,,
48.30607,14.28629,,,,,,,
50.061383,9.235,,,,,,,
52.55263,-3.77748,,,,,,,
52.59711,-3.80881,,,,,,,
52.60867,-3.63204,,,,,,,
52.61662,-3.7062,,,,,,,
52.65034,-3.85537,,,,,,,
53.00276,-4.2729,,,,,,,
53.11246,-9.1575,,,,,,,
55.9066,13.5963,,,,,,,
56.255,14.07583,,,,,,,
56.71667,16.56667,,,,,,,
59.17722,12.55194,,,,,,,
59.3,18.06667,,,,,,,
59.65,15.03333,,,,,,,
60.3881,5.3203,,,,,,,
50.21695,8.405833,,,,,,,
50.84377,-2.21307,,,,,,,
52.2609,0.27141,,,,,,,
52.34144,0.71603,,,,,,,
52.945231,-3.988244,,,,,,,
53.420244,-4.61112,,,,,,,
55.78333,13.93333,,,,,,,
56.13484,15.41905,,,,,,,
56.15444,15.44556,,,,,,,
56.21222,15.46389,,,,,,,
59.06667,18.4,,,,,,,
60.73139,14.99889,,,,,,,
49.82195,8.443883,,,,,,,
49.823617,8.401117,,,,,,,
51.79109,-2.61628,,,,,,,
51.83135,-2.65311,,,,,,,
48.821117,8.462217,,,,,,,
50.516864,-2.456269,,,,,,,
50.913357,0.97451,,,,,,,
52.43125,0.72156,,,,,,,
52.892839,-4.156806,,,,,,,
52.89854,-1.85876,,,,,,,
53.09093,-8.21645,,,,,,,
55.58162,-5.14968,,,,,,,
56.1778,-5.69811,,,,,,,
56.182341,-2.565419,,,,,,,
56.27411,-5.63468,,,,,,,
56.414009,-2.893004,,,,,,,
56.83503,-6.23853,,,,,,,
56.91897,-6.14938,,,,,,,
50.85754,-0.55775,,,,,,,
52.20483,0.14412,,,,,,,
52.41693,0.75745,,,,,,,
52.44688,0.62685,,,,,,,
52.49113,0.65895,,,,,,,
52.790464,-4.099827,,,,,,,
52.85411,0.90395,,,,,,,
52.93672,0.83505,,,,,,,
52.95503,0.82136,,,,,,,
54.37849,-2.90074,,,,,,,
56.59108,-5.39618,,,,,,,
57.300512,-5.970332,,,,,,,
57.30231,-5.97653,,,,,,,
48.10555,7.681667,,,,,,,
50.578617,8.767217,,,,,,,
50.669038,-4.762142,,,,,,,
50.743617,9.275,,,,,,,
51.02381,-2.0713,,,,,,,
51.03727,-2.10698,,,,,,,
52.63849,1.55498,,,,,,,
52.72598,1.63618,,,,,,,
52.73675,1.5778,,,,,,,
56.21551,-4.33842,,,,,,,
56.91963,14.43453,,,,,,,
60.5128,7.8662,,,,,,,
48.1075,7.695283,,,,,,,
48.113883,7.579167,,,,,,,
50.6639,-2.21226,,,,,,,
50.70424,-2.27617,,,,,,,
50.9337,-2.21348,,,,,,,
50.93388,-2.07116,,,,,,,
50.95632,-2.12103,,,,,,,
51.02381,-1.9287,,,,,,,
51.32239,-2.79656,,,,,,,
51.44123,-1.57551,,,,,,,
51.44642,0.51862,,,,,,,
51.86236,-5.33357,,,,,,,
52.1128,0.25656,,,,,,,
52.26363,0.12498,,,,,,,
52.40058,0.25652,,,,,,,
52.763774,-4.08372,,,,,,,
52.94494,-3.98703,,,,,,,
53.238807,-4.166675,,,,,,,
54.34809,-6.8465,,,,,,,
54.3525,-6.83869,,,,,,,
50.65104,-1.95544,,,,,,,
50.66407,-2.07075,,,,,,,
50.75349,-2.35444,,,,,,,
51.30896,-0.05576,,,,,,,
51.99147,-0.62356,,,,,,,
52.52214,-0.00262,,,,,,,
52.54585,-3.2536,,,,,,,
52.79016,-4.09864,,,,,,,
52.82688,-4.05587,,,,,,,
52.830283,-4.05944,,,,,,,
52.86203,-4.1021,,,,,,,
52.883058,-3.473398,,,,,,,
53.216925,-3.866007,,,,,,,
53.25698,-3.87402,,,,,,,
53.308994,-4.260295,,,,,,,
54.2334,-10.01694,,,,,,,
54.28567,-7.63912,,,,,,,
56.10375,-5.29679,,,,,,,
56.419,-2.83489,,,,,,,
56.82565,-5.19604,,,,,,,
57.10649,-4.72461,,,,,,,
57.94315,-6.8169,,,,,,,
59.1059,10.4072,,,,,,,
60.1,6.0196,,,,,,,
49.933333,8.666667,,,,,,,
50.559717,8.717217,,,,,,,
50.66993,-1.95684,,,,,,,
50.74901,-2.34732,,,,,,,
50.81216,-2.27681,,,,,,,
50.84749,-1.5241,,,,,,,
53.214761,-3.860671,,,,,,,
54.08042,-6.60179,,,,,,,
54.16161,-6.62968,,,,,,,
56.28333,12.46667,,,,,,,
56.295904,12.46825,,,,,,,
57.05872,-4.64688,,,,,,,
57.5877,-4.25012,,,,,,,
57.63224,-3.70004,,,,,,,
58.07111,-5.17943,,,,,,,
58.10397,-5.30122,,,,,,,
58.12278,-5.26898,,,,,,,
58.35879,-4.9915,,,,,,,
60.128161,18.643501,,,,,,,
50.37,-4.1447,,,,,,,
50.84135,-2.78123,,,,,,,
51.10924,-1.92143,,,,,,,
52.05692,-9.50914,,,,,,,
52.793552,-4.760802,,,,,,,
52.8438,-4.11607,,,,,,,
52.906448,-4.150047,,,,,,,
53.26897,-4.452,,,,,,,
56.841758,-5.12353,,,,,,,
57.68925,-3.45105,,,,,,,
57.87671,-4.16694,,,,,,,
58.27295,-4.81366,,,,,,,
50.03273,-5.08007,,,,,,,
50.71777,-3.05544,,,,,,,
51.1961,-0.31817,,,,,,,
51.27569,1.07575,,,,,,,
51.43838,-0.28051,,,,,,,
51.46135,-0.34515,,,,,,,
52.36113,-3.94604,,,,,,,
52.43454,0.57461,,,,,,,
52.7917,-4.00971,,,,,,,
52.797034,-4.005951,,,,,,,
52.805606,-4.00412,,,,,,,
52.85975,1.03806,,,,,,,
53.145285,-3.847946,,,,,,,
53.263825,-1.064452,,,,,,,
53.299727,-4.274813,,,,,,,
54.0522,-4.81882,,,,,,,
54.23391,-4.5319,,,,,,,
54.98381,-4.57108,,,,,,,
55.155,-3.02018,,,,,,,
56.3217,-5.98715,,,,,,,
56.41977,-6.01365,,,,,,,
56.43819,-6.13736,,,,,,,
56.43928,-5.67479,,,,,,,
56.54578,-6.01071,,,,,,,
57.54123,-5.50091,,,,,,,
49.858883,7.996383,,,,,,,
50.77828,-0.70205,,,,,,,
51.28661,-1.23275,,,,,,,
51.98756,0.22113,,,,,,,
52.51757,0.87432,,,,,,,
52.58351,-4.08875,,,,,,,
52.92499,-3.51001,,,,,,,
52.957365,-3.498254,,,,,,,
52.97343,0.60654,,,,,,,
53.300631,-4.66509,,,,,,,
53.449848,-1.323881,,,,,,,
54.25289,-2.8673,,,,,,,
56.68386,-5.91102,,,,,,,
56.69548,-6.10838,,,,,,,
56.75597,-5.60749,,,,,,,
56.7987,-5.36579,,,,,,,
56.88007,-5.66872,,,,,,,
56.94287,-5.00047,,,,,,,
57.05791,-5.07575,,,,,,,
57.2119,-5.62125,,,,,,,
57.42508,-4.32259,,,,,,,
57.43237,-4.26806,,,,,,,
57.5475,-5.70637,,,,,,,
57.85459,-5.54817,,,,,,,
57.87801,-5.34797,,,,,,,
57.89505,-5.38332,,,,,,,
57.9007,-5.16435,,,,,,,
58.03686,-4.01821,,,,,,,
50.2,9.183333,,,,,,,
50.66704,-2.60144,,,,,,,
51.32702,-2.784287,,,,,,,
51.32788,-2.790042,,,,,,,
51.392739,-2.772475,,,,,,,
51.437001,-2.357452,,,,,,,
51.43701,-2.354575,,,,,,,
52.362962,-3.543413,,,,,,,
52.38135,0.74053,,,,,,,
52.5129,0.88139,,,,,,,
55.79178,-4.62408,,,,,,,
55.80544,-6.2296,,,,,,,
56.629247,-5.8318,,,,,,,
56.74118,-5.80243,,,,,,,
56.90947,-6.16477,,,,,,,
57.07344,-4.79646,,,,,,,
57.0849,-2.66828,,,,,,,
57.28488,17.97248,,,,,,,
57.51573,-3.67792,,,,,,,
57.54106,-4.3684,,,,,,,
58.28232,-6.76904,,,,,,,
58.3219,-6.67178,,,,,,,
59.74139,18.9225,,,,,,,
59.74278,18.90917,,,,,,,
60.3245,5.3435,,,,,,,
48.5,9.066667,,,,,,,
50.065283,8.754167,,,,,,,
50.083333,8.783333,,,,,,,
50.5,9.25,,,,,,,
51.1254,1.30878,,,,,,,
51.322979,-2.7835,,,,,,,
51.376924,-2.784421,,,,,,,
51.387354,-2.770947,,,,,,,
51.8615,0.22944,,,,,,,
52.27643,1.62856,,,,,,,
52.33204,0.53195,,,,,,,
52.34969,0.54765,,,,,,,
52.43209,0.87611,,,,,,,
56.76253,-3.88142,,,,,,,
57.40489,-3.45061,,,,,,,
50.05,8.75,,,,,,,
50.071117,9.278333,,,,,,,
50.80044,-2.84442,,,,,,,
50.88486,-0.58534,,,,,,,
54.43611,-3.00223,,,,,,,
54.79805,9.6925,,,,,,,
57.46209,-3.3145,,,,,,,
50.0,8.0,,,,,,,
50.133333,8.366667,,,,,,,
50.16945,8.496667,,,,,,,
50.18635,-5.42556,,,,,,,
50.533333,9.016667,,,,,,,
50.84291,-1.50284,,,,,,,
51.61722,0.30413,,,,,,,
52.33622,0.52558,,,,,,,
56.44857,-5.81371,,,,,,,
56.51949,14.15862,,,,,,,
56.94665,-3.56184,,,,,,,
59.60119,26.02451,,,,,,,
63.084327,7.889849,,,,,,,
50.066667,8.783333,,,,,,,
51.0192,-2.17823,,,,,,,
51.328562,-2.82163,,,,,,,
51.458897,-2.828287,,,,,,,
52.31422,-1.99266,,,,,,,
52.33619,0.52705,,,,,,,
52.34134,0.5178,,,,,,,
52.40727,0.64876,,,,,,,
52.899457,-4.506562,,,,,,,
54.44978,-2.97943,,,,,,,
54.773617,9.678333,,,,,,,
57.01642,-3.35885,,,,,,,
57.04492,-2.57691,,,,,,,
57.47887,-3.16165,,,,,,,
50.09,8.792783,,,,,,,
50.83007,-1.69468,,,,,,,
55.80948,-4.17833,,,,,,,
57.11054,13.76609,,,,,,,
57.993378,-4.158466,,,,,,,
50.53331,-4.06741,,,,,,,
51.447419,-2.79786,,,,,,,
52.20535,0.11487,,,,,,,
53.539726,-1.322451,,,,,,,
56.51556,-5.82858,,,,,,,
50.063617,8.856667,,,,,,,
50.116117,8.830283,,,,,,,
50.12555,8.660283,,,,,,,
51.46179,-0.34442,,,,,,,
51.49057,-0.16329,,,,,,,
48.86695,13.29305,,,,,,,
50.575283,10.022783,,,,,,,
51.33686,-0.11201,,,,,,,
51.48666,-0.52358,,,,,,,
50.136667,8.433617,,,,,,,
50.43708,-3.90829,,,,,,,
50.44607,-3.90865,,,,,,,
50.79124,-1.12737,,,,,,,
60.3915,5.3234,,,,,,,
47.699717,16.901667,,,,,,,
47.743617,16.888883,,,,,,,
47.747217,16.878617,,,,,,,
47.748883,16.89805,,,,,,,
47.749167,16.897217,,,,,,,
48.026667,7.633883,,,,,,,
48.098617,7.589717,,,,,,,
50.0625,8.803617,,,,,,,
50.293883,8.416117,,,,,,,
50.4249,8.362717,,,,,,,
52.00109,-0.32459,,,,,,,
52.34039,0.56179,,,,,,,
53.240393,-4.541439,,,,,,,
54.222719,-3.011468,,,,,,,
54.235469,-2.875231,,,,,,,
55.59562,-4.54746,,,,,,,
50.47805,9.760833,,,,,,,
50.51805,8.96555,,,,,,,
52.79696,0.44761,,,,,,,
55.15864,-1.60759,,,,,,,
55.29052,-4.66887,,,,,,,
47.577217,10.44805,,,,,,,
49.241117,7.25305,,,,,,,
50.147783,9.339717,,,,,,,
50.253617,8.45195,,,,,,,
50.38555,9.93805,,,,,,,
51.138783,8.586083,,,,,,,
51.15055,8.526383,,,,,,,
51.166667,8.516667,,,,,,,
51.188333,9.792783,,,,,,,
51.35,8.6,,,,,,,
51.36805,8.596117,,,,,,,
51.36945,8.60695,,,,,,,
52.42346,0.86084,,,,,,,
53.175042,-4.375204,,,,,,,
57.589453,-2.143832,,,,,,,
47.79445,11.678333,,,,,,,
48.89055,12.581117,,,,,,,
49.649717,7.163617,,,,,,,
49.916383,8.95695,,,,,,,
50.03445,7.395833,,,,,,,
50.060283,8.826117,,,,,,,
50.062783,8.803333,,,,,,,
50.152783,8.77805,,,,,,,
50.228333,8.512783,,,,,,,
50.295,8.415833,,,,,,,
50.443883,8.225833,,,,,,,
50.575283,9.379717,,,,,,,
50.59195,10.000833,,,,,,,
51.1725,8.54305,,,,,,,
53.538617,8.106383,,,,,,,
53.577217,6.70805,,,,,,,
53.583333,6.7,,,,,,,
53.591667,6.699167,,,,,,,
49.570283,11.58445,,,,,,,
49.923333,8.91055,,,,,,,
49.94805,8.959717,,,,,,,
49.978617,8.54805,,,,,,,
50.0,7.5,,,,,,,
50.025833,6.17555,,,,,,,
50.033617,7.387217,,,,,,,
50.062783,8.803883,,,,,,,
50.064717,8.852217,,,,,,,
50.083333,8.716667,,,,,,,
50.14945,7.5825,,,,,,,
51.001117,6.813333,,,,,,,
51.685949,-9.66162,,,,,,,
57.69644,-5.49657,,,,,,,
51.384609,-2.778086,,,,,,,
58.457019,8.822703,,,,,,,
61.1758,6.9022,,,,,,,
50.37899,-4.1451,,,,,,,
54.263249,-3.198233,,,,,,,
54.94177,-3.92816,,,,,,,
57.02755,-3.88656,,,,,,,
57.04973,-2.5028,,,,,,,
57.26452,-3.64989,,,,,,,
57.27426,-2.52244,,,,,,,
57.58499,-3.86513,,,,,,,
57.9647,-4.73026,,,,,,,
60.533,5.5423,,,,,,,
50.70447,-2.14871,,,,,,,
50.73143,-2.16297,,,,,,,
52.52986,-4.054529,,,,,,,
53.12352,13.123285,,,,,,,
54.18964,-2.91196,,,,,,,
54.54888,-2.95088,,,,,,,
55.57017,-5.24397,,,,,,,
56.06504,-4.4498,,,,,,,
56.17434,-4.3762,,,,,,,
56.18143,-4.47333,,,,,,,
56.21923,-4.37897,,,,,,,
56.52097,-5.94301,,,,,,,
56.88669,-2.76322,,,,,,,
56.97379,-3.12696,,,,,,,
57.00301,-6.32358,,,,,,,
57.16092,-4.90232,,,,,,,
57.2045,-5.31984,,,,,,,
57.21421,-5.61899,,,,,,,
57.32071,-4.58263,,,,,,,
57.47226,-4.41816,,,,,,,
57.56302,-4.59977,,,,,,,
57.67564,-4.35621,,,,,,,
57.97984,-4.4269,,,,,,,
58.53507,-4.01842,,,,,,,
50.68447,-1.29924,,,,,,,
50.72785,-2.92813,,,,,,,
50.82073,-1.58116,,,,,,,
50.91141,-1.96444,,,,,,,
50.92023,-1.79369,,,,,,,
50.92038,-1.92174,,,,,,,
51.00937,-1.52244,,,,,,,
51.01655,-4.20292,,,,,,,
51.06225,-1.30782,,,,,,,
51.18088,-2.27901,,,,,,,
51.65555,-1.26991,,,,,,,
51.66397,-1.18301,,,,,,,
51.74519,-1.225,,,,,,,
52.0592,-0.30053,,,,,,,
52.38101,0.75521,,,,,,,
52.38201,1.07863,,,,,,,
52.42807,1.67045,,,,,,,
52.43827,0.63001,,,,,,,
52.43962,0.93547,,,,,,,
52.45454,0.68619,,,,,,,
52.45488,0.67149,,,,,,,
52.47217,0.70199,,,,,,,
52.4784,0.82021,,,,,,,
52.47875,0.8055,,,,,,,
52.5091,0.66004,,,,,,,
52.5139,1.0215,,,,,,,
52.52272,1.51612,,,,,,,
52.57519,0.51642,,,,,,,
52.62781,1.30281,,,,,,,
52.71881,1.57633,,,,,,,
52.72502,-3.99109,,,,,,,
52.73973,-3.88879,,,,,,,
52.7573,0.40832,,,,,,,
52.7728,0.52781,,,,,,,
52.77306,1.25448,,,,,,,
52.77616,1.46237,,,,,,,
52.8236,1.37705,,,,,,,
52.91483,-3.59891,,,,,,,
52.94519,-3.97216,,,,,,,
52.94679,-4.1144,,,,,,,
52.96768,-4.05137,,,,,,,
53.0972,-3.88574,,,,,,,
53.14444,-4.38507,,,,,,,
53.17565,-3.59362,,,,,,,
53.17753,-4.05763,,,,,,,
53.18519,-4.13285,,,,,,,
53.23038,-4.12011,,,,,,,
53.40582,-4.35453,,,,,,,
54.21957,-1.6549,,,,,,,
54.39805,-2.65469,,,,,,,
54.89728,-3.193,,,,,,,
54.95882,-4.47575,,,,,,,
54.99077,-4.66535,,,,,,,
55.11909,-4.07785,,,,,,,
55.20533,-3.73655,,,,,,,
55.23892,-3.89532,,,,,,,
55.98199,-4.95766,,,,,,,
55.99959,-4.57399,,,,,,,
56.08105,-4.54727,,,,,,,
56.10723,-4.98335,,,,,,,
56.37017,-6.15429,,,,,,,
56.46101,-4.84868,,,,,,,
56.48502,-6.21562,,,,,,,
56.51149,-5.95829,,,,,,,
56.52195,-5.29239,,,,,,,
56.56809,-5.24755,,,,,,,
56.62486,-6.06806,,,,,,,
56.67644,-4.44039,,,,,,,
56.71097,-4.01774,,,,,,,
56.86867,-5.43775,,,,,,,
56.89557,-5.44022,,,,,,,
57.03854,-2.89818,,,,,,,
57.04637,-3.04673,,,,,,,
57.22398,-4.47644,,,,,,,
57.27078,-4.38005,,,,,,,
57.33677,-2.6064,,,,,,,
57.36594,-5.33442,,,,,,,
57.37211,-4.7027,,,,,,,
57.37346,-2.25527,,,,,,,
57.3973,-5.50381,,,,,,,
57.41752,-5.42243,,,,,,,
57.93249,-4.96437,,,,,,,
58.02194,-5.34448,,,,,,,
58.25336,-6.57742,,,,,,,
58.84704,17.71356,,,,,,,
59.058931,10.934788,,,,,,,
56.61742,-6.15698,8.2,,1.2,,,,
57.762377,-4.116071,5.6,,0.4,,,,
50.80878,-1.07027,10.8,,0.4,,,,
55.69411,-3.03417,4.7,,1.9,,,,
52.79696,0.44761,11.1,,0.5,,,,
56.13258,-5.04971,7.3,,2.8,,,,
56.8064,-2.66332,8.4,,2.7,,,,
56.91253,-2.928,6.6,,2.6,,,,
56.95314,-2.90435,4.4,,2.8,,,,
51.20702,-1.47745,11.8,,2.6,,,,
56.95314,-2.90435,3.8,,1.2,,,,
53.4161,-2.97057,8.7,,2.0,,,,
52.71922,0.5099,7.7,,0.2,,,,
50.88854,-0.88312,8.9,,0.4,,,,
50.91734,-0.88528,8.3,,0.4,,,,
50.93365,-0.80661,8.4,,0.5,,,,
54.08938,-2.43806,10.3,,0.0,,,,
50.84221,-2.6392,6.2,,0.0,,,,
54.31591,-2.85325,5.0,,0.0,,,,
58.53312,-4.21847,7.3,,0.1,,,,
57.91014,-4.07525,7.8,,0.0,,,,
50.89277,-2.39105,8.1,,0.0,,,,
52.34323,1.50184,5.3,,0.0,,,,
52.48191,1.04141,6.6,,0.0,,,,
52.79776,-4.10123,8.6,,0.6,,,,
50.85328,-1.01255,10.8,,0.0,,,,
52.6892,-1.2084,10.8,,0.8,,,,
55.60427,-3.03181,6.4,,0.8,,,,
50.84221,-2.6392,12.4,,1.6,,,,
55.85243,-5.10763,8.6,,0.2,,,,
56.67292,-5.01162,6.4,,0.5,,,,
56.95314,-2.90435,6.6,,0.7,,,,
51.43838,-0.28051,13.0,,0.7,,,,
50.92023,-1.79369,11.8,,0.3,,,,
57.74422,-4.36487,11.7,,0.0,,,,
57.77254,-4.24058,10.5,,0.0,,,,
50.83387,-0.85673,19.9,,0.0,,,,
52.67645,0.40387,12.0,,0.0,,,,
54.95914,-4.46014,15.5,,0.5,,,,
52.72554,-1.26697,12.2,,1.1,,,,
54.88403,-3.16922,14.0,,3.3,,,,
52.72554,-1.26697,13.4,,0.6,,,,
51.455582,-2.639686,16.2,,0.4,,,,
52.906178,-4.164905,15.0,,0.5,,,,
50.92023,-1.79369,19.4,,0.3,,,,
57.93187,-4.22516,13.7,,0.0,,,,
51.87184,0.1573,20.0,,0.0,,,,
52.11602,-4.08143,15.0,,2.5,,,,
57.75944,-4.19353,13.3,,0.2,,,,
56.44857,-5.81371,11.8,,0.4,,,,
50.85328,-1.01255,21.3,,0.0,,,,
57.89056,-4.42003,15.0,,0.0,,,,
56.1339,-3.8506,19.9,,0.0,,,,
56.56809,-5.24755,15.3,,0.3,,,,
57.92101,-4.20338,12.9,,0.0,,,,
51.74519,-1.225,15.4,,2.6,,,,
53.23645,-1.04849,16.6,,0.2,,,,
53.26353,-1.06288,16.6,,0.2,,,,
53.263825,-1.064452,16.6,,0.2,,,,
53.30373,-0.58172,16.6,,0.1,,,,
58.369208,-4.233615,9.7,,0.0,,,,
50.91251,-0.85125,18.4,,0.0,,,,
57.94028,-4.25779,20.1,,0.2,,,,
56.61742,-6.15698,12.0,,0.1,,,,
58.02194,-5.34448,11.5,,1.5,,,,
55.64378,-3.13614,12.7,,0.1,,,,
52.72554,-1.26697,14.3,,2.2,,,,
55.66175,-3.13666,15.9,,0.1,,,,
57.07413,-3.20671,14.9,,1.5,,,,
50.85328,-1.01255,20.0,,0.0,,,,
59.058931,10.934788,18.1,,0.6,,,,
55.83568,-5.05837,13.1,,0.3,,,,
55.83568,-5.05837,14.1,,0.5,,,,
55.59045,-3.07112,15.5,,0.8,,,,
56.17434,-4.3762,14.4,,0.7,,,,
57.04015,-3.2361,14.7,,1.4,,,,
55.3075,-2.11816,14.4,,0.3,,,,
51.87184,0.1573,20.1,,0.0,,,,
51.92467,0.21802,19.9,,0.0,,,,
55.85769,-5.25193,13.7,,0.3,,,,
55.85811,-5.23597,13.2,,0.3,,,,
55.88544,-5.211606,14.1,,0.3,,,,
56.128,-5.721,13.4,,0.3,,,,
56.48502,-6.21562,12.1,,1.4,,,,
55.05367,-3.95702,15.3,,0.4,,,,
55.83713,-5.95333,16.0,,0.0,,,,
50.85328,-1.01255,19.7,,0.0,,,,
55.39509,-4.6767,15.4,,0.0,,,,
57.49126,-4.11067,15.6,,0.1,,,,
58.02194,-5.34448,10.7,,0.3,,,,
56.16949,-4.15035,16.7,,0.0,,,,
52.0557,1.17286,17.1,,0.0,,,,
56.64118,-6.11878,14.7,,0.5,,,,
57.04637,-3.04673,15.0,,0.0,,,,
52.65688,1.54168,15.9,,0.0,,,,
55.07054,-4.27898,14.3,,2.5,,,,
55.69267,-3.19324,11.9,,1.8,,,,
55.83713,-5.95333,14.0,,1.4,,,,
55.9826,-5.90401,15.7,,1.9,,,,
55.08909,-4.24869,9.4,,0.5,,,,
57.40655,-5.80456,11.1,,0.0,,,,
51.20702,-1.47745,16.3,,1.9,,,,
56.91253,-2.928,15.2,,0.1,,,,
56.95314,-2.90435,11.3,,1.0,,,,
56.97529,-2.94602,9.6,,0.9,,,,
54.98381,-4.57108,12.0,,0.5,,,,
56.85599,-5.23965,11.7,,0.9,,,,
56.95314,-2.90435,9.4,,0.4,,,,
56.87672,-2.91071,10.0,,0.0,,,,
56.95314,-2.90435,8.9,,0.0,,,,
51.39659,-1.67655,11.2,,1.6,,,,
52.7573,0.40832,14.8,,0.8,,,,
54.9242,-3.93122,12.7,,0.5,,,,
52.7573,0.40832,16.1,,1.2,,,,
52.79696,0.44761,16.1,,1.2,,,,
55.49628,-5.31709,12.8,,0.0,,,,
55.85243,-5.10763,12.6,,0.4,,,,
52.7573,0.40832,15.3,,1.2,,,,
56.91253,-2.928,9.4,,0.4,,,,
54.31591,-2.85325,5.9,,0.0,,,,
54.99259,-1.67956,9.7,,0.0,,,,
56.4518,-5.85463,5.9,,0.0,,,,
56.62275,-5.99441,7.1,,0.0,,,,
52.45076,0.84788,13.9,,0.0,,,,
56.4518,-5.85463,10.0,,0.0,,,,
52.57831,0.98238,10.2,,0.0,,,,
51.08878,-1.23602,6.0,,0.0,,,,
51.25861,-1.08989,9.7,,0.0,,,,
52.29796,0.44199,8.4,,0.0,,,,
52.37134,0.78399,8.2,,0.0,,,,
53.3905,-0.3382,7.5,,0.0,,,,
51.20702,-1.47745,2.2,,0.0,,,,
52.11602,-4.08143,6.0,,0.6,,,,
55.66238,-5.15617,9.8,,3.8,,,,
57.40655,-5.80456,3.5,,2.0,,,,
51.43838,-0.28051,5.6,,0.7,,,,
56.21296,-4.68506,2.2,,0.9,,,,
51.43838,-0.28051,9.1,,0.0,,,,
54.4942,-7.9591,6.8,,1.9,,,,
57.616667,26.333333,16.7,,0.0,,,,
52.59578,1.32255,21.9,,0.8,,,,
51.456481,-2.639699,17.1,,2.5,,,,
53.193712,-4.099279,14.6,,0.0,,,,
51.469131,-2.628358,19.7,,0.0,,,,
53.193712,-4.099279,16.3,,0.2,,,,
60.1472,5.6167,20.0,,0.0,,,,
51.504172,-2.633163,16.5,,0.1,,,,
53.300631,-4.66509,17.0,,0.2,,,,
54.251252,-4.372175,15.7,,0.6,,,,
58.8157,7.9612,-9.7,,0.0,,,,
53.449848,-1.323881,11.3,,1.3,,,,
57.019098,-3.063932,4.0,,0.1,,,,
58.5653,6.2189,13.6,,0.1,,,,
54.251252,-4.372175,13.7,,0.1,,,,
52.376728,-3.521857,-2.1,,0.1,,,,
55.6618,14.26787,17.8,,2.9,,,,
52.362962,-3.543413,20.3,,0.3,,,,
57.087601,-4.056036,18.6,,2.3,,,,
48.77922,-3.57473,10.7,,2.8,,,,
50.38,8.0,10.4,,0.9,,,,
58.38133,11.63247,16.1,,1.8,,,,
44.98342,-1.10764,11.3,,0.0,,,,
49.844,6.27183,5.8,,0.0,,,,
58.91579,12.32057,13.1,,0.0,,,,
59.1448,12.95688,18.6,,1.2,,,,
51.43701,-2.354575,20.6,,3.1,,,,
51.453831,-2.631026,20.6,,2.9,,,,
51.437001,-2.357452,17.8,,0.3,,,,
51.438808,-2.354589,17.9,,0.3,,,,
51.453831,-2.631026,18.0,,0.3,,,,
51.458414,-2.421165,18.4,,0.3,,,,
51.863143,-5.336796,15.9,,0.3,,,,
51.32702,-2.784287,20.6,,0.6,,,,
51.32788,-2.790042,20.5,,0.7,,,,
51.33197,-2.783654,21.1,,0.7,,,,
51.451805,-2.813767,22.0,,0.6,,,,
51.485548,-2.742358,22.3,,0.6,,,,
57.122411,-2.075953,15.9,,0.4,,,,
51.392739,-2.772475,22.2,,2.2,,,,
51.456481,-2.639699,21.8,,2.4,,,,
51.32702,-2.784287,17.3,,0.0,,,,
51.32788,-2.790042,17.5,,0.0,,,,
51.33197,-2.783654,18.1,,0.0,,,,
51.458887,-2.829726,18.0,,0.0,,,,
51.469131,-2.628358,17.9,,0.0,,,,
49.7244,6.49857,3.5,,0.2,,,,
51.307445,-2.881506,16.2,,0.0,,0.71,,
51.325834,-2.825887,15.6,,0.0,,0.85,,
51.412691,-2.813791,17.9,,0.4,,0.78,,
40.21264,20.4228,14.1,,0.1,,0.55,,
51.45069,-2.42098,22.2,,0.2,,0.75,,
51.45069,-2.42098,13.7,,0.7,,0.74,,
51.45069,-2.42098,11.4,,0.0,,0.78,,
51.45069,-2.42098,12.9,,1.8,,0.74,,
51.45069,-2.42098,21.6,,0.0,,0.75,,
51.46702,-1.11958,17.9,,1.2,,0.66,,
51.46796,-1.01158,23.3,,0.2,,0.76,,
51.46879,-1.00292,23.3,,0.2,,0.83,,
51.57052,-2.34993,17.5,,0.4,,0.87,,
51.58135,-2.33847,6.3,,0.4,,0.75,,
52.15706,0.81227,17.0,,0.0,,0.6,,
52.18627,0.83167,17.1,,0.0,,0.59,,
52.9322,-4.075,12.7,,4.2,,0.7,,
52.9322,-4.075,6.4,,0.3,,0.7,,
52.94568,-4.07564,19.2,,0.0,,0.62,,
52.9466,-4.0742,15.2,,1.3,,0.67,,
52.9466,-4.0742,18.2,,0.7,,0.83,,
52.95368,-4.00232,10.7,,0.1,,0.67,,
52.985,-4.01122,9.2,,0.1,,0.58,,
52.99706,-4.09375,9.7,,1.8,,0.72,,
53.28114,-2.05625,18.1,,0.0,,0.68,,
53.28114,-2.05625,5.8,,0.0,,0.68,,
53.33777,-2.05332,19.5,,0.0,,0.76,,
54.21652,-1.13729,11.0,,0.7,,0.57,,
54.50203,-3.122,6.5,,1.67,,0.56,,
56.24139,-4.41828,11.1,,0.9,,0.77,,
56.34406,-4.00399,12.4,,0.6,,0.63,,
56.36768,-3.3964,6.6,,0.8,,0.67,,
56.36852,-3.40129,6.6,,0.8,,0.74,,
56.81289,-4.0224,13.2,,1.0,,0.56,,
56.81764,-4.06198,14.5,,0.2,,0.62,,
56.81845,-4.06694,13.8,,0.3,,0.64,,
56.8357,-4.05642,12.0,,0.9,,0.57,,
56.83959,-4.03859,11.8,,0.0,,0.54,,
56.84862,-4.03581,14.1,,0.0,,0.57,,
56.87306,-4.0798,13.1,,1.0,,0.57,,
56.88165,-4.04909,11.0,,0.4,,0.55,,
56.88388,-4.02295,11.6,,0.7,,0.57,,
56.88845,-4.01827,10.2,,0.4,,0.54,,
56.97905,-3.52123,18.2,,0.8,,0.61,,
56.97995,-3.52127,18.3,,0.8,,0.64,,
56.98352,-2.2707,15.0,,0.0,,0.44,,
57.0011,-2.41077,12.22,,0.0,,0.8,,
57.00116,-2.3943,16.2,,1.4,,0.74,,
57.00116,-2.3943,16.5,,0.0,,0.74,,
57.00885,-3.50927,15.1,,0.0,,0.62,,
57.01922,-2.36155,17.9,,0.3,,0.72,,
57.01922,-2.36155,19.6,,0.0,,0.72,,
57.18283,-3.60902,18.6,,0.0,,0.53,,
57.18556,-3.60583,18.5,,0.0,,0.59,,
57.18576,-3.85241,19.3,,0.0,,0.6,,
57.18809,-3.54802,17.1,,0.0,,0.54,,
57.2005,-3.56178,18.1,,0.0,,0.64,,
57.21002,-3.65988,23.5,,0.4,,0.67,,
57.21195,-3.65003,22.6,,0.0,,0.77,,
57.21211,-3.56724,3.4,,0.4,,0.61,,
57.23979,-5.891,7.3,,0.9,,0.81,,
57.24462,-3.69293,19.9,,0.4,,0.68,,
57.25614,-3.70506,15.9,,0.0,,0.75,,
57.26274,-3.68215,20.4,,0.4,,0.47,,
57.30612,-2.53036,19.4,,0.1,,0.71,,
57.40358,-4.68087,16.0,,0.1,,0.44,,
57.41177,-4.71811,16.8,,0.8,,0.76,,
57.456,-4.55882,12.8,,0.0,,0.7,,
57.58314,-4.01477,7.6,,0.3,,0.87,,
57.58634,-3.98316,8.6,,0.7,,0.57,,
57.59994,-4.55218,5.6,,1.3,,0.72,,
57.63306,-4.68855,12.4,,0.2,,0.77,,
57.82345,-4.63113,15.8,,0.7,,0.6,,
57.83476,-4.64881,18.3,,0.0,,0.52,,
57.83591,-4.6371,2.5,,0.2,,0.53,,
57.85985,-4.58742,8.0,,0.0,,0.63,,
57.85985,-4.58742,6.8,,0.9,,0.53,,
57.87415,-4.61291,12.1,,0.0,,0.55,,
40.215037,20.070754,11.2,,0.0,,0.48,,
42.238,20.416,21.5,,0.7,,0.55,,
48.76587,-3.53296,10.4,,2.5,,0.74,,
51.458556,-2.670673,20.8,,0.0,,0.6,,
63.609146,8.72168,15.3,,0.2,,0.67,,
51.0034,-4.20871,15.9,,0.6,,0.76,,
51.02408,-1.78539,6.0,,0.0,,0.82,,
51.455582,-2.639686,19.4,,0.0,,0.65,,
55.79627,-4.28689,6.1,,0.0,,0.62,,
55.86493,-3.83699,10.8,,0.0,,0.57,,
56.59425,-2.89494,10.6,,0.9,,0.56,,
57.16322,-3.8273,17.5,,0.0,,0.7,,
57.18093,-3.84473,0.3,,0.0,,0.62,,
57.18991,-3.84517,3.1,,0.9,,0.55,,
57.19889,-3.84562,2.8,,0.9,,0.82,,
59.988628,24.439898,16.9,,0.3,,0.85,,
60.000963,20.158577,11.8,,0.0,,0.76,,
41.56355,44.52456,23.8,,0.0,,,,Water bodies
41.59967,44.78578,27.8,,0.2,,,,Broad-leaved forest
41.62233,44.63447,21.7,,0.0,,,,Broad-leaved forest
41.63102,44.63377,21.8,,0.0,,,,Pastures
41.64209,41.68701,16.6,,2.1,,,,Road and rail networks and associated land
41.73388888,42.21,0.0,,0.0,,,,Road and rail networks and associated land
46.210011,6.084023,23.9,,0.0,,0.62,,
47.955555,9.688889,22.7,,0.0,,0.84,,
48.055367,9.000378,18.8,,2.4,,0.53,,
51.341505,-2.697676,21.9,,0.0,,0.86,,
60.48354,16.46719,20.9,,0.0,,0.66,,
42.0402,41.73652,15.8,,0.0,,,,Broad-leaved forest
42.04339,41.73471,15.8,,0.0,,,,Sport and leisure facilities
42.3586,41.87405,16.4,,0.0,,,,Pastures
42.512159,42.792177,21.7,,0.4,,,,Inland marshes
42.54209,43.23961,24.7,,0.2,,,,Green urban areas
42.56344,43.48018,24.0,,0.0,,,,Broad-leaved forest
42.565851,42.866592,21.8,,0.3,,,,Pastures
42.56774,43.28365,24.8,,0.2,,,,Pastures
42.5687,43.3795,18.6,,0.2,,,,Broad-leaved forest
42.570307,43.422904,24.1,,0.2,,,,Inland marshes
42.57156,43.40141,18.7,,0.2,,,,Non-irrigated arable land
42.58112,43.03018,17.9,,0.0,,,,Non-irrigated arable land
42.58614,43.43578,17.9,,0.0,,,,Non-irrigated arable land
42.58844,43.43503,23.5,,0.0,,,,Non-irrigated arable land
42.590184,43.460627,23.0,,0.2,,,,Non-irrigated arable land
42.64329,43.54627,9.4,,0.4,,,,Pastures
43.02883,42.73457,15.8,,1.8,,,,Pastures
43.04146,42.71978,18.9,,0.8,,,,Pastures
48.492023,12.944847,17.5,,2.9,,0.63,,
48.492023,12.944847,7.5,,1.5,,0.69,,
41.27506,46.06397,22.2,,1.6,,,,"Land principally occupied by agriculture, with significant areas of natural vegetation"
41.51774,45.93264,29.2,,0.0,,,,Complex cultivation patterns
41.551874,45.864836,29.6,,0.0,,,,Industrial or commercial units
41.6185865,45.922079,29.3,,0.0,,,,Water bodies
48.849197,9.403396,15.6,,0.0,,0.62,,
60.203328,20.049439,16.5,,1.9,,0.85,,
51.07974,2.55303,8.3,,0.0,,0.7,,
48.986244,9.324646,16.5,,2.4,,0.68,,
41.21794,45.5939,16.9,,0.8,,,,"Land principally occupied by agriculture, with significant areas of natural vegetation"
41.29935,44.26072,25.6,,0.0,,,,"Land principally occupied by agriculture, with significant areas of natural vegetation"
41.684002,41.859802,21.4,,0.7,,,,"Land principally occupied by agriculture, with significant areas of natural vegetation"
41.776944,44.922409,7.2,,0.0,,,,
41.808622,44.77803,17.6,,0.9,,,,
41.991525,43.626437,19.4,,0.7,,,,
42.09403,41.70495,26.3,,0.2,,,,
42.281109,42.058148,28.5,,0.6,,,,
42.43724,42.75371,16.7,,0.0,,,,
42.4,42.68792,16.7,,0.0,,,,
42.414051,42.090029,28.0,,1.3,,,,
42.55039,42.92136,16.9,,0.0,,,,
42.55512,42.80997,17.1,,0.0,,,,
41.08398,28.959575,22.0,,0.0,,-1.0,,
42.655108,41.964662,12.2,,0.1,,,,
42.660321,41.991512,12.2,,0.1,,,,
49.059471,9.133201,11.8,,0.8,,0.66,,
49.119053,8.910427,26.5,,1.2,,0.71,,
48.015883,37.80285,28.9,,0.0,,-1.0,,
50.26762,10.471001,12.0,,0.6,,0.48,,
50.736019,11.476287,21.6,,0.8,,0.65,,
50.778324,8.987675,15.3,,0.1,,0.39,,
50.822422,8.779535,17.1,,2.6,,0.65,,
50.822422,8.779535,22.4,,0.6,,0.65,,
42.595935,41.905637,12.3,,0.1,,,,
50.912395,7.229433,14.4,,0.1,,0.57,,
51.359669,9.054623,21.7,,1.1,,0.54,,
50.952652,6.75642,21.2,,0.0,,0.73,,
50.988476,9.934902,18.2,,1.4,,0.74,,
51.359669,9.054623,20.1,,4.4,,0.33,,
51.359669,9.054623,18.7,,0.1,,0.33,,
51.359669,9.054623,19.7,,0.0,,0.33,,
51.479832,10.268955,17.1,,1.5,,0.79,,
51.293706,31.285698,32.9,,0.0,,-1.0,,
51.375906,-2.341172,24.9,,0.3,,0.76,,
51.475822,-2.786117,13.8,,0.4,,0.68,,
51.875008,9.46146,8.6,,0.0,,-0.15,,
51.576705,36.10421,17.8,,1.5,,-1.0,,
52.117092,10.537254,18.5,,0.0,,0.54,,
51.65,3.7,23.2,,0.0,,-0.6,,
51.860431,32.601489,28.8,,0.0,,-1.0,,
51.861529,32.603848,28.9,,0.0,,-1.0,,
53.083481,8.839359,21.0,,0.0,,0.57,,
52.062862,32.527665,18.6,,0.3,,-1.0,,
52.156966,32.756901,33.1,,0.0,,-1.0,,
52.161993,32.840339,32.3,,0.2,,-1.0,,
52.169281,32.844679,32.3,,0.2,,-1.0,,
52.173302,32.871563,19.1,,0.1,,-1.0,,
52.208924,32.385979,15.7,,0.0,,-1.0,,
52.231934,32.500597,15.6,,0.0,,-1.0,,
52.251686,35.297673,23.7,,3.5,,-1.0,,
52.336777,35.337697,25.4,,0.0,,-1.0,,
53.396328,12.797356,17.8,,0.2,,0.59,,
52.694097,-1.217241,15.9,,0.0,,0.46,,
53.673706,6.932416,19.7,,0.7,,0.78,,
53.684624,10.007194,22.7,,0.0,,0.69,,
53.68898,9.517937,19.1,,4.2,,0.66,,
53.691879,9.674921,16.0,,0.3,,0.73,,
53.865405,9.815079,14.2,,1.1,,0.72,,
54.749546,9.352283,16.8,,0.0,,0.8,,
54.96994,-5.962951,12.2,,0.3,,0.62,,
56.109957,-5.255132,16.0,,0.0,,0.03,,
56.19728,16.4003,19.3,,0.0,,0.49,,
56.29992,43.967617,18.4,,0.0,,-1.0,,
57.4953,18.12207,21.7,,0.8,,-0.48,,
58.069464,7.832869,17.5,,0.0,,-0.05,,
58.82417,5.749344,7.3,,1.4,,0.58,,
58.92429,16.27825,30.2,,0.0,,0.76,,
58.924647,6.355715,8.1,,0.3,,0.87,,
58.94837,5.676751,7.5,,0.4,,0.6,,
58.973614,5.624882,7.7,,0.4,,0.76,,
59.047752,6.207745,13.2,,1.0,,0.66,,
59.090033,9.200554,11.1,,0.7,,0.48,,
59.23804,15.19587,20.1,,0.5,,0.48,,
59.243046,9.777488,16.7,,6.4,,0.28,,
59.246055,11.008593,15.5,,0.0,,0.85,,
59.255512,10.397011,13.3,,0.1,,0.69,,
59.281719,9.193475,18.1,,0.1,,0.61,,
59.437914,10.455384,18.3,,0.1,,0.66,,
59.437969,5.081419,17.2,,0.0,,0.73,,
59.44844,17.91812,17.1,,2.2,,0.71,,
59.45457,13.00594,16.3,,0.3,,0.75,,
59.51503,16.00533,2.6,,0.0,,0.58,,
59.54143,16.66798,22.1,,0.1,,0.67,,
59.54162,16.66839,18.7,,0.8,,0.81,,
59.54728,16.66644,17.2,,0.0,,0.74,,
59.55678,18.36535,24.5,,1.8,,0.81,,
59.57402,17.91332,10.2,,1.7,,0.67,,
59.59463,17.0198,10.9,,0.5,,0.77,,
59.62051,18.86238,15.2,,1.6,,0.75,,
59.64407,15.05169,19.3,,0.5,,0.61,,
59.670641,10.534894,17.0,,0.0,,0.78,,
59.670714,10.935066,23.8,,1.6,,0.63,,
59.68141,17.79033,16.2,,4.3,,0.75,,
59.75775,17.63973,27.1,,0.9,,0.8,,
60.231332,19.914589,17.6,,3.6,,0.89,,
60.278387,19.830574,16.2,,0.0,,0.68,,
59.86263,18.80859,26.2,,0.0,,0.69,,
59.86272,18.80842,25.5,,0.0,,0.74,,
59.96511,17.46731,16.7,,0.1,,0.65,,
59.97095,17.16045,22.5,,0.0,,0.75,,
59.98524,17.16106,23.9,,0.4,,0.56,,
60.314402,19.828216,16.3,,0.0,,0.73,,
59.995612,11.006922,25.6,,1.8,,0.67,,
60.402237,22.390736,14.8,,0.0,,0.74,,
60.02045,18.47903,19.6,,0.9,,0.79,,
60.02293,18.47362,22.5,,0.0,,0.66,,
60.430932,22.144749,21.7,,0.0,,0.71,,
60.16475,18.81089,20.8,,0.0,,0.57,,
60.16578,18.36654,23.8,,0.0,,0.77,,
60.16628,18.37408,23.7,,2.3,,0.8,,
60.16628,18.37408,20.5,,0.4,,0.8,,
60.16628,18.37408,25.2,,0.0,,0.8,,
60.16628,18.37408,24.5,,0.8,,0.8,,
60.16628,18.37408,21.3,,1.5,,0.78,,
60.16628,18.37408,10.6,,0.5,,0.78,,
60.222788,5.449935,20.3,,3.8,,0.89,,
60.286096,22.402423,18.7,,0.1,,0.45,,
59.969394,24.395404,4.3,,0.0,,,,
45.159372,7.217507,6.0,,0.0,,,,
59.327388,10.803912,3.7,,0.0,,,,
60.263858,24.065573,2.1,,0.0,,,,
55.6212,14.14968,4.6,,0.2,,,,
59.327388,10.803912,5.8,,0.9,,,,
49.400099,7.557313,9.1,,0.8,,,,
59.61987,17.69376,3.3,,0.0,,,,
56.29062,12.48126,9.0,,1.3,,,,
38.640954,-9.051367,16.3,,3.1,,,,
57.96122,19.23215,5.1,,0.0,,,,
59.72356,17.31676,4.5,,0.0,,,,
58.67053,13.63324,7.9,,0.0,,,,
43.40462,6.70944,13.7,,0.2,,,,
59.85851,17.60367,3.8,,0.6,,,,
48.941906,9.465858,15.2,,1.4,,,,
51.013336,9.921011,10.4,,1.0,,,,
56.26383,14.53308,6.3,,0.0,,,,
57.11982,12.40246,4.9,,1.7,,,,
57.43182,12.01579,6.0,,0.1,,,,
47.23652,0.92275,12.4,,0.3,,,,
57.27768,18.37446,7.3,,0.0,,,,
60.625152,5.208881,2.2,,0.9,,,,
48.941906,9.465858,11.8,,0.0,,,,
56.87349,16.65211,4.7,,0.8,,,,
43.762872,1.566135,15.4,,0.0,,,,
46.022148,11.616426,11.4,,0.0,,,,
60.401654,22.392024,2.1,,0.0,,,,
47.17235,2.21751,10.1,,1.3,,,,
51.141582,9.497343,4.9,,1.3,,,,
43.525365,1.301663,15.9,,0.4,,,,
44.07105,0.18462,14.1,,2.5,,,,
44.10041,0.21092,14.4,,2.4,,,,
48.99749,9.647491,9.7,,1.6,,,,
60.17516,22.129845,2.6,,0.1,,,,
50.641321,8.711598,5.8,,0.6,,,,
62.433379,6.924062,6.1,,0.5,,,,
48.638141,11.405281,10.1,,0.6,,,,
41.776981,44.922517,16.0,,0.0,,,,
45.563879,11.15608,8.1,,0.4,,,,
51.17775,-4.66852,9.8,,2.6,,,,
48.941906,9.465858,15.1,,0.1,,,,
59.52427,15.04224,8.4,,0.2,,,,
59.74434,17.85229,5.3,,0.9,,,,
47.01668,2.5022,10.3,,0.2,,,,
48.873981,8.790667,8.8,,0.0,,,,
48.08091,-1.821584,12.5,,0.2,,,,
50.102678,14.330175,7.7,,0.0,,,,
51.009918,9.929183,8.5,,0.1,,,,
55.52501,13.25301,5.0,,0.0,,,,
56.16551,12.70803,4.5,,0.0,,,,
56.279139,9.396622,5.9,,0.0,,,,
48.612457,12.456084,11.1,,0.0,,,,
54.398712,10.218691,11.3,,0.0,,,,
56.9948,14.66085,6.9,,0.2,,,,
60.92187,15.11822,5.8,,0.5,,,,
48.980583,9.301,18.2,,0.1,,,,
51.009663,9.935307,15.1,,0.2,,,,
51.155089,3.460361,11.7,,0.3,,,,
57.73213,11.68108,7.2,,0.0,,,,
47.32283,2.28529,19.8,,0.2,,,,
52.4,6.1,8.7,,0.1,,,,
56.75915,16.64783,5.2,,0.1,,,,
47.589775,7.6957,10.1,,0.4,,,,
51.542605,6.705331,8.5,,0.0,,,,
44.28919,0.27533,17.8,,0.0,,,,
57.0916,12.39781,4.0,,0.0,,,,
50.736019,11.476287,5.0,,0.0,,,,
52.849177,16.03057,6.3,,0.0,,,,
51.141582,9.497343,8.5,,0.0,,,,
57.72602,11.95143,7.2,,0.0,,,,
57.728184,11.948596,7.2,,0.0,,,,
45.671829,8.191219,10.0,,0.1,,,,
47.10882,2.27294,13.3,,0.0,,,,
57.80343,11.85134,7.7,,0.0,,,,
58.090092,7.843954,10.1,,0.0,,,,
48.98513,9.431656,15.9,,0.0,,,,
56.62287,16.64436,10.2,,0.6,,,,
59.761899,10.148016,6.8,,0.0,,,,
47.589153,7.698597,6.2,,1.1,,,,
48.22769,3.12467,7.8,,0.0,,,,
54.823943,23.431326,5.8,,0.3,,,,
58.737292,9.034698,5.8,,0.0,,,,
59.76257,16.21155,9.7,,0.0,,,,
47.21838,2.05927,13.1,,0.0,,,,
51.616657,7.950153,8.9,,0.4,,,,
59.80306,17.61933,5.8,,0.1,,,,
46.314652,13.594595,6.8,,0.0,,,,
48.998692,9.407086,17.2,,0.0,,,,
49.242811,17.361805,15.2,,0.0,,,,
49.803436,7.507606,16.6,,0.0,,,,
50.518464,4.326804,19.3,,0.0,,,,
50.727213,12.511188,14.6,,0.0,,,,
55.562472,12.569088,8.1,,0.0,,,,
58.00141,14.58602,10.9,,0.1,,,,
58.568538,5.806638,9.8,,0.1,,,,
53.687404,10.007522,20.3,,0.0,,,,
55.96885,12.84347,14.8,,0.0,,,,
50.417728,8.229558,20.5,,0.0,,,,
51.633056,5.134722,19.2,,0.0,,,,
53.687157,10.007869,16.5,,0.0,,,,
54.905523,23.807496,18.5,,0.0,,,,
55.062103,26.031528,17.0,,0.0,,,,
56.78148,15.88785,14.9,,0.0,,,,
58.959581,5.841717,11.7,,0.1,,,,
45.36122,-1.00089,21.1,,0.1,,,,
48.000552,3.729512,23.0,,0.0,,,,
48.957172,9.464529,21.5,,0.0,,,,
50.599693,8.767347,21.2,,0.0,,,,
50.736019,11.476287,20.7,,0.0,,,,
56.344597,9.253345,15.7,,0.1,,,,
59.83304,17.49496,12.4,,0.0,,,,
47.92665,0.92192,22.6,,0.0,,,,
47.93308,0.91744,22.5,,0.0,,,,
48.848671,9.404197,20.6,,0.0,,,,
50.967433,12.306083,17.7,,0.0,,,,
59.148864,10.251484,11.5,,0.0,,,,
59.16062,15.42369,10.6,,0.0,,,,
39.288479,-9.217772,17.0,,0.0,,,,
47.368528,8.474595,19.8,,0.0,,,,
48.78521,9.363441,21.9,,0.0,,,,
47.498863,9.75032,20.4,,0.0,,,,
47.498878,9.750287,20.4,,0.0,,,,
47.708022,7.638513,21.2,,0.0,,,,
49.234911,17.35878,16.2,,0.0,,,,
51.844543,12.286482,16.0,,0.0,,,,
52.65,4.6,17.1,,0.0,,,,
56.90079,12.68299,9.6,,1.1,,,,
57.84647,12.30615,9.2,,0.8,,,,
58.01798,14.69613,11.2,,0.4,,,,
48.1214,2.91333,22.9,,0.0,,,,
52.26306,10.640948,21.0,,0.0,,,,
55.66,13.1111,15.7,,0.1,,,,
56.809895,9.070397,10.6,,0.0,,,,
49.159103,9.739944,18.6,,2.9,,,,
41.81076,44.777659,16.7,,0.0,,,,
56.793645,9.519419,8.1,,0.1,,,,
58.82317,13.94997,12.2,,0.0,,,,
47.17299,2.21755,21.8,,0.0,,,,
52.084519,32.495561,13.9,,0.2,,,,
57.84583,11.79551,10.3,,0.0,,,,
58.15974,8.004843,11.7,,0.0,,,,
47.872318,11.884332,22.5,,0.0,,,,
48.156573,9.870644,21.8,,0.1,,,,
58.383989,6.062128,7.6,,0.0,,,,
48.173358,11.682079,22.3,,0.7,,,,
49.813953,7.506666,23.3,,0.4,,,,
55.53291,13.26469,11.6,,0.0,,,,
57.20631,12.43737,12.2,,0.0,,,,
58.35513,13.84562,8.9,,0.0,,,,
59.12654,15.26271,9.5,,0.0,,,,
59.670641,10.534894,12.5,,0.0,,,,
47.64082,12.184627,18.6,,0.8,,,,
48.61417,7.815595,22.2,,0.0,,,,
48.881226,8.536923,20.0,,0.1,,,,
49.71928,6.127644,19.5,,0.0,,,,
51.501947,-2.669733,16.3,,0.0,,,,
55.885792,8.622638,13.2,,0.0,,,,
60.75305,11.291455,14.5,,0.0,,,,
56.39954,15.44529,14.0,,0.0,,,,
58.56318,16.10674,16.1,,0.0,,,,
59.146188,9.924713,17.8,,0.0,,,,
59.83137,17.64025,14.5,,0.0,,,,
48.000552,3.729512,19.8,,0.0,,,,
48.906863,9.244989,21.3,,0.0,,,,
50.46169,4.319183,19.7,,0.0,,,,
50.923759,11.540239,15.7,,0.0,,,,
59.83622,17.58349,17.2,,0.0,,,,
47.3214,2.27812,24.1,,0.0,,,,
47.721569,12.189717,15.3,,0.0,,,,
50.408548,7.838598,20.5,,0.0,,,,
51.36021,6.352844,21.5,,0.0,,,,
51.920353,6.593325,21.2,,0.0,,,,
56.35278,15.65197,18.1,,0.0,,,,
47.47966,1.25644,21.8,,0.4,,,,
49.959118,8.173914,20.8,,0.0,,,,
50.31,9.28,20.7,,0.0,,,,
53.584999,8.5852,20.3,,0.0,,,,
56.27554,15.53864,20.9,,0.0,,,,
57.16907,12.41926,16.8,,0.0,,,,
49.666817,6.254382,20.4,,0.0,,,,
50.017852,14.427979,21.6,,0.0,,,,
50.039227,15.748407,20.6,,0.0,,,,
52.040375,8.477068,18.8,,0.0,,,,
56.78005,12.82606,15.7,,1.0,,,,
45.619619,16.041626,24.6,,0.2,,,,
46.947612,15.508626,23.3,,1.5,,,,
49.773876,7.457521,16.6,,0.0,,,,
51.103278,0.240316,14.7,,0.0,,,,
51.659763,-0.937483,15.2,,0.0,,,,
51.875991,-2.047228,17.5,,0.0,,,,
56.54264,10.033972,13.1,,0.1,,,,
61.074193,6.581103,10.5,,0.0,,,,
48.936267,16.852462,15.8,,0.0,,,,
49.215287,16.600724,15.9,,0.0,,,,
50.727051,12.511391,16.4,,0.0,,,,
52.093858,4.428969,13.2,,0.0,,,,
58.187292,8.311087,12.7,,0.9,,,,
58.36252,13.87977,12.5,,0.3,,,,
59.58379,14.50898,10.0,,0.0,,,,
47.870864,13.347972,15.2,,0.5,,,,
48.222307,16.341668,19.7,,0.3,,,,
50.040117,6.026156,18.1,,0.0,,,,
51.009254,9.935158,20.7,,0.0,,,,
51.955551,8.046752,21.0,,0.0,,,,
43.971571,19.567036,24.0,,0.0,,,,
50.858025,12.963027,22.2,,0.2,,,,
51.273743,14.123179,23.4,,1.1,,,,
51.687107,6.960416,17.8,,1.7,,,,
51.946671,10.510912,20.2,,1.5,,,,
58.383989,6.062128,9.0,,0.4,,,,
44.51913,8.553389,17.9,,0.2,,,,
45.30063,0.97357,16.0,,1.3,,,,
47.3228,2.28275,15.6,,2.0,,,,
49.998802,8.908753,18.5,,0.6,,,,
51.930058,7.97159,16.0,,0.6,,,,
57.58127,14.85758,7.2,,0.0,,,,
48.492023,12.944847,17.9,,3.6,,,,
53.10511,8.230443,15.2,,0.3,,,,
46.532259,14.595183,16.2,,0.9,,,,
48.873981,8.790667,14.3,,1.8,,,,
49.159103,9.739944,14.6,,1.7,,,,
50.039993,14.737051,16.3,,0.2,,,,
51.339661,14.151875,18.1,,0.2,,,,
51.807763,9.385489,13.6,,1.6,,,,
51.930058,7.97159,15.0,,1.5,,,,
59.198736,6.099166,13.1,,0.2,,,,
42.336857,13.453525,18.4,,3.7,,,,
51.32674,14.31195,14.5,,2.6,,,,
51.36174,14.340999,14.5,,2.6,,,,
52.050957,8.551689,12.3,,0.9,,,,
57.74466,16.61126,11.5,,0.7,,,,
58.42584,13.9055,12.3,,0.1,,,,
59.38648,18.02239,13.6,,0.3,,,,
59.464478,5.368961,10.1,,2.9,,,,
48.12156,2.91289,18.4,,0.9,,,,
48.479755,-2.69515,19.6,,0.1,,,,
49.177685,8.762021,16.9,,1.4,,,,
49.604164,8.048164,16.1,,0.0,,,,
50.48694,4.38615,15.6,,1.2,,,,
50.712737,12.503575,14.7,,0.2,,,,
51.687107,6.960416,15.1,,0.5,,,,
56.323758,9.444197,12.3,,0.0,,,,
57.27876,18.37799,12.7,,0.1,,,,
57.99779,14.58651,12.3,,0.4,,,,
60.111707,23.532294,11.1,,0.2,,,,
47.005936,7.051125,20.5,,2.2,,,,
47.21838,2.05927,22.8,,1.6,,,,
50.434095,-4.043186,14.6,,3.2,,,,
50.680481,4.607543,14.6,,0.1,,,,
54.191002,10.43448,12.5,,0.3,,,,
56.471886,-5.268855,13.5,,0.0,,,,
56.83994,15.72699,13.4,,0.7,,,,
47.658643,-0.440626,19.9,,0.7,,,,
49.266415,16.712299,13.7,,0.0,,,,
51.687107,6.960416,14.8,,0.0,,,,
55.763439,12.481599,11.1,,0.2,,,,
59.81081,17.66534,13.2,,0.0,,,,
59.83629,17.64367,12.6,,0.0,,,,
47.340495,8.669669,14.5,,0.0,,,,
50.106078,14.462406,14.8,,0.0,,,,
56.403328,9.374817,11.3,,0.0,,,,
59.23336,12.53321,14.4,,0.0,,,,
47.265912,8.732625,19.1,,0.0,,,,
47.92674,0.9225,20.4,,0.0,,,,
47.93304,0.91421,20.3,,0.0,,,,
50.734547,12.501145,17.1,,0.0,,,,
51.322525,7.641152,18.3,,0.0,,,,
51.434002,7.030202,19.6,,0.0,,,,
51.469123,-2.629798,20.2,,0.1,,,,
52.155563,8.418772,18.1,,0.0,,,,
57.96538,14.12078,14.9,,0.0,,,,
59.85497,17.55755,11.3,,0.0,,,,
47.660243,0.036455,19.3,,1.2,,,,
48.73869,11.317374,24.6,,0.0,,,,
48.873981,8.873988,23.2,,0.0,,,,
49.813953,7.506666,23.2,,0.0,,,,
51.687107,6.960416,21.9,,0.0,,,,
53.536381,10.701628,18.6,,0.0,,,,
55.123531,8.533237,10.8,,0.4,,,,
57.49074,15.11141,15.0,,0.0,,,,
58.702662,8.579164,13.8,,0.0,,,,
60.15325,17.81049,15.8,,0.0,,,,
48.000552,3.729512,23.5,,2.0,,,,
49.959118,8.173914,16.4,,3.2,,,,
51.409016,7.030358,23.0,,0.0,,,,
51.467198,-2.798205,23.0,,0.0,,,,
51.687107,6.960416,23.7,,0.0,,,,
52.046841,5.159879,23.7,,0.0,,,,
56.586267,14.384198,16.8,,0.0,,,,
59.62022,18.89036,7.2,,0.0,,,,
60.056205,24.418343,12.6,,0.0,,,,
47.495064,8.693131,22.4,,1.1,,,,
47.988904,11.334747,20.2,,1.2,,,,
49.20528,8.449256,25.3,,0.5,,,,
50.727554,12.510423,22.6,,3.6,,,,
51.360451,14.0577,24.1,,0.9,,,,
51.687107,6.960416,20.9,,1.3,,,,
52.552826,13.551334,23.4,,0.0,,,,
53.762665,12.120495,23.1,,0.3,,,,
51.471781,-2.785328,11.1,,0.0,,,,
51.687107,6.960416,13.0,,0.0,,,,
56.1399,12.79321,8.4,,0.1,,,,
46.95138,2.46747,13.5,,0.0,,,,
47.84985,11.939898,8.2,,1.7,,,,
49.073929,8.56099,12.6,,0.0,,,,
50.092272,14.642914,11.4,,0.0,,,,
51.482414,8.252381,9.7,,0.0,,,,
51.687107,6.960416,11.2,,0.0,,,,
58.121418,7.928639,8.7,,0.1,,,,
59.7663,17.58401,9.5,,0.6,,,,
47.710138,7.658728,10.6,,2.7,,,,
50.926422,4.322608,12.0,,0.4,,,,
51.105522,7.071041,12.9,,0.0,,,,
51.616657,7.950153,13.3,,0.3,,,,
51.844543,12.286482,13.9,,0.0,,,,
54.709224,25.311719,9.3,,2.8,,,,
65.057029,25.394443,7.9,,0.1,,,,
49.803436,7.507606,12.6,,0.0,,,,
59.32916,18.87953,6.7,,0.3,,,,
60.44266,16.44069,9.1,,0.1,,,,
45.338576,12.326461,20.0,,0.5,,,,
46.96343,2.81036,16.3,,0.0,,,,
47.04458,2.77006,16.3,,0.0,,,,
47.05023,2.78855,16.4,,0.0,,,,
47.05089,2.87581,16.4,,0.1,,,,
48.406309,11.619409,10.9,,0.8,,,,
51.448308,-2.799315,13.9,,0.0,,,,
51.687107,6.960416,14.3,,0.0,,,,
53.749496,12.24864,11.9,,0.2,,,,
57.69758,14.09032,10.4,,0.5,,,,
58.521483,7.769637,10.5,,0.1,,,,
58.777054,7.840298,8.7,,0.3,,,,
58.86725,24.0866,9.4,,0.5,,,,
59.23156,18.28767,10.1,,0.5,,,,
45.31854,2.03509,17.5,,0.0,,,,
46.104386,11.215485,17.2,,3.4,,,,
50.787498,11.438889,16.3,,0.0,,,,
51.156122,24.670591,15.3,,0.0,,,,
55.97345,12.99667,10.4,,1.6,,,,
58.713765,9.15191,10.5,,0.0,,,,
44.56507,5.935616,17.6,,0.2,,,,
48.189143,-1.536684,18.5,,0.0,,,,
48.189145,-1.536684,18.5,,0.0,,,,
49.729645,8.434098,18.8,,0.0,,,,
50.546528,11.341858,16.0,,0.0,,,,
51.687107,6.960416,17.1,,0.0,,,,
52.683376,10.122528,17.2,,0.0,,,,
54.398712,10.218691,14.7,,0.2,,,,
57.61206,14.84775,8.5,,0.2,,,,
47.86398,11.051614,20.3,,0.0,,,,
48.000552,3.729512,20.6,,0.0,,,,
49.00325,9.425926,20.5,,0.0,,,,
51.37649,9.385013,21.7,,0.0,,,,
51.499921,11.908687,22.5,,0.0,,,,
56.959444,10.266944,11.6,,0.9,,,,
59.79088,17.62802,12.6,,0.6,,,,
46.61171,2.21889,23.1,,0.0,,,,
49.369777,2.941667,23.2,,0.0,,,,
57.74049,16.63513,12.0,,0.1,,,,
58.1966,16.61367,13.8,,0.3,,,,
59.008235,5.743936,8.5,,0.0,,,,
47.1429,15.360727,19.0,,1.1,,,,
49.927318,16.936044,17.6,,0.0,,,,
50.123694,14.641766,18.1,,0.0,,,,
51.467198,-2.798205,23.9,,0.0,,,,
51.687107,6.960416,19.8,,0.0,,,,
54.38588,10.153841,16.1,,0.0,,,,
54.705679,25.33984,11.7,,0.2,,,,
55.53373,13.20169,15.7,,0.2,,,,
55.986,12.75424,14.0,,0.2,,,,
57.16913,13.63622,15.7,,0.0,,,,
57.33745,14.09326,14.9,,0.0,,,,
47.7392,3.05863,25.6,,0.0,,,,
50.458923,6.520042,23.3,,0.0,,,,
51.457543,-2.828982,20.8,,1.4,,,,
51.687107,6.960416,25.4,,0.0,,,,
52.255585,9.421516,21.5,,0.0,,,,
55.545983,9.430164,18.5,,0.0,,,,
58.55523,13.39921,16.8,,0.0,,,,
59.071178,11.069967,16.2,,0.0,,,,
60.083351,24.590573,14.8,,0.0,,,,
62.965964,7.808668,16.6,,0.2,,,,
63.695434,8.589574,13.9,,0.0,,,,
48.205478,11.669086,23.8,,0.7,,,,
50.687019,11.394429,22.3,,1.6,,,,
51.687107,6.960416,26.3,,0.4,,,,
55.686205,9.530709,17.9,,4.7,,,,
55.70672,13.24301,16.7,,2.1,,,,
55.963941,9.38669,16.5,,4.2,,,,
56.151632,10.705456,14.5,,2.5,,,,
56.227005,10.566847,15.3,,2.9,,,,
56.858792,9.853218,17.4,,2.7,,,,
56.934028,10.188955,16.2,,2.6,,,,
59.52162,17.47026,16.9,,0.0,,,,
48.57926,7.75789,17.0,,3.4,,,,
50.526766,6.743058,15.3,,1.5,,,,
57.502105,10.017458,14.8,,1.7,,,,
57.721962,10.57747,12.7,,0.2,,,,
50.45254,3.685049,18.7,,0.1,,,,
50.576248,11.352262,15.0,,0.2,,,,
55.480963,9.647483,12.5,,0.4,,,,
56.120492,10.175392,12.8,,0.3,,,,
60.021348,23.815077,12.4,,0.1,,,,
62.800187,8.334632,14.4,,0.5,,,,
46.70853,2.52268,22.8,,0.0,,,,
46.7653,2.4516,22.9,,0.0,,,,
51.323738,14.289821,13.8,,1.4,,,,
51.503185,14.003448,13.6,,1.0,,,,
55.362648,10.398388,15.4,,0.0,,,,
58.523101,7.7833,19.9,,0.0,,,,
59.517139,10.464672,19.4,,0.0,,,,
59.79946,17.67066,16.9,,0.1,,,,
60.156396,24.588544,18.2,,0.2,,,,
60.62545,15.66445,16.2,,0.1,,,,
47.36144,8.493803,18.8,,0.0,,,,
50.22731,8.203104,18.8,,0.0,,,,
50.448827,4.359232,22.4,,0.0,,,,
50.568952,8.709738,18.3,,0.0,,,,
51.585194,9.888798,17.5,,0.1,,,,
56.29272,15.38793,18.8,,0.0,,,,
58.539477,8.87045,19.2,,0.0,,,,
46.516623,6.648225,21.0,,0.0,,,,
47.753987,9.687351,19.0,,0.0,,,,
48.243796,12.083631,19.0,,0.0,,,,
49.955708,8.02871,22.3,,0.2,,,,
50.393969,4.432623,22.4,,0.0,,,,
50.39553,4.43553,22.6,,0.0,,,,
50.858025,12.963027,18.1,,0.8,,,,
52.319634,4.834882,19.7,,0.0,,,,
55.040566,23.556407,20.3,,0.0,,,,
58.91111,13.23211,17.1,,0.1,,,,
45.907667,14.348927,16.8,,2.2,,,,
47.22511,2.20669,24.9,,0.0,,,,
48.873981,8.873988,19.5,,0.1,,,,
49.651725,6.080592,20.2,,0.0,,,,
51.312533,-2.222187,22.5,,0.0,,,,
56.10288,10.017685,17.3,,0.0,,,,
57.526255,9.940148,13.5,,0.0,,,,
58.54336,15.08418,17.7,,0.0,,,,
59.835416,10.771237,17.6,,0.0,,,,
60.03718,18.43855,15.1,,0.0,,,,
44.001863,43.095559,27.4,,1.7,,,,
47.754814,12.914621,14.4,,0.2,,,,
48.689831,16.875099,17.2,,0.1,,,,
55.863806,9.257306,17.9,,0.0,,,,
58.39308,26.69569,17.0,,0.0,,,,
45.267418,5.668243,20.8,,0.1,,,,
46.104247,8.93099,18.7,,1.9,,,,
50.181217,16.819423,9.1,,1.7,,,,
50.532605,8.329213,20.2,,0.0,,,,
51.844543,12.286482,17.6,,0.0,,,,
51.901944,7.448333,22.2,,0.0,,,,
52.576059,13.009549,17.4,,0.0,,,,
53.657101,9.789505,20.1,,0.0,,,,
56.18618,10.54437,19.4,,0.0,,,,
48.48233,-2.689247,24.3,,0.0,,,,
48.492023,12.944847,15.8,,0.7,,,,
53.266426,10.362214,20.7,,0.0,,,,
59.356182,11.714022,23.1,,0.0,,,,
47.74,13.01,18.4,,0.0,,,,
48.66563,9.142595,24.0,,0.0,,,,
50.573799,11.123641,17.9,,0.0,,,,
51.175147,16.924123,20.6,,0.0,,,,
51.207833,9.951523,22.3,,0.0,,,,
51.44643,-2.668337,23.3,,0.0,,,,
57.44643,12.68668,25.7,,0.0,,,,
57.74311,11.93424,20.9,,0.0,,,,
59.83037,17.66586,25.7,,0.0,,,,
59.995612,11.006922,26.1,,0.0,,,,
44.208689,12.071299,25.9,,0.4,,,,
47.967526,11.301442,21.4,,0.0,,,,
51.454372,-2.694359,23.6,,0.1,,,,
51.687107,6.960416,27.0,,0.0,,,,
52.190767,32.625326,15.0,,0.1,,,,
53.552805,9.889842,25.2,,0.0,,,,
53.687271,10.007769,25.5,,0.0,,,,
59.42074,5.242936,16.7,,0.0,,,,
48.325058,11.707579,24.4,,0.5,,,,
49.229923,16.799452,21.1,,0.1,,,,
50.727191,12.511488,23.3,,0.9,,,,
56.106502,8.834631,20.5,,0.4,,,,
59.778502,10.698459,22.4,,0.9,,,,
60.01485,17.82014,19.6,,0.0,,,,
49.542581,5.832508,15.5,,2.2,,,,
53.676468,12.349587,22.4,,2.0,,,,
54.705018,25.230725,15.8,,1.6,,,,
55.52905,13.13009,17.5,,3.6,,,,
60.02118,18.85254,15.6,,0.0,,,,
47.068865,15.392088,16.8,,4.8,,,,
59.61203,17.02456,19.8,,1.3,,,,
55.787436,8.244814,12.7,,1.3,,,,
58.39075,26.76056,20.0,,1.9,,,,
59.327388,10.803912,13.1,,0.9,,,,
49.500828,8.165116,17.6,,0.0,,,,
50.433243,4.867141,17.3,,0.1,,,,
51.456512,-2.633942,16.7,,0.3,,,,
53.687388,10.007517,16.6,,0.0,,,,
55.9246,-4.141255,16.1,,0.0,,,,
55.956643,11.869457,17.0,,0.7,,,,
58.56976,16.10162,17.6,,0.0,,,,
59.74063,17.47781,17.5,,0.1,,,,
48.482113,-2.694411,16.3,,0.4,,,,
48.783329,8.525826,16.8,,0.3,,,,
48.873981,8.790667,18.0,,0.4,,,,
49.964722,21.903056,23.6,,8.5,,,,
51.687107,6.960416,18.1,,0.2,,,,
51.824192,7.587074,17.9,,0.0,,,,
51.095938,6.946365,18.6,,0.6,,,,
53.623444,9.873788,18.6,,0.0,,,,
55.55821,14.15868,18.3,,0.3,,,,
59.251122,18.030062,19.7,,0.1,,,,
59.73902,17.47855,20.9,,0.0,,,,
59.78849,17.32254,20.5,,0.5,,,,
59.91721,18.15067,20.2,,0.5,,,,
51.687107,6.960416,17.9,,0.2,,,,
52.167366,32.654801,30.6,,0.0,,,,
52.173238,32.557674,30.5,,0.0,,,,
52.181336,32.554923,30.7,,0.0,,,,
56.357144,10.430848,16.8,,0.0,,,,
57.69874,13.00089,21.6,,0.1,,,,
46.710606,7.893061,15.5,,2.0,,,,
49.4917,6.11971,18.6,,0.4,,,,
49.492,6.12,18.6,,0.4,,,,
56.377455,-3.251188,15.8,,0.1,,,,
56.971857,8.839416,20.0,,0.0,,,,
58.932301,7.727928,21.8,,0.0,,,,
45.609795,10.31413,21.8,,0.2,,,,
45.767478,9.634153,19.9,,0.0,,,,
47.589088,7.698537,25.7,,0.3,,,,
50.57378,6.636,24.4,,1.5,,,,
56.326656,8.328268,19.9,,0.7,,,,
58.37341,26.71609,19.6,,0.0,,,,
58.42112,26.59411,20.0,,0.0,,,,
58.948231,5.676876,24.4,,0.1,,,,
59.989551,10.996331,24.6,,0.0,,,,
46.410183,10.836382,17.3,,0.9,,,,
47.336484,8.455326,21.1,,2.9,,,,
47.674137,12.123542,20.8,,1.3,,,,
50.596451,7.058737,22.6,,1.4,,,,
51.371749,-2.49773,19.5,,0.1,,,,
56.211783,10.697904,19.6,,2.3,,,,
56.216746,10.68332,19.8,,2.3,,,,
57.322128,-3.611984,17.4,,0.1,,,,
57.537983,9.899147,22.1,,0.2,,,,
57.67058,11.95582,26.3,,0.0,,,,
58.44004,13.92488,23.1,,0.0,,,,
59.168883,18.184153,18.1,,0.0,,,,
46.004311,11.151125,22.6,,4.6,,,,
49.124688,19.202373,24.4,,1.1,,,,
50.243637,8.034045,20.5,,0.9,,,,
51.316628,12.682628,21.6,,0.6,,,,
51.360451,14.0577,23.1,,0.2,,,,
51.39814,14.163963,23.7,,0.1,,,,
53.193546,5.810566,22.9,,0.4,,,,
56.18209,15.39658,21.4,,0.0,,,,
56.99356,16.87785,16.6,,0.0,,,,
46.91984,2.89706,20.2,,0.7,,,,
47.268037,4.492008,19.7,,0.1,,,,
53.069065,8.476914,22.5,,0.5,,,,
59.437969,5.081419,21.2,,0.0,,,,
51.209464,24.540411,24.8,,1.5,,,,
51.572199,4.768323,22.8,,0.8,,,,
53.68898,9.517937,24.8,,0.0,,,,
64.808862,11.342551,23.5,,0.0,,,,
52.16637,32.648897,29.5,,0.0,,,,
53.705811,8.697965,23.8,,0.0,,,,
55.714208,11.124746,20.3,,0.0,,,,
55.834071,12.444527,22.9,,0.6,,,,
56.208633,10.24083,23.1,,0.0,,,,
56.228675,9.737445,24.2,,0.1,,,,
56.28841,15.53051,20.0,,0.1,,,,
44.57182,6.364757,12.2,,0.4,,,,
48.033703,7.794731,21.1,,0.7,,,,
53.106824,8.852053,23.3,,6.6,,,,
55.97289,-4.581855,21.1,,0.0,,,,
59.61816,16.58886,22.9,,0.0,,,,
62.023558,29.978009,23.2,,2.2,,,,
46.73297,12.279475,16.4,,2.8,,,,
47.18345,2.39292,19.0,,0.2,,,,
47.19887,2.35064,18.8,,0.3,,,,
47.409748,8.293318,17.3,,4.7,,,,
51.163075,24.704572,24.0,,7.9,,,,
59.59896,16.4522,27.4,,0.0,,,,
47.423,2.87092,22.0,,0.1,,,,
48.987114,8.560139,21.8,,0.1,,,,
58.95742,16.292,25.9,,1.6,,,,
59.071298,11.069257,26.4,,0.6,,,,
59.58741,18.84162,21.0,,0.0,,,,
48.291943,7.961565,22.9,,0.2,,,,
48.848927,9.399341,22.2,,0.1,,,,
51.962814,8.116538,24.0,,0.5,,,,
53.68898,9.517937,23.7,,0.7,,,,
55.652328,13.21505,18.9,,1.1,,,,
58.152539,8.240467,19.6,,2.0,,,,
59.42004,14.76777,24.9,,0.0,,,,
50.721561,12.510075,22.4,,0.2,,,,
59.98524,17.16106,22.9,,0.0,,,,
60.088348,10.270942,19.1,,0.1,,,,
47.27571,1.74082,29.1,,0.0,,,,
48.05208,16.085958,22.4,,0.0,,,,
50.503384,8.678684,25.1,,0.0,,,,
51.456505,-2.635381,24.0,,0.0,,,,
51.965293,7.632331,25.7,,0.0,,,,
55.94536,13.46614,21.1,,0.0,,,,
58.3927,12.54624,23.9,,0.0,,,,
59.70103,16.52423,25.9,,0.0,,,,
59.97805,17.16352,26.7,,0.0,,,,
47.599561,8.369202,25.2,,0.0,,,,
49.967778,21.902778,18.4,,1.6,,,,
51.036106,11.508716,23.5,,0.1,,,,
51.382813,7.129835,26.9,,0.0,,,,
56.16984,9.5733,24.6,,0.0,,,,
58.91699,16.27151,29.6,,0.0,,,,
59.42004,14.76777,26.5,,0.0,,,,
48.802578,10.089379,21.8,,0.0,,,,
53.762962,10.889131,27.3,,0.2,,,,
56.68696,16.61393,22.5,,0.0,,,,
58.02397,12.79662,28.2,,0.0,,,,
62.909412,9.795589,26.6,,0.1,,,,
47.591043,-0.465638,25.0,,1.3,,,,
50.803802,8.788633,26.9,,0.0,,,,
57.73213,11.68108,25.3,,0.9,,,,
61.965098,25.689129,28.7,,0.0,,,,
50.476593,12.459207,24.4,,0.3,,,,
50.792495,3.967028,23.3,,0.9,,,,
52.178133,4.394025,22.2,,1.2,,,,
63.627655,8.782137,21.9,,0.0,,,,
42.677817,23.338288,28.2,,0.0,,,,
46.301426,10.687118,19.2,,3.2,,,,
48.843644,11.367998,24.6,,0.8,,,,
51.211837,24.540005,26.3,,3.0,,,,
53.405429,6.225375,18.8,,0.3,,,,
56.202024,10.20808,20.0,,0.6,,,,
56.61759,16.51091,23.4,,0.3,,,,
57.20938,16.0263,27.5,,2.7,,,,
59.069,11.064364,20.5,,4.7,,,,
48.482113,-2.694411,18.2,,0.2,,,,
51.261266,0.196337,17.2,,0.1,,,,
56.562735,13.369352,20.3,,1.1,,,,
48.715495,17.110411,25.0,,0.1,,,,
50.105705,8.252069,20.7,,0.0,,,,
51.768056,-2.215,18.0,,0.2,,,,
51.950845,32.491866,27.0,,4.2,,,,
56.26081,15.25497,18.2,,0.9,,,,
58.956492,5.586434,16.6,,0.2,,,,
47.47992,1.25718,23.2,,0.1,,,,
51.399267,0.016563,19.4,,0.5,,,,
55.75774,14.12568,18.4,,0.4,,,,
56.30169,13.07425,17.4,,0.4,,,,
58.777054,7.840298,15.7,,0.0,,,,
60.16628,18.37408,19.0,,0.9,,,,
51.141582,9.497343,21.6,,0.3,,,,
54.324041,26.848948,24.5,,2.4,,,,
55.69475,13.47547,18.6,,0.3,,,,
50.343365,8.916193,22.7,,0.0,,,,
53.335715,8.853964,19.7,,0.5,,,,
58.40424,12.55511,15.5,,2.0,,,,
48.482113,-2.694411,21.7,,0.1,,,,
48.595212,19.733235,21.4,,0.3,,,,
48.86393,8.830929,23.9,,0.0,,,,
50.35319,1.56783,19.0,,0.6,,,,
50.35332,1.56639,19.1,,0.6,,,,
51.423725,14.206497,26.0,,0.0,,,,
53.525316,10.05405,19.3,,1.9,,,,
56.6172,16.51108,19.1,,2.2,,,,
59.99483,10.474922,15.5,,0.3,,,,
62.61092,17.68871,15.8,,0.2,,,,
43.016519,1.601368,26.4,,0.0,,,,
49.640365,17.379101,24.9,,0.0,,,,
55.446137,24.984657,21.7,,1.4,,,,
58.472585,8.892091,17.5,,5.6,,,,
55.065028,26.010011,23.9,,1.8,,,,
57.70702,14.16296,15.1,,1.9,,,,
58.17461,13.9393,15.5,,1.0,,,,
45.592197,9.222961,25.2,,0.0,,,,
60.03656,18.4387,18.3,,0.7,,,,
58.64886,17.10462,18.4,,1.6,,,,
57.73887,11.92709,15.1,,0.6,,,,
57.741057,11.928004,15.2,,0.6,,,,
58.769188,9.096799,17.2,,2.8,,,,
46.03781,10.373148,18.2,,0.1,,,,
56.60898,16.50502,18.4,,0.0,,,,
58.615249,7.975908,14.7,,0.0,,,,
58.616928,7.967167,15.3,,0.0,,,,
59.227354,10.035035,18.5,,0.0,,,,
60.85937,15.0827,16.5,,0.4,,,,
47.774124,12.290184,18.8,,0.0,,,,
50.57378,6.636,22.0,,0.0,,,,
51.547939,6.690794,23.6,,0.0,,,,
56.58135,16.41807,20.1,,0.1,,,,
56.45529,15.79954,21.3,,1.2,,,,
58.948231,5.676876,15.4,,0.4,,,,
57.672477,11.952925,17.7,,0.0,,,,
57.6742,11.95324,17.8,,0.0,,,,
59.014877,10.163404,17.5,,0.0,,,,
63.191407,11.125464,21.8,,0.1,,,,
51.930058,7.97159,21.4,,0.1,,,,
53.706207,8.697764,21.0,,0.0,,,,
57.6255,11.9852,18.4,,0.0,,,,
58.658449,8.97664,20.3,,0.4,,,,
59.70103,16.52423,24.3,,0.0,,,,
51.957137,32.491001,23.6,,0.1,,,,
51.962722,32.497016,23.7,,0.1,,,,
51.964948,32.479289,23.7,,0.1,,,,
51.972921,32.498071,23.6,,0.1,,,,
51.976169,32.507863,23.7,,0.1,,,,
51.981177,32.502442,23.6,,0.1,,,,
56.6319,12.95428,20.8,,0.0,,,,
59.08258,16.84405,24.3,,0.0,,,,
58.97103,5.98728,17.4,,0.4,,,,
60.18865,5.44689,14.7,,0.2,,,,
60.677788,11.156312,16.9,,1.7,,,,
44.77512,5.57384,24.7,,0.0,,,,
56.26296,8.158933,15.8,,0.3,,,,
60.16628,18.37408,22.2,,1.5,,,,
49.632872,11.788287,23.4,,0.1,,,,
53.0,6.3,18.2,,0.2,,,,
56.4769,9.92016,16.6,,0.0,,,,
59.106637,5.734692,12.7,,0.5,,,,
59.638282,10.84634,16.5,,0.7,,,,
59.79726,17.62124,17.0,,0.2,,,,
62.219225,25.673196,20.6,,3.7,,,,
49.632647,11.782126,24.1,,0.0,,,,
49.637796,11.779512,24.1,,0.0,,,,
49.647621,11.800681,24.0,,0.0,,,,
55.272267,8.951101,17.7,,0.1,,,,
59.86263,18.80859,17.5,,0.0,,,,
44.6506,5.5318,26.1,,0.0,,,,
49.124674,19.202395,21.8,,0.0,,,,
56.28291,12.51554,16.1,,2.2,,,,
58.960375,24.057422,15.8,,0.8,,,,
61.496334,27.832388,14.4,,1.6,,,,
44.15004,7.09584,24.4,,0.0,,,,
51.844543,12.286482,25.3,,0.2,,,,
60.43359,18.42596,17.9,,0.6,,,,
44.12842,7.11516,28.6,,0.0,,,,
44.12955,7.10457,29.4,,0.0,,,,
44.15471,7.09056,27.6,,0.0,,,,
60.51663,5.283989,18.5,,2.8,,,,
57.48296,11.9272,18.4,,0.4,,,,
57.588222,9.98907,19.7,,1.8,,,,
58.524565,5.836067,16.4,,3.8,,,,
60.16628,18.37408,20.7,,1.9,,,,
57.06366,14.71978,16.0,,1.3,,,,
57.671908,10.499667,16.5,,0.9,,,,
61.84416,16.56876,19.0,,0.1,,,,
59.86823,16.77244,20.5,,2.6,,,,
48.492023,12.944847,30.8,,0.0,,,,
51.141582,9.497343,29.0,,0.0,,,,
59.093505,10.86338,19.4,,0.0,,,,
60.45903,16.04747,19.5,,0.4,,,,
52.268997,8.888903,27.6,,2.5,,,,
56.25257,12.55108,19.5,,0.0,,,,
58.995161,9.605299,21.7,,0.4,,,,
59.356182,11.714022,23.7,,0.0,,,,
62.41422,17.71678,21.7,,0.1,,,,
45.896325,8.565788,31.3,,4.9,,,,
48.873981,8.873988,22.4,,1.5,,,,
56.1771,14.64962,21.3,,0.7,,,,
58.954375,5.706961,15.1,,0.8,,,,
56.16069,14.83808,20.0,,0.2,,,,
43.591026,1.444554,27.0,,0.1,,,,
52.326882,35.351463,24.1,,0.0,,,,
57.74311,11.93424,16.1,,0.1,,,,
59.9361,16.59802,20.0,,0.0,,,,
41.965256,-7.979551,31.5,,0.0,,,,
58.934151,7.729967,21.7,,0.2,,,,
59.091556,10.270878,19.3,,0.5,,,,
59.83042,17.66575,22.7,,0.2,,,,
56.430338,14.685562,26.0,,0.1,,,,
57.32942,14.12912,26.6,,0.0,,,,
57.79107,13.10737,26.6,,0.0,,,,
59.442404,5.24873,21.9,,0.5,,,,
60.132814,5.441751,19.6,,0.8,,,,
56.44696,15.80899,28.3,,1.1,,,,
58.554036,7.777748,25.2,,0.0,,,,
59.258547,9.97315,23.9,,0.0,,,,
59.86263,18.80859,29.0,,0.0,,,,
56.16422,15.3795,21.0,,0.0,,,,
56.253246,8.38921,23.3,,0.0,,,,
58.92429,16.27825,27.4,,0.3,,,,
59.61816,16.58886,25.2,,0.0,,,,
59.86299,18.80811,21.7,,0.0,,,,
58.284939,6.540292,23.0,,0.0,,,,
56.84367,14.79655,24.5,,0.0,,,,
59.29762,17.88729,24.4,,0.0,,,,
59.216658,5.237394,19.4,,0.5,,,,
62.618912,29.690545,17.2,,0.1,,,,
42.69087,2.10175,21.1,,0.7,,,,
47.849506,7.913608,16.9,,2.4,,,,
55.952327,-2.505173,16.0,,0.0,,,,
57.02791,14.26731,26.0,,0.0,,,,
60.201213,5.62272,18.5,,0.0,,,,
59.22525,16.9489,28.9,,0.0,,,,
60.4646,17.31567,28.3,,0.1,,,,
62.427912,6.729961,18.9,,0.2,,,,
62.919303,7.444482,15.9,,0.5,,,,
47.74,13.03,25.5,,0.0,,,,
51.141582,9.497343,26.9,,0.6,,,,
52.829302,-4.081105,20.5,,1.6,,,,
58.3927,12.54624,26.6,,0.0,,,,
59.415566,5.266176,24.9,,0.0,,,,
60.66145,17.16961,18.9,,0.1,,,,
45.7605,2.07172,24.8,,0.6,,,,
45.760503,2.071721,24.8,,0.6,,,,
52.751697,13.391255,25.1,,1.1,,,,
60.389176,22.230577,24.8,,0.0,,,,
59.48132,16.29062,23.8,,4.1,,,,
60.1808,17.47072,24.3,,3.0,,,,
49.400472,7.55719,29.3,,4.5,,,,
49.407518,7.559728,29.3,,4.5,,,,
59.7779,17.55819,25.9,,0.2,,,,
54.562795,11.963035,21.0,,0.2,,,,
57.715021,11.937975,17.6,,0.3,,,,
57.7151,11.9345,17.6,,0.3,,,,
59.33754,18.89796,21.4,,0.2,,,,
62.097886,30.310877,21.1,,0.3,,,,
55.444148,10.173707,17.8,,1.1,,,,
58.655192,7.626454,12.7,,0.0,,,,
56.0786,15.84413,17.9,,0.5,,,,
57.7151,11.9345,16.4,,1.1,,,,
62.078822,30.19063,16.7,,1.6,,,,
62.106735,30.236531,16.8,,1.6,,,,
43.00208,0.30681,23.5,,0.0,,,,
43.0028,0.3036,23.4,,0.0,,,,
52.182419,32.689888,20.7,,0.8,,,,
59.13329,15.93024,19.0,,0.0,,,,
59.27017,18.42112,19.2,,0.1,,,,
48.482113,-2.694411,22.0,,3.2,,,,
52.118618,32.655703,19.7,,0.7,,,,
59.86263,18.80859,17.6,,0.4,,,,
44.24396,-0.4781,19.8,,1.0,,,,
56.28841,15.53051,19.0,,1.8,,,,
57.83771,11.88734,17.9,,0.4,,,,
58.748824,9.129722,18.2,,0.7,,,,
59.385075,9.106797,15.8,,4.4,,,,
62.219938,25.787347,16.0,,0.9,,,,
48.492023,12.944847,16.8,,0.7,,,,
60.980966,9.271961,16.3,,0.0,,,,
57.27876,18.37799,18.2,,0.2,,,,
58.107543,7.937837,17.3,,0.3,,,,
59.105793,9.091948,18.2,,0.1,,,,
56.16213,15.37769,18.5,,0.2,,,,
56.447228,10.053258,18.2,,0.2,,,,
47.502518,11.452707,15.6,,6.2,,,,
59.946966,10.491712,15.6,,0.1,,,,
57.414318,-3.38504,18.4,,1.5,,,,
48.081806,12.097767,22.9,,0.0,,,,
59.51945,17.6549,16.8,,1.4,,,,
55.70783,13.15789,15.9,,0.0,,,,
56.28291,12.51554,15.0,,0.2,,,,
59.0698,16.6497,15.8,,0.0,,,,
59.201482,5.315556,12.3,,0.8,,,,
59.692103,10.748358,15.5,,0.0,,,,
47.83685,2.50855,27.5,,0.0,,,,
55.827218,12.561553,16.8,,0.0,,,,
57.41764,-3.382522,14.7,,0.6,,,,
59.31204,18.14785,13.9,,0.9,,,,
47.73918,3.05817,28.2,,0.0,,,,
64.259065,23.949188,13.8,,0.0,,,,
57.73663,11.64972,17.5,,0.0,,,,
51.306501,31.05733,24.8,,0.0,,,,
51.307306,31.057629,24.8,,0.0,,,,
58.097941,7.847107,19.3,,0.0,,,,
57.72763,11.9279,13.5,,0.0,,,,
58.777948,5.904501,14.9,,0.0,,,,
59.85541,17.57481,13.2,,0.0,,,,
56.90372,14.56681,17.0,,0.0,,,,
56.27504,12.53075,14.5,,0.0,,,,
59.314495,9.533308,18.5,,0.0,,,,
59.70103,16.52423,16.8,,0.0,,,,
59.81023,17.59995,15.5,,0.0,,,,
56.50272,14.72439,16.3,,0.0,,,,
55.613623,-5.129459,15.4,,1.9,,,,
59.27617,15.26161,21.2,,0.4,,,,
48.480244,-2.693885,14.1,,1.1,,,,
57.63236,11.87842,16.9,,0.9,,,,
59.25831,18.26138,17.1,,1.1,,,,
52.093669,5.349669,15.2,,0.4,,,,
58.716223,9.121511,14.9,,0.4,,,,
59.310548,18.018549,19.4,,0.0,,,,
51.322184,-0.205046,16.6,,0.1,,,,
59.5735,16.65268,18.3,,0.3,,,,
47.27151,2.24126,19.1,,0.6,,,,
59.42508,18.27922,16.9,,0.0,,,,
59.70103,16.52423,14.6,,0.1,,,,
51.434002,7.030202,18.8,,0.0,,,,
60.244919,25.20874,14.5,,0.0,,,,
60.52066,18.37334,13.7,,0.0,,,,
56.955778,8.723258,16.4,,1.9,,,,
58.755786,9.104964,13.3,,1.4,,,,
68.798917,17.127351,13.3,,0.0,,,,
47.678009,12.149166,13.3,,0.3,,,,
59.418724,5.243439,14.3,,2.3,,,,
55.827116,12.562276,14.4,,1.1,,,,
55.827558,12.560994,14.3,,0.3,,,,
47.33935,2.45519,14.5,,0.4,,,,
57.38015,-4.391013,11.5,,0.2,,,,
43.757829,1.570042,20.3,,0.0,,,,
43.757833,1.570072,20.3,,0.0,,,,
43.757836,1.570094,20.3,,0.0,,,,
54.956787,39.011581,18.6,,0.0,,,,
59.83239,17.64566,13.3,,1.0,,,,
63.679566,9.661093,11.6,,1.7,,,,
63.70596,13.86807,9.0,,0.1,,,,
57.2214,18.15216,12.1,,0.2,,,,
58.076286,7.975989,12.1,,0.7,,,,
59.137203,11.355262,10.1,,0.0,,,,
66.253412,13.123757,7.6,,0.1,,,,
43.847527,11.262096,15.8,,5.4,,,,
56.78884,16.65622,11.6,,0.1,,,,
46.937097,16.12961,11.7,,0.2,,,,
51.544424,6.710036,10.3,,0.0,,,,
58.272625,8.342798,10.2,,0.0,,,,
47.09063,15.434368,12.0,,0.6,,,,
49.329002,8.409225,14.1,,0.0,,,,
46.656214,15.522761,18.0,,0.5,,,,
56.67566,16.57208,12.7,,0.0,,,,
51.59512,11.330705,14.8,,0.1,,,,
40.266768,22.42465,19.7,,0.6,,,,
43.398984,-0.941821,15.1,,0.6,,,,
52.95,6.4,11.4,,0.6,,,,
49.020278,13.011667,9.0,,1.9,,,,
47.07404,15.503434,14.1,,0.0,,,,
57.27876,18.37799,10.8,,0.3,,,,
52.454283,10.808366,20.0,,0.4,,,,
51.778694,9.365401,12.2,,0.1,,,,
52.452613,10.812342,12.2,,0.0,,,,
56.42303,16.40642,10.7,,0.1,,,,
56.027542,9.796721,12.3,,1.2,,,,
59.7434,17.78215,10.1,,0.0,,,,
60.100531,10.306928,13.0,,0.0,,,,
49.88607,4.01107,15.2,,0.0,,,,
56.86919,16.64717,9.0,,0.0,,,,
58.078771,7.827129,9.4,,0.0,,,,
49.283316,17.361224,6.9,,0.1,,,,
52.2,5.15,12.8,,0.1,,,,
57.86242,14.97906,7.1,,0.4,,,,
60.43359,18.42596,5.3,,0.9,,,,
57.27876,18.37799,3.5,,0.1,,,,
58.38231,15.63573,5.1,,0.6,,,,
46.08956,6.63412,9.2,,0.0,,,,
60.186608,24.939957,5.9,,0.3,,,,
58.7345,5.521136,7.5,,1.7,,,,
45.628342,11.325179,9.9,,0.6,,,,
48.954243,9.315311,16.5,,0.0,,,,
48.873981,8.790667,17.7,,0.0,,,,
48.852406,9.394855,17.4,,0.0,,,,
57.8988,14.94766,11.0,,0.8,,,,
44.476592,11.323999,17.3,,0.0,,,,
50.4333,4.867575,17.5,,1.0,,,,
56.33163,16.54372,7.2,,0.0,,,,
55.65668,14.2757,9.6,,0.0,,,,
60.43359,18.42596,8.2,,0.0,,,,
48.873981,8.790667,12.0,,0.0,,,,
56.78148,15.88785,4.7,,0.9,,,,
57.40056,15.22693,2.3,,0.1,,,,
43.6193,1.443929,18.7,,0.0,,,,
48.480244,-2.693885,11.1,,0.1,,,,
58.01733,7.008566,6.5,,0.0,,,,
57.80343,11.85134,7.1,,0.0,,,,
48.14476,1.4151,8.4,,0.0,,,,
62.478812,6.755403,6.3,,4.3,,,,
45.26198,5.703574,10.5,,0.0,,,,
56.53864,16.41169,7.8,,0.0,,,,
49.106346,8.27704,9.2,,0.0,,,,
58.809389,5.808857,11.1,,0.2,,,,
45.943126,10.836448,11.3,,0.0,,,,
48.480244,-2.693885,15.1,,0.7,,,,
57.27876,18.37799,10.1,,0.1,,,,
57.29804,17.02529,11.2,,0.2,,,,
56.56035,16.39764,11.1,,0.0,,,,
59.31123,15.0297,11.0,,0.1,,,,
59.3565,18.19747,11.4,,0.1,,,,
58.911838,5.590243,7.5,,0.6,,,,
59.198736,6.099166,6.7,,0.6,,,,
57.17994,16.94978,8.7,,0.2,,,,
45.720921,13.705151,15.0,,0.0,,,,
48.089823,3.769297,19.3,,0.0,,,,
48.941906,9.465858,21.5,,0.0,,,,
51.946671,10.510912,19.9,,0.0,,,,
55.041809,10.604942,14.9,,0.0,,,,
55.721283,10.998027,14.2,,0.0,,,,
58.59337,16.09183,16.6,,0.0,,,,
48.80269,2.17132,23.2,,0.0,,,,
48.98513,9.431656,22.0,,0.0,,,,
55.38005,13.0789,11.5,,0.1,,,,
55.400219,8.414055,7.3,,0.7,,,,
55.731693,10.906137,14.4,,0.6,,,,
47.92781,0.90397,23.3,,0.0,,,,
48.856133,9.279327,11.8,,0.0,,,,
49.472435,7.68316,11.5,,0.0,,,,
49.536545,5.852088,9.9,,0.0,,,,
55.661389,12.403333,8.7,,0.0,,,,
57.34284,12.09087,10.8,,0.1,,,,
58.667784,9.086953,11.4,,0.0,,,,
58.691897,9.093502,11.4,,0.0,,,,
58.97703,17.10821,8.7,,0.1,,,,
55.840629,10.178091,9.0,,0.0,,,,
56.58135,16.41807,6.6,,0.0,,,,
57.88253,13.87214,6.1,,0.0,,,,
57.96538,14.12078,6.7,,0.0,,,,
58.192519,7.767229,7.7,,0.0,,,,
59.198736,6.099166,6.6,,2.5,,,,
60.35949,15.75517,11.5,,2.7,,,,
60.286989,24.720462,3.2,,0.9,,,,
58.621363,8.943887,7.7,,0.0,,,,
58.352202,6.643949,6.3,,0.1,,,,
49.20528,8.449256,8.6,,0.0,,,,
48.464866,7.916683,16.5,,0.1,,,,
48.873981,8.790667,14.6,,0.1,,,,
51.616657,7.950153,11.6,,0.6,,,,
48.941906,9.465858,15.3,,0.3,,,,
49.085293,20.659684,10.1,,0.0,,,,
49.960388,8.488827,12.2,,0.5,,,,
58.38133,11.63247,7.4,,0.0,,,,
59.88889,17.53744,8.6,,0.1,,,,
58.45086,13.71934,5.1,,1.4,,,,
59.78184,17.3622,9.0,,2.1,,,,
48.480478,-2.694075,10.4,,0.2,,,,
42.410126,2.556479,14.5,,0.0,,,,
55.670991,11.318953,7.2,,0.2,,,,
59.33595,18.89912,6.9,,0.0,,,,
50.743369,14.309897,4.3,,0.3,,,,
48.464235,7.895413,8.8,,0.1,,,,
50.809344,8.753512,8.6,,0.0,,,,
58.769589,9.094885,11.9,,0.0,,,,
48.489822,-2.737011,9.8,,0.0,,,,
49.773056,6.636482,11.6,,0.0,,,,
56.06924,14.47367,15.4,,0.5,,,,
56.761928,37.214834,16.3,,0.0,,,,
59.04576,16.80034,13.9,,0.3,,,,
59.331258,14.879107,13.0,,0.0,,,,
48.863598,9.288983,10.0,,0.9,,,,
51.42947,7.030824,13.2,,0.6,,,,
55.98696,12.81856,17.1,,0.0,,,,
59.084564,5.713645,8.6,,0.0,,,,
59.10053,15.30888,15.5,,0.0,,,,
59.18087,15.58335,14.9,,0.0,,,,
59.33595,18.89912,8.2,,0.0,,,,
59.70103,16.52423,15.8,,0.0,,,,
49.863127,31.356636,12.1,,0.0,,,,
49.949951,8.468485,13.2,,0.1,,,,
51.073772,14.956394,12.4,,0.8,,,,
51.302294,7.316944,11.9,,2.5,,,,
52.047165,8.487327,12.8,,0.0,,,,
52.713192,41.471946,12.1,,0.5,,,,
57.75639,14.29548,14.9,,0.0,,,,
59.872273,22.19531,5.8,,0.0,,,,
50.072388,9.126698,13.8,,0.0,,,,
58.108018,7.935079,12.4,,0.0,,,,
59.82449,17.6616,15.1,,0.0,,,,
58.449645,8.865024,15.5,,0.1,,,,
47.67945,2.36742,18.8,,0.0,,,,
48.873981,8.790667,16.0,,0.2,,,,
48.954243,9.315311,17.0,,0.2,,,,
51.348541,14.344725,16.0,,0.2,,,,
55.986942,12.027625,9.0,,0.4,,,,
58.38585,15.65827,11.0,,0.7,,,,
60.112559,23.53222,12.4,,0.0,,,,
60.13361,15.26999,10.0,,1.0,,,,
49.283332,17.361214,11.3,,0.8,,,,
59.32659,18.10422,16.0,,3.7,,,,
46.522683,15.710653,15.2,,0.0,,,,
47.51368,2.82663,18.8,,0.0,,,,
47.5581,2.64337,18.6,,0.0,,,,
48.933426,9.55832,13.4,,0.0,,,,
49.579101,17.265422,9.6,,0.0,,,,
59.2482,5.322042,6.9,,0.2,,,,
49.944035,8.43254,16.2,,0.0,,,,
51.393135,6.923548,12.3,,0.0,,,,
52.047165,5.16167,12.4,,0.0,,,,
57.43398,12.01572,7.2,,0.0,,,,
59.151297,10.24578,9.0,,0.0,,,,
45.919436,6.143228,21.2,,0.4,,,,
45.970044,4.671203,23.5,,0.9,,,,
55.6325,13.64966,8.5,,0.1,,,,
50.510208,4.34121,15.6,,0.0,,,,
57.87755,12.6023,10.4,,0.0,,,,
48.904842,9.36842,20.5,,0.7,,,,
52.174866,7.99367,17.2,,0.1,,,,
52.772019,-3.891302,10.4,,0.1,,,,
57.06414,15.0265,10.7,,0.1,,,,
45.452858,40.810678,19.6,,0.4,,,,
47.60562,2.91989,13.8,,0.4,,,,
47.69331,2.87914,13.8,,0.2,,,,
47.70204,2.87481,13.8,,0.0,,,,
55.677282,9.379689,9.7,,0.4,,,,
59.194928,17.814662,8.6,,0.0,,,,
46.938555,16.109563,19.6,,0.2,,,,
51.74,39.22,17.8,,0.2,,,,
48.492023,12.944847,17.6,,0.5,,,,
48.904842,9.36842,10.2,,3.3,,,,
52.48742,13.241068,11.1,,0.1,,,,
59.77887,17.58623,9.7,,0.0,,,,
60.60362,15.577,9.0,,0.0,,,,
48.466824,13.483439,15.9,,4.9,,,,
50.084401,14.663074,14.4,,3.8,,,,
51.439979,-2.655718,10.7,,1.0,,,,
52.144984,35.071306,17.1,,0.1,,,,
55.595112,12.5495,7.6,,0.0,,,,
55.612305,10.622642,8.7,,0.1,,,,
59.05358,16.60051,11.7,,0.0,,,,
62.995016,7.896479,5.6,,0.2,,,,
43.399091,-0.941821,15.9,,0.1,,,,
51.948032,35.455315,20.1,,2.3,,,,
54.369432,10.126365,11.4,,2.9,,,,
57.85261,14.41932,10.4,,0.4,,,,
59.16145,15.37379,11.8,,0.2,,,,
47.92192,0.90808,16.0,,0.8,,,,
48.92318,1.968783,16.1,,0.3,,,,
49.608874,8.336049,14.8,,0.1,,,,
49.724049,6.265926,12.4,,0.4,,,,
52.110034,4.401929,11.9,,1.4,,,,
58.019143,7.448246,8.4,,0.3,,,,
58.936334,5.616177,11.3,,0.1,,,,
45.904734,15.01821,10.7,,1.4,,,,
55.69101,13.45229,14.8,,0.6,,,,
45.815762,4.735163,15.8,,1.2,,,,
48.449565,2.76264,14.5,,0.0,,,,
50.488782,4.309316,11.6,,0.1,,,,
55.915031,12.505855,8.8,,0.2,,,,
56.65237,-6.144283,7.2,,0.2,,,,
57.75497,16.63583,7.3,,0.3,,,,
58.067436,7.74478,10.2,,1.1,,,,
58.087229,7.864292,9.2,,0.2,,,,
58.853222,5.558676,9.2,,0.1,,,,
48.283897,16.814226,15.9,,0.0,,,,
48.653598,9.481787,15.3,,0.0,,,,
49.008565,9.076624,16.5,,0.0,,,,
50.935444,6.718473,14.8,,0.7,,,,
58.719918,9.127907,10.9,,0.6,,,,
58.92429,16.27825,12.1,,0.0,,,,
59.38415,13.44544,9.4,,0.6,,,,
61.457494,28.125203,7.9,,0.1,,,,
49.904869,8.480259,28.6,,0.0,,,,
51.494509,9.24923,25.0,,0.0,,,,
54.363724,12.735044,22.6,,0.0,,,,
55.584319,11.152999,20.3,,0.6,,,,
56.79257,16.65458,13.0,,1.0,,,,
56.021031,-2.856082,14.3,,1.0,,,,
58.30621,14.64904,23.6,,0.0,,,,
58.31316,14.66999,20.5,,0.1,,,,
58.34264,14.65383,20.6,,0.1,,,,
58.35031,14.69133,23.3,,0.9,,,,
49.101529,9.071227,15.7,,1.5,,,,
51.415128,6.957718,15.8,,1.2,,,,
57.80565,14.28243,13.4,,0.6,,,,
58.117608,7.066525,13.3,,0.0,,,,
59.10053,15.30888,16.2,,0.1,,,,
49.960388,8.488827,15.6,,0.6,,,,
58.30013,14.66292,22.3,,0.0,,,,
58.62397,16.22012,20.2,,0.0,,,,
59.14583,16.70906,20.7,,0.0,,,,
58.35772,14.68613,23.7,,0.0,,,,
48.844383,9.41052,15.8,,0.4,,,,
51.687107,6.960416,18.8,,0.3,,,,
58.22312,13.60985,22.5,,0.4,,,,
58.31589,14.66095,19.9,,0.1,,,,
58.755679,9.310553,17.0,,0.6,,,,
47.172092,7.666347,15.0,,0.3,,,,
49.915913,8.474069,18.0,,1.0,,,,
50.490495,4.30668,15.1,,0.8,,,,
51.39814,14.163963,14.8,,0.3,,,,
58.1966,16.61367,17.2,,0.8,,,,
58.655328,9.148119,20.1,,1.3,,,,
59.778502,10.698459,19.6,,2.5,,,,
59.9572,10.70172,18.6,,1.0,,,,
43.36436,-0.47517,18.2,,0.6,,,,
55.758312,12.357935,11.8,,0.4,,,,
56.155225,8.953834,10.3,,0.0,,,,
58.66321,16.13306,12.5,,0.8,,,,
59.2152,18.18576,14.7,,0.2,,,,
45.928227,10.85459,15.9,,7.2,,,,
45.940142,10.866015,14.2,,4.8,,,,
49.326931,8.621178,16.2,,1.2,,,,
49.726204,8.436531,17.2,,1.5,,,,
55.75669,12.472875,14.5,,2.4,,,,
59.15737,18.25061,12.2,,2.1,,,,
60.00932,17.23601,16.2,,3.2,,,,
63.867219,23.098456,13.2,,0.0,,,,
46.007596,11.154238,16.0,,0.3,,,,
51.930058,7.97159,14.7,,1.4,,,,
58.283328,6.416028,12.5,,3.6,,,,
63.624786,8.844282,9.9,,1.1,,,,
51.334722,6.636111,14.6,,1.6,,,,
52.524536,10.125961,14.4,,1.2,,,,
53.577828,-3.081889,12.7,,0.6,,,,
55.813133,12.234444,13.7,,0.1,,,,
57.5475,18.21847,13.9,,0.0,,,,
57.71207,11.92897,13.3,,0.1,,,,
58.108018,7.935079,15.1,,0.0,,,,
54.964404,12.511264,10.8,,0.1,,,,
55.956684,11.869648,12.4,,0.0,,,,
58.355794,8.570943,15.0,,0.3,,,,
45.777748,2.064586,14.0,,0.0,,,,
45.77775,2.06459,14.0,,0.0,,,,
53.762665,12.120495,14.8,,0.5,,,,
59.36975,17.90578,16.7,,0.0,,,,
63.588059,10.717324,9.7,,0.8,,,,
42.116241,24.996441,18.8,,0.3,,,,
45.77626,2.06242,10.3,,2.8,,,,
45.776264,2.06242,10.3,,2.8,,,,
47.66156,2.73374,16.4,,0.3,,,,
47.66448,2.73804,16.3,,0.1,,,,
47.7823,2.82963,16.4,,0.1,,,,
53.661465,12.278243,15.7,,1.2,,,,
62.995249,7.896434,9.9,,0.0,,,,
48.195196,15.594224,15.9,,0.8,,,,
48.849564,9.401626,16.2,,0.8,,,,
48.886406,11.465842,15.1,,0.8,,,,
59.190851,10.31248,11.8,,0.7,,,,
59.37652,18.00943,16.7,,3.1,,,,
52.692047,41.453697,23.4,,0.2,,,,
53.687231,10.007746,14.0,,0.5,,,,
55.047988,9.782767,12.4,,0.0,,,,
55.424475,8.727723,11.4,,0.2,,,,
59.52024,14.98526,12.9,,2.5,,,,
47.79,13.04,18.4,,2.9,,,,
49.508231,5.982112,13.9,,1.6,,,,
49.726776,7.806164,18.3,,0.9,,,,
59.27621,15.19316,14.0,,0.3,,,,
59.37017,16.52807,12.0,,0.2,,,,
42.916942,11.595513,18.2,,0.0,,,,
44.046134,3.55249,10.3,,0.3,,,,
46.257778,8.843536,16.2,,0.0,,,,
51.565029,9.978665,10.7,,1.6,,,,
44.04825,3.55158,15.5,,0.0,,,,
57.950285,-5.148833,12.6,,0.2,,,,
49.535828,5.844181,14.1,,0.5,,,,
50.425213,3.821652,16.5,,0.1,,,,
51.102033,-0.600369,17.4,,0.0,,,,
53.06953,8.488779,14.3,,0.5,,,,
55.74468,12.93119,13.0,,0.3,,,,
45.609436,0.796088,23.8,,0.0,,,,
47.47986,1.25705,22.5,,0.0,,,,
49.022278,8.165949,17.0,,0.0,,,,
49.757303,31.483081,25.3,,0.7,,,,
54.921576,9.80342,15.1,,1.0,,,,
62.61092,17.68871,18.1,,0.0,,,,
46.374832,10.90236,13.0,,5.1,,,,
50.020645,8.205585,18.9,,0.0,,,,
51.41291,7.04567,16.3,,0.0,,,,
52.325157,35.355942,21.6,,1.6,,,,
54.779094,25.121082,15.4,,1.3,,,,
54.930273,9.552896,17.3,,0.0,,,,
55.70672,13.24301,17.2,,0.0,,,,
55.8035,12.471782,17.1,,0.0,,,,
58.0874,13.40825,19.5,,0.0,,,,
61.360804,5.326255,20.3,,0.0,,,,
63.383388,10.339564,15.6,,0.0,,,,
65.64133,22.23417,10.4,,0.0,,,,
46.444129,11.235835,19.8,,0.0,,,,
48.900745,9.455603,17.2,,0.0,,,,
50.80943,-1.390712,18.9,,0.0,,,,
51.368862,7.154917,19.7,,0.0,,,,
55.600937,12.550413,12.1,,0.0,,,,
56.027262,-2.861496,19.9,,0.4,,,,
57.62799,12.09546,19.3,,0.0,,,,
57.85245,11.96657,19.4,,0.0,,,,
63.376445,10.406075,18.5,,0.0,,,,
63.80333,20.86598,12.8,,0.0,,,,
47.949998,6.796876,20.1,,0.0,,,,
49.014633,8.858315,19.7,,0.0,,,,
51.617699,9.971423,20.3,,0.0,,,,
52.359233,9.747786,20.2,,0.0,,,,
54.32321,10.100825,20.9,,0.0,,,,
56.960024,10.267109,19.9,,0.0,,,,
63.700477,8.759176,11.1,,0.0,,,,
50.412292,30.565862,14.8,,0.0,,,,
53.687375,10.007586,22.6,,0.1,,,,
58.428623,8.750902,17.2,,0.0,,,,
59.52427,15.04224,17.6,,0.0,,,,
55.280598,-4.39935,21.0,,0.5,,,,
56.73745,12.86149,20.2,,1.3,,,,
59.90846,17.70448,21.0,,0.0,,,,
47.261005,15.336707,23.0,,0.1,,,,
48.923401,9.086723,24.8,,4.9,,,,
53.636131,12.238459,23.8,,0.0,,,,
59.75521,18.59077,21.5,,0.0,,,,
60.35048,18.21429,22.1,,0.0,,,,
48.481424,-2.691831,19.0,,0.0,,,,
51.399204,14.188843,27.1,,0.0,,,,
54.571288,-6.068765,16.0,,2.0,,,,
56.13834,14.99068,14.1,,0.0,,,,
58.38013,11.45524,24.1,,0.0,,,,
59.43635,14.78843,23.4,,0.0,,,,
59.440577,8.782909,22.3,,0.0,,,,
59.488559,8.621725,21.9,,0.0,,,,
59.88684,17.55912,24.1,,0.0,,,,
59.946966,10.491712,23.2,,0.0,,,,
60.35349,15.76339,24.8,,0.0,,,,
62.994939,7.896748,17.3,,0.7,,,,
47.26135,2.56912,18.6,,0.0,,,,
50.987957,6.164948,19.8,,0.1,,,,
56.25998,15.13576,24.0,,0.0,,,,
56.4392,12.57531,19.8,,0.0,,,,
56.43992,12.56777,19.8,,0.0,,,,
56.44988,12.5547,19.9,,0.0,,,,
63.308017,8.434516,16.2,,0.6,,,,
47.6505,2.90664,20.6,,0.0,,,,
53.913697,-1.70233,19.9,,0.8,,,,
58.58765,8.989944,17.8,,1.1,,,,
47.84,13.05,23.4,,0.2,,,,
48.299535,8.85909,19.4,,1.2,,,,
51.206763,6.432673,23.5,,0.0,,,,
51.930058,7.97159,21.6,,0.1,,,,
62.25093,25.754153,19.9,,0.7,,,,
47.3228,2.28275,25.8,,0.0,,,,
48.382678,11.744709,23.4,,0.7,,,,
49.995005,4.3856,22.3,,0.1,,,,
51.4258,7.022917,23.9,,0.3,,,,
51.91853,10.451023,21.7,,3.3,,,,
47.69958,2.84918,25.6,,0.0,,,,
48.728157,9.092649,21.9,,4.4,,,,
51.871522,18.660567,23.7,,0.1,,,,
53.623444,9.873788,24.9,,0.0,,,,
46.411259,10.843462,17.1,,0.6,,,,
47.61021,2.90624,25.0,,0.1,,,,
47.61204,2.91316,24.9,,0.1,,,,
49.799895,5.108817,24.4,,0.1,,,,
51.254986,6.423333,25.7,,0.0,,,,
54.942168,11.390345,22.4,,1.0,,,,
48.091364,14.270684,24.8,,0.6,,,,
48.852318,9.385157,25.4,,0.1,,,,
50.287903,1.580617,17.0,,0.2,,,,
53.109173,9.903059,18.9,,0.2,,,,
55.66601,11.401326,16.2,,0.3,,,,
57.97148,12.56643,18.4,,0.3,,,,
58.086883,25.908535,22.0,,1.3,,,,
58.896107,24.376067,20.7,,1.8,,,,
59.817374,5.330019,13.3,,0.3,,,,
48.816341,9.623371,21.2,,0.0,,,,
53.510712,7.563879,18.4,,0.0,,,,
58.023468,7.368512,16.1,,1.2,,,,
59.55609,18.17328,18.5,,0.0,,,,
47.74199,2.77695,28.0,,0.0,,,,
47.81,13.05,22.2,,0.0,,,,
48.679501,10.803545,23.5,,0.0,,,,
56.62007,16.56294,21.1,,0.0,,,,
56.79322,16.62093,22.9,,0.0,,,,
57.006523,-3.4072,13.0,,0.1,,,,
41.580835,42.333659,26.2,,0.0,,,,
41.594867,41.942897,24.2,,0.0,,,,
47.60118,2.90663,28.0,,0.0,,,,
54.219176,10.257126,18.8,,0.0,,,,
58.946058,5.692453,12.0,,0.4,,,,
59.49043,18.28143,19.6,,0.0,,,,
63.92933,15.16519,11.1,,0.1,,,,
49.831953,17.227309,23.7,,0.0,,,,
52.958679,18.615581,23.5,,0.0,,,,
58.415845,26.594633,21.0,,0.0,,,,
59.05699,17.21578,21.3,,0.6,,,,
50.873725,34.919622,25.8,,0.3,,,,
47.98401,7.764943,31.4,,1.4,,,,
51.440277,15.581738,31.6,,0.0,,,,
57.73213,11.68108,20.3,,0.6,,,,
57.74597,11.67477,20.3,,0.6,,,,
59.46825,17.82451,17.8,,0.5,,,,
48.022922,11.481627,29.4,,0.0,,,,
48.993759,8.552125,31.1,,6.4,,,,
51.460632,15.402092,33.2,,0.0,,,,
51.468039,15.403768,33.2,,0.0,,,,
51.471034,15.403272,33.2,,0.0,,,,
51.584991,15.309287,33.6,,0.0,,,,
56.11768,15.66995,25.0,,0.0,,,,
57.32801,15.5946,31.9,,0.0,,,,
59.132922,10.08093,20.9,,2.2,,,,
60.0299,18.37292,25.1,,0.1,,,,
60.03432,18.44469,25.1,,0.1,,,,
47.921547,7.708368,28.1,,2.0,,,,
56.75365,16.53215,26.4,,0.0,,,,
45.945738,6.146259,24.9,,4.5,,,,
49.819962,24.078926,25.1,,0.6,,,,
52.162581,32.611819,30.0,,0.0,,,,
52.162803,32.61332,30.0,,0.0,,,,
52.164336,32.616517,30.0,,0.0,,,,
52.176403,32.579039,29.8,,0.0,,,,
53.452026,15.819078,31.9,,0.0,,,,
53.452972,15.843542,31.8,,0.0,,,,
53.453156,15.826573,31.8,,0.0,,,,
53.454132,15.845242,31.8,,0.0,,,,
53.46187,15.812626,31.9,,0.0,,,,
51.930058,7.97159,19.6,,1.3,,,,
56.30281,13.0749,17.7,,0.0,,,,
51.093819,7.063415,19.5,,0.3,,,,
56.58135,16.41807,23.8,,0.0,,,,
64.309281,10.543302,15.0,,0.4,,,,
47.25,12.74,28.4,,0.8,,,,
48.19229,2.36468,19.3,,0.1,,,,
48.20724,11.643029,22.7,,3.4,,,,
56.413422,10.58232,21.3,,0.0,,,,
59.356182,11.714022,22.5,,0.0,,,,
61.169264,25.868319,22.0,,0.1,,,,
56.470516,-5.731501,13.4,,0.2,,,,
59.76355,9.985098,21.3,,0.0,,,,
59.80564,15.84798,21.3,,0.4,,,,
52.690076,-1.227481,17.5,,0.0,,,,
55.433407,9.641071,19.9,,0.3,,,,
56.13991,12.79323,19.0,,0.2,,,,
60.692879,6.83971,18.6,,0.5,,,,
46.810418,11.882786,26.7,,0.1,,,,
49.968582,14.422495,24.3,,0.1,,,,
51.472367,-2.183362,18.0,,2.8,,,,
53.005568,4.78679,18.6,,0.9,,,,
55.516432,11.767035,19.2,,0.1,,,,
56.39669,12.97151,17.9,,0.1,,,,
57.48137,14.86417,22.2,,0.4,,,,
50.427223,6.523647,21.2,,1.9,,,,
51.869358,31.21682,24.3,,0.3,,,,
51.973629,8.957283,27.6,,9.6,,,,
58.267485,8.501189,19.4,,0.0,,,,
66.065232,12.76709,11.9,,0.4,,,,
58.3436,26.82504,24.3,,0.0,,,,
59.70103,16.52423,24.5,,0.0,,,,
56.234987,10.30327,18.6,,0.9,,,,
59.417362,5.242272,19.6,,0.1,,,,
45.78443,1.99393,19.0,,0.7,,,,
45.784432,1.993925,19.0,,0.7,,,,
47.8211,1.22872,23.4,,0.0,,,,
48.799753,2.705232,19.9,,0.0,,,,
48.757749,2.509847,24.9,,0.1,,,,
49.284413,2.469972,24.0,,0.3,,,,
50.79216,8.709519,19.7,,0.0,,,,
51.512909,7.018762,20.0,,0.1,,,,
46.068094,15.450765,22.9,,0.1,,,,
50.388275,-3.888995,17.3,,1.2,,,,
51.560745,10.7339,22.3,,0.0,,,,
52.278781,35.396939,26.3,,6.2,,,,
57.67875,14.09965,23.9,,1.1,,,,
48.873981,8.790667,21.8,,0.6,,,,
55.825934,12.559412,21.7,,0.2,,,,
56.68738,16.59981,23.2,,0.0,,,,
59.52295,16.28024,26.7,,0.0,,,,
60.453131,25.027576,26.3,,0.0,,,,
50.967413,12.30588,22.0,,0.7,,,,
56.43603,15.11073,24.5,,0.5,,,,
56.59613,16.63649,23.6,,0.1,,,,
64.231953,12.311959,27.4,,0.2,,,,
47.71,12.86,31.2,,0.4,,,,
61.102983,6.595745,22.4,,3.7,,,,
50.215244,4.953367,20.2,,0.2,,,,
53.016331,14.250641,20.8,,1.0,,,,
59.356182,11.714022,19.5,,0.1,,,,
61.550428,23.659487,26.7,,0.8,,,,
51.407452,7.077255,22.2,,2.8,,,,
57.80594,11.87336,22.0,,0.5,,,,
58.20847,15.66541,24.2,,0.2,,,,
66.05633,17.54324,20.3,,1.3,,,,
47.87313,1.39264,21.6,,0.3,,,,
47.87817,1.38959,21.4,,0.4,,,,
47.88708,1.30408,21.6,,0.4,,,,
49.833832,7.429898,19.4,,0.3,,,,
53.705654,8.697504,19.9,,0.0,,,,
55.851801,11.505875,21.6,,2.7,,,,
43.357487,-5.84494,21.6,,0.0,,,,
48.848671,9.404197,23.3,,1.3,,,,
51.817554,9.908166,21.1,,0.2,,,,
47.26115,2.57073,23.0,,1.4,,,,
47.596398,3.780127,23.9,,0.3,,,,
50.741127,7.094691,24.3,,1.8,,,,
51.016557,9.545794,23.5,,0.0,,,,
55.655619,8.142999,26.1,,1.3,,,,
60.455342,22.22441,25.7,,0.0,,,,
50.585346,-2.031762,18.4,,0.4,,,,
51.171598,-2.840687,21.0,,0.1,,,,
56.316453,9.789383,24.0,,0.2,,,,
59.83712,19.03436,24.7,,0.0,,,,
63.3277,9.186287,20.2,,0.2,,,,
58.95742,16.292,29.6,,0.0,,,,
63.00745,17.48803,25.9,,0.4,,,,
56.73116,13.13306,28.1,,0.1,,,,
57.32797,18.18341,25.9,,0.0,,,,
58.293863,6.438244,20.7,,0.2,,,,
45.834339,4.70963,26.3,,0.0,,,,
47.26135,2.56904,25.1,,0.0,,,,
51.42947,7.030824,25.4,,0.0,,,,
56.16092,15.37811,21.6,,0.0,,,,
48.480737,-2.695903,25.7,,0.0,,,,
55.674992,12.346947,20.1,,0.0,,,,
57.005469,-3.407178,24.2,,1.6,,,,
59.21394,17.8144,20.4,,0.0,,,,
59.54143,16.66798,22.7,,0.0,,,,
44.858122,7.201114,23.7,,2.2,,,,
47.277258,11.343973,24.8,,0.0,,,,
54.710323,25.26079,24.2,,0.0,,,,
60.85954,15.08195,22.0,,0.0,,,,
58.281472,6.712463,23.8,,0.0,,,,
68.779761,17.178555,13.1,,1.0,,,,
55.628784,12.583706,25.1,,0.1,,,,
58.71311,16.07438,26.0,,0.0,,,,
60.384476,23.957449,26.1,,0.0,,,,
39.214012,-4.794418,32.1,,0.0,,,,
52.252664,35.298354,27.6,,0.0,,,,
56.84367,14.79655,27.2,,2.5,,,,
59.437425,5.091831,25.2,,2.4,,,,
63.92933,15.16519,26.1,,0.0,,,,
63.99664,19.68367,28.2,,0.0,,,,
50.861663,24.327874,29.1,,1.8,,,,
55.037164,11.87483,23.8,,0.5,,,,
59.222951,10.898855,19.5,,1.1,,,,
61.177597,21.652767,23.4,,2.5,,,,
63.79097,20.85898,24.7,,0.0,,,,
44.858084,7.201222,23.4,,2.0,,,,
48.025795,14.22788,25.1,,0.0,,,,
55.669914,10.96092,18.1,,2.1,,,,
63.110658,7.746586,19.2,,0.1,,,,
58.236111,11.441389,21.4,,0.4,,,,
44.858092,7.201178,23.1,,10.8,,,,
57.83489,16.32736,21.7,,1.2,,,,
58.0005,14.97356,18.0,,0.0,,,,
63.39894,13.08721,12.7,,0.0,,,,
47.52493,2.12636,18.2,,0.8,,,,
47.709019,9.664325,20.9,,1.5,,,,
50.106226,8.331964,18.5,,1.1,,,,
56.56338,-5.739417,16.5,,0.8,,,,
62.410364,6.103091,13.1,,0.0,,,,
57.76096,11.86834,17.6,,0.2,,,,
60.350522,26.770228,15.2,,0.0,,,,
60.43359,18.42596,18.3,,0.2,,,,
66.065232,12.76709,13.7,,0.3,,,,
59.57838,18.87912,17.9,,0.0,,,,
59.622155,10.852484,18.8,,0.1,,,,
60.43359,18.42596,21.3,,0.0,,,,
46.945064,7.875888,20.2,,0.2,,,,
53.222813,10.167628,22.5,,1.9,,,,
56.99247,14.58797,20.7,,0.2,,,,
56.384855,-3.966181,17.6,,1.9,,,,
58.82431,17.09702,20.2,,1.6,,,,
45.919319,6.143172,22.7,,0.0,,,,
47.64223,2.90089,21.0,,0.0,,,,
53.728088,22.067752,23.3,,0.7,,,,
53.731959,22.077342,23.3,,0.7,,,,
53.76416,21.994572,22.8,,0.1,,,,
53.771362,22.124228,22.8,,0.1,,,,
53.772003,21.998451,22.8,,0.1,,,,
53.775716,21.975243,22.8,,0.1,,,,
53.781327,22.063774,22.8,,0.2,,,,
62.61092,17.68871,18.1,,2.9,,,,
47.69927,2.84909,25.3,,0.0,,,,
48.027653,7.931765,23.0,,0.0,,,,
59.46469,16.21971,20.4,,0.1,,,,
43.357487,-5.84494,23.8,,0.2,,,,
55.290117,9.047552,19.7,,0.2,,,,
58.07674,11.71356,19.9,,0.6,,,,
60.45379,25.030508,21.3,,0.2,,,,
57.79119,11.83669,19.7,,0.2,,,,
57.78604,14.72071,20.9,,0.3,,,,
58.934568,5.714902,16.8,,1.6,,,,
59.63461,18.98575,19.4,,0.1,,,,
56.67112,16.24853,20.9,,0.2,,,,
59.63148,15.2081,17.7,,1.5,,,,
62.253768,25.728038,17.6,,1.2,,,,
54.684787,-3.178234,15.7,,0.5,,,,
56.384676,-3.962446,17.5,,0.2,,,,
56.386041,-3.953262,17.3,,0.2,,,,
56.879306,-4.775575,13.4,,0.5,,,,
60.427936,22.200522,16.9,,3.1,,,,
48.237679,7.276648,15.4,,1.5,,,,
56.695628,11.542443,15.6,,3.3,,,,
57.27876,18.37799,17.9,,1.9,,,,
56.327939,10.158635,17.0,,0.4,,,,
60.427936,22.200522,16.6,,1.8,,,,
50.812572,-0.45062,17.8,,0.1,,,,
54.783838,11.815706,18.4,,0.4,,,,
57.97256,19.27626,18.2,,0.2,,,,
59.09881,16.56157,18.2,,1.3,,,,
66.065232,12.76709,11.5,,1.8,,,,
43.120574,-3.297786,23.3,,0.0,,,,
57.693943,12.123826,19.1,,0.1,,,,
66.065232,12.76709,11.1,,0.5,,,,
54.134033,13.83115,18.1,,0.0,,,,
56.148217,9.590731,19.0,,0.0,,,,
57.03636,-5.679577,19.0,,0.0,,,,
57.672195,12.098481,19.3,,0.2,,,,
58.213658,7.93755,19.0,,0.0,,,,
49.608753,8.336824,22.2,,0.3,,,,
55.440639,-2.751863,20.5,,0.1,,,,
57.674245,12.097064,20.4,,0.0,,,,
60.199147,5.625715,17.5,,0.0,,,,
51.15732,-0.348411,21.0,,0.0,,,,
58.31522,14.65888,19.4,,0.0,,,,
59.413605,5.244742,16.4,,0.4,,,,
59.413957,5.24979,16.4,,0.4,,,,
59.415041,5.244481,16.4,,0.4,,,,
59.417362,5.242272,16.4,,0.4,,,,
59.418295,5.245937,16.4,,0.4,,,,
59.42074,5.242936,16.4,,0.4,,,,
52.788167,12.622822,20.9,,0.7,,,,
47.88774,6.12987,19.8,,0.1,,,,
60.427936,22.200522,15.0,,1.3,,,,
51.844543,12.286482,16.7,,2.5,,,,
48.0439,7.01617,12.0,,2.5,,,,
56.503065,-5.418876,18.7,,0.0,,,,
57.26319,17.04655,16.9,,2.3,,,,
59.42002,14.78621,15.3,,0.5,,,,
60.253527,24.073861,20.9,,0.0,,,,
47.94417,5.74186,18.0,,0.1,,,,
50.963631,34.961493,29.5,,0.0,,,,
55.688203,11.1025,18.4,,0.2,,,,
59.361912,14.976517,19.3,,0.0,,,,
59.45134,14.51167,20.0,,0.0,,,,
59.7755,18.71893,18.7,,0.0,,,,
60.257651,24.782336,19.9,,0.0,,,,
57.74376,11.92348,21.0,,0.0,,,,
58.626751,8.874088,22.6,,0.0,,,,
60.427936,22.200522,20.3,,0.0,,,,
48.246055,9.217112,15.9,,0.3,,,,
51.141582,9.497343,18.5,,0.2,,,,
59.48038,16.21238,19.5,,0.0,,,,
51.141582,9.497343,17.2,,0.0,,,,
59.254066,10.394541,20.9,,0.0,,,,
55.540307,14.01631,21.1,,0.0,,,,
56.219874,9.722927,19.8,,0.0,,,,
56.230853,9.736458,19.8,,0.0,,,,
60.427936,22.200522,14.9,,0.2,,,,
60.16628,18.37408,13.0,,0.1,,,,
48.24958,1.44085,27.7,,0.1,,,,
48.873981,8.790667,23.5,,0.0,,,,
49.576207,7.981565,24.8,,0.0,,,,
50.959003,10.312381,20.8,,0.0,,,,
58.753009,9.037079,18.8,,0.0,,,,
59.25579,18.22215,17.7,,0.1,,,,
59.8428,16.80378,17.7,,0.0,,,,
55.64948,12.58086,21.5,,0.0,,,,
57.66676,11.94963,19.5,,0.2,,,,
59.8539,16.07791,23.2,,0.0,,,,
53.672147,21.989924,23.7,,0.0,,,,
53.755516,21.887116,23.5,,0.0,,,,
53.775872,22.132423,24.1,,0.0,,,,
58.105507,6.634283,19.7,,0.1,,,,
60.564741,5.542947,19.6,,0.0,,,,
57.66676,11.94963,22.7,,1.9,,,,
59.86263,18.80859,16.6,,0.1,,,,
60.502232,21.975333,19.6,,1.7,,,,
46.98177,9.718291,21.3,,0.5,,,,
51.159107,-2.77422,19.9,,0.4,,,,
51.930058,7.97159,20.3,,0.0,,,,
59.8698,17.95532,18.5,,3.1,,,,
60.427936,22.200522,13.6,,0.0,,,,
48.413657,9.955988,24.4,,0.0,,,,
57.50539,11.9876,17.1,,0.3,,,,
60.224225,24.903011,12.1,,0.0,,,,
59.54143,16.66798,15.6,,0.0,,,,
63.79386,20.57552,10.1,,0.0,,,,
64.231953,12.311959,11.6,,0.0,,,,
57.124893,-3.939313,15.8,,0.7,,,,
57.85577,11.76795,13.9,,0.0,,,,
59.4615,13.6053,12.4,,0.0,,,,
48.905846,9.427622,19.0,,0.3,,,,
57.67626,11.96243,13.0,,0.0,,,,
57.80594,11.87336,13.4,,0.0,,,,
48.873981,8.790667,15.4,,0.0,,,,
58.381345,11.632305,13.9,,1.7,,,,
60.235169,25.024546,9.0,,0.2,,,,
59.47778,15.12621,13.2,,0.7,,,,
45.015205,7.246182,14.5,,0.1,,,,
57.70674,14.13976,11.2,,3.3,,,,
48.320135,10.073649,22.8,,0.0,,,,
49.804516,30.05637,16.6,,0.3,,,,
56.77238,14.61259,15.6,,0.0,,,,
59.35074,15.30215,17.2,,0.0,,,,
63.536625,10.093462,11.5,,0.4,,,,
48.873981,8.873988,17.1,,0.7,,,,
62.818716,8.323322,14.5,,0.0,,,,
48.183968,17.247622,16.6,,0.1,,,,
60.715888,24.734575,9.9,,0.0,,,,
59.946966,10.491712,12.6,,3.0,,,,
60.16628,18.37408,14.5,,0.0,,,,
61.131399,11.373884,10.1,,2.3,,,,
51.930058,7.97159,20.3,,1.1,,,,
49.708534,6.047116,15.2,,3.5,,,,
49.938736,8.440247,17.3,,0.0,,,,
55.917137,-4.331337,17.0,,2.4,,,,
59.86263,18.80859,15.9,,0.0,,,,
48.788154,19.155992,11.0,,0.0,,,,
48.873981,8.790667,13.1,,0.0,,,,
59.83218,17.50659,12.8,,2.0,,,,
59.932941,10.552896,10.7,,0.1,,,,
58.48064,13.63113,8.9,,0.0,,,,
57.151289,-2.118289,12.4,,2.0,,,,
59.39123,15.21418,8.9,,0.0,,,,
58.712244,9.105099,8.9,,0.0,,,,
56.798069,9.849559,9.6,,0.0,,,,
59.946966,10.491712,12.1,,0.2,,,,
59.19734,18.32637,10.9,,0.0,,,,
59.466322,11.002485,11.5,,1.8,,,,
48.905846,9.427622,18.3,,3.8,,,,
55.343905,10.750471,13.5,,2.3,,,,
59.46221,17.96151,9.9,,0.0,,,,
51.003014,6.834888,11.6,,0.0,,,,
53.453156,15.826411,8.2,,0.0,,,,
53.461823,15.811625,8.3,,0.0,,,,
53.463948,15.82569,8.2,,0.0,,,,
47.16422,2.33366,12.4,,0.0,,,,
50.806127,4.478775,9.6,,0.0,,,,
56.58012,16.40937,10.6,,0.3,,,,
56.229548,10.574648,9.0,,0.0,,,,
58.35673,14.65564,-0.4,,0.1,,,,
53.391186,15.866418,-2.3,,1.0,,,,
53.404694,15.843643,-2.3,,0.9,,,,
53.430338,15.8274,-2.4,,0.9,,,,
53.456526,15.873663,-2.4,,0.9,,,,
53.46637,15.840837,-2.5,,0.9,,,,
56.75949,15.87864,1.9,,0.1,,,,
57.31916,15.8759,1.5,,0.8,,,,
56.75517,15.87292,9.1,,0.0,,,,
48.480689,-2.694004,6.4,,0.0,,,,
49.944035,8.43254,6.3,,0.1,,,,
58.096246,7.783498,1.7,,0.2,,,,
39.075291,16.234645,12.6,,0.0,,,,
44.811707,28.80093,8.7,,0.0,,,,
47.20769,1.3047,8.5,,0.1,,,,
55.84581,13.11597,5.6,,1.4,,,,
51.098186,7.07276,5.6,,1.5,,,,
55.72832,13.15539,3.8,,0.0,,,,
56.19552,16.39892,4.4,,0.0,,,,
51.930058,7.97159,11.2,,0.2,,,,
47.2549,2.8763,8.1,,0.1,,,,
57.6995,12.05295,4.9,,3.6,,,,
48.873981,8.790667,12.4,,2.1,,,,
43.943895,3.354829,11.1,,0.0,,,,
58.733903,9.13743,3.4,,0.0,,,,
44.811475,28.801292,5.7,,0.0,,,,
44.818817,28.784127,6.0,,0.0,,,,
44.828644,28.786214,5.9,,0.0,,,,
57.76735,14.30642,3.3,,0.0,,,,
47.16852,1.20547,8.8,,0.0,,,,
52.227216,5.164445,6.2,,0.0,,,,
54.275748,10.059617,7.8,,0.0,,,,
58.270405,6.860218,6.8,,0.0,,,,
60.624478,5.210049,10.7,,0.0,,,,
51.993282,10.41255,11.1,,0.0,,,,
55.64486,13.54499,6.3,,0.0,,,,
55.655059,12.533716,7.4,,0.0,,,,
54.065937,12.096037,8.5,,0.0,,,,
58.676961,9.206357,10.4,,0.0,,,,
51.098186,7.07276,11.8,,0.0,,,,
58.096986,7.786417,8.8,,0.0,,,,
47.20055,2.02896,15.3,,1.4,,,,
48.479599,-2.694145,14.5,,0.0,,,,
48.873981,8.873988,15.5,,0.0,,,,
49.295855,2.473535,11.4,,0.0,,,,
49.296063,2.473555,11.4,,0.0,,,,
58.45086,13.71934,11.8,,0.0,,,,
59.1819,15.40536,12.3,,0.0,,,,
59.27503,17.22779,13.5,,0.0,,,,
59.56701,17.48504,10.4,,0.0,,,,
47.26877,2.6365,17.5,,0.0,,,,
48.862316,9.383979,17.2,,0.0,,,,
56.68826,16.60159,15.0,,0.0,,,,
59.16425,15.1876,12.2,,0.0,,,,
58.065207,6.792144,11.0,,0.0,,,,
47.171671,5.727951,19.1,,0.0,,,,
48.354691,7.52876,19.2,,0.0,,,,
48.35479,7.528726,19.2,,0.0,,,,
56.229693,-4.72868,16.0,,0.0,,,,
56.23293,-4.730962,15.8,,0.0,,,,
56.23574,-4.730777,15.5,,0.0,,,,
56.235777,-4.730827,15.5,,0.0,,,,
58.160019,8.034756,14.4,,0.0,,,,
58.29393,11.99378,12.0,,0.0,,,,
59.263814,6.167536,8.0,,0.2,,,,
48.450108,7.575824,20.4,,0.0,,,,
51.098186,7.07276,17.4,,0.0,,,,
50.499053,-4.612385,14.3,,4.3,,,,
55.689462,11.103267,7.1,,0.0,,,,
48.873981,8.873988,9.8,,0.8,,,,
51.46913,-2.630022,10.3,,1.6,,,,
48.487099,26.4916,18.5,,0.7,,,,
55.818828,12.316698,5.5,,0.0,,,,
47.27491,2.19503,4.9,,0.0,,,,
56.019379,-2.856442,6.8,,0.2,,,,
48.658475,18.400348,4.0,,0.1,,,,
56.162802,10.407294,7.2,,0.4,,,,
44.539244,38.095033,16.6,,1.5,,,,
47.83,13.05,18.2,,2.7,,,,
47.27289,2.6012,11.8,,0.0,,,,
48.176057,-1.854289,13.8,,0.0,,,,
58.165208,8.098726,8.2,,0.0,,,,
58.229057,8.350478,8.4,,0.0,,,,
44.024226,0.600084,19.4,,1.2,,,,
44.198517,5.911145,19.5,,0.0,,,,
49.490237,7.495598,20.1,,0.0,,,,
53.865583,9.816172,15.5,,0.0,,,,
58.1966,16.61367,12.6,,0.0,,,,
47.83,13.05,20.6,,0.0,,,,
48.848671,9.404197,19.4,,0.0,,,,
53.597904,10.118377,15.8,,0.1,,,,
54.608892,-3.12381,11.9,,0.2,,,,
59.198594,6.099309,10.3,,0.2,,,,
46.76513,2.42819,20.6,,0.0,,,,
48.327881,14.349612,17.8,,1.1,,,,
46.7083,2.52282,19.5,,0.0,,,,
46.74511,2.3201,20.0,,0.0,,,,
50.61404,22.97512,6.3,,0.5,,,,
56.77238,14.61259,12.1,,0.0,,,,
57.66853,16.60559,11.8,,0.1,,,,
58.96903,5.720067,9.1,,0.0,,,,
60.278388,24.959822,6.9,,0.0,,,,
42.681427,23.319489,7.0,,1.2,,,,
45.47356,5.558446,16.5,,0.0,,,,
47.26919,2.63664,17.3,,0.0,,,,
48.147446,7.574548,17.0,,0.0,,,,
55.252185,9.52619,11.1,,0.0,,,,
57.87077,18.63335,10.1,,0.0,,,,
58.03066,15.27487,14.3,,0.0,,,,
58.832368,5.831054,12.9,,0.0,,,,
59.084144,5.717462,8.6,,0.0,,,,
59.80776,12.17483,15.4,,0.0,,,,
42.681912,23.31867,6.3,,0.0,,,,
56.901947,-5.747895,9.9,,0.9,,,,
58.32645,15.71615,15.8,,0.2,,,,
58.170321,6.738281,13.9,,0.0,,,,
59.70103,16.52423,15.2,,0.0,,,,
42.711402,26.609815,11.4,,2.3,,,,
42.713,26.6252,11.7,,2.3,,,,
42.731842,26.596691,11.4,,1.9,,,,
42.733539,26.600127,11.4,,2.3,,,,
49.024748,13.10118,11.2,,0.0,,,,
49.098141,9.042011,14.5,,0.0,,,,
50.921146,-1.373797,18.0,,0.0,,,,
51.946671,10.510912,11.7,,0.2,,,,
58.10115,14.96803,14.1,,0.0,,,,
58.107809,7.940137,13.9,,0.0,,,,
42.711419,26.609885,14.8,,0.0,,,,
42.729797,26.616397,15.2,,0.0,,,,
42.733582,26.600191,14.8,,0.0,,,,
46.74795,0.96473,19.4,,0.0,,,,
57.96133,19.23215,8.5,,0.0,,,,
42.681622,23.319025,20.8,,0.4,,,,
42.718348,26.621161,19.9,,0.2,,,,
42.733551,26.600115,19.5,,0.4,,,,
47.04985,0.83671,20.7,,0.1,,,,
47.67169,1.50939,18.9,,0.0,,,,
51.141582,9.497343,13.8,,0.1,,,,
59.52427,15.04224,15.7,,0.0,,,,
47.636912,9.542793,17.7,,0.8,,,,
49.267357,8.516893,17.7,,0.2,,,,
50.476052,34.919518,15.6,,0.9,,,,
50.905106,24.563849,9.8,,0.0,,,,
52.297984,21.14929,11.5,,0.1,,,,
56.67182,16.52834,9.0,,1.1,,,,
58.73242,9.134815,13.3,,0.0,,,,
61.181531,6.731723,14.8,,0.0,,,,
56.29189,15.37853,11.2,,0.0,,,,
59.75083,17.63635,9.3,,0.0,,,,
60.14218,17.95157,7.7,,0.1,,,,
60.196973,24.620069,10.5,,0.0,,,,
48.060794,0.427409,15.6,,0.3,,,,
48.480221,-2.693587,14.1,,0.0,,,,
51.014023,-1.155274,13.0,,0.2,,,,
51.140052,17.031091,10.0,,0.1,,,,
55.39088,-3.3271,9.4,,0.1,,,,
42.94589,1.084547,18.6,,0.1,,,,
42.948178,1.086074,19.1,,0.0,,,,
55.637753,12.533326,12.6,,0.3,,,,
55.75172,12.3478,13.1,,0.0,,,,
56.28854,15.53039,14.8,,0.8,,,,
57.43398,12.01572,13.7,,0.0,,,,
58.628299,6.713829,13.6,,0.0,,,,
59.084144,5.717462,8.0,,0.0,,,,
47.65939,1.47987,19.4,,0.0,,,,
47.66379,1.48824,19.4,,0.0,,,,
58.299892,7.206195,13.8,,0.1,,,,
63.822161,23.043229,2.5,,0.0,,,,
43.82749,11.253845,19.1,,0.0,,,,
49.037193,8.505478,19.9,,0.0,,,,
49.043957,8.491349,19.9,,0.0,,,,
57.46771,15.18051,12.5,,0.1,,,,
60.792667,4.880556,8.3,,0.2,,,,
47.598237,18.97517,19.0,,0.0,,,,
47.73,13.08,18.2,,0.0,,,,
47.97753,1.32765,19.5,,0.2,,,,
47.98121,1.37906,19.5,,0.2,,,,
48.02,12.95,17.5,,0.0,,,,
48.212025,16.433065,18.6,,0.0,,,,
50.120883,14.628836,17.3,,0.0,,,,
55.575694,12.564974,9.9,,0.0,,,,
43.320691,11.341497,20.5,,0.0,,,,
45.263716,5.702432,17.9,,0.1,,,,
45.775767,11.462262,17.7,,0.1,,,,
48.153238,16.431601,20.3,,0.0,,,,
48.323265,7.534007,16.1,,0.3,,,,
49.406588,8.491308,13.2,,0.8,,,,
51.406029,6.999968,12.4,,0.1,,,,
53.687432,10.007511,13.9,,0.0,,,,
55.675849,9.387715,14.0,,0.0,,,,
42.822043,0.918215,12.7,,0.5,,,,
42.823834,0.930917,13.3,,0.4,,,,
43.072515,1.360166,17.6,,0.3,,,,
43.857108,12.305337,14.8,,0.5,,,,
47.639889,10.034949,12.8,,0.2,,,,
47.844038,13.01104,13.4,,0.2,,,,
48.282196,7.385721,15.3,,0.1,,,,
48.426239,7.687952,15.5,,0.1,,,,
48.715447,8.206927,14.0,,0.2,,,,
48.777834,8.317638,15.2,,0.1,,,,
49.539828,5.821702,14.0,,0.1,,,,
49.763836,6.511101,14.9,,0.1,,,,
49.763925,6.511162,14.9,,0.1,,,,
49.892717,8.854898,16.1,,0.2,,,,
50.054567,15.786712,18.9,,0.1,,,,
50.075538,14.437801,19.5,,0.0,,,,
52.142614,9.081501,13.4,,0.0,,,,
52.582473,13.204199,15.9,,0.0,,,,
55.163563,22.487043,13.9,,0.0,,,,
56.67021,16.58668,12.4,,0.0,,,,
57.105106,10.017808,14.4,,0.0,,,,
58.690959,9.084429,14.0,,0.0,,,,
63.873613,23.062595,5.6,,0.0,,,,
44.580904,37.979656,14.0,,2.6,,,,
44.580919,37.979509,14.0,,2.6,,,,
46.81442,15.197698,15.8,,0.5,,,,
48.833853,2.442852,17.5,,0.0,,,,
48.863956,8.83213,17.0,,0.1,,,,
58.862867,9.050598,17.0,,0.0,,,,
60.737224,10.82054,13.8,,0.0,,,,
48.909187,9.343872,18.3,,1.7,,,,
50.483495,-4.152545,15.5,,0.8,,,,
51.423483,-2.413614,15.1,,0.0,,,,
57.20938,16.0263,14.1,,0.0,,,,
58.084685,-6.505922,11.8,,1.0,,,,
44.808008,20.405394,22.5,,0.0,,,,
47.14915,9.834336,16.3,,3.1,,,,
50.292346,-3.655792,15.6,,0.3,,,,
51.530148,9.94842,17.7,,0.7,,,,
47.350792,0.4355,18.7,,0.2,,,,
47.43796,0.96646,18.5,,0.2,,,,
47.47249,0.8863,18.9,,0.2,,,,
57.68051,11.95812,11.6,,0.1,,,,
58.700836,9.150078,17.7,,0.0,,,,
60.400939,22.394091,10.5,,1.3,,,,
47.55694,0.63228,21.0,,0.0,,,,
47.62693,0.7518,20.7,,0.0,,,,
47.64918,0.83149,20.6,,0.0,,,,
47.66803,0.73586,21.0,,0.0,,,,
50.066114,8.63723,20.1,,0.0,,,,
51.556541,10.726213,18.9,,1.8,,,,
53.11889,9.738216,19.6,,1.1,,,,
55.749428,-4.908037,14.2,,0.0,,,,
46.002114,5.029107,21.7,,0.2,,,,
48.749584,13.19178,18.4,,0.3,,,,
48.846214,9.170615,20.0,,0.3,,,,
50.817553,10.162397,17.8,,0.1,,,,
51.00592,13.7362,18.8,,0.1,,,,
52.606863,13.003382,17.7,,0.0,,,,
55.74955,-4.908247,15.1,,0.2,,,,
57.76793,11.97073,15.0,,0.0,,,,
58.069512,6.790455,12.0,,0.0,,,,
58.7207,12.35871,12.3,,0.0,,,,
46.369141,14.101516,19.3,,6.6,,,,
46.875133,15.856458,20.0,,1.9,,,,
50.246225,2.182797,21.7,,0.0,,,,
51.483377,7.108138,23.6,,0.0,,,,
59.738588,10.29366,16.0,,0.0,,,,
49.960278,5.980833,22.6,,0.0,,,,
54.646637,-5.689347,14.6,,0.4,,,,
57.43398,12.01572,14.1,,2.0,,,,
46.74108,2.45073,28.5,,0.0,,,,
47.126424,15.43655,23.5,,0.0,,,,
48.702533,10.875337,25.3,,0.0,,,,
46.76521,2.42816,21.9,,2.0,,,,
51.563284,9.859279,18.2,,0.0,,,,
56.50459,15.09686,13.5,,0.1,,,,
59.83708,17.65658,16.0,,0.9,,,,
49.607714,8.37754,23.7,,0.0,,,,
50.430974,8.378432,22.3,,0.0,,,,
51.406029,6.999968,21.1,,0.0,,,,
51.930058,7.97159,21.6,,0.0,,,,
52.13273,4.351837,16.5,,0.0,,,,
59.05713,17.21576,16.0,,1.0,,,,
48.38652,15.138936,19.3,,0.1,,,,
48.873981,8.790667,24.5,,0.0,,,,
49.564817,7.993953,24.1,,2.0,,,,
50.737,7.094507,25.9,,0.0,,,,
51.141582,9.497343,22.7,,0.0,,,,
51.42947,7.030824,25.0,,0.0,,,,
56.303225,10.864963,17.3,,0.0,,,,
56.67775,16.55415,17.9,,0.0,,,,
58.103433,7.92385,17.2,,0.0,,,,
58.12095,12.64533,17.3,,0.0,,,,
60.181234,24.984985,14.3,,0.3,,,,
47.936521,7.973807,21.9,,0.1,,,,
51.039288,13.755374,19.4,,0.3,,,,
51.480241,7.110574,22.8,,0.7,,,,
51.556541,10.726213,21.8,,0.1,,,,
57.69234,11.94213,18.0,,0.0,,,,
47.26919,2.63664,26.8,,0.1,,,,
48.873981,8.790667,25.9,,0.0,,,,
51.553532,36.10995,13.8,,0.8,,,,
58.03399,14.92006,19.2,,0.0,,,,
47.049607,15.490216,23.3,,0.0,,,,
56.52127,16.55017,20.9,,2.1,,,,
57.74833,11.95594,19.7,,1.3,,,,
59.388181,10.659032,15.5,,0.6,,,,
59.75994,17.59478,22.0,,1.3,,,,
60.427936,22.200522,20.7,,0.0,,,,
55.820942,9.872788,16.9,,2.2,,,,
60.427936,22.200522,15.4,,0.0,,,,
48.07246,7.675581,21.8,,0.0,,,,
48.384541,1.477625,23.3,,0.0,,,,
48.945,9.450361,20.9,,0.0,,,,
50.072258,9.126155,18.9,,0.1,,,,
50.555721,7.196233,19.4,,0.0,,,,
59.76475,17.58008,14.0,,0.0,,,,
51.098186,7.07276,22.1,,0.0,,,,
51.229343,-2.337262,19.4,,0.5,,,,
51.500214,-2.549585,19.9,,0.2,,,,
57.69351,11.96502,14.3,,0.0,,,,
58.21729,16.48802,14.7,,0.0,,,,
58.33367,13.82744,16.1,,0.1,,,,
58.35925,15.61246,16.0,,0.0,,,,
59.33572,18.11806,13.3,,0.0,,,,
51.093819,7.063415,23.9,,1.6,,,,
49.705048,21.753155,21.9,,0.0,,,,
52.888438,13.336572,21.1,,0.2,,,,
55.896881,43.711391,7.2,,0.6,,,,
56.052715,9.991464,16.1,,2.3,,,,
53.134011,-9.189306,13.4,,1.8,,,,
45.095766,1.263537,19.0,,0.1,,,,
47.944435,6.642034,17.9,,0.2,,,,
51.262947,7.197912,18.1,,0.3,,,,
56.070759,12.551044,14.7,,1.8,,,,
56.244593,10.240767,14.5,,2.5,,,,
58.044384,7.552442,12.9,,1.0,,,,
58.524565,5.836067,11.2,,3.4,,,,
60.950333,26.609739,10.1,,1.2,,,,
43.106964,45.537701,22.3,,0.0,,,,
57.68211,11.95532,12.4,,1.0,,,,
57.90596,13.89419,11.6,,1.2,,,,
60.792667,4.880556,10.2,,1.3,,,,
62.92203,8.203837,9.6,,2.1,,,,
47.2034,2.15042,20.8,,0.0,,,,
50.118169,16.914808,11.9,,0.4,,,,
50.763773,8.910871,15.2,,0.1,,,,
57.64276,16.66976,13.4,,1.2,,,,
58.41993,26.2377,12.5,,3.0,,,,
58.969011,9.847629,14.5,,0.6,,,,
59.79507,15.06381,14.2,,0.3,,,,
51.531416,9.91995,14.4,,2.9,,,,
58.862867,9.050598,14.5,,0.3,,,,
58.98797,14.99182,15.6,,0.0,,,,
59.05694,17.21569,14.3,,0.0,,,,
59.51945,17.6549,13.5,,0.1,,,,
59.851438,17.553411,13.1,,0.1,,,,
59.963797,10.531696,10.5,,1.0,,,,
51.367405,7.481572,13.6,,0.2,,,,
58.16608,13.55622,16.0,,0.2,,,,
59.51973,16.24174,14.7,,0.1,,,,
60.213059,20.237153,13.9,,0.5,,,,
60.221532,20.143238,13.7,,0.5,,,,
61.473228,23.841748,18.0,,2.4,,,,
55.007061,11.870163,14.6,,1.3,,,,
58.97473,9.859927,13.7,,0.1,,,,
51.098186,7.07276,17.3,,0.5,,,,
55.84581,13.11598,14.2,,0.5,,,,
56.23507,12.64368,13.2,,0.1,,,,
57.11067,9.445959,15.3,,0.3,,,,
57.5475,18.21847,15.1,,0.6,,,,
57.74321,11.89687,13.5,,0.1,,,,
58.41495,15.50657,17.8,,0.1,,,,
58.92429,16.27825,18.0,,0.6,,,,
59.834352,23.014093,15.0,,4.4,,,,
46.295519,13.872392,19.8,,2.7,,,,
47.731647,17.053183,25.3,,0.1,,,,
48.873981,8.790667,20.7,,0.2,,,,
49.808705,8.988866,21.2,,0.0,,,,
51.329568,-2.85283,19.6,,0.2,,,,
52.381638,9.993525,17.1,,0.0,,,,
59.999439,10.771968,14.1,,0.1,,,,
55.867955,-4.249678,15.7,,0.0,,,,
59.466322,11.002485,17.5,,3.0,,,,
47.31397,1.69935,27.7,,3.7,,,,
49.406855,0.986715,26.7,,3.7,,,,
51.334484,-0.35836,19.1,,2.3,,,,
55.326088,9.373057,17.8,,0.0,,,,
55.326538,9.372897,17.8,,0.0,,,,
55.743731,12.138181,18.3,,0.0,,,,
56.231228,-4.56715,18.0,,0.0,,,,
59.071796,10.397613,17.2,,0.0,,,,
59.188031,6.028962,15.9,,0.0,,,,
60.071828,10.290327,22.1,,0.0,,,,
62.251053,25.743894,15.8,,3.3,,,,
62.822278,7.026775,10.8,,2.1,,,,
62.826159,7.02646,10.7,,2.1,,,,
48.306146,11.521954,24.9,,3.4,,,,
48.4286,-2.096564,19.5,,0.5,,,,
53.470566,12.765365,23.0,,1.2,,,,
55.72952,-4.598508,18.2,,0.0,,,,
56.416216,8.939444,20.9,,0.0,,,,
50.414853,30.546656,24.0,,0.0,,,,
55.6561,13.08113,17.4,,1.3,,,,
56.76656,16.56996,16.4,,1.5,,,,
59.50832,15.92779,20.3,,0.0,,,,
59.53313,11.19308,23.2,,0.0,,,,
60.41579,17.20934,18.8,,0.0,,,,
61.020684,6.566119,18.3,,0.0,,,,
62.228781,25.765498,16.4,,0.0,,,,
51.005536,12.784829,21.8,,0.1,,,,
51.005945,12.784839,21.7,,0.1,,,,
52.323051,9.192587,19.6,,0.3,,,,
55.104436,-1.607967,14.3,,0.8,,,,
58.58854,23.583917,22.7,,0.4,,,,
58.871641,9.33075,16.7,,4.0,,,,
50.00363,8.42304,22.3,,3.7,,,,
58.888034,5.603224,16.2,,0.0,,,,
55.934156,-3.467681,17.7,,0.2,,,,
56.19759,16.39937,14.4,,0.0,,,,
56.308945,10.07484,18.4,,0.9,,,,
57.6681,11.95633,19.9,,0.2,,,,
57.668525,11.956911,19.9,,0.2,,,,
58.930016,5.619798,13.9,,0.1,,,,
59.73881,10.292582,18.0,,0.1,,,,
63.556632,27.207886,18.5,,3.5,,,,
47.70756,2.86739,23.5,,0.0,,,,
55.64455,14.12083,17.7,,0.0,,,,
55.973625,12.518024,18.8,,0.2,,,,
57.68051,11.95812,16.4,,0.2,,,,
57.680542,11.959337,16.4,,0.2,,,,
58.01441,11.62441,15.5,,0.4,,,,
46.448876,10.993344,22.8,,0.0,,,,
47.57627,2.95738,27.0,,0.0,,,,
47.69927,2.84909,27.0,,0.0,,,,
51.403107,6.882279,22.8,,0.4,,,,
51.484665,7.342264,22.6,,0.1,,,,
57.97676,11.60301,14.8,,1.2,,,,
58.01173,11.62296,16.3,,1.7,,,,
58.32022,25.51319,22.1,,0.4,,,,
58.632979,5.603924,14.7,,0.2,,,,
59.029698,25.607912,22.5,,0.1,,,,
59.466322,11.002485,16.8,,1.7,,,,
59.470128,11.653665,16.7,,1.9,,,,
59.55061,16.64031,19.6,,0.1,,,,
59.55561,16.63424,19.5,,0.1,,,,
61.552506,24.825035,21.6,,0.5,,,,
62.567857,9.078841,16.5,,0.2,,,,
46.643134,23.676443,23.3,,0.2,,,,
47.73921,3.0584,23.2,,0.2,,,,
55.484232,9.281697,17.5,,0.4,,,,
56.088588,8.985503,16.9,,0.5,,,,
60.64123,16.78013,18.7,,1.0,,,,
62.573799,9.148658,16.3,,0.6,,,,
47.26856,2.63696,20.9,,0.0,,,,
59.38905,13.44694,18.1,,0.2,,,,
57.443455,-5.824175,12.6,,2.4,,,,
60.553795,24.822698,19.4,,0.2,,,,
46.76521,2.42816,34.1,,0.0,,,,
47.230507,16.075702,24.9,,0.0,,,,
52.317677,9.555571,24.9,,0.0,,,,
58.116616,7.952058,19.8,,0.0,,,,
58.3927,12.54624,19.4,,0.1,,,,
47.106762,15.948529,26.8,,1.5,,,,
52.270317,9.534213,22.3,,0.0,,,,
57.2081,17.02066,21.5,,0.0,,,,
59.356182,11.714022,20.0,,4.9,,,,
60.16628,18.37408,20.3,,0.0,,,,
48.801659,9.328569,27.1,,0.0,,,,
50.966171,6.879222,30.8,,0.0,,,,
58.04421,26.47752,19.5,,0.3,,,,
63.290447,10.328596,20.1,,1.7,,,,
52.383372,9.76157,20.9,,0.4,,,,
57.26258,13.87681,20.0,,0.1,,,,
57.32103,17.03598,24.2,,0.6,,,,
57.668676,11.958293,16.8,,0.0,,,,
57.6689,11.95927,16.7,,0.0,,,,
58.04191,26.47833,18.6,,0.9,,,,
45.364169,14.404465,26.2,,0.0,,,,
47.622923,9.21285,33.4,,0.2,,,,
50.624375,16.527572,27.4,,0.2,,,,
54.888626,12.138918,14.5,,3.1,,,,
62.455877,7.839041,16.5,,0.4,,,,
47.364354,7.15428,29.6,,0.0,,,,
50.38074,30.505433,31.4,,0.0,,,,
51.254311,-1.075745,19.4,,0.0,,,,
53.689999,8.740654,16.1,,0.9,,,,
55.227787,-4.850772,15.2,,0.4,,,,
58.88707,11.02557,18.4,,0.0,,,,
48.575024,-1.237381,26.1,,3.8,,,,
48.8859,2.382304,24.4,,2.4,,,,
51.631605,-2.440123,22.8,,0.0,,,,
51.645744,-3.374396,20.7,,0.0,,,,
57.35378,17.07303,19.5,,0.1,,,,
65.76061,23.8187,12.7,,0.1,,,,
47.263754,11.467385,25.7,,0.9,,,,
53.705654,8.697504,18.7,,0.0,,,,
55.082434,15.055518,18.6,,0.0,,,,
59.291776,9.546945,24.2,,0.1,,,,
60.233002,24.641315,21.4,,0.0,,,,
45.698383,9.67727,27.6,,10.0,,,,
52.308723,10.611461,28.8,,0.0,,,,
63.353292,10.333743,14.5,,0.4,,,,
47.30011,2.11617,22.0,,0.4,,,,
50.375128,30.474084,25.8,,0.0,,,,
56.16128,15.37842,16.6,,0.0,,,,
57.167,12.66848,27.1,,0.0,,,,
60.552422,21.956467,22.9,,0.0,,,,
47.274734,14.774334,21.7,,0.1,,,,
48.12917,11.540988,22.9,,0.0,,,,
48.987751,8.559843,25.8,,1.6,,,,
49.984196,7.15364,26.1,,0.2,,,,
51.465036,-0.325064,19.0,,0.4,,,,
58.43329,13.82388,28.4,,0.0,,,,
59.185427,27.459898,26.1,,0.0,,,,
59.70103,16.52423,28.2,,0.0,,,,
60.47517,15.17599,27.8,,0.0,,,,
47.546345,7.217812,23.1,,1.7,,,,
55.62315,14.2023,22.9,,0.0,,,,
55.62355,14.20135,23.1,,0.0,,,,
56.10478,13.86586,25.8,,0.0,,,,
56.64932,15.06857,29.0,,0.0,,,,
57.70343,11.7292,19.5,,1.0,,,,
58.710532,9.124512,20.5,,0.7,,,,
47.81056,1.91166,20.8,,0.0,,,,
52.320751,20.936795,30.7,,0.0,,,,
51.093819,7.063415,22.9,,0.0,,,,
51.334602,6.636441,23.8,,0.0,,,,
51.3361,6.638786,23.8,,0.0,,,,
52.623465,23.826707,32.0,,0.7,,,,
57.672138,12.098681,18.5,,0.5,,,,
59.837565,11.127449,19.8,,1.4,,,,
47.31301,2.78154,23.2,,1.7,,,,
56.207265,-3.406503,18.2,,3.5,,,,
60.737398,24.754852,28.8,,0.0,,,,
47.621601,13.030496,24.0,,0.6,,,,
50.26118,10.962695,29.7,,0.4,,,,
50.514019,6.52659,26.9,,1.9,,,,
51.047611,0.092656,16.4,,0.1,,,,
51.65,4.7,22.0,,2.1,,,,
54.907897,-4.853818,17.1,,1.8,,,,
57.109516,9.1025,21.5,,0.0,,,,
59.240304,11.07859,23.6,,0.0,,,,
53.109173,9.903059,17.9,,2.0,,,,
57.237317,-3.688292,16.5,,0.9,,,,
62.61092,17.68871,25.2,,2.7,,,,
47.67214,1.51215,25.1,,0.0,,,,
56.7713,16.36406,21.8,,0.8,,,,
58.31803,16.94713,22.9,,0.0,,,,
58.524715,7.899183,16.8,,0.8,,,,
58.888034,5.603224,16.2,,2.5,,,,
58.42758,11.24476,17.5,,0.4,,,,
59.764844,10.801514,19.4,,0.5,,,,
59.798106,5.52039,13.6,,2.5,,,,
60.390018,23.11718,25.1,,0.5,,,,
53.384209,17.8692,24.3,,0.0,,,,
54.46059,-8.279892,14.8,,0.7,,,,
55.637511,37.47743,29.2,,0.2,,,,
57.671901,10.49982,15.9,,0.4,,,,
60.45776,18.13969,20.7,,0.0,,,,
51.496979,-2.553847,21.8,,0.0,,,,
52.532387,9.881971,19.5,,3.3,,,,
45.963053,2.309092,22.3,,0.0,,,,
47.60316,2.90934,22.7,,0.0,,,,
58.783396,8.750498,20.8,,1.7,,,,
46.739187,11.597521,20.0,,0.0,,,,
52.512058,13.364917,19.6,,0.3,,,,
47.267919,11.596915,19.0,,0.7,,,,
51.49311,10.014286,21.7,,0.4,,,,
56.05314,14.17628,19.0,,0.0,,,,
57.186306,-3.839894,19.7,,0.0,,,,
57.388995,18.185571,20.7,,0.1,,,,
42.526817,42.884556,29.4,,0.1,,,,
51.629705,5.132002,21.1,,0.1,,,,
58.913735,5.659296,15.0,,0.0,,,,
60.458103,22.206071,19.7,,0.4,,,,
44.005133,5.702421,30.2,,0.0,,,,
48.039179,7.852788,26.5,,0.0,,,,
51.006633,4.637008,25.6,,0.0,,,,
53.229507,8.652167,18.7,,0.6,,,,
55.817661,37.555923,30.5,,1.3,,,,
56.892004,9.607163,22.3,,0.0,,,,
59.406797,18.560196,18.0,,0.0,,,,
61.10491,14.6599,19.8,,0.1,,,,
51.098186,7.07276,27.1,,0.2,,,,
56.87153,16.62846,24.0,,0.0,,,,
56.875767,9.613333,23.3,,0.0,,,,
59.392476,5.313625,18.3,,0.5,,,,
45.908044,8.951113,26.0,,0.1,,,,
50.918526,14.089108,24.6,,0.7,,,,
51.282448,-0.286556,24.0,,0.0,,,,
55.867822,8.170633,15.8,,0.1,,,,
55.87336,48.723262,23.1,,20.7,,,,
59.401047,5.317227,13.0,,1.2,,,,
59.180272,10.146606,20.5,,1.2,,,,
43.223088,-2.965435,31.8,,0.0,,,,
47.53761,7.589071,27.4,,0.0,,,,
64.231953,12.311959,11.0,,0.9,,,,
45.473933,25.284228,19.3,,0.0,,,,
45.47556,25.251474,18.5,,0.0,,,,
51.632234,-2.442619,28.2,,0.0,,,,
55.54977,12.91058,20.3,,0.1,,,,
59.198874,6.098689,19.4,,0.8,,,,
59.442961,5.250168,18.8,,0.8,,,,
59.70596,16.17019,21.1,,1.2,,,,
60.088405,22.486287,18.5,,0.9,,,,
61.048269,6.63466,16.3,,0.2,,,,
51.930058,7.97159,36.3,,0.0,,,,
55.435612,10.202686,28.5,,0.0,,,,
56.278128,10.319884,26.3,,0.0,,,,
58.948231,5.676841,25.8,,0.0,,,,
59.40118,15.76299,24.8,,0.1,,,,
59.40231,15.86796,24.8,,0.1,,,,
60.03718,18.43855,20.9,,0.0,,,,
63.890183,9.830183,16.7,,0.8,,,,
59.44345,16.55664,31.2,,0.0,,,,
60.54781,18.0059,34.0,,0.0,,,,
55.59513,13.91259,20.1,,0.8,,,,
55.622974,11.670781,20.0,,0.0,,,,
55.77478,14.12369,21.9,,0.4,,,,
58.73888,16.9069,28.4,,1.6,,,,
59.387866,5.318179,17.0,,0.0,,,,
59.394763,5.319895,16.8,,0.0,,,,
59.387866,5.318179,16.0,,0.1,,,,
59.392938,5.315233,15.9,,0.1,,,,
60.427936,22.200522,20.9,,1.3,,,,
47.542645,10.291603,26.4,,0.0,,,,
47.874115,12.290182,27.0,,0.0,,,,
57.14816,16.34478,23.2,,0.1,,,,
58.15395,15.71861,22.4,,0.0,,,,
60.156276,21.908306,19.2,,0.4,,,,
44.082928,3.54744,24.4,,0.2,,,,
49.896507,5.741741,25.8,,1.3,,,,
49.197823,18.054367,21.5,,1.5,,,,
60.427936,22.200522,20.3,,3.4,,,,
62.995826,27.573513,22.3,,2.6,,,,
59.36975,17.90578,20.6,,0.1,,,,
46.718798,6.406812,28.2,,2.7,,,,
46.80974,2.6055,26.7,,0.0,,,,
58.4439,8.844112,18.7,,0.0,,,,
59.158947,5.248686,14.6,,0.0,,,,
61.102983,6.595745,19.2,,0.0,,,,
58.04348,14.92217,22.0,,0.0,,,,
46.716886,7.113949,23.8,,0.0,,,,
53.689999,8.740654,24.4,,0.3,,,,
58.872453,5.605344,18.4,,1.5,,,,
44.986433,2.235916,28.4,,0.0,,,,
55.736168,9.528481,21.8,,2.6,,,,
55.953217,-3.188267,16.1,,0.3,,,,
56.58131,16.41468,21.4,,0.0,,,,
59.115459,9.738977,18.8,,3.5,,,,
59.79575,15.06578,22.3,,0.3,,,,
63.051525,9.236127,14.3,,3.4,,,,
56.60901,16.44947,21.8,,0.0,,,,
57.63081,-5.34908,16.7,,3.4,,,,
59.166542,11.835561,19.2,,2.0,,,,
60.539345,26.924712,21.5,,0.8,,,,
63.535877,10.094746,11.3,,1.9,,,,
50.991788,-4.403303,19.4,,0.5,,,,
51.184578,9.422896,26.9,,0.0,,,,
53.933216,9.76027,29.1,,0.0,,,,
56.99329,13.255,25.9,,0.1,,,,
58.2,16.6,27.3,,0.2,,,,
64.680897,11.437162,18.8,,1.6,,,,
58.919384,5.574531,17.0,,3.9,,,,
59.20419,18.26616,23.2,,2.1,,,,
59.776128,10.201376,19.7,,0.0,,,,
58.87653,5.600484,14.8,,0.9,,,,
59.19605,17.81538,19.3,,0.4,,,,
59.69455,14.74138,17.7,,0.1,,,,
61.721271,29.652462,25.9,,1.9,,,,
56.78005,12.82606,16.0,,0.5,,,,
49.450883,15.913653,21.8,,0.0,,,,
56.057299,-5.465353,19.5,,0.1,,,,
59.22667,17.04101,22.9,,0.0,,,,
59.24072,15.51553,22.4,,0.0,,,,
59.851012,17.628513,23.7,,0.0,,,,
54.147008,13.807394,19.7,,0.0,,,,
58.42584,13.9055,23.7,,0.0,,,,
50.79216,8.709519,29.3,,0.0,,,,
57.72763,11.9279,19.9,,0.0,,,,
48.378372,10.204594,24.7,,0.0,,,,
54.644646,11.958711,24.1,,0.0,,,,
58.22287,13.65574,26.5,,0.0,,,,
63.423687,7.849542,14.4,,0.4,,,,
51.802909,21.115248,25.8,,4.0,,,,
56.139361,40.633028,27.7,,0.0,,,,
57.74911,12.29877,27.7,,0.0,,,,
59.739897,10.301044,27.4,,0.0,,,,
56.168619,9.5767,26.3,,0.3,,,,
56.73248,15.00657,27.1,,0.1,,,,
59.54143,16.66798,27.4,,2.9,,,,
59.8436,16.81706,26.9,,3.2,,,,
55.854882,37.872974,28.8,,0.0,,,,
56.87153,16.62846,26.2,,1.3,,,,
59.31887,14.10305,25.8,,4.3,,,,
59.94026,17.87559,27.5,,1.4,,,,
56.44015,12.5687,21.9,,0.0,,,,
59.392476,5.313625,15.2,,0.1,,,,
62.580369,7.893218,11.3,,0.6,,,,
63.537718,10.091135,10.5,,2.7,,,,
55.870693,12.351601,27.2,,0.5,,,,
57.77331,11.96678,23.9,,2.9,,,,
60.148629,5.597618,16.5,,0.0,,,,
46.988341,12.875454,20.1,,2.2,,,,
56.930203,10.244475,22.1,,0.0,,,,
59.48765,15.09669,26.9,,4.1,,,,
50.032633,19.94849,28.6,,3.2,,,,
53.843674,30.573732,21.9,,0.0,,,,
55.432365,9.640153,22.9,,0.0,,,,
59.6526,17.73389,21.7,,4.5,,,,
45.574983,2.809278,20.0,,0.2,,,,
55.321047,9.230947,21.8,,0.5,,,,
55.575767,12.573444,20.3,,0.0,,,,
59.154594,16.488165,22.5,,0.0,,,,
59.276258,10.39102,19.1,,0.5,,,,
60.056897,24.23626,24.0,,2.0,,,,
48.621963,7.821523,27.6,,0.0,,,,
56.695202,11.543157,18.5,,0.1,,,,
59.946966,10.491712,19.2,,0.0,,,,
59.786305,10.838111,19.3,,0.0,,,,
54.599164,25.080869,30.5,,0.0,,,,
59.14036,15.68525,22.3,,0.0,,,,
44.59112,3.96198,25.2,,0.0,,,,
44.63639,3.86497,26.5,,0.1,,,,
47.344063,13.667784,24.4,,1.4,,,,
56.59792,-6.210619,15.1,,0.4,,,,
57.6132,-5.3087,15.2,,0.6,,,,
63.37601,16.97104,24.6,,0.0,,,,
44.51014,4.00712,22.0,,0.2,,,,
56.965545,10.265227,21.7,,0.6,,,,
59.40028,13.52768,19.9,,1.5,,,,
59.601,16.6185,22.9,,3.7,,,,
58.29061,14.92686,21.1,,4.1,,,,
59.097536,5.687935,16.1,,0.0,,,,
60.35232,22.219553,23.0,,2.6,,,,
45.02953,3.52145,24.3,,0.0,,,,
45.60692,3.5186,28.1,,0.2,,,,
50.511617,6.619722,20.6,,0.0,,,,
48.480564,-2.693868,24.0,,0.5,,,,
61.503924,23.749647,17.4,,0.1,,,,
56.26211,12.86237,19.0,,0.1,,,,
57.27857,14.25345,16.9,,0.0,,,,
57.28042,14.25165,16.9,,0.0,,,,
56.466709,-5.257204,18.1,,0.2,,,,
63.341816,10.248223,14.2,,0.0,,,,
52.722827,8.299864,23.8,,0.0,,,,
57.71837,12.79863,17.4,,0.0,,,,
63.528073,10.107385,13.4,,0.0,,,,
51.070679,0.130256,22.0,,1.3,,,,
55.65625,14.26848,17.8,,0.0,,,,
59.40417,15.75925,15.1,,0.1,,,,
55.71401,13.20857,19.7,,0.0,,,,
60.177896,24.573166,16.6,,1.2,,,,
49.969719,8.672327,25.6,,2.6,,,,
57.72763,11.9279,19.0,,0.0,,,,
61.22059,16.77621,14.6,,0.1,,,,
51.98212,-4.727733,17.6,,2.8,,,,
55.6564,14.26871,17.5,,0.8,,,,
63.67452,20.39608,12.4,,0.0,,,,
47.439193,8.046563,20.1,,0.1,,,,
54.760088,20.467786,16.6,,0.0,,,,
56.2466,13.22284,17.2,,0.3,,,,
59.793191,17.634261,16.9,,0.0,,,,
63.661122,11.294096,11.4,,0.1,,,,
53.225312,9.783258,20.9,,3.6,,,,
60.155569,24.593649,15.5,,0.0,,,,
57.67402,11.96212,15.8,,0.0,,,,
58.41467,16.67601,15.3,,0.1,,,,
59.385789,6.111967,13.4,,0.0,,,,
54.564353,-6.125018,17.2,,1.9,,,,
50.907179,34.834655,14.0,,0.1,,,,
52.29331,20.953546,14.9,,0.1,,,,
56.979362,-3.394358,14.0,,1.0,,,,
57.74376,11.92348,14.4,,0.0,,,,
60.372745,21.305029,13.8,,0.0,,,,
60.760232,21.343127,14.0,,0.0,,,,
46.76194,2.21515,20.7,,0.0,,,,
59.25437,18.15046,15.6,,0.1,,,,
54.844864,20.595947,14.9,,0.1,,,,
57.80361,11.85365,15.6,,0.3,,,,
59.206321,9.681126,14.4,,0.0,,,,
58.63361,16.7853,14.8,,2.2,,,,
59.64727,17.78916,15.1,,0.1,,,,
48.529244,8.090581,12.6,,1.9,,,,
53.152841,8.230264,12.0,,1.4,,,,
47.28669,1.85761,16.7,,1.0,,,,
47.30975,1.78694,16.8,,0.8,,,,
59.38502,18.1294,11.9,,0.3,,,,
54.261121,37.649054,17.7,,2.6,,,,
58.45636,12.33585,12.4,,0.5,,,,
59.51731,14.96088,13.1,,1.0,,,,
59.946966,10.491712,9.6,,2.2,,,,
47.486103,15.39755,13.5,,2.3,,,,
51.327736,-0.336217,17.5,,0.6,,,,
51.4258,7.022917,15.0,,0.0,,,,
56.2066,14.84166,15.1,,0.0,,,,
60.427982,22.200599,12.6,,0.5,,,,
50.500748,30.745339,12.9,,0.2,,,,
54.946463,-4.856371,14.2,,0.9,,,,
48.480645,-2.694097,17.9,,0.3,,,,
49.842937,7.849725,18.2,,0.0,,,,
56.287126,10.582506,14.8,,1.2,,,,
51.070526,0.12962,14.9,,0.0,,,,
47.088419,15.432446,16.3,,0.1,,,,
55.71433,13.23485,13.1,,0.2,,,,
56.84251,14.75398,12.0,,0.0,,,,
59.946966,10.491712,12.6,,0.2,,,,
59.641765,5.201892,10.8,,0.6,,,,
46.732463,13.642742,16.6,,0.1,,,,
59.10538,18.32137,11.2,,0.0,,,,
52.143951,9.947592,16.8,,0.1,,,,
57.07141,12.5151,13.7,,3.8,,,,
58.432705,5.87094,11.2,,5.0,,,,
45.498008,4.78796,22.4,,0.0,,,,
47.27973,2.22697,24.1,,0.2,,,,
47.523476,15.235612,20.4,,0.0,,,,
58.729319,9.134492,11.0,,1.7,,,,
48.437019,7.795537,22.4,,0.1,,,,
50.990009,6.879771,18.0,,0.9,,,,
55.4072,12.9979,14.6,,0.2,,,,
57.41499,15.09472,9.0,,0.0,,,,
48.593612,0.172188,18.2,,0.5,,,,
48.873981,8.873988,16.8,,0.3,,,,
50.352892,3.519284,20.5,,0.3,,,,
59.50688,10.707128,12.7,,2.4,,,,
60.18074,17.46984,12.7,,0.2,,,,
50.915628,20.694098,17.2,,0.6,,,,
59.86263,18.80859,14.7,,0.1,,,,
59.86437,17.72549,14.0,,0.0,,,,
46.453698,6.200837,14.8,,2.1,,,,
51.059917,13.769637,19.0,,0.1,,,,
56.84367,14.79655,11.1,,0.6,,,,
58.733931,9.130441,12.2,,3.2,,,,
52.972785,-3.406416,12.6,,2.3,,,,
56.95806,14.36942,10.6,,0.0,,,,
46.74714,1.76643,11.8,,0.0,,,,
57.83325,12.91162,8.7,,1.1,,,,
59.946966,10.491712,8.4,,1.5,,,,
58.957126,5.594034,12.1,,0.2,,,,
59.148851,10.251314,13.7,,0.0,,,,
47.26068,2.2609,15.9,,0.0,,,,
59.31878,13.9678,8.9,,0.1,,,,
51.141582,9.497343,6.5,,0.3,,,,
51.141582,9.497343,7.1,,0.3,,,,
63.02122,7.888852,1.6,,0.1,,,,
59.673358,5.225725,3.8,,0.3,,,,
50.989807,6.847315,8.2,,0.1,,,,
36.308427,28.163023,15.7,,0.7,,,,
44.39765,-1.18523,13.3,,1.8,,,,
44.64357,-1.132,15.3,,0.3,,,,
44.647868,-1.152723,19.3,,0.3,,,,
44.64835,-1.15222,19.4,,0.3,,,,
48.061185,14.786649,11.2,,0.1,,,,
48.341793,16.240881,6.9,,0.4,,,,
52.110224,4.403861,9.4,,0.6,,,,
56.78055,15.88783,6.6,,0.8,,,,
58.071688,7.909639,2.7,,0.9,,,,
32.687,-16.906527,11.7,,0.8,,,,
44.02412,-0.84566,10.7,,0.0,,,,
44.02822,-0.84623,10.7,,0.0,,,,
44.02822,-0.846231,10.7,,0.0,,,,
44.64328,-1.15207,10.7,,0.0,,,,
44.647503,-1.150497,10.6,,0.0,,,,
47.494041,7.325387,5.2,,0.3,,,,
49.279672,2.306638,12.6,,0.0,,,,
50.511837,9.594903,1.1,,0.1,,,,
51.146145,-3.187098,9.0,,0.0,,,,
54.275806,10.059597,7.6,,0.2,,,,
55.392722,12.342007,4.8,,0.0,,,,
55.50467,14.33293,8.4,,0.0,,,,
56.1691,13.77339,,,,,,,
57.70729,14.16276,,,,,,,
59.030676,5.950566,,,,,,,
44.638074,-1.001171,,,,,,,
47.082256,15.499622,,,,,,,
47.2569,2.57502,,,,,,,
47.27118,2.27835,,,,,,,
47.28435,2.24856,,,,,,,
47.39561,8.033785,,,,,,,
47.632049,11.179594,,,,,,,
48.723953,9.086723,,,,,,,
48.873981,8.790667,,,,,,,
49.141514,8.502513,,,,,,,
50.305387,8.955626,,,,,,,
50.423801,7.874124,,,,,,,
51.141582,9.497343,,,,,,,
51.536835,7.389796,,,,,,,
51.965322,7.619244,,,,,,,
54.062274,24.116627,,,,,,,
54.35718,10.185267,,,,,,,
55.6977,13.38351,,,,,,,
55.909246,11.957373,,,,,,,
55.914193,37.291925,,,,,,,
56.043039,9.058588,,,,,,,
58.911782,5.59221,,,,,,,
58.956492,5.586434,,,,,,,
59.74332,17.78161,,,,,,,
59.79995,17.62138,,,,,,,
44.580854,37.979605,,,,,,,
44.62095,39.114667,,,,,,,
44.627107,-0.960086,,,,,,,
44.627133,-0.96007,,,,,,,
46.543867,14.139585,,,,,,,
46.587262,14.174246,,,,,,,
46.70642,1.20804,,,,,,,
46.77306,1.1505,,,,,,,
46.78466,1.18842,,,,,,,
46.86067,2.18789,,,,,,,
46.948479,9.577641,,,,,,,
46.98755,15.500351,,,,,,,
47.013533,15.463458,,,,,,,
47.098913,15.396823,,,,,,,
47.1017,15.493254,,,,,,,
47.148266,13.907352,,,,,,,
47.148268,13.907382,,,,,,,
47.173885,13.115857,,,,,,,
47.180906,15.608749,,,,,,,
47.189279,15.590075,,,,,,,
47.203965,15.349517,,,,,,,
47.2131,2.20976,,,,,,,
47.214004,16.079669,,,,,,,
47.218921,15.808368,,,,,,,
47.219327,15.806913,,,,,,,
47.219343,15.806919,,,,,,,
47.23126,2.63302,,,,,,,
47.237146,15.795365,,,,,,,
47.24809,13.192957,,,,,,,
47.26409,2.57163,,,,,,,
47.264525,19.239342,,,,,,,
47.26685,2.23171,,,,,,,
47.2776,2.26556,,,,,,,
47.29613,1.47124,,,,,,,
47.32029,1.65272,,,,,,,
47.48775,1.80574,,,,,,,
47.70713,1.57549,,,,,,,
47.743989,13.011678,,,,,,,
47.761608,13.072228,,,,,,,
47.765957,13.073565,,,,,,,
47.821966,13.037251,,,,,,,
47.871927,13.20348,,,,,,,
47.904105,12.975467,,,,,,,
47.932831,13.277405,,,,,,,
47.992636,12.930337,,,,,,,
48.024075,7.790813,,,,,,,
48.044678,9.008608,,,,,,,
48.14489,16.410397,,,,,,,
48.315879,16.407681,,,,,,,
48.725214,11.003081,,,,,,,
48.873981,8.873988,,,,,,,
49.267357,8.516893,,,,,,,
49.335069,10.955569,,,,,,,
49.531705,5.874887,,,,,,,
49.907555,8.482483,,,,,,,
49.914177,31.125113,,,,,,,
49.981372,14.42315,,,,,,,
50.015557,14.37606,,,,,,,
50.055959,14.34733,,,,,,,
50.070324,14.421297,,,,,,,
50.105366,14.420373,,,,,,,
50.153482,8.771371,,,,,,,
50.15543,8.768764,,,,,,,
50.402697,23.19631,,,,,,,
50.488804,7.832732,,,,,,,
50.580381,30.010573,,,,,,,
51.020843,10.236786,,,,,,,
51.081889,-1.333069,,,,,,,
51.098186,7.07276,,,,,,,
51.109772,7.193985,,,,,,,
51.153254,16.898353,,,,,,,
51.226006,6.45552,,,,,,,
51.406029,6.999968,,,,,,,
51.452377,-0.264415,,,,,,,
51.5,5.3,,,,,,,
51.512342,7.36443,,,,,,,
51.567756,36.084456,,,,,,,
51.586453,7.466397,,,,,,,
51.616657,7.950153,,,,,,,
51.687107,6.960416,,,,,,,
51.763911,-1.330875,,,,,,,
52.008206,-0.532775,,,,,,,
52.091316,5.771039,,,,,,,
52.329779,9.685167,,,,,,,
52.371662,9.542916,,,,,,,
52.401989,9.811272,,,,,,,
52.548545,0.813564,,,,,,,
52.675003,7.89656,,,,,,,
53.124735,24.864866,,,,,,,
53.129701,24.867356,,,,,,,
53.597851,10.118235,,,,,,,
54.033754,-9.059005,,,,,,,
54.363724,12.735044,,,,,,,
54.406918,18.540246,,,,,,,
55.001158,15.088161,,,,,,,
55.159602,22.483197,,,,,,,
55.162153,22.506667,,,,,,,
55.329378,10.594071,,,,,,,
55.437505,11.81846,,,,,,,
55.484231,9.281697,,,,,,,
55.900685,38.064746,,,,,,,
55.973156,11.77773,,,,,,,
56.130225,10.101889,,,,,,,
56.14675,15.82504,,,,,,,
56.28533,16.39685,,,,,,,
56.28854,15.53039,,,,,,,
56.42313,16.40648,,,,,,,
56.446542,10.072678,,,,,,,
56.58727,16.41206,,,,,,,
56.58876,12.93865,,,,,,,
56.66275,12.85362,,,,,,,
56.75048,16.54668,,,,,,,
56.78005,12.82606,,,,,,,
56.823035,9.50056,,,,,,,
56.98083,16.32352,,,,,,,
57.0848,12.53126,,,,,,,
57.14816,16.34478,,,,,,,
57.43398,12.01572,,,,,,,
57.670304,11.956609,,,,,,,
57.67159,11.95482,,,,,,,
57.751688,12.9488,,,,,,,
57.79506,11.75265,,,,,,,
57.79549,11.91011,,,,,,,
58.00141,14.58602,,,,,,,
58.069859,6.788057,,,,,,,
58.39578,13.85669,,,,,,,
58.70512,12.32855,,,,,,,
58.713765,9.15191,,,,,,,
58.714889,9.112124,,,,,,,
58.739851,9.102629,,,,,,,
58.845231,6.319829,,,,,,,
59.032062,5.942598,,,,,,,
59.04576,16.80041,,,,,,,
59.05694,17.21569,,,,,,,
59.15558,15.58704,,,,,,,
59.16032,15.37525,,,,,,,
59.250001,10.405428,,,,,,,
59.26393,15.03218,,,,,,,
59.3271,13.96106,,,,,,,
59.46528,17.41886,,,,,,,
59.51622,18.05956,,,,,,,
59.52427,15.04224,,,,,,,
60.273338,24.819902,,,,,,,
62.226247,25.757392,,,,,,,
63.426273,22.247783,,,,,,,
63.563993,27.198545,,,,,,,
42.176003,2.446152,16.7,,0.0,,,,
43.071251,-7.631667,21.0,,0.7,,,,
43.363153,-5.054114,15.4,,0.7,,,,
44.647016,-1.158929,,,,,,,
45.565586,3.786897,,,,,,,
45.749245,8.488434,,,,,,,
45.975035,12.153453,,,,,,,
45.976287,12.124335,,,,,,,
46.34239,12.178024,,,,,,,
46.573024,13.806984,,,,,,,
46.648063,14.333721,,,,,,,
46.94347,14.549587,,,,,,,
47.23154,2.63317,,,,,,,
47.25652,2.5687,,,,,,,
47.26008,2.56891,,,,,,,
47.2609,2.56934,,,,,,,
47.26108,2.57297,,,,,,,
47.26197,2.56614,,,,,,,
47.26226,2.56172,,,,,,,
47.26547,2.74245,,,,,,,
47.29935,2.79944,,,,,,,
47.31375,2.78179,,,,,,,
47.33203,2.79527,,,,,,,
47.428778,9.108531,,,,,,,
47.450885,10.026302,,,,,,,
47.597658,18.974497,,,,,,,
47.709021,13.089707,,,,,,,
47.72464,13.089519,,,,,,,
47.747734,12.946826,,,,,,,
47.77723,13.080583,,,,,,,
48.32032,14.282251,,,,,,,
48.403899,11.661114,,,,,,,
48.421552,9.965937,,,,,,,
48.480403,-2.694017,,,,,,,
48.639359,9.290905,,,,,,,
48.67889,1.931073,,,,,,,
48.953463,14.2123,,,,,,,
49.334919,10.508172,,,,,,,
49.501187,5.4532,,,,,,,
49.51414,3.696797,,,,,,,
49.53146,8.461278,,,,,,,
49.540758,5.821775,,,,,,,
49.576632,8.379685,,,,,,,
49.661328,8.619503,,,,,,,
49.755007,9.045711,,,,,,,
49.942759,14.162416,,,,,,,
50.069534,8.676741,,,,,,,
50.085342,5.318103,,,,,,,
50.085888,5.317884,,,,,,,
50.08804,1.428604,,,,,,,
50.170053,-5.080633,,,,,,,
50.430393,6.858075,,,,,,,
50.661695,12.912797,,,,,,,
50.739012,-2.704205,,,,,,,
50.791633,7.207158,,,,,,,
50.803802,8.788633,,,,,,,
50.817719,7.143025,,,,,,,
50.824432,12.970251,,,,,,,
50.858025,12.963027,,,,,,,
50.973142,-1.99638,,,,,,,
51.013481,-1.155411,,,,,,,
51.014258,13.923839,,,,,,,
51.014345,13.923943,,,,,,,
51.056622,13.943584,,,,,,,
51.058754,13.940543,,,,,,,
51.097179,-1.516231,,,,,,,
51.122575,-3.57723,,,,,,,
51.163158,9.405414,,,,,,,
51.190015,36.376452,,,,,,,
51.245804,12.663763,,,,,,,
51.34,7.61,,,,,,,
51.345438,7.616967,,,,,,,
51.39304,7.055093,,,,,,,
51.39418,6.82645,,,,,,,
51.42947,7.030824,,,,,,,
51.441786,-2.529965,,,,,,,
51.445665,7.267718,,,,,,,
51.479824,7.245747,,,,,,,
51.492737,8.258421,,,,,,,
51.521885,7.3545,,,,,,,
51.530148,9.94842,,,,,,,
51.568428,6.841049,,,,,,,
51.589764,6.858473,,,,,,,
51.705311,7.816719,,,,,,,
51.733161,-9.927657,,,,,,,
51.863983,11.516781,,,,,,,
51.866728,16.486666,,,,,,,
52.153286,10.5704,,,,,,,
52.170643,9.922479,,,,,,,
52.184905,21.028757,,,,,,,
52.295794,9.632609,,,,,,,
52.304217,10.552086,,,,,,,
52.317815,13.769191,,,,,,,
52.402839,13.363132,,,,,,,
52.404222,13.362216,,,,,,,
52.512409,8.106252,,,,,,,
52.513006,0.655442,,,,,,,
52.51676,8.112546,,,,,,,
52.538044,10.243865,,,,,,,
52.595583,4.655499,,,,,,,
52.633518,13.485847,,,,,,,
52.636575,13.48787,,,,,,,
53.005132,18.582262,,,,,,,
53.074282,-8.994745,,,,,,,
53.105201,8.840728,,,,,,,
53.116479,8.835148,,,,,,,
53.257349,10.690009,,,,,,,
53.687342,10.007602,,,,,,,
54.133503,9.300699,,,,,,,
54.199996,-2.896926,,,,,,,
54.394947,18.577228,,,,,,,
55.062098,26.03151,,,,,,,
55.287842,38.980517,,,,,,,
55.289607,11.561406,,,,,,,
55.576142,36.443363,,,,,,,
55.58364,13.00997,,,,,,,
55.69651,13.15689,,,,,,,
55.704838,11.079514,,,,,,,
55.711163,11.124204,,,,,,,
55.736176,9.528455,,,,,,,
55.75884,14.13373,,,,,,,
55.875542,-4.156564,,,,,,,
55.931172,12.493922,,,,,,,
56.0011,13.63714,,,,,,,
56.029897,12.023602,,,,,,,
56.043345,-2.806642,,,,,,,
56.08564,12.64828,,,,,,,
56.086893,12.663659,,,,,,,
56.137305,10.071108,,,,,,,
56.64408,16.4806,,,,,,,
56.65316,12.91417,,,,,,,
56.678981,-5.901036,,,,,,,
56.68033,14.61322,,,,,,,
56.69959,16.34401,,,,,,,
56.70849,16.60251,,,,,,,
56.73082,13.06608,,,,,,,
56.75274,14.61251,,,,,,,
56.76965,16.36385,,,,,,,
56.77944,14.60795,,,,,,,
56.79578,14.59259,,,,,,,
56.937718,10.21071,,,,,,,
56.960232,10.267056,,,,,,,
57.317033,11.124435,,,,,,,
57.40791,15.7395,,,,,,,
57.42568,12.11385,,,,,,,
57.65936,12.03869,,,,,,,
57.67758,11.96117,,,,,,,
57.677597,11.961129,,,,,,,
57.680089,11.957936,,,,,,,
57.680113,11.957963,,,,,,,
57.68051,11.95812,,,,,,,
57.69824,12.0528,,,,,,,
57.76673,14.12902,,,,,,,
57.7854,12.03289,,,,,,,
58.080936,7.142783,,,,,,,
58.107875,7.940029,,,,,,,
58.107899,7.93507,,,,,,,
58.185202,-3.871743,,,,,,,
58.20845,14.85044,,,,,,,
58.36249,11.83666,,,,,,,
58.51197,13.7581,,,,,,,
58.754355,9.045451,,,,,,,
58.89451,17.56787,,,,,,,
58.92429,16.27825,,,,,,,
58.941169,11.517974,,,,,,,
58.965333,5.741972,,,,,,,
58.967173,9.853746,,,,,,,
59.00191,14.71675,,,,,,,
59.088843,10.911054,,,,,,,
59.10356,16.5636,,,,,,,
59.11076,15.35146,,,,,,,
59.11099,15.11347,,,,,,,
59.120997,11.361964,,,,,,,
59.21889,15.24641,,,,,,,
59.440577,8.782909,,,,,,,
59.64776,18.59141,,,,,,,
59.76373,17.58456,,,,,,,
59.78963,17.62774,,,,,,,
59.798088,10.256102,,,,,,,
59.7999,17.62495,,,,,,,
59.86263,18.80859,,,,,,,
59.91235,17.57629,,,,,,,
60.18044,17.47022,,,,,,,
60.352294,22.219419,,,,,,,
60.427948,22.200494,,,,,,,
60.6438,17.18733,,,,,,,
61.37408,15.86396,,,,,,,
62.225026,25.753906,,,,,,,
62.265844,26.357346,,,,,,,
62.267742,26.359533,,,,,,,
62.45086,17.53939,,,,,,,
62.740887,7.21366,,,,,,,
62.920382,7.427495,,,,,,,
63.095048,8.094611,,,,,,,
63.309054,8.013871,,,,,,,
63.565967,27.194574,,,,,,,
63.566463,27.193948,,,,,,,
63.568524,27.193579,,,,,,,
64.96882,25.362441,,,,,,,
32.781082,-17.019762,20.4,,0.0,,,,
42.028493,12.91855,24.2,,0.3,,,,
42.467819,1.875417,17.6,,3.6,,,,
43.390201,-3.310761,21.9,,5.1,,,,
45.64015,11.308832,,,,,,,
46.005003,12.11493,,,,,,,
46.763992,15.963752,,,,,,,
47.001849,15.288469,,,,,,,
47.521778,18.953708,,,,,,,
47.522686,8.209194,,,,,,,
47.650394,11.148687,,,,,,,
47.7515,12.9925,,,,,,,
47.789478,9.125051,,,,,,,
47.998965,7.842104,,,,,,,
48.1719,-1.577167,,,,,,,
48.554246,15.891883,,,,,,,
48.594596,24.629017,,,,,,,
48.8364,9.049236,,,,,,,
48.865639,9.395605,,,,,,,
48.937687,9.408628,,,,,,,
48.93837,9.407482,,,,,,,
49.573917,11.873547,,,,,,,
50.011086,20.01478,,,,,,,
50.065937,7.227934,,,,,,,
50.37604,30.501379,,,,,,,
50.440741,7.652937,,,,,,,
50.470005,-3.918842,,,,,,,
50.85033,12.889627,,,,,,,
50.928432,13.703978,,,,,,,
51.137802,9.345651,,,,,,,
51.351883,7.556332,,,,,,,
51.370241,7.075168,,,,,,,
51.429916,13.929361,,,,,,,
51.434928,7.254776,,,,,,,
51.930058,7.97159,,,,,,,
51.962814,8.116538,,,,,,,
52.144281,4.49527,,,,,,,
52.228859,9.039168,,,,,,,
52.302871,10.553231,,,,,,,
52.396108,34.17725,,,,,,,
52.474197,13.36948,,,,,,,
52.530006,10.230675,,,,,,,
53.151686,8.218816,,,,,,,
53.152841,8.230264,,,,,,,
53.705654,8.697504,,,,,,,
54.874099,9.700664,,,,,,,
55.05428,9.403434,,,,,,,
55.207325,11.74398,,,,,,,
55.245734,10.460615,,,,,,,
55.38273,14.14486,,,,,,,
55.391114,-3.327722,,,,,,,
55.470544,38.638519,,,,,,,
55.481687,9.302653,,,,,,,
55.61055,11.877494,,,,,,,
55.690953,12.383098,,,,,,,
55.705372,9.388588,,,,,,,
55.739975,12.452168,,,,,,,
55.920398,37.305087,,,,,,,
55.92125,12.06191,,,,,,,
55.96461,13.51836,,,,,,,
55.97225,13.62964,,,,,,,
56.2453,13.18609,,,,,,,
56.448157,10.087941,,,,,,,
56.59547,9.812899,,,,,,,
56.704722,9.913333,,,,,,,
56.89936,12.44622,,,,,,,
56.99247,14.58797,,,,,,,
57.34252,17.11937,,,,,,,
57.34452,16.25475,,,,,,,
57.72763,11.9279,,,,,,,
57.7339,11.93546,,,,,,,
57.74311,11.93424,,,,,,,
57.813361,24.340417,,,,,,,
58.071579,6.807685,,,,,,,
58.077654,7.975575,,,,,,,
58.135036,8.001204,,,,,,,
58.42807,15.6462,,,,,,,
58.49031,11.32427,,,,,,,
58.56319,14.93045,,,,,,,
58.76309,17.01279,,,,,,,
58.8625,15.97023,,,,,,,
59.16395,15.37626,,,,,,,
59.19685,15.44278,,,,,,,
59.21752,17.82543,,,,,,,
59.280256,5.249772,,,,,,,
59.32614,12.41592,,,,,,,
59.39928,15.82633,,,,,,,
59.48719,14.93587,,,,,,,
59.615835,10.65331,,,,,,,
59.688931,10.754244,,,,,,,
59.80917,17.64492,,,,,,,
59.81096,17.6649,,,,,,,
59.817392,5.329983,,,,,,,
60.206099,24.643249,,,,,,,
60.299392,5.37418,,,,,,,
60.451009,5.161917,,,,,,,
60.5033,15.4408,,,,,,,
60.532511,5.244059,,,,,,,
60.58531,15.63202,,,,,,,
61.421548,25.530254,,,,,,,
62.646067,8.781427,,,,,,,
62.844364,7.169436,,,,,,,
62.844627,7.172356,,,,,,,
62.897879,27.822376,,,,,,,
63.53713,10.092887,,,,,,,
63.662067,9.397923,,,,,,,
63.824203,23.025331,,,,,,,
41.714161,44.872935,29.1,,0.0,,,,
43.19958,-3.044674,21.6,,0.3,,,,
47.109256,15.296648,,,,,,,
47.832,12.929369,,,,,,,
47.9897,7.766249,,,,,,,
48.632259,9.282102,,,,,,,
49.017409,4.12871,,,,,,,
49.998849,16.212529,,,,,,,
50.130806,9.417381,,,,,,,
50.985153,6.845362,,,,,,,
51.402637,7.44983,,,,,,,
52.441257,10.470142,,,,,,,
52.686469,13.344238,,,,,,,
53.249642,34.302929,,,,,,,
54.286046,37.631947,,,,,,,
54.286189,37.63261,,,,,,,
54.287478,37.639057,,,,,,,
54.344086,10.204087,,,,,,,
54.764809,11.84818,,,,,,,
55.120644,11.804052,,,,,,,
55.385152,11.585523,,,,,,,
55.53661,13.26646,,,,,,,
55.61021,13.05044,,,,,,,
55.845642,11.503288,,,,,,,
55.937795,11.637981,,,,,,,
56.11594,12.61707,,,,,,,
56.145769,9.613712,,,,,,,
56.14827,9.614971,,,,,,,
56.228939,10.590697,,,,,,,
56.451772,9.830303,,,,,,,
56.64733,12.93727,,,,,,,
56.787,12.84251,,,,,,,
57.20938,16.0263,,,,,,,
57.47648,12.405,,,,,,,
57.59057,12.5778,,,,,,,
57.65586,14.74226,,,,,,,
57.66912,11.95096,,,,,,,
57.67566,12.20161,,,,,,,
57.81703,11.98044,,,,,,,
58.03282,11.56153,,,,,,,
58.229175,6.821986,,,,,,,
58.260776,8.500982,,,,,,,
58.68502,16.79182,,,,,,,
58.71147,16.65607,,,,,,,
59.00622,17.71088,,,,,,,
59.120863,11.36208,,,,,,,
59.15075,18.23747,,,,,,,
59.1984,17.91852,,,,,,,
59.208657,6.248591,,,,,,,
59.27621,15.19316,,,,,,,
59.409569,11.694313,,,,,,,
59.44748,14.82283,,,,,,,
59.787167,17.314429,,,,,,,
59.79507,15.06381,,,,,,,
59.861353,23.158555,,,,,,,
59.87145,17.85275,,,,,,,
59.953849,10.288845,,,,,,,
59.967,17.27253,,,,,,,
59.97238,12.73484,,,,,,,
60.074835,10.209775,,,,,,,
60.077385,10.102328,,,,,,,
60.427953,22.200472,,,,,,,
61.184981,24.420652,,,,,,,
61.27045,17.02934,,,,,,,
61.426215,21.854395,,,,,,,
62.335479,5.860601,,,,,,,
62.61259,17.68845,,,,,,,
62.62138,17.39801,,,,,,,
62.992866,30.151309,,,,,,,
63.14066,14.73287,,,,,,,
63.244627,8.290615,,,,,,,
63.347192,10.230931,,,,,,,
63.56231,15.39152,,,,,,,
63.63008,19.99763,,,,,,,
63.65936,20.29106,,,,,,,
63.725397,9.604446,,,,,,,
63.726781,11.292838,,,,,,,
68.242867,14.550354,,,,,,,
47.159275,15.925163,,,,,,,
47.254722,10.330623,,,,,,,
47.3443,15.500908,,,,,,,
47.486142,9.908621,,,,,,,
47.623703,14.446305,,,,,,,
48.948775,0.382453,,,,,,,
50.07789,18.416773,,,,,,,
53.135517,6.595878,,,,,,,
53.249347,18.01275,,,,,,,
55.447176,9.116561,,,,,,,
56.119972,9.354511,,,,,,,
56.24491,12.85009,,,,,,,
56.696248,11.541424,,,,,,,
56.75698,12.90856,,,,,,,
56.826432,8.26403,,,,,,,
57.71792,18.70529,,,,,,,
57.71807,18.70508,,,,,,,
57.74376,11.92348,,,,,,,
57.74936,11.97084,,,,,,,
57.75779,11.94134,,,,,,,
57.78494,15.26556,,,,,,,
57.87755,12.6023,,,,,,,
58.06628,14.97936,,,,,,,
58.18356,13.54004,,,,,,,
58.27929,8.487256,,,,,,,
59.051674,9.090933,,,,,,,
59.071293,10.036131,,,,,,,
59.201929,11.003769,,,,,,,
59.25543,17.60558,,,,,,,
59.36158,5.890424,,,,,,,
59.54143,16.66798,,,,,,,
59.543359,10.658241,,,,,,,
59.670029,10.760937,,,,,,,
59.803499,17.660428,,,,,,,
59.939174,11.536506,,,,,,,
59.946966,10.491712,,,,,,,
60.276343,26.603967,,,,,,,
60.334753,5.376704,,,,,,,
60.364297,6.405482,,,,,,,
60.427947,22.200478,,,,,,,
60.427949,22.200483,,,,,,,
61.149005,28.551516,,,,,,,
62.680018,8.402608,,,,,,,
62.961987,8.097324,,,,,,,
63.494425,10.066692,,,,,,,
63.496454,11.35661,,,,,,,
63.528073,10.107385,,,,,,,
63.62916,19.90473,,,,,,,
63.67452,20.39608,,,,,,,
46.948754,15.401925,,,,,,,
59.672796,10.784931,,,,,,,
63.460721,9.175635,,,,,,,
60.42369,17.24126,21.6,,0.1,,0.77,,
60.427936,22.200522,27.8,,0.0,,0.64,,
60.427936,22.200522,22.1,,0.0,,0.64,,
60.59245,15.71692,21.3,,2.9,,0.67,,
60.61126,15.6617,15.9,,0.5,,0.71,,
60.624478,5.210049,7.2,,1.6,,0.87,,
60.624478,5.210049,8.1,,0.1,,0.86,,
60.62751,15.78032,14.8,,1.5,,0.63,,
60.750377,11.294096,11.5,,0.1,,0.65,,
60.792667,4.880556,14.8,,1.3,,0.71,,
60.80013,15.08624,17.4,,0.0,,0.6,,
60.803146,11.08513,18.0,,0.1,,0.58,,
61.074193,6.581103,20.5,,0.3,,0.75,,
61.29398,4.62079,13.5,,0.0,,0.77,,
62.0052,35.1416,21.5,,0.3,,-1.0,,
62.0291,35.2411,12.4,,1.1,,-1.0,,
62.0684,35.211,11.3,,1.4,,-1.0,,
62.0319,35.2374,12.1,,0.7,,-1.0,,
62.0745,35.2031,13.6,,0.0,,-1.0,,
62.0745,35.2031,12.1,,0.7,,-1.0,,
65.31749,22.36546,11.5,,0.0,,0.45,,
41.808622,42.80997,17.6,,0.9,,,,
42.090051,20.4843757,,,,,,,
42.0921688,20.4849122,,,,,,,
