latitude,longitude,tick_presence,tick_count,temperature,humidity,rainfall,elevation,ndvi,month,land_cover,source_dataset,record_id
51.18583333333333,-3.7691666666666666,0,0,15.6,77,0.0,136,0.5,5,Pastures,pre_dashboard,380_0
51.18583333333333,-3.7691666666666666,0,0,15.6,77,0.0,136,0.5,5,Pastures,pre_dashboard,380_1
51.18583333333333,-3.7691666666666666,0,0,15.6,77,0.0,136,0.5,5,Pastures,pre_dashboard,380_2
51.18583333333333,-3.7691666666666666,1,14,15.6,76,0.0,136,0.5,5,Pastures,pre_dashboard,380_3
51.18583333333333,-3.7691666666666666,1,5,15.6,76,0.0,136,0.5,5,Pastures,pre_dashboard,380_4
51.18583333333333,-3.7691666666666666,1,6,15.6,76,0.0,136,0.5,5,Pastures,pre_dashboard,380_5
51.18583333333333,-3.7691666666666666,1,6,15.6,86,0.0,136,0.5,5,Pastures,pre_dashboard,380_6
51.18583333333333,-3.7691666666666666,1,7,15.6,86,0.0,136,0.5,5,Pastures,pre_dashboard,380_7
51.18583333333333,-3.7691666666666666,1,9,15.6,86,0.0,136,0.5,5,Pastures,pre_dashboard,380_8
51.18583333333333,-3.7691666666666666,1,18,15.6,86,0.0,136,0.5,5,Pastures,pre_dashboard,380_9
51.18583333333333,-3.7691666666666666,1,8,15.6,86,0.0,136,0.5,5,Pastures,pre_dashboard,380_10
51.18583333333333,-3.7691666666666666,1,7,15.6,86,0.0,136,0.5,5,Pastures,pre_dashboard,380_11
51.18583333333333,-3.7691666666666666,1,26,15.6,84,0.0,136,0.5,5,Pastures,pre_dashboard,380_12
51.18583333333333,-3.7691666666666666,1,14,15.6,84,0.0,136,0.5,5,Pastures,pre_dashboard,380_13
51.18583333333333,-3.7691666666666666,1,21,15.6,84,0.0,136,0.5,5,Pastures,pre_dashboard,380_14
51.18583333333333,-3.7691666666666666,1,14,15.6,82,0.0,136,0.5,5,Pastures,pre_dashboard,380_15
51.18583333333333,-3.7691666666666666,1,23,15.6,82,0.0,136,0.5,5,Pastures,pre_dashboard,380_16
51.18583333333333,-3.7691666666666666,1,28,15.6,82,0.0,136,0.5,5,Pastures,pre_dashboard,380_17
51.18583333333333,-3.7691666666666666,0,0,15.6,96,0.0,136,0.5,5,Pastures,pre_dashboard,380_18
51.18583333333333,-3.7691666666666666,1,4,15.6,96,0.0,136,0.5,5,Pastures,pre_dashboard,380_19
51.18583333333333,-3.7691666666666666,1,6,15.6,96,0.0,136,0.5,5,Pastures,pre_dashboard,380_20
51.18583333333333,-3.7691666666666666,0,0,15.6,100,0.0,136,0.5,5,Pastures,pre_dashboard,380_21
51.18583333333333,-3.7691666666666666,0,0,15.6,100,0.0,136,0.5,5,Pastures,pre_dashboard,380_22
51.18583333333333,-3.7691666666666666,0,0,15.6,100,0.0,136,0.5,5,Pastures,pre_dashboard,380_23
51.18583333333333,-3.7691666666666666,0,0,15.6,68,0.0,136,0.5,2,Pastures,pre_dashboard,380_24
51.18583333333333,-3.7691666666666666,0,0,15.6,68,0.0,136,0.5,2,Pastures,pre_dashboard,380_25
51.18583333333333,-3.7691666666666666,0,0,15.6,68,0.0,136,0.5,2,Pastures,pre_dashboard,380_26
51.18583333333333,-3.7691666666666666,0,0,15.6,68,0.0,136,0.5,2,Pastures,pre_dashboard,380_27
51.18583333333333,-3.7691666666666666,0,0,15.6,68,0.0,136,0.5,2,Pastures,pre_dashboard,380_28
51.18583333333333,-3.7691666666666666,0,0,15.6,68,0.0,136,0.5,2,Pastures,pre_dashboard,380_29
51.18583333333333,-3.7691666666666666,0,0,15.6,68,0.0,136,0.5,2,Pastures,pre_dashboard,380_30
51.18583333333333,-3.7691666666666666,0,0,15.6,68,0.0,136,0.5,2,Pastures,pre_dashboard,380_31
51.18583333333333,-3.7691666666666666,0,0,15.6,68,0.0,136,0.5,2,Pastures,pre_dashboard,380_32
51.18583333333333,-3.7691666666666666,0,0,15.6,68,0.0,136,0.5,2,Pastures,pre_dashboard,380_33
51.18583333333333,-3.7691666666666666,0,0,15.6,68,0.0,136,0.5,2,Pastures,pre_dashboard,380_34
51.18583333333333,-3.7691666666666666,0,0,15.6,68,0.0,136,0.5,2,Pastures,pre_dashboard,380_35
51.18583333333333,-3.7691666666666666,0,0,15.6,72,0.0,136,0.5,2,Pastures,pre_dashboard,380_36
51.18583333333333,-3.7691666666666666,0,0,15.6,72,0.0,136,0.5,2,Pastures,pre_dashboard,380_37
51.18583333333333,-3.7691666666666666,1,4,15.6,72,0.0,136,0.5,2,Pastures,pre_dashboard,380_38
51.18583333333333,-3.7691666666666666,0,0,15.6,78,0.0,136,0.5,2,Pastures,pre_dashboard,380_39
51.18583333333333,-3.7691666666666666,1,1,15.6,78,0.0,136,0.5,2,Pastures,pre_dashboard,380_40
51.18583333333333,-3.7691666666666666,1,7,15.6,78,0.0,136,0.5,2,Pastures,pre_dashboard,380_41
51.18583333333333,-3.7691666666666666,0,0,15.6,86,0.0,136,0.5,2,Pastures,pre_dashboard,380_42
51.18583333333333,-3.7691666666666666,1,1,15.6,86,0.0,136,0.5,2,Pastures,pre_dashboard,380_43
51.18583333333333,-3.7691666666666666,1,2,15.6,86,0.0,136,0.5,2,Pastures,pre_dashboard,380_44
51.18583333333333,-3.7691666666666666,0,0,15.6,90,0.0,136,0.5,2,Pastures,pre_dashboard,380_45
51.18583333333333,-3.7691666666666666,0,0,15.6,90,0.0,136,0.5,2,Pastures,pre_dashboard,380_46
51.18583333333333,-3.7691666666666666,0,0,15.6,90,0.0,136,0.5,2,Pastures,pre_dashboard,380_47
51.18583333333333,-3.7691666666666666,0,0,15.6,68,0.0,136,0.5,2,Pastures,pre_dashboard,380_48
51.18583333333333,-3.7691666666666666,0,0,15.6,68,0.0,136,0.5,2,Pastures,pre_dashboard,380_49
51.18583333333333,-3.7691666666666666,0,0,15.6,68,0.0,136,0.5,2,Pastures,pre_dashboard,380_50
51.18583333333333,-3.7691666666666666,0,0,15.6,68,0.0,136,0.5,2,Pastures,pre_dashboard,380_51
51.18583333333333,-3.7691666666666666,0,0,15.6,68,0.0,136,0.5,2,Pastures,pre_dashboard,380_52
51.18583333333333,-3.7691666666666666,0,0,15.6,68,0.0,136,0.5,2,Pastures,pre_dashboard,380_53
51.18583333333333,-3.7691666666666666,0,0,15.6,68,0.0,136,0.5,2,Pastures,pre_dashboard,380_54
51.18583333333333,-3.7691666666666666,0,0,15.6,68,0.0,136,0.5,2,Pastures,pre_dashboard,380_55
51.18583333333333,-3.7691666666666666,0,0,15.6,68,0.0,136,0.5,2,Pastures,pre_dashboard,380_56
51.18583333333333,-3.7691666666666666,0,0,15.6,68,0.0,136,0.5,2,Pastures,pre_dashboard,380_57
51.18583333333333,-3.7691666666666666,0,0,15.6,68,0.0,136,0.5,2,Pastures,pre_dashboard,380_58
51.18583333333333,-3.7691666666666666,0,0,15.6,68,0.0,136,0.5,2,Pastures,pre_dashboard,380_59
51.18583333333333,-3.7691666666666666,0,0,15.6,68,0.0,136,0.5,2,Pastures,pre_dashboard,380_60
51.18583333333333,-3.7691666666666666,0,0,15.6,68,0.0,136,0.5,2,Pastures,pre_dashboard,380_61
51.18583333333333,-3.7691666666666666,0,0,15.6,68,0.0,136,0.5,2,Pastures,pre_dashboard,380_62
51.18583333333333,-3.7691666666666666,0,0,15.6,68,0.0,136,0.5,2,Pastures,pre_dashboard,380_63
51.18583333333333,-3.7691666666666666,0,0,15.6,68,0.0,136,0.5,2,Pastures,pre_dashboard,380_64
51.18583333333333,-3.7691666666666666,0,0,15.6,68,0.0,136,0.5,2,Pastures,pre_dashboard,380_65
51.18583333333333,-3.7691666666666666,0,0,15.6,70,0.0,136,0.5,2,Pastures,pre_dashboard,380_66
51.18583333333333,-3.7691666666666666,0,0,15.6,70,0.0,136,0.5,2,Pastures,pre_dashboard,380_67
51.18583333333333,-3.7691666666666666,0,0,15.6,70,0.0,136,0.5,2,Pastures,pre_dashboard,380_68
51.18583333333333,-3.7691666666666666,0,0,15.6,90,0.0,136,0.5,2,Pastures,pre_dashboard,380_69
51.18583333333333,-3.7691666666666666,0,0,15.6,90,0.0,136,0.5,2,Pastures,pre_dashboard,380_70
51.18583333333333,-3.7691666666666666,0,0,15.6,90,0.0,136,0.5,2,Pastures,pre_dashboard,380_71
51.18583333333333,-3.7691666666666666,0,0,15.6,78,0.0,136,0.5,9,Pastures,pre_dashboard,380_72
51.18583333333333,-3.7691666666666666,0,0,15.6,78,0.0,136,0.5,9,Pastures,pre_dashboard,380_73
51.18583333333333,-3.7691666666666666,0,0,15.6,78,0.0,136,0.5,9,Pastures,pre_dashboard,380_74
51.18583333333333,-3.7691666666666666,0,0,15.6,84,0.0,136,0.5,9,Pastures,pre_dashboard,380_75
51.18583333333333,-3.7691666666666666,1,3,15.6,84,0.0,136,0.5,9,Pastures,pre_dashboard,380_76
51.18583333333333,-3.7691666666666666,1,2,15.6,84,0.0,136,0.5,9,Pastures,pre_dashboard,380_77
51.18583333333333,-3.7691666666666666,0,0,15.6,86,0.0,136,0.5,9,Pastures,pre_dashboard,380_78
51.18583333333333,-3.7691666666666666,1,4,15.6,86,0.0,136,0.5,9,Pastures,pre_dashboard,380_79
51.18583333333333,-3.7691666666666666,1,3,15.6,86,0.0,136,0.5,9,Pastures,pre_dashboard,380_80
51.18583333333333,-3.7691666666666666,1,8,15.6,88,0.0,136,0.5,9,Pastures,pre_dashboard,380_81
51.18583333333333,-3.7691666666666666,1,9,15.6,88,0.0,136,0.5,9,Pastures,pre_dashboard,380_82
51.18583333333333,-3.7691666666666666,1,7,15.6,88,0.0,136,0.5,9,Pastures,pre_dashboard,380_83
51.18583333333333,-3.7691666666666666,1,19,15.6,86,0.0,136,0.5,9,Pastures,pre_dashboard,380_84
51.18583333333333,-3.7691666666666666,1,12,15.6,86,0.0,136,0.5,9,Pastures,pre_dashboard,380_85
51.18583333333333,-3.7691666666666666,1,9,15.6,86,0.0,136,0.5,9,Pastures,pre_dashboard,380_86
51.18583333333333,-3.7691666666666666,1,22,15.6,90,0.0,136,0.5,9,Pastures,pre_dashboard,380_87
51.18583333333333,-3.7691666666666666,1,41,15.6,90,0.0,136,0.5,9,Pastures,pre_dashboard,380_88
51.18583333333333,-3.7691666666666666,1,32,15.6,90,0.0,136,0.5,9,Pastures,pre_dashboard,380_89
51.18583333333333,-3.7691666666666666,1,9,15.6,92,0.0,136,0.5,9,Pastures,pre_dashboard,380_90
51.18583333333333,-3.7691666666666666,1,18,15.6,92,0.0,136,0.5,9,Pastures,pre_dashboard,380_91
51.18583333333333,-3.7691666666666666,1,13,15.6,92,0.0,136,0.5,9,Pastures,pre_dashboard,380_92
51.18583333333333,-3.7691666666666666,0,0,15.6,100,0.0,136,0.5,9,Pastures,pre_dashboard,380_93
51.18583333333333,-3.7691666666666666,0,0,15.6,100,0.0,136,0.5,9,Pastures,pre_dashboard,380_94
51.18583333333333,-3.7691666666666666,0,0,15.6,100,0.0,136,0.5,9,Pastures,pre_dashboard,380_95
51.18583333333333,-3.7691666666666666,0,0,15.6,78,0.0,136,0.5,5,Pastures,pre_dashboard,380_96
51.18583333333333,-3.7691666666666666,0,0,15.6,78,0.0,136,0.5,5,Pastures,pre_dashboard,380_97
51.18583333333333,-3.7691666666666666,1,2,15.6,78,0.0,136,0.5,5,Pastures,pre_dashboard,380_98
51.18583333333333,-3.7691666666666666,1,12,15.6,78,0.0,136,0.5,5,Pastures,pre_dashboard,380_99
51.18583333333333,-3.7691666666666666,1,7,15.6,78,0.0,136,0.5,5,Pastures,pre_dashboard,380_100
51.18583333333333,-3.7691666666666666,1,9,15.6,78,0.0,136,0.5,5,Pastures,pre_dashboard,380_101
51.18583333333333,-3.7691666666666666,1,18,15.6,86,0.0,136,0.5,5,Pastures,pre_dashboard,380_102
51.18583333333333,-3.7691666666666666,1,12,15.6,86,0.0,136,0.5,5,Pastures,pre_dashboard,380_103
51.18583333333333,-3.7691666666666666,1,15,15.6,86,0.0,136,0.5,5,Pastures,pre_dashboard,380_104
51.18583333333333,-3.7691666666666666,1,49,15.6,88,0.0,136,0.5,5,Pastures,pre_dashboard,380_105
51.18583333333333,-3.7691666666666666,1,16,15.6,88,0.0,136,0.5,5,Pastures,pre_dashboard,380_106
51.18583333333333,-3.7691666666666666,1,21,15.6,88,0.0,136,0.5,5,Pastures,pre_dashboard,380_107
51.18583333333333,-3.7691666666666666,1,84,15.6,88,0.0,136,0.5,5,Pastures,pre_dashboard,380_108
51.18583333333333,-3.7691666666666666,1,29,15.6,88,0.0,136,0.5,5,Pastures,pre_dashboard,380_109
51.18583333333333,-3.7691666666666666,1,36,15.6,88,0.0,136,0.5,5,Pastures,pre_dashboard,380_110
51.18583333333333,-3.7691666666666666,1,61,15.6,86,0.0,136,0.5,5,Pastures,pre_dashboard,380_111
51.18583333333333,-3.7691666666666666,1,38,15.6,86,0.0,136,0.5,5,Pastures,pre_dashboard,380_112
51.18583333333333,-3.7691666666666666,1,46,15.6,86,0.0,136,0.5,5,Pastures,pre_dashboard,380_113
51.18583333333333,-3.7691666666666666,1,12,15.6,92,0.0,136,0.5,5,Pastures,pre_dashboard,380_114
51.18583333333333,-3.7691666666666666,1,14,15.6,92,0.0,136,0.5,5,Pastures,pre_dashboard,380_115
51.18583333333333,-3.7691666666666666,1,11,15.6,92,0.0,136,0.5,5,Pastures,pre_dashboard,380_116
51.18583333333333,-3.7691666666666666,0,0,15.6,100,0.0,136,0.5,5,Pastures,pre_dashboard,380_117
51.18583333333333,-3.7691666666666666,0,0,15.6,100,0.0,136,0.5,5,Pastures,pre_dashboard,380_118
51.18583333333333,-3.7691666666666666,0,0,15.6,100,0.0,136,0.5,5,Pastures,pre_dashboard,380_119
51.18583333333333,-3.7691666666666666,0,0,15.6,66,0.0,136,0.5,2,Pastures,pre_dashboard,380_120
51.18583333333333,-3.7691666666666666,0,0,15.6,66,0.0,136,0.5,2,Pastures,pre_dashboard,380_121
51.18583333333333,-3.7691666666666666,0,0,15.6,66,0.0,136,0.5,2,Pastures,pre_dashboard,380_122
51.18583333333333,-3.7691666666666666,0,0,15.6,66,0.0,136,0.5,2,Pastures,pre_dashboard,380_123
51.18583333333333,-3.7691666666666666,0,0,15.6,66,0.0,136,0.5,2,Pastures,pre_dashboard,380_124
51.18583333333333,-3.7691666666666666,0,0,15.6,66,0.0,136,0.5,2,Pastures,pre_dashboard,380_125
51.18583333333333,-3.7691666666666666,0,0,15.6,66,0.0,136,0.5,2,Pastures,pre_dashboard,380_126
51.18583333333333,-3.7691666666666666,0,0,15.6,66,0.0,136,0.5,2,Pastures,pre_dashboard,380_127
51.18583333333333,-3.7691666666666666,0,0,15.6,66,0.0,136,0.5,2,Pastures,pre_dashboard,380_128
51.18583333333333,-3.7691666666666666,1,4,15.6,66,0.0,136,0.5,2,Pastures,pre_dashboard,380_129
51.18583333333333,-3.7691666666666666,1,1,15.6,66,0.0,136,0.5,2,Pastures,pre_dashboard,380_130
51.18583333333333,-3.7691666666666666,1,3,15.6,66,0.0,136,0.5,2,Pastures,pre_dashboard,380_131
51.18583333333333,-3.7691666666666666,1,6,15.6,68,0.0,136,0.5,2,Pastures,pre_dashboard,380_132
51.18583333333333,-3.7691666666666666,1,2,15.6,68,0.0,136,0.5,2,Pastures,pre_dashboard,380_133
51.18583333333333,-3.7691666666666666,1,5,15.6,68,0.0,136,0.5,2,Pastures,pre_dashboard,380_134
51.18583333333333,-3.7691666666666666,1,4,15.6,78,0.0,136,0.5,2,Pastures,pre_dashboard,380_135
51.18583333333333,-3.7691666666666666,1,3,15.6,78,0.0,136,0.5,2,Pastures,pre_dashboard,380_136
51.18583333333333,-3.7691666666666666,1,8,15.6,78,0.0,136,0.5,2,Pastures,pre_dashboard,380_137
51.18583333333333,-3.7691666666666666,0,0,15.6,90,0.0,136,0.5,2,Pastures,pre_dashboard,380_138
51.18583333333333,-3.7691666666666666,1,4,15.6,90,0.0,136,0.5,2,Pastures,pre_dashboard,380_139
51.18583333333333,-3.7691666666666666,1,10,15.6,90,0.0,136,0.5,2,Pastures,pre_dashboard,380_140
51.18583333333333,-3.7691666666666666,0,0,15.6,90,0.0,136,0.5,2,Pastures,pre_dashboard,380_141
51.18583333333333,-3.7691666666666666,0,0,15.6,90,0.0,136,0.5,2,Pastures,pre_dashboard,380_142
51.18583333333333,-3.7691666666666666,0,0,15.6,90,0.0,136,0.5,2,Pastures,pre_dashboard,380_143
51.18583333333333,-3.7691666666666666,0,0,15.6,69,0.0,136,0.5,2,Pastures,pre_dashboard,380_144
51.18583333333333,-3.7691666666666666,0,0,15.6,69,0.0,136,0.5,2,Pastures,pre_dashboard,380_145
51.18583333333333,-3.7691666666666666,0,0,15.6,69,0.0,136,0.5,2,Pastures,pre_dashboard,380_146
51.18583333333333,-3.7691666666666666,0,0,15.6,70,0.0,136,0.5,2,Pastures,pre_dashboard,380_147
51.18583333333333,-3.7691666666666666,0,0,15.6,70,0.0,136,0.5,2,Pastures,pre_dashboard,380_148
51.18583333333333,-3.7691666666666666,0,0,15.6,70,0.0,136,0.5,2,Pastures,pre_dashboard,380_149
51.18583333333333,-3.7691666666666666,0,0,15.6,68,0.0,136,0.5,2,Pastures,pre_dashboard,380_150
51.18583333333333,-3.7691666666666666,0,0,15.6,68,0.0,136,0.5,2,Pastures,pre_dashboard,380_151
51.18583333333333,-3.7691666666666666,0,0,15.6,68,0.0,136,0.5,2,Pastures,pre_dashboard,380_152
51.18583333333333,-3.7691666666666666,0,0,15.6,68,0.0,136,0.5,2,Pastures,pre_dashboard,380_153
51.18583333333333,-3.7691666666666666,0,0,15.6,68,0.0,136,0.5,2,Pastures,pre_dashboard,380_154
51.18583333333333,-3.7691666666666666,0,0,15.6,68,0.0,136,0.5,2,Pastures,pre_dashboard,380_155
51.18583333333333,-3.7691666666666666,0,0,15.6,68,0.0,136,0.5,2,Pastures,pre_dashboard,380_156
51.18583333333333,-3.7691666666666666,1,1,15.6,68,0.0,136,0.5,2,Pastures,pre_dashboard,380_157
51.18583333333333,-3.7691666666666666,1,2,15.6,68,0.0,136,0.5,2,Pastures,pre_dashboard,380_158
51.18583333333333,-3.7691666666666666,0,0,15.6,69,0.0,136,0.5,2,Pastures,pre_dashboard,380_159
51.18583333333333,-3.7691666666666666,0,0,15.6,69,0.0,136,0.5,2,Pastures,pre_dashboard,380_160
51.18583333333333,-3.7691666666666666,1,3,15.6,69,0.0,136,0.5,2,Pastures,pre_dashboard,380_161
51.18583333333333,-3.7691666666666666,0,0,15.6,75,0.0,136,0.5,2,Pastures,pre_dashboard,380_162
51.18583333333333,-3.7691666666666666,0,0,15.6,75,0.0,136,0.5,2,Pastures,pre_dashboard,380_163
51.18583333333333,-3.7691666666666666,0,0,15.6,75,0.0,136,0.5,2,Pastures,pre_dashboard,380_164
51.18583333333333,-3.7691666666666666,0,0,15.6,90,0.0,136,0.5,2,Pastures,pre_dashboard,380_165
51.18583333333333,-3.7691666666666666,0,0,15.6,90,0.0,136,0.5,2,Pastures,pre_dashboard,380_166
51.18583333333333,-3.7691666666666666,0,0,15.6,90,0.0,136,0.5,2,Pastures,pre_dashboard,380_167
51.18583333333333,-3.7691666666666666,0,0,15.6,80,0.0,136,0.5,9,Pastures,pre_dashboard,380_168
51.18583333333333,-3.7691666666666666,0,0,15.6,80,0.0,136,0.5,9,Pastures,pre_dashboard,380_169
51.18583333333333,-3.7691666666666666,0,0,15.6,80,0.0,136,0.5,9,Pastures,pre_dashboard,380_170
51.18583333333333,-3.7691666666666666,0,0,15.6,83,0.0,136,0.5,9,Pastures,pre_dashboard,380_171
51.18583333333333,-3.7691666666666666,1,4,15.6,83,0.0,136,0.5,9,Pastures,pre_dashboard,380_172
51.18583333333333,-3.7691666666666666,1,5,15.6,83,0.0,136,0.5,9,Pastures,pre_dashboard,380_173
51.18583333333333,-3.7691666666666666,0,0,15.6,88,0.0,136,0.5,9,Pastures,pre_dashboard,380_174
51.18583333333333,-3.7691666666666666,1,5,15.6,88,0.0,136,0.5,9,Pastures,pre_dashboard,380_175
51.18583333333333,-3.7691666666666666,1,7,15.6,88,0.0,136,0.5,9,Pastures,pre_dashboard,380_176
51.18583333333333,-3.7691666666666666,1,10,15.6,88,0.0,136,0.5,9,Pastures,pre_dashboard,380_177
51.18583333333333,-3.7691666666666666,1,12,15.6,88,0.0,136,0.5,9,Pastures,pre_dashboard,380_178
51.18583333333333,-3.7691666666666666,1,13,15.6,88,0.0,136,0.5,9,Pastures,pre_dashboard,380_179
51.18583333333333,-3.7691666666666666,1,26,15.6,90,0.0,136,0.5,9,Pastures,pre_dashboard,380_180
51.18583333333333,-3.7691666666666666,1,19,15.6,90,0.0,136,0.5,9,Pastures,pre_dashboard,380_181
51.18583333333333,-3.7691666666666666,1,22,15.6,90,0.0,136,0.5,9,Pastures,pre_dashboard,380_182
51.18583333333333,-3.7691666666666666,1,29,15.6,95,0.0,136,0.5,9,Pastures,pre_dashboard,380_183
51.18583333333333,-3.7691666666666666,1,59,15.6,95,0.0,136,0.5,9,Pastures,pre_dashboard,380_184
51.18583333333333,-3.7691666666666666,1,56,15.6,95,0.0,136,0.5,9,Pastures,pre_dashboard,380_185
51.18583333333333,-3.7691666666666666,1,12,15.6,100,0.0,136,0.5,9,Pastures,pre_dashboard,380_186
51.18583333333333,-3.7691666666666666,1,29,15.6,100,0.0,136,0.5,9,Pastures,pre_dashboard,380_187
51.18583333333333,-3.7691666666666666,1,36,15.6,100,0.0,136,0.5,9,Pastures,pre_dashboard,380_188
51.18583333333333,-3.7691666666666666,0,0,15.6,100,0.0,136,0.5,9,Pastures,pre_dashboard,380_189
51.18583333333333,-3.7691666666666666,0,0,15.6,100,0.0,136,0.5,9,Pastures,pre_dashboard,380_190
51.18583333333333,-3.7691666666666666,0,0,15.6,100,0.0,136,0.5,9,Pastures,pre_dashboard,380_191
51.05511111111111,-3.7058833333333334,0,0,12.6,82,0.0,328,0.87,10,Pastures,pre_dashboard,385_192
51.05511111111111,-3.7058833333333334,0,0,12.6,82,0.0,328,0.87,10,Pastures,pre_dashboard,385_193
51.05511111111111,-3.7058833333333334,0,0,12.6,82,0.0,328,0.87,10,Pastures,pre_dashboard,385_194
51.05511111111111,-3.7058833333333334,0,0,12.6,84,0.0,328,0.87,10,Pastures,pre_dashboard,385_195
51.05511111111111,-3.7058833333333334,0,0,12.6,84,0.0,328,0.87,10,Pastures,pre_dashboard,385_196
51.05511111111111,-3.7058833333333334,1,2,12.6,84,0.0,328,0.87,10,Pastures,pre_dashboard,385_197
51.05511111111111,-3.7058833333333334,0,0,12.6,88,0.0,328,0.87,10,Pastures,pre_dashboard,385_198
51.05511111111111,-3.7058833333333334,1,4,12.6,88,0.0,328,0.87,10,Pastures,pre_dashboard,385_199
51.05511111111111,-3.7058833333333334,1,2,12.6,88,0.0,328,0.87,10,Pastures,pre_dashboard,385_200
51.05511111111111,-3.7058833333333334,1,4,12.6,88,0.0,328,0.87,10,Pastures,pre_dashboard,385_201
51.05511111111111,-3.7058833333333334,1,6,12.6,88,0.0,328,0.87,10,Pastures,pre_dashboard,385_202
51.05511111111111,-3.7058833333333334,1,5,12.6,88,0.0,328,0.87,10,Pastures,pre_dashboard,385_203
51.05511111111111,-3.7058833333333334,1,28,12.6,88,0.0,328,0.87,10,Pastures,pre_dashboard,385_204
51.05511111111111,-3.7058833333333334,1,14,12.6,88,0.0,328,0.87,10,Pastures,pre_dashboard,385_205
51.05511111111111,-3.7058833333333334,1,12,12.6,88,0.0,328,0.87,10,Pastures,pre_dashboard,385_206
51.05511111111111,-3.7058833333333334,1,12,12.6,92,0.0,328,0.87,10,Pastures,pre_dashboard,385_207
51.05511111111111,-3.7058833333333334,1,9,12.6,92,0.0,328,0.87,10,Pastures,pre_dashboard,385_208
51.05511111111111,-3.7058833333333334,1,4,12.6,92,0.0,328,0.87,10,Pastures,pre_dashboard,385_209
51.05511111111111,-3.7058833333333334,0,0,12.6,94,0.0,328,0.87,10,Pastures,pre_dashboard,385_210
51.05511111111111,-3.7058833333333334,0,0,12.6,94,0.0,328,0.87,10,Pastures,pre_dashboard,385_211
51.05511111111111,-3.7058833333333334,1,2,12.6,94,0.0,328,0.87,10,Pastures,pre_dashboard,385_212
51.05511111111111,-3.7058833333333334,0,0,12.6,100,0.0,328,0.87,10,Pastures,pre_dashboard,385_213
51.05511111111111,-3.7058833333333334,0,0,12.6,100,0.0,328,0.87,10,Pastures,pre_dashboard,385_214
51.05511111111111,-3.7058833333333334,0,0,12.6,100,0.0,328,0.87,10,Pastures,pre_dashboard,385_215
51.05511111111111,-3.7058833333333334,0,0,12.6,76,0.0,328,0.87,6,Pastures,pre_dashboard,385_216
51.05511111111111,-3.7058833333333334,0,0,12.6,76,0.0,328,0.87,6,Pastures,pre_dashboard,385_217
51.05511111111111,-3.7058833333333334,1,2,12.6,76,0.0,328,0.87,6,Pastures,pre_dashboard,385_218
51.05511111111111,-3.7058833333333334,0,0,12.6,78,0.0,328,0.87,6,Pastures,pre_dashboard,385_219
51.05511111111111,-3.7058833333333334,1,1,12.6,78,0.0,328,0.87,6,Pastures,pre_dashboard,385_220
51.05511111111111,-3.7058833333333334,1,2,12.6,78,0.0,328,0.87,6,Pastures,pre_dashboard,385_221
51.05511111111111,-3.7058833333333334,0,0,12.6,84,0.0,328,0.87,6,Pastures,pre_dashboard,385_222
51.05511111111111,-3.7058833333333334,1,2,12.6,84,0.0,328,0.87,6,Pastures,pre_dashboard,385_223
51.05511111111111,-3.7058833333333334,1,3,12.6,84,0.0,328,0.87,6,Pastures,pre_dashboard,385_224
51.05511111111111,-3.7058833333333334,1,60,12.6,90,0.0,328,0.87,6,Pastures,pre_dashboard,385_225
51.05511111111111,-3.7058833333333334,1,3,12.6,90,0.0,328,0.87,6,Pastures,pre_dashboard,385_226
51.05511111111111,-3.7058833333333334,1,5,12.6,90,0.0,328,0.87,6,Pastures,pre_dashboard,385_227
51.05511111111111,-3.7058833333333334,1,78,12.6,90,0.0,328,0.87,6,Pastures,pre_dashboard,385_228
51.05511111111111,-3.7058833333333334,1,4,12.6,90,0.0,328,0.87,6,Pastures,pre_dashboard,385_229
51.05511111111111,-3.7058833333333334,1,6,12.6,90,0.0,328,0.87,6,Pastures,pre_dashboard,385_230
51.05511111111111,-3.7058833333333334,1,412,12.6,94,0.0,328,0.87,6,Pastures,pre_dashboard,385_231
51.05511111111111,-3.7058833333333334,1,2,12.6,94,0.0,328,0.87,6,Pastures,pre_dashboard,385_232
51.05511111111111,-3.7058833333333334,1,4,12.6,94,0.0,328,0.87,6,Pastures,pre_dashboard,385_233
51.05511111111111,-3.7058833333333334,0,0,12.6,98,0.0,328,0.87,6,Pastures,pre_dashboard,385_234
51.05511111111111,-3.7058833333333334,0,0,12.6,98,0.0,328,0.87,6,Pastures,pre_dashboard,385_235
51.05511111111111,-3.7058833333333334,0,0,12.6,98,0.0,328,0.87,6,Pastures,pre_dashboard,385_236
51.05511111111111,-3.7058833333333334,0,0,12.6,100,0.0,328,0.87,6,Pastures,pre_dashboard,385_237
51.05511111111111,-3.7058833333333334,0,0,12.6,100,0.0,328,0.87,6,Pastures,pre_dashboard,385_238
51.05511111111111,-3.7058833333333334,0,0,12.6,100,0.0,328,0.87,6,Pastures,pre_dashboard,385_239
51.05511111111111,-3.7058833333333334,0,0,12.6,82,0.0,328,0.87,10,Pastures,pre_dashboard,385_240
51.05511111111111,-3.7058833333333334,0,0,12.6,82,0.0,328,0.87,10,Pastures,pre_dashboard,385_241
51.05511111111111,-3.7058833333333334,0,0,12.6,82,0.0,328,0.87,10,Pastures,pre_dashboard,385_242
51.05511111111111,-3.7058833333333334,0,0,12.6,82,0.0,328,0.87,10,Pastures,pre_dashboard,385_243
51.05511111111111,-3.7058833333333334,0,0,12.6,82,0.0,328,0.87,10,Pastures,pre_dashboard,385_244
51.05511111111111,-3.7058833333333334,0,0,12.6,82,0.0,328,0.87,10,Pastures,pre_dashboard,385_245
51.05511111111111,-3.7058833333333334,0,0,12.6,82,0.0,328,0.87,10,Pastures,pre_dashboard,385_246
51.05511111111111,-3.7058833333333334,0,0,12.6,82,0.0,328,0.87,10,Pastures,pre_dashboard,385_247
51.05511111111111,-3.7058833333333334,0,0,12.6,82,0.0,328,0.87,10,Pastures,pre_dashboard,385_248
51.05511111111111,-3.7058833333333334,0,0,12.6,83,0.0,328,0.87,10,Pastures,pre_dashboard,385_249
51.05511111111111,-3.7058833333333334,0,0,12.6,83,0.0,328,0.87,10,Pastures,pre_dashboard,385_250
51.05511111111111,-3.7058833333333334,1,1,12.6,83,0.0,328,0.87,10,Pastures,pre_dashboard,385_251
51.05511111111111,-3.7058833333333334,1,16,12.6,82,0.0,328,0.87,10,Pastures,pre_dashboard,385_252
51.05511111111111,-3.7058833333333334,1,2,12.6,82,0.0,328,0.87,10,Pastures,pre_dashboard,385_253
51.05511111111111,-3.7058833333333334,1,3,12.6,82,0.0,328,0.87,10,Pastures,pre_dashboard,385_254
51.05511111111111,-3.7058833333333334,1,9,12.6,84,0.0,328,0.87,10,Pastures,pre_dashboard,385_255
51.05511111111111,-3.7058833333333334,1,3,12.6,84,0.0,328,0.87,10,Pastures,pre_dashboard,385_256
51.05511111111111,-3.7058833333333334,1,4,12.6,84,0.0,328,0.87,10,Pastures,pre_dashboard,385_257
51.05511111111111,-3.7058833333333334,0,0,12.6,90,0.0,328,0.87,10,Pastures,pre_dashboard,385_258
51.05511111111111,-3.7058833333333334,0,0,12.6,90,0.0,328,0.87,10,Pastures,pre_dashboard,385_259
51.05511111111111,-3.7058833333333334,0,0,12.6,90,0.0,328,0.87,10,Pastures,pre_dashboard,385_260
51.05511111111111,-3.7058833333333334,0,0,12.6,95,0.0,328,0.87,10,Pastures,pre_dashboard,385_261
51.05511111111111,-3.7058833333333334,0,0,12.6,95,0.0,328,0.87,10,Pastures,pre_dashboard,385_262
51.05511111111111,-3.7058833333333334,0,0,12.6,95,0.0,328,0.87,10,Pastures,pre_dashboard,385_263
51.05511111111111,-3.7058833333333334,0,0,12.6,84,0.0,328,0.87,10,Pastures,pre_dashboard,385_264
51.05511111111111,-3.7058833333333334,0,0,12.6,84,0.0,328,0.87,10,Pastures,pre_dashboard,385_265
51.05511111111111,-3.7058833333333334,0,0,12.6,84,0.0,328,0.87,10,Pastures,pre_dashboard,385_266
51.05511111111111,-3.7058833333333334,0,0,12.6,84,0.0,328,0.87,10,Pastures,pre_dashboard,385_267
51.05511111111111,-3.7058833333333334,0,0,12.6,84,0.0,328,0.87,10,Pastures,pre_dashboard,385_268
51.05511111111111,-3.7058833333333334,0,0,12.6,84,0.0,328,0.87,10,Pastures,pre_dashboard,385_269
51.05511111111111,-3.7058833333333334,0,0,12.6,84,0.0,328,0.87,10,Pastures,pre_dashboard,385_270
51.05511111111111,-3.7058833333333334,0,0,12.6,84,0.0,328,0.87,10,Pastures,pre_dashboard,385_271
51.05511111111111,-3.7058833333333334,0,0,12.6,84,0.0,328,0.87,10,Pastures,pre_dashboard,385_272
51.05511111111111,-3.7058833333333334,1,3,12.6,90,0.0,328,0.87,10,Pastures,pre_dashboard,385_273
51.05511111111111,-3.7058833333333334,1,2,12.6,90,0.0,328,0.87,10,Pastures,pre_dashboard,385_274
51.05511111111111,-3.7058833333333334,1,4,12.6,90,0.0,328,0.87,10,Pastures,pre_dashboard,385_275
51.05511111111111,-3.7058833333333334,1,12,12.6,92,0.0,328,0.87,10,Pastures,pre_dashboard,385_276
51.05511111111111,-3.7058833333333334,1,5,12.6,92,0.0,328,0.87,10,Pastures,pre_dashboard,385_277
51.05511111111111,-3.7058833333333334,1,6,12.6,92,0.0,328,0.87,10,Pastures,pre_dashboard,385_278
51.05511111111111,-3.7058833333333334,1,11,12.6,100,0.0,328,0.87,10,Pastures,pre_dashboard,385_279
51.05511111111111,-3.7058833333333334,1,6,12.6,100,0.0,328,0.87,10,Pastures,pre_dashboard,385_280
51.05511111111111,-3.7058833333333334,1,4,12.6,100,0.0,328,0.87,10,Pastures,pre_dashboard,385_281
51.05511111111111,-3.7058833333333334,0,0,12.6,100,0.0,328,0.87,10,Pastures,pre_dashboard,385_282
51.05511111111111,-3.7058833333333334,0,0,12.6,100,0.0,328,0.87,10,Pastures,pre_dashboard,385_283
51.05511111111111,-3.7058833333333334,0,0,12.6,100,0.0,328,0.87,10,Pastures,pre_dashboard,385_284
51.05511111111111,-3.7058833333333334,0,0,12.6,100,0.0,328,0.87,10,Pastures,pre_dashboard,385_285
51.05511111111111,-3.7058833333333334,0,0,12.6,100,0.0,328,0.87,10,Pastures,pre_dashboard,385_286
51.05511111111111,-3.7058833333333334,0,0,12.6,100,0.0,328,0.87,10,Pastures,pre_dashboard,385_287
51.05511111111111,-3.7058833333333334,0,0,12.6,84,0.0,328,0.87,10,Pastures,pre_dashboard,385_288
51.05511111111111,-3.7058833333333334,0,0,12.6,84,0.0,328,0.87,10,Pastures,pre_dashboard,385_289
51.05511111111111,-3.7058833333333334,0,0,12.6,84,0.0,328,0.87,10,Pastures,pre_dashboard,385_290
51.05511111111111,-3.7058833333333334,0,0,12.6,84,0.0,328,0.87,10,Pastures,pre_dashboard,385_291
51.05511111111111,-3.7058833333333334,0,0,12.6,84,0.0,328,0.87,10,Pastures,pre_dashboard,385_292
51.05511111111111,-3.7058833333333334,0,0,12.6,84,0.0,328,0.87,10,Pastures,pre_dashboard,385_293
51.05511111111111,-3.7058833333333334,0,0,12.6,84,0.0,328,0.87,10,Pastures,pre_dashboard,385_294
51.05511111111111,-3.7058833333333334,0,0,12.6,84,0.0,328,0.87,10,Pastures,pre_dashboard,385_295
51.05511111111111,-3.7058833333333334,0,0,12.6,84,0.0,328,0.87,10,Pastures,pre_dashboard,385_296
51.05511111111111,-3.7058833333333334,0,0,12.6,84,0.0,328,0.87,10,Pastures,pre_dashboard,385_297
51.05511111111111,-3.7058833333333334,0,0,12.6,84,0.0,328,0.87,10,Pastures,pre_dashboard,385_298
51.05511111111111,-3.7058833333333334,0,0,12.6,84,0.0,328,0.87,10,Pastures,pre_dashboard,385_299
51.05511111111111,-3.7058833333333334,0,0,12.6,84,0.0,328,0.87,10,Pastures,pre_dashboard,385_300
51.05511111111111,-3.7058833333333334,0,0,12.6,84,0.0,328,0.87,10,Pastures,pre_dashboard,385_301
51.05511111111111,-3.7058833333333334,0,0,12.6,84,0.0,328,0.87,10,Pastures,pre_dashboard,385_302
51.05511111111111,-3.7058833333333334,0,0,12.6,84,0.0,328,0.87,10,Pastures,pre_dashboard,385_303
51.05511111111111,-3.7058833333333334,1,3,12.6,84,0.0,328,0.87,10,Pastures,pre_dashboard,385_304
51.05511111111111,-3.7058833333333334,1,2,12.6,84,0.0,328,0.87,10,Pastures,pre_dashboard,385_305
51.05511111111111,-3.7058833333333334,0,0,12.6,90,0.0,328,0.87,10,Pastures,pre_dashboard,385_306
51.05511111111111,-3.7058833333333334,0,0,12.6,90,0.0,328,0.87,10,Pastures,pre_dashboard,385_307
51.05511111111111,-3.7058833333333334,0,0,12.6,90,0.0,328,0.87,10,Pastures,pre_dashboard,385_308
51.05511111111111,-3.7058833333333334,0,0,12.6,100,0.0,328,0.87,10,Pastures,pre_dashboard,385_309
51.05511111111111,-3.7058833333333334,0,0,12.6,100,0.0,328,0.87,10,Pastures,pre_dashboard,385_310
51.05511111111111,-3.7058833333333334,0,0,12.6,100,0.0,328,0.87,10,Pastures,pre_dashboard,385_311
51.21682777777778,-3.509602777777778,0,0,12.0,83,0.0,247,0.61,5,Pastures,pre_dashboard,386_312
51.21682777777778,-3.509602777777778,0,0,12.0,83,0.0,247,0.61,5,Pastures,pre_dashboard,386_313
51.21682777777778,-3.509602777777778,0,0,12.0,83,0.0,247,0.61,5,Pastures,pre_dashboard,386_314
51.21682777777778,-3.509602777777778,0,0,12.0,86,0.0,247,0.61,5,Pastures,pre_dashboard,386_315
51.21682777777778,-3.509602777777778,0,0,12.0,86,0.0,247,0.61,5,Pastures,pre_dashboard,386_316
51.21682777777778,-3.509602777777778,1,1,12.0,86,0.0,247,0.61,5,Pastures,pre_dashboard,386_317
51.21682777777778,-3.509602777777778,1,7,12.0,89,0.0,247,0.61,5,Pastures,pre_dashboard,386_318
51.21682777777778,-3.509602777777778,1,5,12.0,89,0.0,247,0.61,5,Pastures,pre_dashboard,386_319
51.21682777777778,-3.509602777777778,1,4,12.0,89,0.0,247,0.61,5,Pastures,pre_dashboard,386_320
51.21682777777778,-3.509602777777778,1,11,12.0,94,0.0,247,0.61,5,Pastures,pre_dashboard,386_321
51.21682777777778,-3.509602777777778,1,2,12.0,94,0.0,247,0.61,5,Pastures,pre_dashboard,386_322
51.21682777777778,-3.509602777777778,1,2,12.0,94,0.0,247,0.61,5,Pastures,pre_dashboard,386_323
51.21682777777778,-3.509602777777778,1,14,12.0,96,0.0,247,0.61,5,Pastures,pre_dashboard,386_324
51.21682777777778,-3.509602777777778,1,4,12.0,96,0.0,247,0.61,5,Pastures,pre_dashboard,386_325
51.21682777777778,-3.509602777777778,1,7,12.0,96,0.0,247,0.61,5,Pastures,pre_dashboard,386_326
51.21682777777778,-3.509602777777778,1,8,12.0,98,0.0,247,0.61,5,Pastures,pre_dashboard,386_327
51.21682777777778,-3.509602777777778,1,3,12.0,98,0.0,247,0.61,5,Pastures,pre_dashboard,386_328
51.21682777777778,-3.509602777777778,1,6,12.0,98,0.0,247,0.61,5,Pastures,pre_dashboard,386_329
51.21682777777778,-3.509602777777778,0,0,12.0,100,0.0,247,0.61,5,Pastures,pre_dashboard,386_330
51.21682777777778,-3.509602777777778,0,0,12.0,100,0.0,247,0.61,5,Pastures,pre_dashboard,386_331
51.21682777777778,-3.509602777777778,0,0,12.0,100,0.0,247,0.61,5,Pastures,pre_dashboard,386_332
51.21682777777778,-3.509602777777778,0,0,12.0,100,0.0,247,0.61,5,Pastures,pre_dashboard,386_333
51.21682777777778,-3.509602777777778,0,0,12.0,100,0.0,247,0.61,5,Pastures,pre_dashboard,386_334
51.21682777777778,-3.509602777777778,0,0,12.0,100,0.0,247,0.61,5,Pastures,pre_dashboard,386_335
51.21682777777778,-3.509602777777778,0,0,12.0,72,0.0,247,0.61,6,Pastures,pre_dashboard,386_336
51.21682777777778,-3.509602777777778,0,0,12.0,72,0.0,247,0.61,6,Pastures,pre_dashboard,386_337
51.21682777777778,-3.509602777777778,0,0,12.0,72,0.0,247,0.61,6,Pastures,pre_dashboard,386_338
51.21682777777778,-3.509602777777778,0,0,12.0,74,0.0,247,0.61,6,Pastures,pre_dashboard,386_339
51.21682777777778,-3.509602777777778,1,1,12.0,74,0.0,247,0.61,6,Pastures,pre_dashboard,386_340
51.21682777777778,-3.509602777777778,0,0,12.0,74,0.0,247,0.61,6,Pastures,pre_dashboard,386_341
51.21682777777778,-3.509602777777778,1,9,12.0,82,0.0,247,0.61,6,Pastures,pre_dashboard,386_342
51.21682777777778,-3.509602777777778,1,3,12.0,82,0.0,247,0.61,6,Pastures,pre_dashboard,386_343
51.21682777777778,-3.509602777777778,1,2,12.0,82,0.0,247,0.61,6,Pastures,pre_dashboard,386_344
51.21682777777778,-3.509602777777778,1,19,12.0,88,0.0,247,0.61,6,Pastures,pre_dashboard,386_345
51.21682777777778,-3.509602777777778,1,4,12.0,88,0.0,247,0.61,6,Pastures,pre_dashboard,386_346
51.21682777777778,-3.509602777777778,1,3,12.0,88,0.0,247,0.61,6,Pastures,pre_dashboard,386_347
51.21682777777778,-3.509602777777778,1,28,12.0,92,0.0,247,0.61,6,Pastures,pre_dashboard,386_348
51.21682777777778,-3.509602777777778,1,9,12.0,92,0.0,247,0.61,6,Pastures,pre_dashboard,386_349
51.21682777777778,-3.509602777777778,1,7,12.0,92,0.0,247,0.61,6,Pastures,pre_dashboard,386_350
51.21682777777778,-3.509602777777778,1,58,12.0,98,0.0,247,0.61,6,Pastures,pre_dashboard,386_351
51.21682777777778,-3.509602777777778,1,11,12.0,98,0.0,247,0.61,6,Pastures,pre_dashboard,386_352
51.21682777777778,-3.509602777777778,1,8,12.0,98,0.0,247,0.61,6,Pastures,pre_dashboard,386_353
51.21682777777778,-3.509602777777778,0,0,12.0,100,0.0,247,0.61,6,Pastures,pre_dashboard,386_354
51.21682777777778,-3.509602777777778,0,0,12.0,100,0.0,247,0.61,6,Pastures,pre_dashboard,386_355
51.21682777777778,-3.509602777777778,0,0,12.0,100,0.0,247,0.61,6,Pastures,pre_dashboard,386_356
51.21682777777778,-3.509602777777778,0,0,12.0,100,0.0,247,0.61,6,Pastures,pre_dashboard,386_357
51.21682777777778,-3.509602777777778,0,0,12.0,100,0.0,247,0.61,6,Pastures,pre_dashboard,386_358
51.21682777777778,-3.509602777777778,0,0,12.0,100,0.0,247,0.61,6,Pastures,pre_dashboard,386_359
51.21682777777778,-3.509602777777778,0,0,12.0,72,0.0,247,0.61,6,Pastures,pre_dashboard,386_360
51.21682777777778,-3.509602777777778,0,0,12.0,72,0.0,247,0.61,6,Pastures,pre_dashboard,386_361
51.21682777777778,-3.509602777777778,0,0,12.0,72,0.0,247,0.61,6,Pastures,pre_dashboard,386_362
51.21682777777778,-3.509602777777778,0,0,12.0,70,0.0,247,0.61,6,Pastures,pre_dashboard,386_363
51.21682777777778,-3.509602777777778,0,0,12.0,70,0.0,247,0.61,6,Pastures,pre_dashboard,386_364
51.21682777777778,-3.509602777777778,0,0,12.0,70,0.0,247,0.61,6,Pastures,pre_dashboard,386_365
51.21682777777778,-3.509602777777778,0,0,12.0,74,0.0,247,0.61,6,Pastures,pre_dashboard,386_366
51.21682777777778,-3.509602777777778,0,0,12.0,74,0.0,247,0.61,6,Pastures,pre_dashboard,386_367
51.21682777777778,-3.509602777777778,0,0,12.0,74,0.0,247,0.61,6,Pastures,pre_dashboard,386_368
51.21682777777778,-3.509602777777778,1,12,12.0,76,0.0,247,0.61,6,Pastures,pre_dashboard,386_369
51.21682777777778,-3.509602777777778,1,1,12.0,76,0.0,247,0.61,6,Pastures,pre_dashboard,386_370
51.21682777777778,-3.509602777777778,0,0,12.0,76,0.0,247,0.61,6,Pastures,pre_dashboard,386_371
51.21682777777778,-3.509602777777778,1,14,12.0,78,0.0,247,0.61,6,Pastures,pre_dashboard,386_372
51.21682777777778,-3.509602777777778,1,5,12.0,78,0.0,247,0.61,6,Pastures,pre_dashboard,386_373
51.21682777777778,-3.509602777777778,1,3,12.0,78,0.0,247,0.61,6,Pastures,pre_dashboard,386_374
51.21682777777778,-3.509602777777778,0,0,12.0,82,0.0,247,0.61,6,Pastures,pre_dashboard,386_375
51.21682777777778,-3.509602777777778,0,0,12.0,82,0.0,247,0.61,6,Pastures,pre_dashboard,386_376
51.21682777777778,-3.509602777777778,1,1,12.0,82,0.0,247,0.61,6,Pastures,pre_dashboard,386_377
51.21682777777778,-3.509602777777778,0,0,12.0,95,0.0,247,0.61,6,Pastures,pre_dashboard,386_378
51.21682777777778,-3.509602777777778,0,0,12.0,95,0.0,247,0.61,6,Pastures,pre_dashboard,386_379
51.21682777777778,-3.509602777777778,0,0,12.0,95,0.0,247,0.61,6,Pastures,pre_dashboard,386_380
51.21682777777778,-3.509602777777778,0,0,12.0,100,0.0,247,0.61,6,Pastures,pre_dashboard,386_381
51.21682777777778,-3.509602777777778,0,0,12.0,100,0.0,247,0.61,6,Pastures,pre_dashboard,386_382
51.21682777777778,-3.509602777777778,0,0,12.0,100,0.0,247,0.61,6,Pastures,pre_dashboard,386_383
51.21682777777778,-3.509602777777778,0,0,12.0,86,0.0,247,0.61,5,Pastures,pre_dashboard,386_384
51.21682777777778,-3.509602777777778,0,0,12.0,86,0.0,247,0.61,5,Pastures,pre_dashboard,386_385
51.21682777777778,-3.509602777777778,0,0,12.0,86,0.0,247,0.61,5,Pastures,pre_dashboard,386_386
51.21682777777778,-3.509602777777778,0,0,12.0,88,0.0,247,0.61,5,Pastures,pre_dashboard,386_387
51.21682777777778,-3.509602777777778,0,0,12.0,88,0.0,247,0.61,5,Pastures,pre_dashboard,386_388
51.21682777777778,-3.509602777777778,0,0,12.0,88,0.0,247,0.61,5,Pastures,pre_dashboard,386_389
51.21682777777778,-3.509602777777778,0,0,12.0,94,0.0,247,0.61,5,Pastures,pre_dashboard,386_390
51.21682777777778,-3.509602777777778,1,5,12.0,94,0.0,247,0.61,5,Pastures,pre_dashboard,386_391
51.21682777777778,-3.509602777777778,1,3,12.0,94,0.0,247,0.61,5,Pastures,pre_dashboard,386_392
51.21682777777778,-3.509602777777778,1,19,12.0,96,0.0,247,0.61,5,Pastures,pre_dashboard,386_393
51.21682777777778,-3.509602777777778,1,7,12.0,96,0.0,247,0.61,5,Pastures,pre_dashboard,386_394
51.21682777777778,-3.509602777777778,1,5,12.0,96,0.0,247,0.61,5,Pastures,pre_dashboard,386_395
51.21682777777778,-3.509602777777778,1,101,12.0,98,0.0,247,0.61,5,Pastures,pre_dashboard,386_396
51.21682777777778,-3.509602777777778,1,10,12.0,98,0.0,247,0.61,5,Pastures,pre_dashboard,386_397
51.21682777777778,-3.509602777777778,1,7,12.0,98,0.0,247,0.61,5,Pastures,pre_dashboard,386_398
51.21682777777778,-3.509602777777778,1,58,12.0,98,0.0,247,0.61,5,Pastures,pre_dashboard,386_399
51.21682777777778,-3.509602777777778,1,6,12.0,98,0.0,247,0.61,5,Pastures,pre_dashboard,386_400
51.21682777777778,-3.509602777777778,1,5,12.0,98,0.0,247,0.61,5,Pastures,pre_dashboard,386_401
51.21682777777778,-3.509602777777778,0,0,12.0,100,0.0,247,0.61,5,Pastures,pre_dashboard,386_402
51.21682777777778,-3.509602777777778,0,0,12.0,100,0.0,247,0.61,5,Pastures,pre_dashboard,386_403
51.21682777777778,-3.509602777777778,0,0,12.0,100,0.0,247,0.61,5,Pastures,pre_dashboard,386_404
51.21682777777778,-3.509602777777778,0,0,12.0,100,0.0,247,0.61,5,Pastures,pre_dashboard,386_405
51.21682777777778,-3.509602777777778,0,0,12.0,100,0.0,247,0.61,5,Pastures,pre_dashboard,386_406
51.21682777777778,-3.509602777777778,0,0,12.0,100,0.0,247,0.61,5,Pastures,pre_dashboard,386_407
51.21682777777778,-3.509602777777778,0,0,12.0,84,0.0,247,0.61,9,Pastures,pre_dashboard,386_408
51.21682777777778,-3.509602777777778,0,0,12.0,84,0.0,247,0.61,9,Pastures,pre_dashboard,386_409
51.21682777777778,-3.509602777777778,0,0,12.0,84,0.0,247,0.61,9,Pastures,pre_dashboard,386_410
51.21682777777778,-3.509602777777778,0,0,12.0,86,0.0,247,0.61,9,Pastures,pre_dashboard,386_411
51.21682777777778,-3.509602777777778,0,0,12.0,86,0.0,247,0.61,9,Pastures,pre_dashboard,386_412
51.21682777777778,-3.509602777777778,0,0,12.0,86,0.0,247,0.61,9,Pastures,pre_dashboard,386_413
51.21682777777778,-3.509602777777778,0,0,12.0,88,0.0,247,0.61,9,Pastures,pre_dashboard,386_414
51.21682777777778,-3.509602777777778,1,3,12.0,88,0.0,247,0.61,9,Pastures,pre_dashboard,386_415
51.21682777777778,-3.509602777777778,1,2,12.0,88,0.0,247,0.61,9,Pastures,pre_dashboard,386_416
51.21682777777778,-3.509602777777778,1,30,12.0,92,0.0,247,0.61,9,Pastures,pre_dashboard,386_417
51.21682777777778,-3.509602777777778,1,5,12.0,92,0.0,247,0.61,9,Pastures,pre_dashboard,386_418
51.21682777777778,-3.509602777777778,1,4,12.0,92,0.0,247,0.61,9,Pastures,pre_dashboard,386_419
51.21682777777778,-3.509602777777778,1,52,12.0,96,0.0,247,0.61,9,Pastures,pre_dashboard,386_420
51.21682777777778,-3.509602777777778,1,10,12.0,96,0.0,247,0.61,9,Pastures,pre_dashboard,386_421
51.21682777777778,-3.509602777777778,1,7,12.0,96,0.0,247,0.61,9,Pastures,pre_dashboard,386_422
51.21682777777778,-3.509602777777778,1,87,12.0,100,0.0,247,0.61,9,Pastures,pre_dashboard,386_423
51.21682777777778,-3.509602777777778,1,16,12.0,100,0.0,247,0.61,9,Pastures,pre_dashboard,386_424
51.21682777777778,-3.509602777777778,1,13,12.0,100,0.0,247,0.61,9,Pastures,pre_dashboard,386_425
51.21682777777778,-3.509602777777778,0,0,12.0,100,0.0,247,0.61,9,Pastures,pre_dashboard,386_426
51.21682777777778,-3.509602777777778,0,0,12.0,100,0.0,247,0.61,9,Pastures,pre_dashboard,386_427
51.21682777777778,-3.509602777777778,1,2,12.0,100,0.0,247,0.61,9,Pastures,pre_dashboard,386_428
51.21682777777778,-3.509602777777778,0,0,12.0,100,0.0,247,0.61,9,Pastures,pre_dashboard,386_429
51.21682777777778,-3.509602777777778,0,0,12.0,100,0.0,247,0.61,9,Pastures,pre_dashboard,386_430
51.21682777777778,-3.509602777777778,0,0,12.0,100,0.0,247,0.61,9,Pastures,pre_dashboard,386_431
51.16694444444444,-3.5691666666666664,0,0,14.3,82,1.83,247,0.61,6,Moors and heathland,pre_dashboard,387_432
51.16694444444444,-3.5691666666666664,0,0,14.3,82,1.83,247,0.61,6,Moors and heathland,pre_dashboard,387_433
51.16694444444444,-3.5691666666666664,0,0,14.3,82,1.83,247,0.61,6,Moors and heathland,pre_dashboard,387_434
51.16694444444444,-3.5691666666666664,0,0,14.3,84,1.83,247,0.61,6,Moors and heathland,pre_dashboard,387_435
51.16694444444444,-3.5691666666666664,0,0,14.3,84,1.83,247,0.61,6,Moors and heathland,pre_dashboard,387_436
51.16694444444444,-3.5691666666666664,0,0,14.3,84,1.83,247,0.61,6,Moors and heathland,pre_dashboard,387_437
51.16694444444444,-3.5691666666666664,0,0,14.3,88,1.83,247,0.61,6,Moors and heathland,pre_dashboard,387_438
51.16694444444444,-3.5691666666666664,0,0,14.3,88,1.83,247,0.61,6,Moors and heathland,pre_dashboard,387_439
51.16694444444444,-3.5691666666666664,1,1,14.3,88,1.83,247,0.61,6,Moors and heathland,pre_dashboard,387_440
51.16694444444444,-3.5691666666666664,1,2,14.3,86,1.83,247,0.61,6,Moors and heathland,pre_dashboard,387_441
51.16694444444444,-3.5691666666666664,1,2,14.3,86,1.83,247,0.61,6,Moors and heathland,pre_dashboard,387_442
51.16694444444444,-3.5691666666666664,1,1,14.3,86,1.83,247,0.61,6,Moors and heathland,pre_dashboard,387_443
51.16694444444444,-3.5691666666666664,1,29,14.3,84,1.83,247,0.61,6,Moors and heathland,pre_dashboard,387_444
51.16694444444444,-3.5691666666666664,1,7,14.3,84,1.83,247,0.61,6,Moors and heathland,pre_dashboard,387_445
51.16694444444444,-3.5691666666666664,1,4,14.3,84,1.83,247,0.61,6,Moors and heathland,pre_dashboard,387_446
51.16694444444444,-3.5691666666666664,0,0,14.3,96,1.83,247,0.61,6,Moors and heathland,pre_dashboard,387_447
51.16694444444444,-3.5691666666666664,1,6,14.3,96,1.83,247,0.61,6,Moors and heathland,pre_dashboard,387_448
51.16694444444444,-3.5691666666666664,1,5,14.3,96,1.83,247,0.61,6,Moors and heathland,pre_dashboard,387_449
51.16694444444444,-3.5691666666666664,0,0,14.3,100,1.83,247,0.61,6,Moors and heathland,pre_dashboard,387_450
51.16694444444444,-3.5691666666666664,0,0,14.3,100,1.83,247,0.61,6,Moors and heathland,pre_dashboard,387_451
51.16694444444444,-3.5691666666666664,0,0,14.3,100,1.83,247,0.61,6,Moors and heathland,pre_dashboard,387_452
51.16694444444444,-3.5691666666666664,0,0,14.3,100,1.83,247,0.61,6,Moors and heathland,pre_dashboard,387_453
51.16694444444444,-3.5691666666666664,0,0,14.3,100,1.83,247,0.61,6,Moors and heathland,pre_dashboard,387_454
51.16694444444444,-3.5691666666666664,0,0,14.3,100,1.83,247,0.61,6,Moors and heathland,pre_dashboard,387_455
51.16694444444444,-3.5691666666666664,0,0,14.3,70,1.83,247,0.61,8,Moors and heathland,pre_dashboard,387_456
51.16694444444444,-3.5691666666666664,0,0,14.3,70,1.83,247,0.61,8,Moors and heathland,pre_dashboard,387_457
51.16694444444444,-3.5691666666666664,0,0,14.3,70,1.83,247,0.61,8,Moors and heathland,pre_dashboard,387_458
51.16694444444444,-3.5691666666666664,0,0,14.3,74,1.83,247,0.61,8,Moors and heathland,pre_dashboard,387_459
51.16694444444444,-3.5691666666666664,0,0,14.3,74,1.83,247,0.61,8,Moors and heathland,pre_dashboard,387_460
51.16694444444444,-3.5691666666666664,0,0,14.3,74,1.83,247,0.61,8,Moors and heathland,pre_dashboard,387_461
51.16694444444444,-3.5691666666666664,0,0,14.3,77,1.83,247,0.61,8,Moors and heathland,pre_dashboard,387_462
51.16694444444444,-3.5691666666666664,0,0,14.3,77,1.83,247,0.61,8,Moors and heathland,pre_dashboard,387_463
51.16694444444444,-3.5691666666666664,0,0,14.3,77,1.83,247,0.61,8,Moors and heathland,pre_dashboard,387_464
51.16694444444444,-3.5691666666666664,0,0,14.3,77,1.83,247,0.61,8,Moors and heathland,pre_dashboard,387_465
51.16694444444444,-3.5691666666666664,0,0,14.3,77,1.83,247,0.61,8,Moors and heathland,pre_dashboard,387_466
51.16694444444444,-3.5691666666666664,0,0,14.3,77,1.83,247,0.61,8,Moors and heathland,pre_dashboard,387_467
51.16694444444444,-3.5691666666666664,1,9,14.3,80,1.83,247,0.61,8,Moors and heathland,pre_dashboard,387_468
51.16694444444444,-3.5691666666666664,1,3,14.3,80,1.83,247,0.61,8,Moors and heathland,pre_dashboard,387_469
51.16694444444444,-3.5691666666666664,1,4,14.3,80,1.83,247,0.61,8,Moors and heathland,pre_dashboard,387_470
51.16694444444444,-3.5691666666666664,0,0,14.3,84,1.83,247,0.61,8,Moors and heathland,pre_dashboard,387_471
51.16694444444444,-3.5691666666666664,0,0,14.3,84,1.83,247,0.61,8,Moors and heathland,pre_dashboard,387_472
51.16694444444444,-3.5691666666666664,0,0,14.3,84,1.83,247,0.61,8,Moors and heathland,pre_dashboard,387_473
51.16694444444444,-3.5691666666666664,0,0,14.3,90,1.83,247,0.61,8,Moors and heathland,pre_dashboard,387_474
51.16694444444444,-3.5691666666666664,0,0,14.3,90,1.83,247,0.61,8,Moors and heathland,pre_dashboard,387_475
51.16694444444444,-3.5691666666666664,0,0,14.3,90,1.83,247,0.61,8,Moors and heathland,pre_dashboard,387_476
51.16694444444444,-3.5691666666666664,0,0,14.3,100,1.83,247,0.61,8,Moors and heathland,pre_dashboard,387_477
51.16694444444444,-3.5691666666666664,0,0,14.3,100,1.83,247,0.61,8,Moors and heathland,pre_dashboard,387_478
51.16694444444444,-3.5691666666666664,0,0,14.3,100,1.83,247,0.61,8,Moors and heathland,pre_dashboard,387_479
51.16694444444444,-3.5691666666666664,0,0,14.3,88,1.83,247,0.61,10,Moors and heathland,pre_dashboard,387_480
51.16694444444444,-3.5691666666666664,0,0,14.3,88,1.83,247,0.61,10,Moors and heathland,pre_dashboard,387_481
51.16694444444444,-3.5691666666666664,0,0,14.3,88,1.83,247,0.61,10,Moors and heathland,pre_dashboard,387_482
51.16694444444444,-3.5691666666666664,0,0,14.3,81,1.83,247,0.61,10,Moors and heathland,pre_dashboard,387_483
51.16694444444444,-3.5691666666666664,0,0,14.3,81,1.83,247,0.61,10,Moors and heathland,pre_dashboard,387_484
51.16694444444444,-3.5691666666666664,1,2,14.3,81,1.83,247,0.61,10,Moors and heathland,pre_dashboard,387_485
51.16694444444444,-3.5691666666666664,0,0,14.3,92,1.83,247,0.61,10,Moors and heathland,pre_dashboard,387_486
51.16694444444444,-3.5691666666666664,0,0,14.3,92,1.83,247,0.61,10,Moors and heathland,pre_dashboard,387_487
51.16694444444444,-3.5691666666666664,0,0,14.3,92,1.83,247,0.61,10,Moors and heathland,pre_dashboard,387_488
51.16694444444444,-3.5691666666666664,1,10,14.3,94,1.83,247,0.61,10,Moors and heathland,pre_dashboard,387_489
51.16694444444444,-3.5691666666666664,1,3,14.3,94,1.83,247,0.61,10,Moors and heathland,pre_dashboard,387_490
51.16694444444444,-3.5691666666666664,1,2,14.3,94,1.83,247,0.61,10,Moors and heathland,pre_dashboard,387_491
51.16694444444444,-3.5691666666666664,1,36,14.3,94,1.83,247,0.61,10,Moors and heathland,pre_dashboard,387_492
51.16694444444444,-3.5691666666666664,1,6,14.3,94,1.83,247,0.61,10,Moors and heathland,pre_dashboard,387_493
51.16694444444444,-3.5691666666666664,1,5,14.3,94,1.83,247,0.61,10,Moors and heathland,pre_dashboard,387_494
51.16694444444444,-3.5691666666666664,0,0,14.3,96,1.83,247,0.61,10,Moors and heathland,pre_dashboard,387_495
51.16694444444444,-3.5691666666666664,1,2,14.3,96,1.83,247,0.61,10,Moors and heathland,pre_dashboard,387_496
51.16694444444444,-3.5691666666666664,1,1,14.3,96,1.83,247,0.61,10,Moors and heathland,pre_dashboard,387_497
51.16694444444444,-3.5691666666666664,0,0,14.3,96,1.83,247,0.61,10,Moors and heathland,pre_dashboard,387_498
51.16694444444444,-3.5691666666666664,0,0,14.3,96,1.83,247,0.61,10,Moors and heathland,pre_dashboard,387_499
51.16694444444444,-3.5691666666666664,0,0,14.3,96,1.83,247,0.61,10,Moors and heathland,pre_dashboard,387_500
51.16694444444444,-3.5691666666666664,0,0,14.3,98,1.83,247,0.61,10,Moors and heathland,pre_dashboard,387_501
51.16694444444444,-3.5691666666666664,0,0,14.3,98,1.83,247,0.61,10,Moors and heathland,pre_dashboard,387_502
51.16694444444444,-3.5691666666666664,0,0,14.3,98,1.83,247,0.61,10,Moors and heathland,pre_dashboard,387_503
51.16694444444444,-3.5691666666666664,0,0,14.3,81,1.83,247,0.61,6,Moors and heathland,pre_dashboard,387_504
51.16694444444444,-3.5691666666666664,0,0,14.3,81,1.83,247,0.61,6,Moors and heathland,pre_dashboard,387_505
51.16694444444444,-3.5691666666666664,0,0,14.3,81,1.83,247,0.61,6,Moors and heathland,pre_dashboard,387_506
51.16694444444444,-3.5691666666666664,0,0,14.3,83,1.83,247,0.61,6,Moors and heathland,pre_dashboard,387_507
51.16694444444444,-3.5691666666666664,0,0,14.3,83,1.83,247,0.61,6,Moors and heathland,pre_dashboard,387_508
51.16694444444444,-3.5691666666666664,0,0,14.3,83,1.83,247,0.61,6,Moors and heathland,pre_dashboard,387_509
51.16694444444444,-3.5691666666666664,0,0,14.3,88,1.83,247,0.61,6,Moors and heathland,pre_dashboard,387_510
51.16694444444444,-3.5691666666666664,0,0,14.3,88,1.83,247,0.61,6,Moors and heathland,pre_dashboard,387_511
51.16694444444444,-3.5691666666666664,0,0,14.3,88,1.83,247,0.61,6,Moors and heathland,pre_dashboard,387_512
51.16694444444444,-3.5691666666666664,1,10,14.3,90,1.83,247,0.61,6,Moors and heathland,pre_dashboard,387_513
51.16694444444444,-3.5691666666666664,1,4,14.3,90,1.83,247,0.61,6,Moors and heathland,pre_dashboard,387_514
51.16694444444444,-3.5691666666666664,1,3,14.3,90,1.83,247,0.61,6,Moors and heathland,pre_dashboard,387_515
51.16694444444444,-3.5691666666666664,1,94,14.3,92,1.83,247,0.61,6,Moors and heathland,pre_dashboard,387_516
51.16694444444444,-3.5691666666666664,1,7,14.3,92,1.83,247,0.61,6,Moors and heathland,pre_dashboard,387_517
51.16694444444444,-3.5691666666666664,1,7,14.3,92,1.83,247,0.61,6,Moors and heathland,pre_dashboard,387_518
51.16694444444444,-3.5691666666666664,0,0,14.3,94,1.83,247,0.61,6,Moors and heathland,pre_dashboard,387_519
51.16694444444444,-3.5691666666666664,1,2,14.3,94,1.83,247,0.61,6,Moors and heathland,pre_dashboard,387_520
51.16694444444444,-3.5691666666666664,1,2,14.3,94,1.83,247,0.61,6,Moors and heathland,pre_dashboard,387_521
51.16694444444444,-3.5691666666666664,0,0,14.3,99,1.83,247,0.61,6,Moors and heathland,pre_dashboard,387_522
51.16694444444444,-3.5691666666666664,0,0,14.3,99,1.83,247,0.61,6,Moors and heathland,pre_dashboard,387_523
51.16694444444444,-3.5691666666666664,0,0,14.3,99,1.83,247,0.61,6,Moors and heathland,pre_dashboard,387_524
51.16694444444444,-3.5691666666666664,0,0,14.3,100,1.83,247,0.61,6,Moors and heathland,pre_dashboard,387_525
51.16694444444444,-3.5691666666666664,0,0,14.3,100,1.83,247,0.61,6,Moors and heathland,pre_dashboard,387_526
51.16694444444444,-3.5691666666666664,0,0,14.3,100,1.83,247,0.61,6,Moors and heathland,pre_dashboard,387_527
51.16694444444444,-3.5691666666666664,0,0,14.3,74,1.83,247,0.61,10,Moors and heathland,pre_dashboard,387_528
51.16694444444444,-3.5691666666666664,0,0,14.3,74,1.83,247,0.61,10,Moors and heathland,pre_dashboard,387_529
51.16694444444444,-3.5691666666666664,0,0,14.3,74,1.83,247,0.61,10,Moors and heathland,pre_dashboard,387_530
51.16694444444444,-3.5691666666666664,0,0,14.3,76,1.83,247,0.61,10,Moors and heathland,pre_dashboard,387_531
51.16694444444444,-3.5691666666666664,0,0,14.3,76,1.83,247,0.61,10,Moors and heathland,pre_dashboard,387_532
51.16694444444444,-3.5691666666666664,0,0,14.3,76,1.83,247,0.61,10,Moors and heathland,pre_dashboard,387_533
51.16694444444444,-3.5691666666666664,0,0,14.3,80,1.83,247,0.61,10,Moors and heathland,pre_dashboard,387_534
51.16694444444444,-3.5691666666666664,1,3,14.3,80,1.83,247,0.61,10,Moors and heathland,pre_dashboard,387_535
51.16694444444444,-3.5691666666666664,1,2,14.3,80,1.83,247,0.61,10,Moors and heathland,pre_dashboard,387_536
51.16694444444444,-3.5691666666666664,1,19,14.3,82,1.83,247,0.61,10,Moors and heathland,pre_dashboard,387_537
51.16694444444444,-3.5691666666666664,1,14,14.3,82,1.83,247,0.61,10,Moors and heathland,pre_dashboard,387_538
51.16694444444444,-3.5691666666666664,1,12,14.3,82,1.83,247,0.61,10,Moors and heathland,pre_dashboard,387_539
51.16694444444444,-3.5691666666666664,1,72,14.3,84,1.83,247,0.61,10,Moors and heathland,pre_dashboard,387_540
51.16694444444444,-3.5691666666666664,1,26,14.3,84,1.83,247,0.61,10,Moors and heathland,pre_dashboard,387_541
51.16694444444444,-3.5691666666666664,1,19,14.3,84,1.83,247,0.61,10,Moors and heathland,pre_dashboard,387_542
51.16694444444444,-3.5691666666666664,1,4,14.3,86,1.83,247,0.61,10,Moors and heathland,pre_dashboard,387_543
51.16694444444444,-3.5691666666666664,1,2,14.3,86,1.83,247,0.61,10,Moors and heathland,pre_dashboard,387_544
51.16694444444444,-3.5691666666666664,0,0,14.3,86,1.83,247,0.61,10,Moors and heathland,pre_dashboard,387_545
51.16694444444444,-3.5691666666666664,0,0,14.3,90,1.83,247,0.61,10,Moors and heathland,pre_dashboard,387_546
51.16694444444444,-3.5691666666666664,0,0,14.3,90,1.83,247,0.61,10,Moors and heathland,pre_dashboard,387_547
51.16694444444444,-3.5691666666666664,0,0,14.3,90,1.83,247,0.61,10,Moors and heathland,pre_dashboard,387_548
51.16694444444444,-3.5691666666666664,0,0,14.3,95,1.83,247,0.61,10,Moors and heathland,pre_dashboard,387_549
51.16694444444444,-3.5691666666666664,0,0,14.3,95,1.83,247,0.61,10,Moors and heathland,pre_dashboard,387_550
51.16694444444444,-3.5691666666666664,0,0,14.3,95,1.83,247,0.61,10,Moors and heathland,pre_dashboard,387_551
51.16694444444444,-3.5691666666666664,0,0,14.3,74,1.83,247,0.61,10,Moors and heathland,pre_dashboard,387_552
51.16694444444444,-3.5691666666666664,0,0,14.3,74,1.83,247,0.61,10,Moors and heathland,pre_dashboard,387_553
51.16694444444444,-3.5691666666666664,0,0,14.3,74,1.83,247,0.61,10,Moors and heathland,pre_dashboard,387_554
51.16694444444444,-3.5691666666666664,0,0,14.3,74,1.83,247,0.61,10,Moors and heathland,pre_dashboard,387_555
51.16694444444444,-3.5691666666666664,0,0,14.3,74,1.83,247,0.61,10,Moors and heathland,pre_dashboard,387_556
51.16694444444444,-3.5691666666666664,0,0,14.3,74,1.83,247,0.61,10,Moors and heathland,pre_dashboard,387_557
51.16694444444444,-3.5691666666666664,0,0,14.3,74,1.83,247,0.61,10,Moors and heathland,pre_dashboard,387_558
51.16694444444444,-3.5691666666666664,0,0,14.3,74,1.83,247,0.61,10,Moors and heathland,pre_dashboard,387_559
51.16694444444444,-3.5691666666666664,0,0,14.3,74,1.83,247,0.61,10,Moors and heathland,pre_dashboard,387_560
51.16694444444444,-3.5691666666666664,1,3,14.3,76,1.83,247,0.61,10,Moors and heathland,pre_dashboard,387_561
51.16694444444444,-3.5691666666666664,1,5,14.3,76,1.83,247,0.61,10,Moors and heathland,pre_dashboard,387_562
51.16694444444444,-3.5691666666666664,1,6,14.3,76,1.83,247,0.61,10,Moors and heathland,pre_dashboard,387_563
51.16694444444444,-3.5691666666666664,1,9,14.3,82,1.83,247,0.61,10,Moors and heathland,pre_dashboard,387_564
51.16694444444444,-3.5691666666666664,1,3,14.3,82,1.83,247,0.61,10,Moors and heathland,pre_dashboard,387_565
51.16694444444444,-3.5691666666666664,1,4,14.3,82,1.83,247,0.61,10,Moors and heathland,pre_dashboard,387_566
51.16694444444444,-3.5691666666666664,0,0,14.3,90,1.83,247,0.61,10,Moors and heathland,pre_dashboard,387_567
51.16694444444444,-3.5691666666666664,0,0,14.3,90,1.83,247,0.61,10,Moors and heathland,pre_dashboard,387_568
51.16694444444444,-3.5691666666666664,0,0,14.3,90,1.83,247,0.61,10,Moors and heathland,pre_dashboard,387_569
51.16694444444444,-3.5691666666666664,0,0,14.3,94,1.83,247,0.61,10,Moors and heathland,pre_dashboard,387_570
51.16694444444444,-3.5691666666666664,0,0,14.3,94,1.83,247,0.61,10,Moors and heathland,pre_dashboard,387_571
51.16694444444444,-3.5691666666666664,0,0,14.3,94,1.83,247,0.61,10,Moors and heathland,pre_dashboard,387_572
51.16694444444444,-3.5691666666666664,0,0,14.3,95,1.83,247,0.61,10,Moors and heathland,pre_dashboard,387_573
51.16694444444444,-3.5691666666666664,0,0,14.3,95,1.83,247,0.61,10,Moors and heathland,pre_dashboard,387_574
51.16694444444444,-3.5691666666666664,0,0,14.3,95,1.83,247,0.61,10,Moors and heathland,pre_dashboard,387_575
50.60333333333333,-3.8425000000000002,0,0,16.1,88,0.738,377,0.82,6,Pastures,pre_dashboard,388_576
50.60333333333333,-3.8425000000000002,0,0,16.1,88,0.738,377,0.82,6,Pastures,pre_dashboard,388_577
50.60333333333333,-3.8425000000000002,0,0,16.1,88,0.738,377,0.82,6,Pastures,pre_dashboard,388_578
50.60333333333333,-3.8425000000000002,0,0,16.1,90,0.738,377,0.82,6,Pastures,pre_dashboard,388_579
50.60333333333333,-3.8425000000000002,0,0,16.1,90,0.738,377,0.82,6,Pastures,pre_dashboard,388_580
50.60333333333333,-3.8425000000000002,0,0,16.1,90,0.738,377,0.82,6,Pastures,pre_dashboard,388_581
50.60333333333333,-3.8425000000000002,0,0,16.1,94,0.738,377,0.82,6,Pastures,pre_dashboard,388_582
50.60333333333333,-3.8425000000000002,0,0,16.1,94,0.738,377,0.82,6,Pastures,pre_dashboard,388_583
50.60333333333333,-3.8425000000000002,0,0,16.1,94,0.738,377,0.82,6,Pastures,pre_dashboard,388_584
50.60333333333333,-3.8425000000000002,0,0,16.1,94,0.738,377,0.82,6,Pastures,pre_dashboard,388_585
50.60333333333333,-3.8425000000000002,0,0,16.1,94,0.738,377,0.82,6,Pastures,pre_dashboard,388_586
50.60333333333333,-3.8425000000000002,0,0,16.1,94,0.738,377,0.82,6,Pastures,pre_dashboard,388_587
50.60333333333333,-3.8425000000000002,1,86,16.1,96,0.738,377,0.82,6,Pastures,pre_dashboard,388_588
50.60333333333333,-3.8425000000000002,1,5,16.1,96,0.738,377,0.82,6,Pastures,pre_dashboard,388_589
50.60333333333333,-3.8425000000000002,1,7,16.1,96,0.738,377,0.82,6,Pastures,pre_dashboard,388_590
50.60333333333333,-3.8425000000000002,1,18,16.1,98,0.738,377,0.82,6,Pastures,pre_dashboard,388_591
50.60333333333333,-3.8425000000000002,0,0,16.1,98,0.738,377,0.82,6,Pastures,pre_dashboard,388_592
50.60333333333333,-3.8425000000000002,0,0,16.1,98,0.738,377,0.82,6,Pastures,pre_dashboard,388_593
50.60333333333333,-3.8425000000000002,0,0,16.1,100,0.738,377,0.82,6,Pastures,pre_dashboard,388_594
50.60333333333333,-3.8425000000000002,0,0,16.1,100,0.738,377,0.82,6,Pastures,pre_dashboard,388_595
50.60333333333333,-3.8425000000000002,0,0,16.1,100,0.738,377,0.82,6,Pastures,pre_dashboard,388_596
50.60333333333333,-3.8425000000000002,0,0,16.1,100,0.738,377,0.82,6,Pastures,pre_dashboard,388_597
50.60333333333333,-3.8425000000000002,0,0,16.1,100,0.738,377,0.82,6,Pastures,pre_dashboard,388_598
50.60333333333333,-3.8425000000000002,0,0,16.1,100,0.738,377,0.82,6,Pastures,pre_dashboard,388_599
50.60333333333333,-3.8425000000000002,0,0,16.1,78,0.738,377,0.82,10,Pastures,pre_dashboard,388_600
50.60333333333333,-3.8425000000000002,0,0,16.1,78,0.738,377,0.82,10,Pastures,pre_dashboard,388_601
50.60333333333333,-3.8425000000000002,0,0,16.1,78,0.738,377,0.82,10,Pastures,pre_dashboard,388_602
50.60333333333333,-3.8425000000000002,0,0,16.1,78,0.738,377,0.82,10,Pastures,pre_dashboard,388_603
50.60333333333333,-3.8425000000000002,0,0,16.1,78,0.738,377,0.82,10,Pastures,pre_dashboard,388_604
50.60333333333333,-3.8425000000000002,0,0,16.1,78,0.738,377,0.82,10,Pastures,pre_dashboard,388_605
50.60333333333333,-3.8425000000000002,0,0,16.1,80,0.738,377,0.82,10,Pastures,pre_dashboard,388_606
50.60333333333333,-3.8425000000000002,0,0,16.1,80,0.738,377,0.82,10,Pastures,pre_dashboard,388_607
50.60333333333333,-3.8425000000000002,0,0,16.1,80,0.738,377,0.82,10,Pastures,pre_dashboard,388_608
50.60333333333333,-3.8425000000000002,0,0,16.1,80,0.738,377,0.82,10,Pastures,pre_dashboard,388_609
50.60333333333333,-3.8425000000000002,1,1,16.1,80,0.738,377,0.82,10,Pastures,pre_dashboard,388_610
50.60333333333333,-3.8425000000000002,1,2,16.1,80,0.738,377,0.82,10,Pastures,pre_dashboard,388_611
50.60333333333333,-3.8425000000000002,1,62,16.1,82,0.738,377,0.82,10,Pastures,pre_dashboard,388_612
50.60333333333333,-3.8425000000000002,1,10,16.1,82,0.738,377,0.82,10,Pastures,pre_dashboard,388_613
50.60333333333333,-3.8425000000000002,1,14,16.1,82,0.738,377,0.82,10,Pastures,pre_dashboard,388_614
50.60333333333333,-3.8425000000000002,0,0,16.1,84,0.738,377,0.82,10,Pastures,pre_dashboard,388_615
50.60333333333333,-3.8425000000000002,0,0,16.1,84,0.738,377,0.82,10,Pastures,pre_dashboard,388_616
50.60333333333333,-3.8425000000000002,1,1,16.1,84,0.738,377,0.82,10,Pastures,pre_dashboard,388_617
50.60333333333333,-3.8425000000000002,0,0,16.1,90,0.738,377,0.82,10,Pastures,pre_dashboard,388_618
50.60333333333333,-3.8425000000000002,0,0,16.1,90,0.738,377,0.82,10,Pastures,pre_dashboard,388_619
50.60333333333333,-3.8425000000000002,0,0,16.1,90,0.738,377,0.82,10,Pastures,pre_dashboard,388_620
50.60333333333333,-3.8425000000000002,0,0,16.1,99,0.738,377,0.82,10,Pastures,pre_dashboard,388_621
50.60333333333333,-3.8425000000000002,0,0,16.1,99,0.738,377,0.82,10,Pastures,pre_dashboard,388_622
50.60333333333333,-3.8425000000000002,0,0,16.1,99,0.738,377,0.82,10,Pastures,pre_dashboard,388_623
50.60333333333333,-3.8425000000000002,0,0,16.1,88,0.738,377,0.82,6,Pastures,pre_dashboard,388_624
50.60333333333333,-3.8425000000000002,0,0,16.1,88,0.738,377,0.82,6,Pastures,pre_dashboard,388_625
50.60333333333333,-3.8425000000000002,0,0,16.1,88,0.738,377,0.82,6,Pastures,pre_dashboard,388_626
50.60333333333333,-3.8425000000000002,0,0,16.1,88,0.738,377,0.82,6,Pastures,pre_dashboard,388_627
50.60333333333333,-3.8425000000000002,0,0,16.1,88,0.738,377,0.82,6,Pastures,pre_dashboard,388_628
50.60333333333333,-3.8425000000000002,0,0,16.1,88,0.738,377,0.82,6,Pastures,pre_dashboard,388_629
50.60333333333333,-3.8425000000000002,0,0,16.1,88,0.738,377,0.82,6,Pastures,pre_dashboard,388_630
50.60333333333333,-3.8425000000000002,0,0,16.1,88,0.738,377,0.82,6,Pastures,pre_dashboard,388_631
50.60333333333333,-3.8425000000000002,0,0,16.1,88,0.738,377,0.82,6,Pastures,pre_dashboard,388_632
50.60333333333333,-3.8425000000000002,0,0,16.1,88,0.738,377,0.82,6,Pastures,pre_dashboard,388_633
50.60333333333333,-3.8425000000000002,0,0,16.1,88,0.738,377,0.82,6,Pastures,pre_dashboard,388_634
50.60333333333333,-3.8425000000000002,0,0,16.1,88,0.738,377,0.82,6,Pastures,pre_dashboard,388_635
50.60333333333333,-3.8425000000000002,1,15,16.1,90,0.738,377,0.82,6,Pastures,pre_dashboard,388_636
50.60333333333333,-3.8425000000000002,1,5,16.1,90,0.738,377,0.82,6,Pastures,pre_dashboard,388_637
50.60333333333333,-3.8425000000000002,1,3,16.1,90,0.738,377,0.82,6,Pastures,pre_dashboard,388_638
50.60333333333333,-3.8425000000000002,0,0,16.1,92,0.738,377,0.82,6,Pastures,pre_dashboard,388_639
50.60333333333333,-3.8425000000000002,0,0,16.1,92,0.738,377,0.82,6,Pastures,pre_dashboard,388_640
50.60333333333333,-3.8425000000000002,0,0,16.1,92,0.738,377,0.82,6,Pastures,pre_dashboard,388_641
50.60333333333333,-3.8425000000000002,0,0,16.1,97,0.738,377,0.82,6,Pastures,pre_dashboard,388_642
50.60333333333333,-3.8425000000000002,0,0,16.1,97,0.738,377,0.82,6,Pastures,pre_dashboard,388_643
50.60333333333333,-3.8425000000000002,0,0,16.1,97,0.738,377,0.82,6,Pastures,pre_dashboard,388_644
50.60333333333333,-3.8425000000000002,0,0,16.1,99,0.738,377,0.82,6,Pastures,pre_dashboard,388_645
50.60333333333333,-3.8425000000000002,0,0,16.1,99,0.738,377,0.82,6,Pastures,pre_dashboard,388_646
50.60333333333333,-3.8425000000000002,0,0,16.1,99,0.738,377,0.82,6,Pastures,pre_dashboard,388_647
50.60333333333333,-3.8425000000000002,0,0,16.1,78,0.738,377,0.82,10,Pastures,pre_dashboard,388_648
50.60333333333333,-3.8425000000000002,0,0,16.1,78,0.738,377,0.82,10,Pastures,pre_dashboard,388_649
50.60333333333333,-3.8425000000000002,0,0,16.1,78,0.738,377,0.82,10,Pastures,pre_dashboard,388_650
50.60333333333333,-3.8425000000000002,0,0,16.1,78,0.738,377,0.82,10,Pastures,pre_dashboard,388_651
50.60333333333333,-3.8425000000000002,0,0,16.1,78,0.738,377,0.82,10,Pastures,pre_dashboard,388_652
50.60333333333333,-3.8425000000000002,0,0,16.1,78,0.738,377,0.82,10,Pastures,pre_dashboard,388_653
50.60333333333333,-3.8425000000000002,0,0,16.1,78,0.738,377,0.82,10,Pastures,pre_dashboard,388_654
50.60333333333333,-3.8425000000000002,0,0,16.1,78,0.738,377,0.82,10,Pastures,pre_dashboard,388_655
50.60333333333333,-3.8425000000000002,0,0,16.1,78,0.738,377,0.82,10,Pastures,pre_dashboard,388_656
50.60333333333333,-3.8425000000000002,0,0,16.1,80,0.738,377,0.82,10,Pastures,pre_dashboard,388_657
50.60333333333333,-3.8425000000000002,0,0,16.1,80,0.738,377,0.82,10,Pastures,pre_dashboard,388_658
50.60333333333333,-3.8425000000000002,0,0,16.1,80,0.738,377,0.82,10,Pastures,pre_dashboard,388_659
50.60333333333333,-3.8425000000000002,1,16,16.1,82,0.738,377,0.82,10,Pastures,pre_dashboard,388_660
50.60333333333333,-3.8425000000000002,1,7,16.1,82,0.738,377,0.82,10,Pastures,pre_dashboard,388_661
50.60333333333333,-3.8425000000000002,1,6,16.1,82,0.738,377,0.82,10,Pastures,pre_dashboard,388_662
50.60333333333333,-3.8425000000000002,0,0,16.1,84,0.738,377,0.82,10,Pastures,pre_dashboard,388_663
50.60333333333333,-3.8425000000000002,0,0,16.1,84,0.738,377,0.82,10,Pastures,pre_dashboard,388_664
50.60333333333333,-3.8425000000000002,0,0,16.1,84,0.738,377,0.82,10,Pastures,pre_dashboard,388_665
50.60333333333333,-3.8425000000000002,0,0,16.1,88,0.738,377,0.82,10,Pastures,pre_dashboard,388_666
50.60333333333333,-3.8425000000000002,0,0,16.1,88,0.738,377,0.82,10,Pastures,pre_dashboard,388_667
50.60333333333333,-3.8425000000000002,0,0,16.1,88,0.738,377,0.82,10,Pastures,pre_dashboard,388_668
50.60333333333333,-3.8425000000000002,0,0,16.1,100,0.738,377,0.82,10,Pastures,pre_dashboard,388_669
50.60333333333333,-3.8425000000000002,0,0,16.1,100,0.738,377,0.82,10,Pastures,pre_dashboard,388_670
50.60333333333333,-3.8425000000000002,0,0,16.1,100,0.738,377,0.82,10,Pastures,pre_dashboard,388_671
51.15972222222222,-3.2655555555555558,0,0,20.9,90,0.07,169,0.63,9,Moors and heathland,pre_dashboard,389_672
51.15972222222222,-3.2655555555555558,0,0,20.9,90,0.07,169,0.63,9,Moors and heathland,pre_dashboard,389_673
51.15972222222222,-3.2655555555555558,0,0,20.9,90,0.07,169,0.63,9,Moors and heathland,pre_dashboard,389_674
51.15972222222222,-3.2655555555555558,0,0,20.9,92,0.07,169,0.63,9,Moors and heathland,pre_dashboard,389_675
51.15972222222222,-3.2655555555555558,0,0,20.9,92,0.07,169,0.63,9,Moors and heathland,pre_dashboard,389_676
51.15972222222222,-3.2655555555555558,0,0,20.9,92,0.07,169,0.63,9,Moors and heathland,pre_dashboard,389_677
51.15972222222222,-3.2655555555555558,0,0,20.9,94,0.07,169,0.63,9,Moors and heathland,pre_dashboard,389_678
51.15972222222222,-3.2655555555555558,0,0,20.9,94,0.07,169,0.63,9,Moors and heathland,pre_dashboard,389_679
51.15972222222222,-3.2655555555555558,0,0,20.9,94,0.07,169,0.63,9,Moors and heathland,pre_dashboard,389_680
51.15972222222222,-3.2655555555555558,1,10,20.9,96,0.07,169,0.63,9,Moors and heathland,pre_dashboard,389_681
51.15972222222222,-3.2655555555555558,1,14,20.9,96,0.07,169,0.63,9,Moors and heathland,pre_dashboard,389_682
51.15972222222222,-3.2655555555555558,1,13,20.9,96,0.07,169,0.63,9,Moors and heathland,pre_dashboard,389_683
51.15972222222222,-3.2655555555555558,1,80,20.9,96,0.07,169,0.63,9,Moors and heathland,pre_dashboard,389_684
51.15972222222222,-3.2655555555555558,1,21,20.9,96,0.07,169,0.63,9,Moors and heathland,pre_dashboard,389_685
51.15972222222222,-3.2655555555555558,1,16,20.9,96,0.07,169,0.63,9,Moors and heathland,pre_dashboard,389_686
51.15972222222222,-3.2655555555555558,1,5,20.9,98,0.07,169,0.63,9,Moors and heathland,pre_dashboard,389_687
51.15972222222222,-3.2655555555555558,1,2,20.9,98,0.07,169,0.63,9,Moors and heathland,pre_dashboard,389_688
51.15972222222222,-3.2655555555555558,1,10,20.9,98,0.07,169,0.63,9,Moors and heathland,pre_dashboard,389_689
51.15972222222222,-3.2655555555555558,0,0,20.9,100,0.07,169,0.63,9,Moors and heathland,pre_dashboard,389_690
51.15972222222222,-3.2655555555555558,0,0,20.9,100,0.07,169,0.63,9,Moors and heathland,pre_dashboard,389_691
51.15972222222222,-3.2655555555555558,0,0,20.9,100,0.07,169,0.63,9,Moors and heathland,pre_dashboard,389_692
51.15972222222222,-3.2655555555555558,0,0,20.9,100,0.07,169,0.63,9,Moors and heathland,pre_dashboard,389_693
51.15972222222222,-3.2655555555555558,0,0,20.9,100,0.07,169,0.63,9,Moors and heathland,pre_dashboard,389_694
51.15972222222222,-3.2655555555555558,0,0,20.9,100,0.07,169,0.63,9,Moors and heathland,pre_dashboard,389_695
51.15972222222222,-3.2655555555555558,0,0,20.9,82,0.07,169,0.63,9,Moors and heathland,pre_dashboard,389_696
51.15972222222222,-3.2655555555555558,0,0,20.9,82,0.07,169,0.63,9,Moors and heathland,pre_dashboard,389_697
51.15972222222222,-3.2655555555555558,0,0,20.9,82,0.07,169,0.63,9,Moors and heathland,pre_dashboard,389_698
51.15972222222222,-3.2655555555555558,0,0,20.9,82,0.07,169,0.63,9,Moors and heathland,pre_dashboard,389_699
51.15972222222222,-3.2655555555555558,0,0,20.9,82,0.07,169,0.63,9,Moors and heathland,pre_dashboard,389_700
51.15972222222222,-3.2655555555555558,0,0,20.9,82,0.07,169,0.63,9,Moors and heathland,pre_dashboard,389_701
51.15972222222222,-3.2655555555555558,0,0,20.9,82,0.07,169,0.63,9,Moors and heathland,pre_dashboard,389_702
51.15972222222222,-3.2655555555555558,0,0,20.9,82,0.07,169,0.63,9,Moors and heathland,pre_dashboard,389_703
51.15972222222222,-3.2655555555555558,0,0,20.9,82,0.07,169,0.63,9,Moors and heathland,pre_dashboard,389_704
51.15972222222222,-3.2655555555555558,0,0,20.9,82,0.07,169,0.63,9,Moors and heathland,pre_dashboard,389_705
51.15972222222222,-3.2655555555555558,0,0,20.9,82,0.07,169,0.63,9,Moors and heathland,pre_dashboard,389_706
51.15972222222222,-3.2655555555555558,0,0,20.9,82,0.07,169,0.63,9,Moors and heathland,pre_dashboard,389_707
51.15972222222222,-3.2655555555555558,1,9,20.9,84,0.07,169,0.63,9,Moors and heathland,pre_dashboard,389_708
51.15972222222222,-3.2655555555555558,0,0,20.9,84,0.07,169,0.63,9,Moors and heathland,pre_dashboard,389_709
51.15972222222222,-3.2655555555555558,1,2,20.9,84,0.07,169,0.63,9,Moors and heathland,pre_dashboard,389_710
51.15972222222222,-3.2655555555555558,0,0,20.9,86,0.07,169,0.63,9,Moors and heathland,pre_dashboard,389_711
51.15972222222222,-3.2655555555555558,0,0,20.9,86,0.07,169,0.63,9,Moors and heathland,pre_dashboard,389_712
51.15972222222222,-3.2655555555555558,0,0,20.9,86,0.07,169,0.63,9,Moors and heathland,pre_dashboard,389_713
51.15972222222222,-3.2655555555555558,0,0,20.9,96,0.07,169,0.63,9,Moors and heathland,pre_dashboard,389_714
51.15972222222222,-3.2655555555555558,0,0,20.9,96,0.07,169,0.63,9,Moors and heathland,pre_dashboard,389_715
51.15972222222222,-3.2655555555555558,0,0,20.9,96,0.07,169,0.63,9,Moors and heathland,pre_dashboard,389_716
51.15972222222222,-3.2655555555555558,0,0,20.9,99,0.07,169,0.63,9,Moors and heathland,pre_dashboard,389_717
51.15972222222222,-3.2655555555555558,0,0,20.9,99,0.07,169,0.63,9,Moors and heathland,pre_dashboard,389_718
51.15972222222222,-3.2655555555555558,0,0,20.9,99,0.07,169,0.63,9,Moors and heathland,pre_dashboard,389_719
51.15972222222222,-3.2655555555555558,0,0,20.9,78,0.07,169,0.63,9,Moors and heathland,pre_dashboard,389_720
51.15972222222222,-3.2655555555555558,0,0,20.9,78,0.07,169,0.63,9,Moors and heathland,pre_dashboard,389_721
51.15972222222222,-3.2655555555555558,0,0,20.9,78,0.07,169,0.63,9,Moors and heathland,pre_dashboard,389_722
51.15972222222222,-3.2655555555555558,0,0,20.9,78,0.07,169,0.63,9,Moors and heathland,pre_dashboard,389_723
51.15972222222222,-3.2655555555555558,0,0,20.9,78,0.07,169,0.63,9,Moors and heathland,pre_dashboard,389_724
51.15972222222222,-3.2655555555555558,0,0,20.9,78,0.07,169,0.63,9,Moors and heathland,pre_dashboard,389_725
51.15972222222222,-3.2655555555555558,0,0,20.9,80,0.07,169,0.63,9,Moors and heathland,pre_dashboard,389_726
51.15972222222222,-3.2655555555555558,0,0,20.9,80,0.07,169,0.63,9,Moors and heathland,pre_dashboard,389_727
51.15972222222222,-3.2655555555555558,0,0,20.9,80,0.07,169,0.63,9,Moors and heathland,pre_dashboard,389_728
51.15972222222222,-3.2655555555555558,0,0,20.9,80,0.07,169,0.63,9,Moors and heathland,pre_dashboard,389_729
51.15972222222222,-3.2655555555555558,0,0,20.9,80,0.07,169,0.63,9,Moors and heathland,pre_dashboard,389_730
51.15972222222222,-3.2655555555555558,0,0,20.9,80,0.07,169,0.63,9,Moors and heathland,pre_dashboard,389_731
51.15972222222222,-3.2655555555555558,1,27,20.9,82,0.07,169,0.63,9,Moors and heathland,pre_dashboard,389_732
51.15972222222222,-3.2655555555555558,1,4,20.9,82,0.07,169,0.63,9,Moors and heathland,pre_dashboard,389_733
51.15972222222222,-3.2655555555555558,1,5,20.9,82,0.07,169,0.63,9,Moors and heathland,pre_dashboard,389_734
51.15972222222222,-3.2655555555555558,0,0,20.9,86,0.07,169,0.63,9,Moors and heathland,pre_dashboard,389_735
51.15972222222222,-3.2655555555555558,0,0,20.9,86,0.07,169,0.63,9,Moors and heathland,pre_dashboard,389_736
51.15972222222222,-3.2655555555555558,0,0,20.9,86,0.07,169,0.63,9,Moors and heathland,pre_dashboard,389_737
51.15972222222222,-3.2655555555555558,0,0,20.9,95,0.07,169,0.63,9,Moors and heathland,pre_dashboard,389_738
51.15972222222222,-3.2655555555555558,0,0,20.9,95,0.07,169,0.63,9,Moors and heathland,pre_dashboard,389_739
51.15972222222222,-3.2655555555555558,0,0,20.9,95,0.07,169,0.63,9,Moors and heathland,pre_dashboard,389_740
51.15972222222222,-3.2655555555555558,0,0,20.9,99,0.07,169,0.63,9,Moors and heathland,pre_dashboard,389_741
51.15972222222222,-3.2655555555555558,0,0,20.9,99,0.07,169,0.63,9,Moors and heathland,pre_dashboard,389_742
51.15972222222222,-3.2655555555555558,0,0,20.9,99,0.07,169,0.63,9,Moors and heathland,pre_dashboard,389_743
51.11138888888889,-3.1719444444444442,0,0,15.9,82,0.0,251,0.59,5,Moors and Heathland,pre_dashboard,390_744
51.11138888888889,-3.1719444444444442,0,0,15.9,82,0.0,251,0.59,5,Moors and Heathland,pre_dashboard,390_745
51.11138888888889,-3.1719444444444442,0,0,15.9,82,0.0,251,0.59,5,Moors and Heathland,pre_dashboard,390_746
51.11138888888889,-3.1719444444444442,0,0,15.9,82,0.0,251,0.59,5,Moors and Heathland,pre_dashboard,390_747
51.11138888888889,-3.1719444444444442,0,0,15.9,82,0.0,251,0.59,5,Moors and Heathland,pre_dashboard,390_748
51.11138888888889,-3.1719444444444442,0,0,15.9,82,0.0,251,0.59,5,Moors and Heathland,pre_dashboard,390_749
51.11138888888889,-3.1719444444444442,0,0,15.9,84,0.0,251,0.59,5,Moors and Heathland,pre_dashboard,390_750
51.11138888888889,-3.1719444444444442,0,0,15.9,84,0.0,251,0.59,5,Moors and Heathland,pre_dashboard,390_751
51.11138888888889,-3.1719444444444442,0,0,15.9,84,0.0,251,0.59,5,Moors and Heathland,pre_dashboard,390_752
51.11138888888889,-3.1719444444444442,0,0,15.9,84,0.0,251,0.59,5,Moors and Heathland,pre_dashboard,390_753
51.11138888888889,-3.1719444444444442,1,6,15.9,84,0.0,251,0.59,5,Moors and Heathland,pre_dashboard,390_754
51.11138888888889,-3.1719444444444442,1,5,15.9,84,0.0,251,0.59,5,Moors and Heathland,pre_dashboard,390_755
51.11138888888889,-3.1719444444444442,1,117,15.9,84,0.0,251,0.59,5,Moors and Heathland,pre_dashboard,390_756
51.11138888888889,-3.1719444444444442,1,17,15.9,84,0.0,251,0.59,5,Moors and Heathland,pre_dashboard,390_757
51.11138888888889,-3.1719444444444442,1,9,15.9,84,0.0,251,0.59,5,Moors and Heathland,pre_dashboard,390_758
51.11138888888889,-3.1719444444444442,0,0,15.9,90,0.0,251,0.59,5,Moors and Heathland,pre_dashboard,390_759
51.11138888888889,-3.1719444444444442,0,0,15.9,90,0.0,251,0.59,5,Moors and Heathland,pre_dashboard,390_760
51.11138888888889,-3.1719444444444442,0,0,15.9,90,0.0,251,0.59,5,Moors and Heathland,pre_dashboard,390_761
51.11138888888889,-3.1719444444444442,0,0,15.9,95,0.0,251,0.59,5,Moors and Heathland,pre_dashboard,390_762
51.11138888888889,-3.1719444444444442,0,0,15.9,95,0.0,251,0.59,5,Moors and Heathland,pre_dashboard,390_763
51.11138888888889,-3.1719444444444442,0,0,15.9,95,0.0,251,0.59,5,Moors and Heathland,pre_dashboard,390_764
51.11138888888889,-3.1719444444444442,0,0,15.9,99,0.0,251,0.59,5,Moors and Heathland,pre_dashboard,390_765
51.11138888888889,-3.1719444444444442,0,0,15.9,99,0.0,251,0.59,5,Moors and Heathland,pre_dashboard,390_766
51.11138888888889,-3.1719444444444442,0,0,15.9,99,0.0,251,0.59,5,Moors and Heathland,pre_dashboard,390_767
51.11138888888889,-3.1719444444444442,0,0,15.9,82,0.0,251,0.59,5,Moors and Heathland,pre_dashboard,390_768
51.11138888888889,-3.1719444444444442,0,0,15.9,82,0.0,251,0.59,5,Moors and Heathland,pre_dashboard,390_769
51.11138888888889,-3.1719444444444442,0,0,15.9,82,0.0,251,0.59,5,Moors and Heathland,pre_dashboard,390_770
51.11138888888889,-3.1719444444444442,0,0,15.9,82,0.0,251,0.59,5,Moors and Heathland,pre_dashboard,390_771
51.11138888888889,-3.1719444444444442,0,0,15.9,82,0.0,251,0.59,5,Moors and Heathland,pre_dashboard,390_772
51.11138888888889,-3.1719444444444442,0,0,15.9,82,0.0,251,0.59,5,Moors and Heathland,pre_dashboard,390_773
51.11138888888889,-3.1719444444444442,0,0,15.9,84,0.0,251,0.59,5,Moors and Heathland,pre_dashboard,390_774
51.11138888888889,-3.1719444444444442,0,0,15.9,84,0.0,251,0.59,5,Moors and Heathland,pre_dashboard,390_775
51.11138888888889,-3.1719444444444442,0,0,15.9,84,0.0,251,0.59,5,Moors and Heathland,pre_dashboard,390_776
51.11138888888889,-3.1719444444444442,0,0,15.9,84,0.0,251,0.59,5,Moors and Heathland,pre_dashboard,390_777
51.11138888888889,-3.1719444444444442,0,0,15.9,84,0.0,251,0.59,5,Moors and Heathland,pre_dashboard,390_778
51.11138888888889,-3.1719444444444442,0,0,15.9,84,0.0,251,0.59,5,Moors and Heathland,pre_dashboard,390_779
51.11138888888889,-3.1719444444444442,1,10,15.9,84,0.0,251,0.59,5,Moors and Heathland,pre_dashboard,390_780
51.11138888888889,-3.1719444444444442,1,3,15.9,84,0.0,251,0.59,5,Moors and Heathland,pre_dashboard,390_781
51.11138888888889,-3.1719444444444442,1,2,15.9,84,0.0,251,0.59,5,Moors and Heathland,pre_dashboard,390_782
51.11138888888889,-3.1719444444444442,0,0,15.9,90,0.0,251,0.59,5,Moors and Heathland,pre_dashboard,390_783
51.11138888888889,-3.1719444444444442,0,0,15.9,90,0.0,251,0.59,5,Moors and Heathland,pre_dashboard,390_784
51.11138888888889,-3.1719444444444442,0,0,15.9,90,0.0,251,0.59,5,Moors and Heathland,pre_dashboard,390_785
51.11138888888889,-3.1719444444444442,0,0,15.9,95,0.0,251,0.59,5,Moors and Heathland,pre_dashboard,390_786
51.11138888888889,-3.1719444444444442,0,0,15.9,95,0.0,251,0.59,5,Moors and Heathland,pre_dashboard,390_787
51.11138888888889,-3.1719444444444442,0,0,15.9,95,0.0,251,0.59,5,Moors and Heathland,pre_dashboard,390_788
51.11138888888889,-3.1719444444444442,0,0,15.9,99,0.0,251,0.59,5,Moors and Heathland,pre_dashboard,390_789
51.11138888888889,-3.1719444444444442,0,0,15.9,99,0.0,251,0.59,5,Moors and Heathland,pre_dashboard,390_790
51.11138888888889,-3.1719444444444442,0,0,15.9,99,0.0,251,0.59,5,Moors and Heathland,pre_dashboard,390_791
51.29861111111111,-2.8713888888888888,0,0,17.0,86,0.0,115,0.63,6,Broad-leaved forest,pre_dashboard,391_792
51.29861111111111,-2.8713888888888888,0,0,17.0,86,0.0,115,0.63,6,Broad-leaved forest,pre_dashboard,391_793
51.29861111111111,-2.8713888888888888,0,0,17.0,86,0.0,115,0.63,6,Broad-leaved forest,pre_dashboard,391_794
51.29861111111111,-2.8713888888888888,0,0,17.0,86,0.0,115,0.63,6,Broad-leaved forest,pre_dashboard,391_795
51.29861111111111,-2.8713888888888888,0,0,17.0,86,0.0,115,0.63,6,Broad-leaved forest,pre_dashboard,391_796
51.29861111111111,-2.8713888888888888,0,0,17.0,86,0.0,115,0.63,6,Broad-leaved forest,pre_dashboard,391_797
51.29861111111111,-2.8713888888888888,0,0,17.0,86,0.0,115,0.63,6,Broad-leaved forest,pre_dashboard,391_798
51.29861111111111,-2.8713888888888888,0,0,17.0,86,0.0,115,0.63,6,Broad-leaved forest,pre_dashboard,391_799
51.29861111111111,-2.8713888888888888,0,0,17.0,86,0.0,115,0.63,6,Broad-leaved forest,pre_dashboard,391_800
51.29861111111111,-2.8713888888888888,0,0,17.0,86,0.0,115,0.63,6,Broad-leaved forest,pre_dashboard,391_801
51.29861111111111,-2.8713888888888888,0,0,17.0,86,0.0,115,0.63,6,Broad-leaved forest,pre_dashboard,391_802
51.29861111111111,-2.8713888888888888,0,0,17.0,86,0.0,115,0.63,6,Broad-leaved forest,pre_dashboard,391_803
51.29861111111111,-2.8713888888888888,1,33,17.0,88,0.0,115,0.63,6,Broad-leaved forest,pre_dashboard,391_804
51.29861111111111,-2.8713888888888888,1,4,17.0,88,0.0,115,0.63,6,Broad-leaved forest,pre_dashboard,391_805
51.29861111111111,-2.8713888888888888,1,5,17.0,88,0.0,115,0.63,6,Broad-leaved forest,pre_dashboard,391_806
51.29861111111111,-2.8713888888888888,0,0,17.0,92,0.0,115,0.63,6,Broad-leaved forest,pre_dashboard,391_807
51.29861111111111,-2.8713888888888888,0,0,17.0,92,0.0,115,0.63,6,Broad-leaved forest,pre_dashboard,391_808
51.29861111111111,-2.8713888888888888,0,0,17.0,92,0.0,115,0.63,6,Broad-leaved forest,pre_dashboard,391_809
51.29861111111111,-2.8713888888888888,0,0,17.0,95,0.0,115,0.63,6,Broad-leaved forest,pre_dashboard,391_810
51.29861111111111,-2.8713888888888888,0,0,17.0,95,0.0,115,0.63,6,Broad-leaved forest,pre_dashboard,391_811
51.29861111111111,-2.8713888888888888,0,0,17.0,95,0.0,115,0.63,6,Broad-leaved forest,pre_dashboard,391_812
51.29861111111111,-2.8713888888888888,0,0,17.0,99,0.0,115,0.63,6,Broad-leaved forest,pre_dashboard,391_813
51.29861111111111,-2.8713888888888888,0,0,17.0,99,0.0,115,0.63,6,Broad-leaved forest,pre_dashboard,391_814
51.29861111111111,-2.8713888888888888,0,0,17.0,99,0.0,115,0.63,6,Broad-leaved forest,pre_dashboard,391_815
51.29861111111111,-2.8713888888888888,0,0,17.0,80,0.0,115,0.63,9,Broad-leaved forest,pre_dashboard,391_816
51.29861111111111,-2.8713888888888888,0,0,17.0,80,0.0,115,0.63,9,Broad-leaved forest,pre_dashboard,391_817
51.29861111111111,-2.8713888888888888,0,0,17.0,80,0.0,115,0.63,9,Broad-leaved forest,pre_dashboard,391_818
51.29861111111111,-2.8713888888888888,0,0,17.0,80,0.0,115,0.63,9,Broad-leaved forest,pre_dashboard,391_819
51.29861111111111,-2.8713888888888888,0,0,17.0,80,0.0,115,0.63,9,Broad-leaved forest,pre_dashboard,391_820
51.29861111111111,-2.8713888888888888,0,0,17.0,80,0.0,115,0.63,9,Broad-leaved forest,pre_dashboard,391_821
51.29861111111111,-2.8713888888888888,0,0,17.0,80,0.0,115,0.63,9,Broad-leaved forest,pre_dashboard,391_822
51.29861111111111,-2.8713888888888888,0,0,17.0,80,0.0,115,0.63,9,Broad-leaved forest,pre_dashboard,391_823
51.29861111111111,-2.8713888888888888,0,0,17.0,80,0.0,115,0.63,9,Broad-leaved forest,pre_dashboard,391_824
51.29861111111111,-2.8713888888888888,0,0,17.0,82,0.0,115,0.63,9,Broad-leaved forest,pre_dashboard,391_825
51.29861111111111,-2.8713888888888888,0,0,17.0,82,0.0,115,0.63,9,Broad-leaved forest,pre_dashboard,391_826
51.29861111111111,-2.8713888888888888,0,0,17.0,82,0.0,115,0.63,9,Broad-leaved forest,pre_dashboard,391_827
51.29861111111111,-2.8713888888888888,1,38,17.0,84,0.0,115,0.63,9,Broad-leaved forest,pre_dashboard,391_828
51.29861111111111,-2.8713888888888888,1,8,17.0,84,0.0,115,0.63,9,Broad-leaved forest,pre_dashboard,391_829
51.29861111111111,-2.8713888888888888,1,7,17.0,84,0.0,115,0.63,9,Broad-leaved forest,pre_dashboard,391_830
51.29861111111111,-2.8713888888888888,0,0,17.0,90,0.0,115,0.63,9,Broad-leaved forest,pre_dashboard,391_831
51.29861111111111,-2.8713888888888888,0,0,17.0,90,0.0,115,0.63,9,Broad-leaved forest,pre_dashboard,391_832
51.29861111111111,-2.8713888888888888,0,0,17.0,90,0.0,115,0.63,9,Broad-leaved forest,pre_dashboard,391_833
51.29861111111111,-2.8713888888888888,0,0,17.0,95,0.0,115,0.63,9,Broad-leaved forest,pre_dashboard,391_834
51.29861111111111,-2.8713888888888888,0,0,17.0,95,0.0,115,0.63,9,Broad-leaved forest,pre_dashboard,391_835
51.29861111111111,-2.8713888888888888,0,0,17.0,95,0.0,115,0.63,9,Broad-leaved forest,pre_dashboard,391_836
51.29861111111111,-2.8713888888888888,0,0,17.0,99,0.0,115,0.63,9,Broad-leaved forest,pre_dashboard,391_837
51.29861111111111,-2.8713888888888888,0,0,17.0,99,0.0,115,0.63,9,Broad-leaved forest,pre_dashboard,391_838
51.29861111111111,-2.8713888888888888,0,0,17.0,99,0.0,115,0.63,9,Broad-leaved forest,pre_dashboard,391_839
51.29861111111111,-2.8713888888888888,0,0,17.0,86,0.0,115,0.63,6,Broad-leaved forest,pre_dashboard,391_840
51.29861111111111,-2.8713888888888888,0,0,17.0,86,0.0,115,0.63,6,Broad-leaved forest,pre_dashboard,391_841
51.29861111111111,-2.8713888888888888,0,0,17.0,86,0.0,115,0.63,6,Broad-leaved forest,pre_dashboard,391_842
51.29861111111111,-2.8713888888888888,0,0,17.0,88,0.0,115,0.63,6,Broad-leaved forest,pre_dashboard,391_843
51.29861111111111,-2.8713888888888888,0,0,17.0,88,0.0,115,0.63,6,Broad-leaved forest,pre_dashboard,391_844
51.29861111111111,-2.8713888888888888,0,0,17.0,88,0.0,115,0.63,6,Broad-leaved forest,pre_dashboard,391_845
51.29861111111111,-2.8713888888888888,0,0,17.0,92,0.0,115,0.63,6,Broad-leaved forest,pre_dashboard,391_846
51.29861111111111,-2.8713888888888888,0,0,17.0,92,0.0,115,0.63,6,Broad-leaved forest,pre_dashboard,391_847
51.29861111111111,-2.8713888888888888,0,0,17.0,92,0.0,115,0.63,6,Broad-leaved forest,pre_dashboard,391_848
51.29861111111111,-2.8713888888888888,0,0,17.0,92,0.0,115,0.63,6,Broad-leaved forest,pre_dashboard,391_849
51.29861111111111,-2.8713888888888888,1,5,17.0,92,0.0,115,0.63,6,Broad-leaved forest,pre_dashboard,391_850
51.29861111111111,-2.8713888888888888,1,3,17.0,92,0.0,115,0.63,6,Broad-leaved forest,pre_dashboard,391_851
51.29861111111111,-2.8713888888888888,1,92,17.0,94,0.0,115,0.63,6,Broad-leaved forest,pre_dashboard,391_852
51.29861111111111,-2.8713888888888888,1,10,17.0,94,0.0,115,0.63,6,Broad-leaved forest,pre_dashboard,391_853
51.29861111111111,-2.8713888888888888,1,8,17.0,94,0.0,115,0.63,6,Broad-leaved forest,pre_dashboard,391_854
51.29861111111111,-2.8713888888888888,0,0,17.0,96,0.0,115,0.63,6,Broad-leaved forest,pre_dashboard,391_855
51.29861111111111,-2.8713888888888888,0,0,17.0,96,0.0,115,0.63,6,Broad-leaved forest,pre_dashboard,391_856
51.29861111111111,-2.8713888888888888,0,0,17.0,96,0.0,115,0.63,6,Broad-leaved forest,pre_dashboard,391_857
51.29861111111111,-2.8713888888888888,0,0,17.0,99,0.0,115,0.63,6,Broad-leaved forest,pre_dashboard,391_858
51.29861111111111,-2.8713888888888888,0,0,17.0,99,0.0,115,0.63,6,Broad-leaved forest,pre_dashboard,391_859
51.29861111111111,-2.8713888888888888,0,0,17.0,99,0.0,115,0.63,6,Broad-leaved forest,pre_dashboard,391_860
51.29861111111111,-2.8713888888888888,0,0,17.0,99,0.0,115,0.63,6,Broad-leaved forest,pre_dashboard,391_861
51.29861111111111,-2.8713888888888888,0,0,17.0,99,0.0,115,0.63,6,Broad-leaved forest,pre_dashboard,391_862
51.29861111111111,-2.8713888888888888,0,0,17.0,99,0.0,115,0.63,6,Broad-leaved forest,pre_dashboard,391_863
51.29861111111111,-2.8713888888888888,0,0,17.0,80,0.0,115,0.63,9,Broad-leaved forest,pre_dashboard,391_864
51.29861111111111,-2.8713888888888888,0,0,17.0,80,0.0,115,0.63,9,Broad-leaved forest,pre_dashboard,391_865
51.29861111111111,-2.8713888888888888,0,0,17.0,80,0.0,115,0.63,9,Broad-leaved forest,pre_dashboard,391_866
51.29861111111111,-2.8713888888888888,0,0,17.0,82,0.0,115,0.63,9,Broad-leaved forest,pre_dashboard,391_867
51.29861111111111,-2.8713888888888888,0,0,17.0,82,0.0,115,0.63,9,Broad-leaved forest,pre_dashboard,391_868
51.29861111111111,-2.8713888888888888,0,0,17.0,82,0.0,115,0.63,9,Broad-leaved forest,pre_dashboard,391_869
51.29861111111111,-2.8713888888888888,0,0,17.0,86,0.0,115,0.63,9,Broad-leaved forest,pre_dashboard,391_870
51.29861111111111,-2.8713888888888888,0,0,17.0,86,0.0,115,0.63,9,Broad-leaved forest,pre_dashboard,391_871
51.29861111111111,-2.8713888888888888,0,0,17.0,86,0.0,115,0.63,9,Broad-leaved forest,pre_dashboard,391_872
51.29861111111111,-2.8713888888888888,0,0,17.0,88,0.0,115,0.63,9,Broad-leaved forest,pre_dashboard,391_873
51.29861111111111,-2.8713888888888888,1,3,17.0,88,0.0,115,0.63,9,Broad-leaved forest,pre_dashboard,391_874
51.29861111111111,-2.8713888888888888,1,3,17.0,88,0.0,115,0.63,9,Broad-leaved forest,pre_dashboard,391_875
51.29861111111111,-2.8713888888888888,1,76,17.0,90,0.0,115,0.63,9,Broad-leaved forest,pre_dashboard,391_876
51.29861111111111,-2.8713888888888888,1,9,17.0,90,0.0,115,0.63,9,Broad-leaved forest,pre_dashboard,391_877
51.29861111111111,-2.8713888888888888,1,11,17.0,90,0.0,115,0.63,9,Broad-leaved forest,pre_dashboard,391_878
51.29861111111111,-2.8713888888888888,0,0,17.0,94,0.0,115,0.63,9,Broad-leaved forest,pre_dashboard,391_879
51.29861111111111,-2.8713888888888888,0,0,17.0,94,0.0,115,0.63,9,Broad-leaved forest,pre_dashboard,391_880
51.29861111111111,-2.8713888888888888,0,0,17.0,94,0.0,115,0.63,9,Broad-leaved forest,pre_dashboard,391_881
51.29861111111111,-2.8713888888888888,0,0,17.0,96,0.0,115,0.63,9,Broad-leaved forest,pre_dashboard,391_882
51.29861111111111,-2.8713888888888888,0,0,17.0,96,0.0,115,0.63,9,Broad-leaved forest,pre_dashboard,391_883
51.29861111111111,-2.8713888888888888,0,0,17.0,96,0.0,115,0.63,9,Broad-leaved forest,pre_dashboard,391_884
51.29861111111111,-2.8713888888888888,0,0,17.0,99,0.0,115,0.63,9,Broad-leaved forest,pre_dashboard,391_885
51.29861111111111,-2.8713888888888888,0,0,17.0,99,0.0,115,0.63,9,Broad-leaved forest,pre_dashboard,391_886
51.29861111111111,-2.8713888888888888,0,0,17.0,99,0.0,115,0.63,9,Broad-leaved forest,pre_dashboard,391_887
51.236111111111114,-2.676388888888889,0,0,15.0,86,0.042,203,0.6,5,Broad-leaved forest,pre_dashboard,392_888
51.236111111111114,-2.676388888888889,0,0,15.0,86,0.042,203,0.6,5,Broad-leaved forest,pre_dashboard,392_889
51.236111111111114,-2.676388888888889,0,0,15.0,86,0.042,203,0.6,5,Broad-leaved forest,pre_dashboard,392_890
51.236111111111114,-2.676388888888889,0,0,15.0,86,0.042,203,0.6,5,Broad-leaved forest,pre_dashboard,392_891
51.236111111111114,-2.676388888888889,0,0,15.0,86,0.042,203,0.6,5,Broad-leaved forest,pre_dashboard,392_892
51.236111111111114,-2.676388888888889,0,0,15.0,86,0.042,203,0.6,5,Broad-leaved forest,pre_dashboard,392_893
51.236111111111114,-2.676388888888889,0,0,15.0,86,0.042,203,0.6,5,Broad-leaved forest,pre_dashboard,392_894
51.236111111111114,-2.676388888888889,0,0,15.0,86,0.042,203,0.6,5,Broad-leaved forest,pre_dashboard,392_895
51.236111111111114,-2.676388888888889,0,0,15.0,86,0.042,203,0.6,5,Broad-leaved forest,pre_dashboard,392_896
51.236111111111114,-2.676388888888889,0,0,15.0,86,0.042,203,0.6,5,Broad-leaved forest,pre_dashboard,392_897
51.236111111111114,-2.676388888888889,1,3,15.0,86,0.042,203,0.6,5,Broad-leaved forest,pre_dashboard,392_898
51.236111111111114,-2.676388888888889,1,3,15.0,86,0.042,203,0.6,5,Broad-leaved forest,pre_dashboard,392_899
51.236111111111114,-2.676388888888889,1,49,15.0,86,0.042,203,0.6,5,Broad-leaved forest,pre_dashboard,392_900
51.236111111111114,-2.676388888888889,1,16,15.0,86,0.042,203,0.6,5,Broad-leaved forest,pre_dashboard,392_901
51.236111111111114,-2.676388888888889,1,11,15.0,86,0.042,203,0.6,5,Broad-leaved forest,pre_dashboard,392_902
51.236111111111114,-2.676388888888889,0,0,15.0,92,0.042,203,0.6,5,Broad-leaved forest,pre_dashboard,392_903
51.236111111111114,-2.676388888888889,0,0,15.0,92,0.042,203,0.6,5,Broad-leaved forest,pre_dashboard,392_904
51.236111111111114,-2.676388888888889,0,0,15.0,92,0.042,203,0.6,5,Broad-leaved forest,pre_dashboard,392_905
51.236111111111114,-2.676388888888889,0,0,15.0,100,0.042,203,0.6,5,Broad-leaved forest,pre_dashboard,392_906
51.236111111111114,-2.676388888888889,0,0,15.0,100,0.042,203,0.6,5,Broad-leaved forest,pre_dashboard,392_907
51.236111111111114,-2.676388888888889,0,0,15.0,100,0.042,203,0.6,5,Broad-leaved forest,pre_dashboard,392_908
51.236111111111114,-2.676388888888889,0,0,15.0,100,0.042,203,0.6,5,Broad-leaved forest,pre_dashboard,392_909
51.236111111111114,-2.676388888888889,0,0,15.0,100,0.042,203,0.6,5,Broad-leaved forest,pre_dashboard,392_910
51.236111111111114,-2.676388888888889,0,0,15.0,100,0.042,203,0.6,5,Broad-leaved forest,pre_dashboard,392_911
50.623333333333335,-4.612222222222222,0,0,13.7,78,0.007,300,0.62,5,Pastures,pre_dashboard,394_960
50.623333333333335,-4.612222222222222,0,0,13.7,78,0.007,300,0.62,5,Pastures,pre_dashboard,394_961
50.623333333333335,-4.612222222222222,0,0,13.7,78,0.007,300,0.62,5,Pastures,pre_dashboard,394_962
50.623333333333335,-4.612222222222222,0,0,13.7,78,0.007,300,0.62,5,Pastures,pre_dashboard,394_963
50.623333333333335,-4.612222222222222,0,0,13.7,78,0.007,300,0.62,5,Pastures,pre_dashboard,394_964
50.623333333333335,-4.612222222222222,0,0,13.7,78,0.007,300,0.62,5,Pastures,pre_dashboard,394_965
50.623333333333335,-4.612222222222222,0,0,13.7,78,0.007,300,0.62,5,Pastures,pre_dashboard,394_966
50.623333333333335,-4.612222222222222,0,0,13.7,78,0.007,300,0.62,5,Pastures,pre_dashboard,394_967
50.623333333333335,-4.612222222222222,0,0,13.7,78,0.007,300,0.62,5,Pastures,pre_dashboard,394_968
50.623333333333335,-4.612222222222222,0,0,13.7,78,0.007,300,0.62,5,Pastures,pre_dashboard,394_969
50.623333333333335,-4.612222222222222,0,0,13.7,78,0.007,300,0.62,5,Pastures,pre_dashboard,394_970
50.623333333333335,-4.612222222222222,0,0,13.7,78,0.007,300,0.62,5,Pastures,pre_dashboard,394_971
50.623333333333335,-4.612222222222222,1,59,13.7,82,0.007,300,0.62,5,Pastures,pre_dashboard,394_972
50.623333333333335,-4.612222222222222,1,18,13.7,82,0.007,300,0.62,5,Pastures,pre_dashboard,394_973
50.623333333333335,-4.612222222222222,1,12,13.7,82,0.007,300,0.62,5,Pastures,pre_dashboard,394_974
50.623333333333335,-4.612222222222222,0,0,13.7,90,0.007,300,0.62,5,Pastures,pre_dashboard,394_975
50.623333333333335,-4.612222222222222,0,0,13.7,90,0.007,300,0.62,5,Pastures,pre_dashboard,394_976
50.623333333333335,-4.612222222222222,0,0,13.7,90,0.007,300,0.62,5,Pastures,pre_dashboard,394_977
50.623333333333335,-4.612222222222222,0,0,13.7,95,0.007,300,0.62,5,Pastures,pre_dashboard,394_978
50.623333333333335,-4.612222222222222,0,0,13.7,95,0.007,300,0.62,5,Pastures,pre_dashboard,394_979
50.623333333333335,-4.612222222222222,0,0,13.7,95,0.007,300,0.62,5,Pastures,pre_dashboard,394_980
50.623333333333335,-4.612222222222222,0,0,13.7,100,0.007,300,0.62,5,Pastures,pre_dashboard,394_981
50.623333333333335,-4.612222222222222,0,0,13.7,100,0.007,300,0.62,5,Pastures,pre_dashboard,394_982
50.623333333333335,-4.612222222222222,0,0,13.7,100,0.007,300,0.62,5,Pastures,pre_dashboard,394_983
50.623333333333335,-4.612222222222222,0,0,13.7,78,0.007,300,0.62,5,Pastures,pre_dashboard,394_984
50.623333333333335,-4.612222222222222,0,0,13.7,78,0.007,300,0.62,5,Pastures,pre_dashboard,394_985
50.623333333333335,-4.612222222222222,0,0,13.7,78,0.007,300,0.62,5,Pastures,pre_dashboard,394_986
50.623333333333335,-4.612222222222222,0,0,13.7,78,0.007,300,0.62,5,Pastures,pre_dashboard,394_987
50.623333333333335,-4.612222222222222,0,0,13.7,78,0.007,300,0.62,5,Pastures,pre_dashboard,394_988
50.623333333333335,-4.612222222222222,0,0,13.7,78,0.007,300,0.62,5,Pastures,pre_dashboard,394_989
50.623333333333335,-4.612222222222222,0,0,13.7,80,0.007,300,0.62,5,Pastures,pre_dashboard,394_990
50.623333333333335,-4.612222222222222,1,3,13.7,80,0.007,300,0.62,5,Pastures,pre_dashboard,394_991
50.623333333333335,-4.612222222222222,1,1,13.7,80,0.007,300,0.62,5,Pastures,pre_dashboard,394_992
50.623333333333335,-4.612222222222222,0,0,13.7,82,0.007,300,0.62,5,Pastures,pre_dashboard,394_993
50.623333333333335,-4.612222222222222,1,12,13.7,82,0.007,300,0.62,5,Pastures,pre_dashboard,394_994
50.623333333333335,-4.612222222222222,1,8,13.7,82,0.007,300,0.62,5,Pastures,pre_dashboard,394_995
50.623333333333335,-4.612222222222222,1,194,13.7,88,0.007,300,0.62,5,Pastures,pre_dashboard,394_996
50.623333333333335,-4.612222222222222,1,22,13.7,88,0.007,300,0.62,5,Pastures,pre_dashboard,394_997
50.623333333333335,-4.612222222222222,1,12,13.7,88,0.007,300,0.62,5,Pastures,pre_dashboard,394_998
50.623333333333335,-4.612222222222222,0,0,13.7,90,0.007,300,0.62,5,Pastures,pre_dashboard,394_999
50.623333333333335,-4.612222222222222,0,0,13.7,90,0.007,300,0.62,5,Pastures,pre_dashboard,394_1000
50.623333333333335,-4.612222222222222,0,0,13.7,90,0.007,300,0.62,5,Pastures,pre_dashboard,394_1001
50.623333333333335,-4.612222222222222,0,0,13.7,95,0.007,300,0.62,5,Pastures,pre_dashboard,394_1002
50.623333333333335,-4.612222222222222,0,0,13.7,95,0.007,300,0.62,5,Pastures,pre_dashboard,394_1003
50.623333333333335,-4.612222222222222,0,0,13.7,95,0.007,300,0.62,5,Pastures,pre_dashboard,394_1004
50.623333333333335,-4.612222222222222,0,0,13.7,100,0.007,300,0.62,5,Pastures,pre_dashboard,394_1005
50.623333333333335,-4.612222222222222,0,0,13.7,100,0.007,300,0.62,5,Pastures,pre_dashboard,394_1006
50.623333333333335,-4.612222222222222,0,0,13.7,100,0.007,300,0.62,5,Pastures,pre_dashboard,394_1007
50.48777777777778,-4.627777777777778,0,0,10.9,74,2.461,164,0.6,5,Moors and Heathland,pre_dashboard,395_1008
50.48777777777778,-4.627777777777778,0,0,10.9,74,2.461,164,0.6,5,Moors and Heathland,pre_dashboard,395_1009
50.48777777777778,-4.627777777777778,0,0,10.9,74,2.461,164,0.6,5,Moors and Heathland,pre_dashboard,395_1010
50.48777777777778,-4.627777777777778,0,0,10.9,74,2.461,164,0.6,5,Moors and Heathland,pre_dashboard,395_1011
50.48777777777778,-4.627777777777778,0,0,10.9,74,2.461,164,0.6,5,Moors and Heathland,pre_dashboard,395_1012
50.48777777777778,-4.627777777777778,0,0,10.9,74,2.461,164,0.6,5,Moors and Heathland,pre_dashboard,395_1013
50.48777777777778,-4.627777777777778,0,0,10.9,74,2.461,164,0.6,5,Moors and Heathland,pre_dashboard,395_1014
50.48777777777778,-4.627777777777778,0,0,10.9,74,2.461,164,0.6,5,Moors and Heathland,pre_dashboard,395_1015
50.48777777777778,-4.627777777777778,0,0,10.9,74,2.461,164,0.6,5,Moors and Heathland,pre_dashboard,395_1016
50.48777777777778,-4.627777777777778,0,0,10.9,76,2.461,164,0.6,5,Moors and Heathland,pre_dashboard,395_1017
50.48777777777778,-4.627777777777778,0,0,10.9,76,2.461,164,0.6,5,Moors and Heathland,pre_dashboard,395_1018
50.48777777777778,-4.627777777777778,0,0,10.9,76,2.461,164,0.6,5,Moors and Heathland,pre_dashboard,395_1019
50.48777777777778,-4.627777777777778,1,24,10.9,80,2.461,164,0.6,5,Moors and Heathland,pre_dashboard,395_1020
50.48777777777778,-4.627777777777778,1,7,10.9,80,2.461,164,0.6,5,Moors and Heathland,pre_dashboard,395_1021
50.48777777777778,-4.627777777777778,1,6,10.9,80,2.461,164,0.6,5,Moors and Heathland,pre_dashboard,395_1022
50.48777777777778,-4.627777777777778,0,0,10.9,90,2.461,164,0.6,5,Moors and Heathland,pre_dashboard,395_1023
50.48777777777778,-4.627777777777778,0,0,10.9,90,2.461,164,0.6,5,Moors and Heathland,pre_dashboard,395_1024
50.48777777777778,-4.627777777777778,0,0,10.9,90,2.461,164,0.6,5,Moors and Heathland,pre_dashboard,395_1025
50.48777777777778,-4.627777777777778,0,0,10.9,100,2.461,164,0.6,5,Moors and Heathland,pre_dashboard,395_1026
50.48777777777778,-4.627777777777778,0,0,10.9,100,2.461,164,0.6,5,Moors and Heathland,pre_dashboard,395_1027
50.48777777777778,-4.627777777777778,0,0,10.9,100,2.461,164,0.6,5,Moors and Heathland,pre_dashboard,395_1028
50.48777777777778,-4.627777777777778,0,0,10.9,100,2.461,164,0.6,5,Moors and Heathland,pre_dashboard,395_1029
50.48777777777778,-4.627777777777778,0,0,10.9,100,2.461,164,0.6,5,Moors and Heathland,pre_dashboard,395_1030
50.48777777777778,-4.627777777777778,0,0,10.9,100,2.461,164,0.6,5,Moors and Heathland,pre_dashboard,395_1031
50.48777777777778,-4.627777777777778,0,0,10.9,86,2.461,164,0.6,5,Moors and Heathland,pre_dashboard,395_1032
50.48777777777778,-4.627777777777778,0,0,10.9,86,2.461,164,0.6,5,Moors and Heathland,pre_dashboard,395_1033
50.48777777777778,-4.627777777777778,0,0,10.9,86,2.461,164,0.6,5,Moors and Heathland,pre_dashboard,395_1034
50.48777777777778,-4.627777777777778,0,0,10.9,86,2.461,164,0.6,5,Moors and Heathland,pre_dashboard,395_1035
50.48777777777778,-4.627777777777778,0,0,10.9,86,2.461,164,0.6,5,Moors and Heathland,pre_dashboard,395_1036
50.48777777777778,-4.627777777777778,0,0,10.9,86,2.461,164,0.6,5,Moors and Heathland,pre_dashboard,395_1037
50.48777777777778,-4.627777777777778,0,0,10.9,86,2.461,164,0.6,5,Moors and Heathland,pre_dashboard,395_1038
50.48777777777778,-4.627777777777778,0,0,10.9,86,2.461,164,0.6,5,Moors and Heathland,pre_dashboard,395_1039
50.48777777777778,-4.627777777777778,0,0,10.9,86,2.461,164,0.6,5,Moors and Heathland,pre_dashboard,395_1040
50.48777777777778,-4.627777777777778,0,0,10.9,88,2.461,164,0.6,5,Moors and Heathland,pre_dashboard,395_1041
50.48777777777778,-4.627777777777778,1,8,10.9,88,2.461,164,0.6,5,Moors and Heathland,pre_dashboard,395_1042
50.48777777777778,-4.627777777777778,1,4,10.9,88,2.461,164,0.6,5,Moors and Heathland,pre_dashboard,395_1043
50.48777777777778,-4.627777777777778,1,58,10.9,88,2.461,164,0.6,5,Moors and Heathland,pre_dashboard,395_1044
50.48777777777778,-4.627777777777778,1,19,10.9,88,2.461,164,0.6,5,Moors and Heathland,pre_dashboard,395_1045
50.48777777777778,-4.627777777777778,1,12,10.9,88,2.461,164,0.6,5,Moors and Heathland,pre_dashboard,395_1046
50.48777777777778,-4.627777777777778,0,0,10.9,95,2.461,164,0.6,5,Moors and Heathland,pre_dashboard,395_1047
50.48777777777778,-4.627777777777778,0,0,10.9,95,2.461,164,0.6,5,Moors and Heathland,pre_dashboard,395_1048
50.48777777777778,-4.627777777777778,1,2,10.9,95,2.461,164,0.6,5,Moors and Heathland,pre_dashboard,395_1049
50.48777777777778,-4.627777777777778,0,0,10.9,100,2.461,164,0.6,5,Moors and Heathland,pre_dashboard,395_1050
50.48777777777778,-4.627777777777778,0,0,10.9,100,2.461,164,0.6,5,Moors and Heathland,pre_dashboard,395_1051
50.48777777777778,-4.627777777777778,0,0,10.9,100,2.461,164,0.6,5,Moors and Heathland,pre_dashboard,395_1052
50.48777777777778,-4.627777777777778,0,0,10.9,100,2.461,164,0.6,5,Moors and Heathland,pre_dashboard,395_1053
50.48777777777778,-4.627777777777778,0,0,10.9,100,2.461,164,0.6,5,Moors and Heathland,pre_dashboard,395_1054
50.48777777777778,-4.627777777777778,0,0,10.9,100,2.461,164,0.6,5,Moors and Heathland,pre_dashboard,395_1055
52.68833333333333,-1.96,0,0,13.8,80,6.134,181,0.59,6,Peat bogs,pre_dashboard,396_1056
52.68833333333333,-1.96,0,0,13.8,80,6.134,181,0.59,6,Peat bogs,pre_dashboard,396_1057
52.68833333333333,-1.96,0,0,13.8,80,6.134,181,0.59,6,Peat bogs,pre_dashboard,396_1058
52.68833333333333,-1.96,0,0,13.8,82,6.134,181,0.59,6,Peat bogs,pre_dashboard,396_1059
52.68833333333333,-1.96,0,0,13.8,82,6.134,181,0.59,6,Peat bogs,pre_dashboard,396_1060
52.68833333333333,-1.96,0,0,13.8,82,6.134,181,0.59,6,Peat bogs,pre_dashboard,396_1061
52.68833333333333,-1.96,0,0,13.8,84,6.134,181,0.59,6,Peat bogs,pre_dashboard,396_1062
52.68833333333333,-1.96,1,3,13.8,84,6.134,181,0.59,6,Peat bogs,pre_dashboard,396_1063
52.68833333333333,-1.96,1,3,13.8,84,6.134,181,0.59,6,Peat bogs,pre_dashboard,396_1064
52.68833333333333,-1.96,1,20,13.8,86,6.134,181,0.59,6,Peat bogs,pre_dashboard,396_1065
52.68833333333333,-1.96,1,6,13.8,86,6.134,181,0.59,6,Peat bogs,pre_dashboard,396_1066
52.68833333333333,-1.96,1,5,13.8,86,6.134,181,0.59,6,Peat bogs,pre_dashboard,396_1067
52.68833333333333,-1.96,1,125,13.8,88,6.134,181,0.59,6,Peat bogs,pre_dashboard,396_1068
52.68833333333333,-1.96,1,22,13.8,88,6.134,181,0.59,6,Peat bogs,pre_dashboard,396_1069
52.68833333333333,-1.96,1,11,13.8,88,6.134,181,0.59,6,Peat bogs,pre_dashboard,396_1070
52.68833333333333,-1.96,0,0,13.8,90,6.134,181,0.59,6,Peat bogs,pre_dashboard,396_1071
52.68833333333333,-1.96,0,0,13.8,90,6.134,181,0.59,6,Peat bogs,pre_dashboard,396_1072
52.68833333333333,-1.96,0,0,13.8,90,6.134,181,0.59,6,Peat bogs,pre_dashboard,396_1073
52.68833333333333,-1.96,0,0,13.8,95,6.134,181,0.59,6,Peat bogs,pre_dashboard,396_1074
52.68833333333333,-1.96,0,0,13.8,95,6.134,181,0.59,6,Peat bogs,pre_dashboard,396_1075
52.68833333333333,-1.96,0,0,13.8,95,6.134,181,0.59,6,Peat bogs,pre_dashboard,396_1076
52.68833333333333,-1.96,0,0,13.8,99,6.134,181,0.59,6,Peat bogs,pre_dashboard,396_1077
52.68833333333333,-1.96,0,0,13.8,99,6.134,181,0.59,6,Peat bogs,pre_dashboard,396_1078
52.68833333333333,-1.96,0,0,13.8,99,6.134,181,0.59,6,Peat bogs,pre_dashboard,396_1079
52.68833333333333,-1.96,0,0,13.8,70,6.134,181,0.59,6,Peat bogs,pre_dashboard,396_1080
52.68833333333333,-1.96,0,0,13.8,70,6.134,181,0.59,6,Peat bogs,pre_dashboard,396_1081
52.68833333333333,-1.96,0,0,13.8,70,6.134,181,0.59,6,Peat bogs,pre_dashboard,396_1082
52.68833333333333,-1.96,0,0,13.8,70,6.134,181,0.59,6,Peat bogs,pre_dashboard,396_1083
52.68833333333333,-1.96,0,0,13.8,70,6.134,181,0.59,6,Peat bogs,pre_dashboard,396_1084
52.68833333333333,-1.96,0,0,13.8,70,6.134,181,0.59,6,Peat bogs,pre_dashboard,396_1085
52.68833333333333,-1.96,0,0,13.8,70,6.134,181,0.59,6,Peat bogs,pre_dashboard,396_1086
52.68833333333333,-1.96,0,0,13.8,70,6.134,181,0.59,6,Peat bogs,pre_dashboard,396_1087
52.68833333333333,-1.96,0,0,13.8,70,6.134,181,0.59,6,Peat bogs,pre_dashboard,396_1088
52.68833333333333,-1.96,0,0,13.8,76,6.134,181,0.59,6,Peat bogs,pre_dashboard,396_1089
52.68833333333333,-1.96,0,0,13.8,76,6.134,181,0.59,6,Peat bogs,pre_dashboard,396_1090
52.68833333333333,-1.96,0,0,13.8,76,6.134,181,0.59,6,Peat bogs,pre_dashboard,396_1091
52.68833333333333,-1.96,1,19,13.8,78,6.134,181,0.59,6,Peat bogs,pre_dashboard,396_1092
52.68833333333333,-1.96,1,4,13.8,78,6.134,181,0.59,6,Peat bogs,pre_dashboard,396_1093
52.68833333333333,-1.96,1,3,13.8,78,6.134,181,0.59,6,Peat bogs,pre_dashboard,396_1094
52.68833333333333,-1.96,0,0,13.8,84,6.134,181,0.59,6,Peat bogs,pre_dashboard,396_1095
52.68833333333333,-1.96,0,0,13.8,84,6.134,181,0.59,6,Peat bogs,pre_dashboard,396_1096
52.68833333333333,-1.96,0,0,13.8,84,6.134,181,0.59,6,Peat bogs,pre_dashboard,396_1097
52.68833333333333,-1.96,0,0,13.8,90,6.134,181,0.59,6,Peat bogs,pre_dashboard,396_1098
52.68833333333333,-1.96,0,0,13.8,90,6.134,181,0.59,6,Peat bogs,pre_dashboard,396_1099
52.68833333333333,-1.96,0,0,13.8,90,6.134,181,0.59,6,Peat bogs,pre_dashboard,396_1100
52.68833333333333,-1.96,0,0,13.8,95,6.134,181,0.59,6,Peat bogs,pre_dashboard,396_1101
52.68833333333333,-1.96,0,0,13.8,95,6.134,181,0.59,6,Peat bogs,pre_dashboard,396_1102
52.68833333333333,-1.96,0,0,13.8,95,6.134,181,0.59,6,Peat bogs,pre_dashboard,396_1103
52.68833333333333,-1.96,0,0,13.8,84,6.134,181,0.59,9,Peat bogs,pre_dashboard,396_1104
52.68833333333333,-1.96,0,0,13.8,84,6.134,181,0.59,9,Peat bogs,pre_dashboard,396_1105
52.68833333333333,-1.96,0,0,13.8,84,6.134,181,0.59,9,Peat bogs,pre_dashboard,396_1106
52.68833333333333,-1.96,0,0,13.8,84,6.134,181,0.59,9,Peat bogs,pre_dashboard,396_1107
52.68833333333333,-1.96,0,0,13.8,84,6.134,181,0.59,9,Peat bogs,pre_dashboard,396_1108
52.68833333333333,-1.96,0,0,13.8,84,6.134,181,0.59,9,Peat bogs,pre_dashboard,396_1109
52.68833333333333,-1.96,0,0,13.8,84,6.134,181,0.59,9,Peat bogs,pre_dashboard,396_1110
52.68833333333333,-1.96,0,0,13.8,84,6.134,181,0.59,9,Peat bogs,pre_dashboard,396_1111
52.68833333333333,-1.96,0,0,13.8,84,6.134,181,0.59,9,Peat bogs,pre_dashboard,396_1112
52.68833333333333,-1.96,0,0,13.8,84,6.134,181,0.59,9,Peat bogs,pre_dashboard,396_1113
52.68833333333333,-1.96,0,0,13.8,84,6.134,181,0.59,9,Peat bogs,pre_dashboard,396_1114
52.68833333333333,-1.96,0,0,13.8,84,6.134,181,0.59,9,Peat bogs,pre_dashboard,396_1115
52.68833333333333,-1.96,1,24,13.8,86,6.134,181,0.59,9,Peat bogs,pre_dashboard,396_1116
52.68833333333333,-1.96,1,3,13.8,86,6.134,181,0.59,9,Peat bogs,pre_dashboard,396_1117
52.68833333333333,-1.96,1,6,13.8,86,6.134,181,0.59,9,Peat bogs,pre_dashboard,396_1118
52.68833333333333,-1.96,0,0,13.8,88,6.134,181,0.59,9,Peat bogs,pre_dashboard,396_1119
52.68833333333333,-1.96,0,0,13.8,88,6.134,181,0.59,9,Peat bogs,pre_dashboard,396_1120
52.68833333333333,-1.96,0,0,13.8,88,6.134,181,0.59,9,Peat bogs,pre_dashboard,396_1121
52.68833333333333,-1.96,0,0,13.8,94,6.134,181,0.59,9,Peat bogs,pre_dashboard,396_1122
52.68833333333333,-1.96,0,0,13.8,94,6.134,181,0.59,9,Peat bogs,pre_dashboard,396_1123
52.68833333333333,-1.96,0,0,13.8,94,6.134,181,0.59,9,Peat bogs,pre_dashboard,396_1124
52.68833333333333,-1.96,0,0,13.8,95,6.134,181,0.59,9,Peat bogs,pre_dashboard,396_1125
52.68833333333333,-1.96,0,0,13.8,95,6.134,181,0.59,9,Peat bogs,pre_dashboard,396_1126
52.68833333333333,-1.96,0,0,13.8,95,6.134,181,0.59,9,Peat bogs,pre_dashboard,396_1127
52.68833333333333,-1.96,0,0,13.8,80,6.134,181,0.59,6,Peat bogs,pre_dashboard,396_1128
52.68833333333333,-1.96,0,0,13.8,80,6.134,181,0.59,6,Peat bogs,pre_dashboard,396_1129
52.68833333333333,-1.96,0,0,13.8,80,6.134,181,0.59,6,Peat bogs,pre_dashboard,396_1130
52.68833333333333,-1.96,0,0,13.8,80,6.134,181,0.59,6,Peat bogs,pre_dashboard,396_1131
52.68833333333333,-1.96,0,0,13.8,80,6.134,181,0.59,6,Peat bogs,pre_dashboard,396_1132
52.68833333333333,-1.96,0,0,13.8,80,6.134,181,0.59,6,Peat bogs,pre_dashboard,396_1133
52.68833333333333,-1.96,0,0,13.8,80,6.134,181,0.59,6,Peat bogs,pre_dashboard,396_1134
52.68833333333333,-1.96,0,0,13.8,80,6.134,181,0.59,6,Peat bogs,pre_dashboard,396_1135
52.68833333333333,-1.96,0,0,13.8,80,6.134,181,0.59,6,Peat bogs,pre_dashboard,396_1136
52.68833333333333,-1.96,0,0,13.8,80,6.134,181,0.59,6,Peat bogs,pre_dashboard,396_1137
52.68833333333333,-1.96,0,0,13.8,80,6.134,181,0.59,6,Peat bogs,pre_dashboard,396_1138
52.68833333333333,-1.96,1,2,13.8,80,6.134,181,0.59,6,Peat bogs,pre_dashboard,396_1139
52.68833333333333,-1.96,1,44,13.8,82,6.134,181,0.59,6,Peat bogs,pre_dashboard,396_1140
52.68833333333333,-1.96,1,8,13.8,82,6.134,181,0.59,6,Peat bogs,pre_dashboard,396_1141
52.68833333333333,-1.96,1,8,13.8,82,6.134,181,0.59,6,Peat bogs,pre_dashboard,396_1142
52.68833333333333,-1.96,1,4,13.8,88,6.134,181,0.59,6,Peat bogs,pre_dashboard,396_1143
52.68833333333333,-1.96,0,0,13.8,88,6.134,181,0.59,6,Peat bogs,pre_dashboard,396_1144
52.68833333333333,-1.96,0,0,13.8,88,6.134,181,0.59,6,Peat bogs,pre_dashboard,396_1145
52.68833333333333,-1.96,0,0,13.8,95,6.134,181,0.59,6,Peat bogs,pre_dashboard,396_1146
52.68833333333333,-1.96,0,0,13.8,95,6.134,181,0.59,6,Peat bogs,pre_dashboard,396_1147
52.68833333333333,-1.96,0,0,13.8,95,6.134,181,0.59,6,Peat bogs,pre_dashboard,396_1148
52.68833333333333,-1.96,0,0,13.8,100,6.134,181,0.59,6,Peat bogs,pre_dashboard,396_1149
52.68833333333333,-1.96,0,0,13.8,100,6.134,181,0.59,6,Peat bogs,pre_dashboard,396_1150
52.68833333333333,-1.96,0,0,13.8,100,6.134,181,0.59,6,Peat bogs,pre_dashboard,396_1151
52.68833333333333,-1.96,0,0,13.8,78,6.134,181,0.59,9,Peat bogs,pre_dashboard,396_1152
52.68833333333333,-1.96,0,0,13.8,78,6.134,181,0.59,9,Peat bogs,pre_dashboard,396_1153
52.68833333333333,-1.96,0,0,13.8,78,6.134,181,0.59,9,Peat bogs,pre_dashboard,396_1154
52.68833333333333,-1.96,0,0,13.8,78,6.134,181,0.59,9,Peat bogs,pre_dashboard,396_1155
52.68833333333333,-1.96,0,0,13.8,78,6.134,181,0.59,9,Peat bogs,pre_dashboard,396_1156
52.68833333333333,-1.96,0,0,13.8,78,6.134,181,0.59,9,Peat bogs,pre_dashboard,396_1157
52.68833333333333,-1.96,0,0,13.8,78,6.134,181,0.59,9,Peat bogs,pre_dashboard,396_1158
52.68833333333333,-1.96,0,0,13.8,78,6.134,181,0.59,9,Peat bogs,pre_dashboard,396_1159
52.68833333333333,-1.96,0,0,13.8,78,6.134,181,0.59,9,Peat bogs,pre_dashboard,396_1160
52.68833333333333,-1.96,0,0,13.8,80,6.134,181,0.59,9,Peat bogs,pre_dashboard,396_1161
52.68833333333333,-1.96,0,0,13.8,80,6.134,181,0.59,9,Peat bogs,pre_dashboard,396_1162
52.68833333333333,-1.96,0,0,13.8,80,6.134,181,0.59,9,Peat bogs,pre_dashboard,396_1163
52.68833333333333,-1.96,1,27,13.8,82,6.134,181,0.59,9,Peat bogs,pre_dashboard,396_1164
52.68833333333333,-1.96,1,6,13.8,82,6.134,181,0.59,9,Peat bogs,pre_dashboard,396_1165
52.68833333333333,-1.96,1,11,13.8,82,6.134,181,0.59,9,Peat bogs,pre_dashboard,396_1166
52.68833333333333,-1.96,1,4,13.8,90,6.134,181,0.59,9,Peat bogs,pre_dashboard,396_1167
52.68833333333333,-1.96,0,0,13.8,90,6.134,181,0.59,9,Peat bogs,pre_dashboard,396_1168
52.68833333333333,-1.96,0,0,13.8,90,6.134,181,0.59,9,Peat bogs,pre_dashboard,396_1169
52.68833333333333,-1.96,0,0,13.8,95,6.134,181,0.59,9,Peat bogs,pre_dashboard,396_1170
52.68833333333333,-1.96,0,0,13.8,95,6.134,181,0.59,9,Peat bogs,pre_dashboard,396_1171
52.68833333333333,-1.96,0,0,13.8,95,6.134,181,0.59,9,Peat bogs,pre_dashboard,396_1172
52.68833333333333,-1.96,0,0,13.8,100,6.134,181,0.59,9,Peat bogs,pre_dashboard,396_1173
52.68833333333333,-1.96,0,0,13.8,100,6.134,181,0.59,9,Peat bogs,pre_dashboard,396_1174
52.68833333333333,-1.96,0,0,13.8,100,6.134,181,0.59,9,Peat bogs,pre_dashboard,396_1175
52.48583333333333,-1.6841666666666666,0,0,15.0,76,6.0,302,0.51,5,Pastures,pre_dashboard,397_1176
52.48583333333333,-1.6841666666666666,0,0,15.0,76,6.0,302,0.51,5,Pastures,pre_dashboard,397_1177
52.48583333333333,-1.6841666666666666,0,0,15.0,76,6.0,302,0.51,5,Pastures,pre_dashboard,397_1178
52.48583333333333,-1.6841666666666666,0,0,15.0,76,6.0,302,0.51,5,Pastures,pre_dashboard,397_1179
52.48583333333333,-1.6841666666666666,0,0,15.0,76,6.0,302,0.51,5,Pastures,pre_dashboard,397_1180
52.48583333333333,-1.6841666666666666,0,0,15.0,76,6.0,302,0.51,5,Pastures,pre_dashboard,397_1181
52.48583333333333,-1.6841666666666666,0,0,15.0,76,6.0,302,0.51,5,Pastures,pre_dashboard,397_1182
52.48583333333333,-1.6841666666666666,0,0,15.0,76,6.0,302,0.51,5,Pastures,pre_dashboard,397_1183
52.48583333333333,-1.6841666666666666,0,0,15.0,76,6.0,302,0.51,5,Pastures,pre_dashboard,397_1184
52.48583333333333,-1.6841666666666666,0,0,15.0,80,6.0,302,0.51,5,Pastures,pre_dashboard,397_1185
52.48583333333333,-1.6841666666666666,0,0,15.0,80,6.0,302,0.51,5,Pastures,pre_dashboard,397_1186
52.48583333333333,-1.6841666666666666,0,0,15.0,80,6.0,302,0.51,5,Pastures,pre_dashboard,397_1187
52.48583333333333,-1.6841666666666666,1,49,15.0,82,6.0,302,0.51,5,Pastures,pre_dashboard,397_1188
52.48583333333333,-1.6841666666666666,1,4,15.0,82,6.0,302,0.51,5,Pastures,pre_dashboard,397_1189
52.48583333333333,-1.6841666666666666,1,5,15.0,82,6.0,302,0.51,5,Pastures,pre_dashboard,397_1190
52.48583333333333,-1.6841666666666666,0,0,15.0,86,6.0,302,0.51,5,Pastures,pre_dashboard,397_1191
52.48583333333333,-1.6841666666666666,0,0,15.0,86,6.0,302,0.51,5,Pastures,pre_dashboard,397_1192
52.48583333333333,-1.6841666666666666,0,0,15.0,86,6.0,302,0.51,5,Pastures,pre_dashboard,397_1193
52.48583333333333,-1.6841666666666666,0,0,15.0,95,6.0,302,0.51,5,Pastures,pre_dashboard,397_1194
52.48583333333333,-1.6841666666666666,0,0,15.0,95,6.0,302,0.51,5,Pastures,pre_dashboard,397_1195
52.48583333333333,-1.6841666666666666,0,0,15.0,95,6.0,302,0.51,5,Pastures,pre_dashboard,397_1196
52.48583333333333,-1.6841666666666666,0,0,15.0,100,6.0,302,0.51,5,Pastures,pre_dashboard,397_1197
52.48583333333333,-1.6841666666666666,0,0,15.0,100,6.0,302,0.51,5,Pastures,pre_dashboard,397_1198
52.48583333333333,-1.6841666666666666,0,0,15.0,100,6.0,302,0.51,5,Pastures,pre_dashboard,397_1199
52.48583333333333,-1.6841666666666666,0,0,15.0,76,6.0,302,0.51,5,Pastures,pre_dashboard,397_1200
52.48583333333333,-1.6841666666666666,0,0,15.0,76,6.0,302,0.51,5,Pastures,pre_dashboard,397_1201
52.48583333333333,-1.6841666666666666,0,0,15.0,76,6.0,302,0.51,5,Pastures,pre_dashboard,397_1202
52.48583333333333,-1.6841666666666666,0,0,15.0,76,6.0,302,0.51,5,Pastures,pre_dashboard,397_1203
52.48583333333333,-1.6841666666666666,0,0,15.0,76,6.0,302,0.51,5,Pastures,pre_dashboard,397_1204
52.48583333333333,-1.6841666666666666,0,0,15.0,76,6.0,302,0.51,5,Pastures,pre_dashboard,397_1205
52.48583333333333,-1.6841666666666666,0,0,15.0,76,6.0,302,0.51,5,Pastures,pre_dashboard,397_1206
52.48583333333333,-1.6841666666666666,0,0,15.0,76,6.0,302,0.51,5,Pastures,pre_dashboard,397_1207
52.48583333333333,-1.6841666666666666,0,0,15.0,76,6.0,302,0.51,5,Pastures,pre_dashboard,397_1208
52.48583333333333,-1.6841666666666666,0,0,15.0,76,6.0,302,0.51,5,Pastures,pre_dashboard,397_1209
52.48583333333333,-1.6841666666666666,0,0,15.0,76,6.0,302,0.51,5,Pastures,pre_dashboard,397_1210
52.48583333333333,-1.6841666666666666,0,0,15.0,76,6.0,302,0.51,5,Pastures,pre_dashboard,397_1211
52.48583333333333,-1.6841666666666666,1,16,15.0,78,6.0,302,0.51,5,Pastures,pre_dashboard,397_1212
52.48583333333333,-1.6841666666666666,1,1,15.0,78,6.0,302,0.51,5,Pastures,pre_dashboard,397_1213
52.48583333333333,-1.6841666666666666,1,2,15.0,78,6.0,302,0.51,5,Pastures,pre_dashboard,397_1214
52.48583333333333,-1.6841666666666666,0,0,15.0,84,6.0,302,0.51,5,Pastures,pre_dashboard,397_1215
52.48583333333333,-1.6841666666666666,0,0,15.0,84,6.0,302,0.51,5,Pastures,pre_dashboard,397_1216
52.48583333333333,-1.6841666666666666,0,0,15.0,84,6.0,302,0.51,5,Pastures,pre_dashboard,397_1217
52.48583333333333,-1.6841666666666666,0,0,15.0,95,6.0,302,0.51,5,Pastures,pre_dashboard,397_1218
52.48583333333333,-1.6841666666666666,0,0,15.0,95,6.0,302,0.51,5,Pastures,pre_dashboard,397_1219
52.48583333333333,-1.6841666666666666,0,0,15.0,95,6.0,302,0.51,5,Pastures,pre_dashboard,397_1220
52.48583333333333,-1.6841666666666666,0,0,15.0,100,6.0,302,0.51,5,Pastures,pre_dashboard,397_1221
52.48583333333333,-1.6841666666666666,0,0,15.0,100,6.0,302,0.51,5,Pastures,pre_dashboard,397_1222
52.48583333333333,-1.6841666666666666,0,0,15.0,100,6.0,302,0.51,5,Pastures,pre_dashboard,397_1223
52.48583333333333,-1.6841666666666666,0,0,15.0,76,6.0,302,0.51,5,Pastures,pre_dashboard,397_1224
52.48583333333333,-1.6841666666666666,0,0,15.0,76,6.0,302,0.51,5,Pastures,pre_dashboard,397_1225
52.48583333333333,-1.6841666666666666,0,0,15.0,76,6.0,302,0.51,5,Pastures,pre_dashboard,397_1226
52.48583333333333,-1.6841666666666666,0,0,15.0,78,6.0,302,0.51,5,Pastures,pre_dashboard,397_1227
52.48583333333333,-1.6841666666666666,0,0,15.0,78,6.0,302,0.51,5,Pastures,pre_dashboard,397_1228
52.48583333333333,-1.6841666666666666,0,0,15.0,78,6.0,302,0.51,5,Pastures,pre_dashboard,397_1229
52.48583333333333,-1.6841666666666666,0,0,15.0,84,6.0,302,0.51,5,Pastures,pre_dashboard,397_1230
52.48583333333333,-1.6841666666666666,1,2,15.0,84,6.0,302,0.51,5,Pastures,pre_dashboard,397_1231
52.48583333333333,-1.6841666666666666,1,2,15.0,84,6.0,302,0.51,5,Pastures,pre_dashboard,397_1232
52.48583333333333,-1.6841666666666666,1,24,15.0,84,6.0,302,0.51,5,Pastures,pre_dashboard,397_1233
52.48583333333333,-1.6841666666666666,1,7,15.0,84,6.0,302,0.51,5,Pastures,pre_dashboard,397_1234
52.48583333333333,-1.6841666666666666,1,4,15.0,84,6.0,302,0.51,5,Pastures,pre_dashboard,397_1235
52.48583333333333,-1.6841666666666666,1,160,15.0,86,6.0,302,0.51,5,Pastures,pre_dashboard,397_1236
52.48583333333333,-1.6841666666666666,1,20,15.0,86,6.0,302,0.51,5,Pastures,pre_dashboard,397_1237
52.48583333333333,-1.6841666666666666,1,10,15.0,86,6.0,302,0.51,5,Pastures,pre_dashboard,397_1238
52.48583333333333,-1.6841666666666666,0,0,15.0,88,6.0,302,0.51,5,Pastures,pre_dashboard,397_1239
52.48583333333333,-1.6841666666666666,0,0,15.0,88,6.0,302,0.51,5,Pastures,pre_dashboard,397_1240
52.48583333333333,-1.6841666666666666,0,0,15.0,88,6.0,302,0.51,5,Pastures,pre_dashboard,397_1241
52.48583333333333,-1.6841666666666666,0,0,15.0,95,6.0,302,0.51,5,Pastures,pre_dashboard,397_1242
52.48583333333333,-1.6841666666666666,0,0,15.0,95,6.0,302,0.51,5,Pastures,pre_dashboard,397_1243
52.48583333333333,-1.6841666666666666,0,0,15.0,95,6.0,302,0.51,5,Pastures,pre_dashboard,397_1244
52.48583333333333,-1.6841666666666666,0,0,15.0,100,6.0,302,0.51,5,Pastures,pre_dashboard,397_1245
52.48583333333333,-1.6841666666666666,0,0,15.0,100,6.0,302,0.51,5,Pastures,pre_dashboard,397_1246
52.48583333333333,-1.6841666666666666,0,0,15.0,100,6.0,302,0.51,5,Pastures,pre_dashboard,397_1247
54.31456111111111,-1.1712333333333333,0,0,15.8,84,0.015,235,0.75,5,Moors and heathland,pre_dashboard,399_1320
54.31456111111111,-1.1712333333333333,0,0,15.8,84,0.015,235,0.75,5,Moors and heathland,pre_dashboard,399_1321
54.31456111111111,-1.1712333333333333,0,0,15.8,84,0.015,235,0.75,5,Moors and heathland,pre_dashboard,399_1322
54.31456111111111,-1.1712333333333333,0,0,15.8,86,0.015,235,0.75,5,Moors and heathland,pre_dashboard,399_1323
54.31456111111111,-1.1712333333333333,0,0,15.8,86,0.015,235,0.75,5,Moors and heathland,pre_dashboard,399_1324
54.31456111111111,-1.1712333333333333,0,0,15.8,86,0.015,235,0.75,5,Moors and heathland,pre_dashboard,399_1325
54.31456111111111,-1.1712333333333333,0,0,15.8,92,0.015,235,0.75,5,Moors and heathland,pre_dashboard,399_1326
54.31456111111111,-1.1712333333333333,0,0,15.8,92,0.015,235,0.75,5,Moors and heathland,pre_dashboard,399_1327
54.31456111111111,-1.1712333333333333,0,0,15.8,92,0.015,235,0.75,5,Moors and heathland,pre_dashboard,399_1328
54.31456111111111,-1.1712333333333333,1,14,15.8,94,0.015,235,0.75,5,Moors and heathland,pre_dashboard,399_1329
54.31456111111111,-1.1712333333333333,1,3,15.8,94,0.015,235,0.75,5,Moors and heathland,pre_dashboard,399_1330
54.31456111111111,-1.1712333333333333,1,3,15.8,94,0.015,235,0.75,5,Moors and heathland,pre_dashboard,399_1331
54.31456111111111,-1.1712333333333333,1,60,15.8,92,0.015,235,0.75,5,Moors and heathland,pre_dashboard,399_1332
54.31456111111111,-1.1712333333333333,1,4,15.8,92,0.015,235,0.75,5,Moors and heathland,pre_dashboard,399_1333
54.31456111111111,-1.1712333333333333,1,5,15.8,92,0.015,235,0.75,5,Moors and heathland,pre_dashboard,399_1334
54.31456111111111,-1.1712333333333333,1,14,15.8,96,0.015,235,0.75,5,Moors and heathland,pre_dashboard,399_1335
54.31456111111111,-1.1712333333333333,0,0,15.8,96,0.015,235,0.75,5,Moors and heathland,pre_dashboard,399_1336
54.31456111111111,-1.1712333333333333,0,0,15.8,96,0.015,235,0.75,5,Moors and heathland,pre_dashboard,399_1337
54.31456111111111,-1.1712333333333333,0,0,15.8,100,0.015,235,0.75,5,Moors and heathland,pre_dashboard,399_1338
54.31456111111111,-1.1712333333333333,0,0,15.8,100,0.015,235,0.75,5,Moors and heathland,pre_dashboard,399_1339
54.31456111111111,-1.1712333333333333,0,0,15.8,100,0.015,235,0.75,5,Moors and heathland,pre_dashboard,399_1340
54.31456111111111,-1.1712333333333333,0,0,15.8,100,0.015,235,0.75,5,Moors and heathland,pre_dashboard,399_1341
54.31456111111111,-1.1712333333333333,0,0,15.8,100,0.015,235,0.75,5,Moors and heathland,pre_dashboard,399_1342
54.31456111111111,-1.1712333333333333,0,0,15.8,100,0.015,235,0.75,5,Moors and heathland,pre_dashboard,399_1343
54.31456111111111,-1.1712333333333333,0,0,15.8,70,0.015,235,0.75,9,Moors and heathland,pre_dashboard,399_1344
54.31456111111111,-1.1712333333333333,0,0,15.8,70,0.015,235,0.75,9,Moors and heathland,pre_dashboard,399_1345
54.31456111111111,-1.1712333333333333,0,0,15.8,70,0.015,235,0.75,9,Moors and heathland,pre_dashboard,399_1346
54.31456111111111,-1.1712333333333333,0,0,15.8,72,0.015,235,0.75,9,Moors and heathland,pre_dashboard,399_1347
54.31456111111111,-1.1712333333333333,0,0,15.8,72,0.015,235,0.75,9,Moors and heathland,pre_dashboard,399_1348
54.31456111111111,-1.1712333333333333,0,0,15.8,72,0.015,235,0.75,9,Moors and heathland,pre_dashboard,399_1349
54.31456111111111,-1.1712333333333333,0,0,15.8,76,0.015,235,0.75,9,Moors and heathland,pre_dashboard,399_1350
54.31456111111111,-1.1712333333333333,0,0,15.8,76,0.015,235,0.75,9,Moors and heathland,pre_dashboard,399_1351
54.31456111111111,-1.1712333333333333,0,0,15.8,76,0.015,235,0.75,9,Moors and heathland,pre_dashboard,399_1352
54.31456111111111,-1.1712333333333333,0,0,15.8,76,0.015,235,0.75,9,Moors and heathland,pre_dashboard,399_1353
54.31456111111111,-1.1712333333333333,0,0,15.8,76,0.015,235,0.75,9,Moors and heathland,pre_dashboard,399_1354
54.31456111111111,-1.1712333333333333,0,0,15.8,76,0.015,235,0.75,9,Moors and heathland,pre_dashboard,399_1355
54.31456111111111,-1.1712333333333333,1,26,15.8,78,0.015,235,0.75,9,Moors and heathland,pre_dashboard,399_1356
54.31456111111111,-1.1712333333333333,1,5,15.8,78,0.015,235,0.75,9,Moors and heathland,pre_dashboard,399_1357
54.31456111111111,-1.1712333333333333,1,4,15.8,78,0.015,235,0.75,9,Moors and heathland,pre_dashboard,399_1358
54.31456111111111,-1.1712333333333333,1,4,15.8,84,0.015,235,0.75,9,Moors and heathland,pre_dashboard,399_1359
54.31456111111111,-1.1712333333333333,1,2,15.8,84,0.015,235,0.75,9,Moors and heathland,pre_dashboard,399_1360
54.31456111111111,-1.1712333333333333,1,2,15.8,84,0.015,235,0.75,9,Moors and heathland,pre_dashboard,399_1361
54.31456111111111,-1.1712333333333333,0,0,15.8,90,0.015,235,0.75,9,Moors and heathland,pre_dashboard,399_1362
54.31456111111111,-1.1712333333333333,0,0,15.8,90,0.015,235,0.75,9,Moors and heathland,pre_dashboard,399_1363
54.31456111111111,-1.1712333333333333,0,0,15.8,90,0.015,235,0.75,9,Moors and heathland,pre_dashboard,399_1364
54.31456111111111,-1.1712333333333333,0,0,15.8,95,0.015,235,0.75,9,Moors and heathland,pre_dashboard,399_1365
54.31456111111111,-1.1712333333333333,0,0,15.8,95,0.015,235,0.75,9,Moors and heathland,pre_dashboard,399_1366
54.31456111111111,-1.1712333333333333,0,0,15.8,95,0.015,235,0.75,9,Moors and heathland,pre_dashboard,399_1367
54.31456111111111,-1.1712333333333333,0,0,15.8,84,0.015,235,0.75,5,Moors and heathland,pre_dashboard,399_1368
54.31456111111111,-1.1712333333333333,0,0,15.8,84,0.015,235,0.75,5,Moors and heathland,pre_dashboard,399_1369
54.31456111111111,-1.1712333333333333,0,0,15.8,84,0.015,235,0.75,5,Moors and heathland,pre_dashboard,399_1370
54.31456111111111,-1.1712333333333333,0,0,15.8,84,0.015,235,0.75,5,Moors and heathland,pre_dashboard,399_1371
54.31456111111111,-1.1712333333333333,0,0,15.8,84,0.015,235,0.75,5,Moors and heathland,pre_dashboard,399_1372
54.31456111111111,-1.1712333333333333,0,0,15.8,84,0.015,235,0.75,5,Moors and heathland,pre_dashboard,399_1373
54.31456111111111,-1.1712333333333333,0,0,15.8,84,0.015,235,0.75,5,Moors and heathland,pre_dashboard,399_1374
54.31456111111111,-1.1712333333333333,0,0,15.8,84,0.015,235,0.75,5,Moors and heathland,pre_dashboard,399_1375
54.31456111111111,-1.1712333333333333,0,0,15.8,84,0.015,235,0.75,5,Moors and heathland,pre_dashboard,399_1376
54.31456111111111,-1.1712333333333333,0,0,15.8,86,0.015,235,0.75,5,Moors and heathland,pre_dashboard,399_1377
54.31456111111111,-1.1712333333333333,0,0,15.8,86,0.015,235,0.75,5,Moors and heathland,pre_dashboard,399_1378
54.31456111111111,-1.1712333333333333,0,0,15.8,86,0.015,235,0.75,5,Moors and heathland,pre_dashboard,399_1379
54.31456111111111,-1.1712333333333333,1,20,15.8,92,0.015,235,0.75,5,Moors and heathland,pre_dashboard,399_1380
54.31456111111111,-1.1712333333333333,1,3,15.8,92,0.015,235,0.75,5,Moors and heathland,pre_dashboard,399_1381
54.31456111111111,-1.1712333333333333,1,5,15.8,92,0.015,235,0.75,5,Moors and heathland,pre_dashboard,399_1382
54.31456111111111,-1.1712333333333333,0,0,15.8,94,0.015,235,0.75,5,Moors and heathland,pre_dashboard,399_1383
54.31456111111111,-1.1712333333333333,0,0,15.8,94,0.015,235,0.75,5,Moors and heathland,pre_dashboard,399_1384
54.31456111111111,-1.1712333333333333,0,0,15.8,94,0.015,235,0.75,5,Moors and heathland,pre_dashboard,399_1385
54.31456111111111,-1.1712333333333333,0,0,15.8,98,0.015,235,0.75,5,Moors and heathland,pre_dashboard,399_1386
54.31456111111111,-1.1712333333333333,0,0,15.8,98,0.015,235,0.75,5,Moors and heathland,pre_dashboard,399_1387
54.31456111111111,-1.1712333333333333,0,0,15.8,98,0.015,235,0.75,5,Moors and heathland,pre_dashboard,399_1388
54.31456111111111,-1.1712333333333333,0,0,15.8,100,0.015,235,0.75,5,Moors and heathland,pre_dashboard,399_1389
54.31456111111111,-1.1712333333333333,0,0,15.8,100,0.015,235,0.75,5,Moors and heathland,pre_dashboard,399_1390
54.31456111111111,-1.1712333333333333,0,0,15.8,100,0.015,235,0.75,5,Moors and heathland,pre_dashboard,399_1391
54.31456111111111,-1.1712333333333333,0,0,15.8,70,0.015,235,0.75,9,Moors and heathland,pre_dashboard,399_1392
54.31456111111111,-1.1712333333333333,0,0,15.8,70,0.015,235,0.75,9,Moors and heathland,pre_dashboard,399_1393
54.31456111111111,-1.1712333333333333,0,0,15.8,70,0.015,235,0.75,9,Moors and heathland,pre_dashboard,399_1394
54.31456111111111,-1.1712333333333333,0,0,15.8,70,0.015,235,0.75,9,Moors and heathland,pre_dashboard,399_1395
54.31456111111111,-1.1712333333333333,0,0,15.8,70,0.015,235,0.75,9,Moors and heathland,pre_dashboard,399_1396
54.31456111111111,-1.1712333333333333,0,0,15.8,70,0.015,235,0.75,9,Moors and heathland,pre_dashboard,399_1397
54.31456111111111,-1.1712333333333333,0,0,15.8,70,0.015,235,0.75,9,Moors and heathland,pre_dashboard,399_1398
54.31456111111111,-1.1712333333333333,0,0,15.8,70,0.015,235,0.75,9,Moors and heathland,pre_dashboard,399_1399
54.31456111111111,-1.1712333333333333,0,0,15.8,70,0.015,235,0.75,9,Moors and heathland,pre_dashboard,399_1400
54.31456111111111,-1.1712333333333333,0,0,15.8,72,0.015,235,0.75,9,Moors and heathland,pre_dashboard,399_1401
54.31456111111111,-1.1712333333333333,0,0,15.8,72,0.015,235,0.75,9,Moors and heathland,pre_dashboard,399_1402
54.31456111111111,-1.1712333333333333,1,12,15.8,72,0.015,235,0.75,9,Moors and heathland,pre_dashboard,399_1403
54.31456111111111,-1.1712333333333333,1,4,15.8,80,0.015,235,0.75,9,Moors and heathland,pre_dashboard,399_1404
54.31456111111111,-1.1712333333333333,1,3,15.8,80,0.015,235,0.75,9,Moors and heathland,pre_dashboard,399_1405
54.31456111111111,-1.1712333333333333,0,0,15.8,80,0.015,235,0.75,9,Moors and heathland,pre_dashboard,399_1406
54.31456111111111,-1.1712333333333333,0,0,15.8,84,0.015,235,0.75,9,Moors and heathland,pre_dashboard,399_1407
54.31456111111111,-1.1712333333333333,0,0,15.8,84,0.015,235,0.75,9,Moors and heathland,pre_dashboard,399_1408
54.31456111111111,-1.1712333333333333,0,0,15.8,84,0.015,235,0.75,9,Moors and heathland,pre_dashboard,399_1409
54.31456111111111,-1.1712333333333333,0,0,15.8,88,0.015,235,0.75,9,Moors and heathland,pre_dashboard,399_1410
54.31456111111111,-1.1712333333333333,0,0,15.8,88,0.015,235,0.75,9,Moors and heathland,pre_dashboard,399_1411
54.31456111111111,-1.1712333333333333,0,0,15.8,88,0.015,235,0.75,9,Moors and heathland,pre_dashboard,399_1412
54.31456111111111,-1.1712333333333333,0,0,15.8,95,0.015,235,0.75,9,Moors and heathland,pre_dashboard,399_1413
54.31456111111111,-1.1712333333333333,0,0,15.8,95,0.015,235,0.75,9,Moors and heathland,pre_dashboard,399_1414
54.31456111111111,-1.1712333333333333,0,0,15.8,95,0.015,235,0.75,9,Moors and heathland,pre_dashboard,399_1415
54.30722222222222,-0.9027777777777778,0,0,12.7,92,0.0,149,0.68,5,Pastures,pre_dashboard,401_1464
54.30722222222222,-0.9027777777777778,0,0,12.7,92,0.0,149,0.68,5,Pastures,pre_dashboard,401_1465
54.30722222222222,-0.9027777777777778,0,0,12.7,92,0.0,149,0.68,5,Pastures,pre_dashboard,401_1466
54.30722222222222,-0.9027777777777778,0,0,12.7,92,0.0,149,0.68,5,Pastures,pre_dashboard,401_1467
54.30722222222222,-0.9027777777777778,0,0,12.7,92,0.0,149,0.68,5,Pastures,pre_dashboard,401_1468
54.30722222222222,-0.9027777777777778,0,0,12.7,92,0.0,149,0.68,5,Pastures,pre_dashboard,401_1469
54.30722222222222,-0.9027777777777778,0,0,12.7,92,0.0,149,0.68,5,Pastures,pre_dashboard,401_1470
54.30722222222222,-0.9027777777777778,0,0,12.7,92,0.0,149,0.68,5,Pastures,pre_dashboard,401_1471
54.30722222222222,-0.9027777777777778,0,0,12.7,92,0.0,149,0.68,5,Pastures,pre_dashboard,401_1472
54.30722222222222,-0.9027777777777778,0,0,12.7,94,0.0,149,0.68,5,Pastures,pre_dashboard,401_1473
54.30722222222222,-0.9027777777777778,0,0,12.7,94,0.0,149,0.68,5,Pastures,pre_dashboard,401_1474
54.30722222222222,-0.9027777777777778,0,0,12.7,94,0.0,149,0.68,5,Pastures,pre_dashboard,401_1475
54.30722222222222,-0.9027777777777778,1,6,12.7,94,0.0,149,0.68,5,Pastures,pre_dashboard,401_1476
54.30722222222222,-0.9027777777777778,1,1,12.7,94,0.0,149,0.68,5,Pastures,pre_dashboard,401_1477
54.30722222222222,-0.9027777777777778,0,0,12.7,94,0.0,149,0.68,5,Pastures,pre_dashboard,401_1478
54.30722222222222,-0.9027777777777778,0,0,12.7,96,0.0,149,0.68,5,Pastures,pre_dashboard,401_1479
54.30722222222222,-0.9027777777777778,0,0,12.7,96,0.0,149,0.68,5,Pastures,pre_dashboard,401_1480
54.30722222222222,-0.9027777777777778,0,0,12.7,96,0.0,149,0.68,5,Pastures,pre_dashboard,401_1481
54.30722222222222,-0.9027777777777778,0,0,12.7,100,0.0,149,0.68,5,Pastures,pre_dashboard,401_1482
54.30722222222222,-0.9027777777777778,0,0,12.7,100,0.0,149,0.68,5,Pastures,pre_dashboard,401_1483
54.30722222222222,-0.9027777777777778,0,0,12.7,100,0.0,149,0.68,5,Pastures,pre_dashboard,401_1484
54.30722222222222,-0.9027777777777778,0,0,12.7,100,0.0,149,0.68,5,Pastures,pre_dashboard,401_1485
54.30722222222222,-0.9027777777777778,0,0,12.7,100,0.0,149,0.68,5,Pastures,pre_dashboard,401_1486
54.30722222222222,-0.9027777777777778,0,0,12.7,100,0.0,149,0.68,5,Pastures,pre_dashboard,401_1487
54.30722222222222,-0.9027777777777778,0,0,12.7,86,0.0,149,0.68,9,Pastures,pre_dashboard,401_1488
54.30722222222222,-0.9027777777777778,0,0,12.7,86,0.0,149,0.68,9,Pastures,pre_dashboard,401_1489
54.30722222222222,-0.9027777777777778,0,0,12.7,86,0.0,149,0.68,9,Pastures,pre_dashboard,401_1490
54.30722222222222,-0.9027777777777778,0,0,12.7,86,0.0,149,0.68,9,Pastures,pre_dashboard,401_1491
54.30722222222222,-0.9027777777777778,0,0,12.7,86,0.0,149,0.68,9,Pastures,pre_dashboard,401_1492
54.30722222222222,-0.9027777777777778,0,0,12.7,86,0.0,149,0.68,9,Pastures,pre_dashboard,401_1493
54.30722222222222,-0.9027777777777778,0,0,12.7,86,0.0,149,0.68,9,Pastures,pre_dashboard,401_1494
54.30722222222222,-0.9027777777777778,0,0,12.7,86,0.0,149,0.68,9,Pastures,pre_dashboard,401_1495
54.30722222222222,-0.9027777777777778,0,0,12.7,86,0.0,149,0.68,9,Pastures,pre_dashboard,401_1496
54.30722222222222,-0.9027777777777778,0,0,12.7,86,0.0,149,0.68,9,Pastures,pre_dashboard,401_1497
54.30722222222222,-0.9027777777777778,0,0,12.7,86,0.0,149,0.68,9,Pastures,pre_dashboard,401_1498
54.30722222222222,-0.9027777777777778,0,0,12.7,86,0.0,149,0.68,9,Pastures,pre_dashboard,401_1499
54.30722222222222,-0.9027777777777778,1,8,12.7,88,0.0,149,0.68,9,Pastures,pre_dashboard,401_1500
54.30722222222222,-0.9027777777777778,1,2,12.7,88,0.0,149,0.68,9,Pastures,pre_dashboard,401_1501
54.30722222222222,-0.9027777777777778,1,3,12.7,88,0.0,149,0.68,9,Pastures,pre_dashboard,401_1502
54.30722222222222,-0.9027777777777778,0,0,12.7,90,0.0,149,0.68,9,Pastures,pre_dashboard,401_1503
54.30722222222222,-0.9027777777777778,0,0,12.7,90,0.0,149,0.68,9,Pastures,pre_dashboard,401_1504
54.30722222222222,-0.9027777777777778,0,0,12.7,90,0.0,149,0.68,9,Pastures,pre_dashboard,401_1505
54.30722222222222,-0.9027777777777778,0,0,12.7,90,0.0,149,0.68,9,Pastures,pre_dashboard,401_1506
54.30722222222222,-0.9027777777777778,0,0,12.7,90,0.0,149,0.68,9,Pastures,pre_dashboard,401_1507
54.30722222222222,-0.9027777777777778,0,0,12.7,90,0.0,149,0.68,9,Pastures,pre_dashboard,401_1508
54.30722222222222,-0.9027777777777778,0,0,12.7,95,0.0,149,0.68,9,Pastures,pre_dashboard,401_1509
54.30722222222222,-0.9027777777777778,0,0,12.7,95,0.0,149,0.68,9,Pastures,pre_dashboard,401_1510
54.30722222222222,-0.9027777777777778,0,0,12.7,95,0.0,149,0.68,9,Pastures,pre_dashboard,401_1511
54.30722222222222,-0.9027777777777778,0,0,12.7,90,0.0,149,0.68,5,Pastures,pre_dashboard,401_1512
54.30722222222222,-0.9027777777777778,0,0,12.7,90,0.0,149,0.68,5,Pastures,pre_dashboard,401_1513
54.30722222222222,-0.9027777777777778,0,0,12.7,90,0.0,149,0.68,5,Pastures,pre_dashboard,401_1514
54.30722222222222,-0.9027777777777778,0,0,12.7,90,0.0,149,0.68,5,Pastures,pre_dashboard,401_1515
54.30722222222222,-0.9027777777777778,0,0,12.7,90,0.0,149,0.68,5,Pastures,pre_dashboard,401_1516
54.30722222222222,-0.9027777777777778,0,0,12.7,90,0.0,149,0.68,5,Pastures,pre_dashboard,401_1517
54.30722222222222,-0.9027777777777778,0,0,12.7,90,0.0,149,0.68,5,Pastures,pre_dashboard,401_1518
54.30722222222222,-0.9027777777777778,0,0,12.7,90,0.0,149,0.68,5,Pastures,pre_dashboard,401_1519
54.30722222222222,-0.9027777777777778,0,0,12.7,90,0.0,149,0.68,5,Pastures,pre_dashboard,401_1520
54.30722222222222,-0.9027777777777778,0,0,12.7,90,0.0,149,0.68,5,Pastures,pre_dashboard,401_1521
54.30722222222222,-0.9027777777777778,0,0,12.7,90,0.0,149,0.68,5,Pastures,pre_dashboard,401_1522
54.30722222222222,-0.9027777777777778,0,0,12.7,90,0.0,149,0.68,5,Pastures,pre_dashboard,401_1523
54.30722222222222,-0.9027777777777778,1,4,12.7,92,0.0,149,0.68,5,Pastures,pre_dashboard,401_1524
54.30722222222222,-0.9027777777777778,0,0,12.7,92,0.0,149,0.68,5,Pastures,pre_dashboard,401_1525
54.30722222222222,-0.9027777777777778,0,0,12.7,92,0.0,149,0.68,5,Pastures,pre_dashboard,401_1526
54.30722222222222,-0.9027777777777778,0,0,12.7,94,0.0,149,0.68,5,Pastures,pre_dashboard,401_1527
54.30722222222222,-0.9027777777777778,0,0,12.7,94,0.0,149,0.68,5,Pastures,pre_dashboard,401_1528
54.30722222222222,-0.9027777777777778,0,0,12.7,94,0.0,149,0.68,5,Pastures,pre_dashboard,401_1529
54.30722222222222,-0.9027777777777778,0,0,12.7,96,0.0,149,0.68,5,Pastures,pre_dashboard,401_1530
54.30722222222222,-0.9027777777777778,0,0,12.7,96,0.0,149,0.68,5,Pastures,pre_dashboard,401_1531
54.30722222222222,-0.9027777777777778,0,0,12.7,96,0.0,149,0.68,5,Pastures,pre_dashboard,401_1532
54.30722222222222,-0.9027777777777778,0,0,12.7,100,0.0,149,0.68,5,Pastures,pre_dashboard,401_1533
54.30722222222222,-0.9027777777777778,0,0,12.7,100,0.0,149,0.68,5,Pastures,pre_dashboard,401_1534
54.30722222222222,-0.9027777777777778,0,0,12.7,100,0.0,149,0.68,5,Pastures,pre_dashboard,401_1535
54.30722222222222,-0.9027777777777778,0,0,12.7,86,0.0,149,0.68,9,Pastures,pre_dashboard,401_1536
54.30722222222222,-0.9027777777777778,0,0,12.7,86,0.0,149,0.68,9,Pastures,pre_dashboard,401_1537
54.30722222222222,-0.9027777777777778,0,0,12.7,86,0.0,149,0.68,9,Pastures,pre_dashboard,401_1538
54.30722222222222,-0.9027777777777778,0,0,12.7,86,0.0,149,0.68,9,Pastures,pre_dashboard,401_1539
54.30722222222222,-0.9027777777777778,0,0,12.7,86,0.0,149,0.68,9,Pastures,pre_dashboard,401_1540
54.30722222222222,-0.9027777777777778,0,0,12.7,86,0.0,149,0.68,9,Pastures,pre_dashboard,401_1541
54.30722222222222,-0.9027777777777778,0,0,12.7,86,0.0,149,0.68,9,Pastures,pre_dashboard,401_1542
54.30722222222222,-0.9027777777777778,0,0,12.7,86,0.0,149,0.68,9,Pastures,pre_dashboard,401_1543
54.30722222222222,-0.9027777777777778,0,0,12.7,86,0.0,149,0.68,9,Pastures,pre_dashboard,401_1544
54.30722222222222,-0.9027777777777778,0,0,12.7,86,0.0,149,0.68,9,Pastures,pre_dashboard,401_1545
54.30722222222222,-0.9027777777777778,0,0,12.7,86,0.0,149,0.68,9,Pastures,pre_dashboard,401_1546
54.30722222222222,-0.9027777777777778,0,0,12.7,86,0.0,149,0.68,9,Pastures,pre_dashboard,401_1547
54.30722222222222,-0.9027777777777778,1,2,12.7,86,0.0,149,0.68,9,Pastures,pre_dashboard,401_1548
54.30722222222222,-0.9027777777777778,1,2,12.7,86,0.0,149,0.68,9,Pastures,pre_dashboard,401_1549
54.30722222222222,-0.9027777777777778,1,1,12.7,86,0.0,149,0.68,9,Pastures,pre_dashboard,401_1550
54.30722222222222,-0.9027777777777778,0,0,12.7,89,0.0,149,0.68,9,Pastures,pre_dashboard,401_1551
54.30722222222222,-0.9027777777777778,0,0,12.7,89,0.0,149,0.68,9,Pastures,pre_dashboard,401_1552
54.30722222222222,-0.9027777777777778,0,0,12.7,89,0.0,149,0.68,9,Pastures,pre_dashboard,401_1553
54.30722222222222,-0.9027777777777778,0,0,12.7,90,0.0,149,0.68,9,Pastures,pre_dashboard,401_1554
54.30722222222222,-0.9027777777777778,0,0,12.7,90,0.0,149,0.68,9,Pastures,pre_dashboard,401_1555
54.30722222222222,-0.9027777777777778,0,0,12.7,90,0.0,149,0.68,9,Pastures,pre_dashboard,401_1556
54.30722222222222,-0.9027777777777778,0,0,12.7,95,0.0,149,0.68,9,Pastures,pre_dashboard,401_1557
54.30722222222222,-0.9027777777777778,0,0,12.7,95,0.0,149,0.68,9,Pastures,pre_dashboard,401_1558
54.30722222222222,-0.9027777777777778,0,0,12.7,95,0.0,149,0.68,9,Pastures,pre_dashboard,401_1559
54.51972222222222,-2.105,0,0,16.0,88,5.857,397,0.59,6,Moors and heathland,pre_dashboard,402_1560
54.51972222222222,-2.105,0,0,16.0,88,5.857,397,0.59,6,Moors and heathland,pre_dashboard,402_1561
54.51972222222222,-2.105,0,0,16.0,88,5.857,397,0.59,6,Moors and heathland,pre_dashboard,402_1562
54.51972222222222,-2.105,0,0,16.0,88,5.857,397,0.59,6,Moors and heathland,pre_dashboard,402_1563
54.51972222222222,-2.105,0,0,16.0,88,5.857,397,0.59,6,Moors and heathland,pre_dashboard,402_1564
54.51972222222222,-2.105,0,0,16.0,88,5.857,397,0.59,6,Moors and heathland,pre_dashboard,402_1565
54.51972222222222,-2.105,0,0,16.0,90,5.857,397,0.59,6,Moors and heathland,pre_dashboard,402_1566
54.51972222222222,-2.105,0,0,16.0,90,5.857,397,0.59,6,Moors and heathland,pre_dashboard,402_1567
54.51972222222222,-2.105,0,0,16.0,90,5.857,397,0.59,6,Moors and heathland,pre_dashboard,402_1568
54.51972222222222,-2.105,0,0,16.0,92,5.857,397,0.59,6,Moors and heathland,pre_dashboard,402_1569
54.51972222222222,-2.105,0,0,16.0,92,5.857,397,0.59,6,Moors and heathland,pre_dashboard,402_1570
54.51972222222222,-2.105,0,0,16.0,92,5.857,397,0.59,6,Moors and heathland,pre_dashboard,402_1571
54.51972222222222,-2.105,1,2,16.0,94,5.857,397,0.59,6,Moors and heathland,pre_dashboard,402_1572
54.51972222222222,-2.105,0,0,16.0,94,5.857,397,0.59,6,Moors and heathland,pre_dashboard,402_1573
54.51972222222222,-2.105,0,0,16.0,94,5.857,397,0.59,6,Moors and heathland,pre_dashboard,402_1574
54.51972222222222,-2.105,0,0,16.0,100,5.857,397,0.59,6,Moors and heathland,pre_dashboard,402_1575
54.51972222222222,-2.105,0,0,16.0,100,5.857,397,0.59,6,Moors and heathland,pre_dashboard,402_1576
54.51972222222222,-2.105,0,0,16.0,100,5.857,397,0.59,6,Moors and heathland,pre_dashboard,402_1577
54.51972222222222,-2.105,0,0,16.0,100,5.857,397,0.59,6,Moors and heathland,pre_dashboard,402_1578
54.51972222222222,-2.105,0,0,16.0,100,5.857,397,0.59,6,Moors and heathland,pre_dashboard,402_1579
54.51972222222222,-2.105,0,0,16.0,100,5.857,397,0.59,6,Moors and heathland,pre_dashboard,402_1580
54.51972222222222,-2.105,0,0,16.0,100,5.857,397,0.59,6,Moors and heathland,pre_dashboard,402_1581
54.51972222222222,-2.105,0,0,16.0,100,5.857,397,0.59,6,Moors and heathland,pre_dashboard,402_1582
54.51972222222222,-2.105,0,0,16.0,100,5.857,397,0.59,6,Moors and heathland,pre_dashboard,402_1583
54.51972222222222,-2.105,0,0,16.0,82,5.857,397,0.59,10,Moors and heathland,pre_dashboard,402_1584
54.51972222222222,-2.105,0,0,16.0,82,5.857,397,0.59,10,Moors and heathland,pre_dashboard,402_1585
54.51972222222222,-2.105,0,0,16.0,82,5.857,397,0.59,10,Moors and heathland,pre_dashboard,402_1586
54.51972222222222,-2.105,0,0,16.0,82,5.857,397,0.59,10,Moors and heathland,pre_dashboard,402_1587
54.51972222222222,-2.105,0,0,16.0,82,5.857,397,0.59,10,Moors and heathland,pre_dashboard,402_1588
54.51972222222222,-2.105,0,0,16.0,82,5.857,397,0.59,10,Moors and heathland,pre_dashboard,402_1589
54.51972222222222,-2.105,0,0,16.0,84,5.857,397,0.59,10,Moors and heathland,pre_dashboard,402_1590
54.51972222222222,-2.105,0,0,16.0,84,5.857,397,0.59,10,Moors and heathland,pre_dashboard,402_1591
54.51972222222222,-2.105,0,0,16.0,84,5.857,397,0.59,10,Moors and heathland,pre_dashboard,402_1592
54.51972222222222,-2.105,0,0,16.0,84,5.857,397,0.59,10,Moors and heathland,pre_dashboard,402_1593
54.51972222222222,-2.105,0,0,16.0,84,5.857,397,0.59,10,Moors and heathland,pre_dashboard,402_1594
54.51972222222222,-2.105,0,0,16.0,84,5.857,397,0.59,10,Moors and heathland,pre_dashboard,402_1595
54.51972222222222,-2.105,1,4,16.0,86,5.857,397,0.59,10,Moors and heathland,pre_dashboard,402_1596
54.51972222222222,-2.105,0,0,16.0,86,5.857,397,0.59,10,Moors and heathland,pre_dashboard,402_1597
54.51972222222222,-2.105,1,2,16.0,86,5.857,397,0.59,10,Moors and heathland,pre_dashboard,402_1598
54.51972222222222,-2.105,0,0,16.0,90,5.857,397,0.59,10,Moors and heathland,pre_dashboard,402_1599
54.51972222222222,-2.105,0,0,16.0,90,5.857,397,0.59,10,Moors and heathland,pre_dashboard,402_1600
54.51972222222222,-2.105,0,0,16.0,90,5.857,397,0.59,10,Moors and heathland,pre_dashboard,402_1601
54.51972222222222,-2.105,0,0,16.0,95,5.857,397,0.59,10,Moors and heathland,pre_dashboard,402_1602
54.51972222222222,-2.105,0,0,16.0,95,5.857,397,0.59,10,Moors and heathland,pre_dashboard,402_1603
54.51972222222222,-2.105,0,0,16.0,95,5.857,397,0.59,10,Moors and heathland,pre_dashboard,402_1604
54.51972222222222,-2.105,0,0,16.0,100,5.857,397,0.59,10,Moors and heathland,pre_dashboard,402_1605
54.51972222222222,-2.105,0,0,16.0,100,5.857,397,0.59,10,Moors and heathland,pre_dashboard,402_1606
54.51972222222222,-2.105,0,0,16.0,100,5.857,397,0.59,10,Moors and heathland,pre_dashboard,402_1607
54.51972222222222,-2.105,0,0,16.0,88,5.857,397,0.59,6,Moors and heathland,pre_dashboard,402_1608
54.51972222222222,-2.105,0,0,16.0,88,5.857,397,0.59,6,Moors and heathland,pre_dashboard,402_1609
54.51972222222222,-2.105,0,0,16.0,88,5.857,397,0.59,6,Moors and heathland,pre_dashboard,402_1610
54.51972222222222,-2.105,0,0,16.0,88,5.857,397,0.59,6,Moors and heathland,pre_dashboard,402_1611
54.51972222222222,-2.105,0,0,16.0,88,5.857,397,0.59,6,Moors and heathland,pre_dashboard,402_1612
54.51972222222222,-2.105,0,0,16.0,88,5.857,397,0.59,6,Moors and heathland,pre_dashboard,402_1613
54.51972222222222,-2.105,0,0,16.0,88,5.857,397,0.59,6,Moors and heathland,pre_dashboard,402_1614
54.51972222222222,-2.105,0,0,16.0,88,5.857,397,0.59,6,Moors and heathland,pre_dashboard,402_1615
54.51972222222222,-2.105,0,0,16.0,88,5.857,397,0.59,6,Moors and heathland,pre_dashboard,402_1616
54.51972222222222,-2.105,0,0,16.0,88,5.857,397,0.59,6,Moors and heathland,pre_dashboard,402_1617
54.51972222222222,-2.105,0,0,16.0,88,5.857,397,0.59,6,Moors and heathland,pre_dashboard,402_1618
54.51972222222222,-2.105,0,0,16.0,88,5.857,397,0.59,6,Moors and heathland,pre_dashboard,402_1619
54.51972222222222,-2.105,0,0,16.0,88,5.857,397,0.59,6,Moors and heathland,pre_dashboard,402_1620
54.51972222222222,-2.105,0,0,16.0,88,5.857,397,0.59,6,Moors and heathland,pre_dashboard,402_1621
54.51972222222222,-2.105,0,0,16.0,88,5.857,397,0.59,6,Moors and heathland,pre_dashboard,402_1622
54.51972222222222,-2.105,0,0,16.0,95,5.857,397,0.59,6,Moors and heathland,pre_dashboard,402_1623
54.51972222222222,-2.105,0,0,16.0,95,5.857,397,0.59,6,Moors and heathland,pre_dashboard,402_1624
54.51972222222222,-2.105,0,0,16.0,95,5.857,397,0.59,6,Moors and heathland,pre_dashboard,402_1625
54.51972222222222,-2.105,0,0,16.0,100,5.857,397,0.59,6,Moors and heathland,pre_dashboard,402_1626
54.51972222222222,-2.105,0,0,16.0,100,5.857,397,0.59,6,Moors and heathland,pre_dashboard,402_1627
54.51972222222222,-2.105,0,0,16.0,100,5.857,397,0.59,6,Moors and heathland,pre_dashboard,402_1628
54.51972222222222,-2.105,0,0,16.0,100,5.857,397,0.59,6,Moors and heathland,pre_dashboard,402_1629
54.51972222222222,-2.105,0,0,16.0,100,5.857,397,0.59,6,Moors and heathland,pre_dashboard,402_1630
54.51972222222222,-2.105,0,0,16.0,100,5.857,397,0.59,6,Moors and heathland,pre_dashboard,402_1631
54.51972222222222,-2.105,0,0,16.0,82,5.857,397,0.59,10,Moors and heathland,pre_dashboard,402_1632
54.51972222222222,-2.105,0,0,16.0,82,5.857,397,0.59,10,Moors and heathland,pre_dashboard,402_1633
54.51972222222222,-2.105,0,0,16.0,82,5.857,397,0.59,10,Moors and heathland,pre_dashboard,402_1634
54.51972222222222,-2.105,0,0,16.0,82,5.857,397,0.59,10,Moors and heathland,pre_dashboard,402_1635
54.51972222222222,-2.105,0,0,16.0,82,5.857,397,0.59,10,Moors and heathland,pre_dashboard,402_1636
54.51972222222222,-2.105,0,0,16.0,82,5.857,397,0.59,10,Moors and heathland,pre_dashboard,402_1637
54.51972222222222,-2.105,0,0,16.0,82,5.857,397,0.59,10,Moors and heathland,pre_dashboard,402_1638
54.51972222222222,-2.105,0,0,16.0,82,5.857,397,0.59,10,Moors and heathland,pre_dashboard,402_1639
54.51972222222222,-2.105,0,0,16.0,82,5.857,397,0.59,10,Moors and heathland,pre_dashboard,402_1640
54.51972222222222,-2.105,0,0,16.0,82,5.857,397,0.59,10,Moors and heathland,pre_dashboard,402_1641
54.51972222222222,-2.105,0,0,16.0,82,5.857,397,0.59,10,Moors and heathland,pre_dashboard,402_1642
54.51972222222222,-2.105,0,0,16.0,82,5.857,397,0.59,10,Moors and heathland,pre_dashboard,402_1643
54.51972222222222,-2.105,0,0,16.0,82,5.857,397,0.59,10,Moors and heathland,pre_dashboard,402_1644
54.51972222222222,-2.105,0,0,16.0,82,5.857,397,0.59,10,Moors and heathland,pre_dashboard,402_1645
54.51972222222222,-2.105,1,2,16.0,82,5.857,397,0.59,10,Moors and heathland,pre_dashboard,402_1646
54.51972222222222,-2.105,0,0,16.0,90,5.857,397,0.59,10,Moors and heathland,pre_dashboard,402_1647
54.51972222222222,-2.105,0,0,16.0,90,5.857,397,0.59,10,Moors and heathland,pre_dashboard,402_1648
54.51972222222222,-2.105,0,0,16.0,90,5.857,397,0.59,10,Moors and heathland,pre_dashboard,402_1649
54.51972222222222,-2.105,0,0,16.0,95,5.857,397,0.59,10,Moors and heathland,pre_dashboard,402_1650
54.51972222222222,-2.105,0,0,16.0,95,5.857,397,0.59,10,Moors and heathland,pre_dashboard,402_1651
54.51972222222222,-2.105,0,0,16.0,95,5.857,397,0.59,10,Moors and heathland,pre_dashboard,402_1652
54.51972222222222,-2.105,0,0,16.0,100,5.857,397,0.59,10,Moors and heathland,pre_dashboard,402_1653
54.51972222222222,-2.105,0,0,16.0,100,5.857,397,0.59,10,Moors and heathland,pre_dashboard,402_1654
54.51972222222222,-2.105,0,0,16.0,100,5.857,397,0.59,10,Moors and heathland,pre_dashboard,402_1655
54.16972222222222,-3.229252777777778,0,0,14.9,90,0.0,10,0.75,6,Pastures,pre_dashboard,403_1656
54.16972222222222,-3.229252777777778,0,0,14.9,90,0.0,10,0.75,6,Pastures,pre_dashboard,403_1657
54.16972222222222,-3.229252777777778,0,0,14.9,90,0.0,10,0.75,6,Pastures,pre_dashboard,403_1658
54.16972222222222,-3.229252777777778,0,0,14.9,92,0.0,10,0.75,6,Pastures,pre_dashboard,403_1659
54.16972222222222,-3.229252777777778,0,0,14.9,92,0.0,10,0.75,6,Pastures,pre_dashboard,403_1660
54.16972222222222,-3.229252777777778,0,0,14.9,92,0.0,10,0.75,6,Pastures,pre_dashboard,403_1661
54.16972222222222,-3.229252777777778,0,0,14.9,95,0.0,10,0.75,6,Pastures,pre_dashboard,403_1662
54.16972222222222,-3.229252777777778,0,0,14.9,95,0.0,10,0.75,6,Pastures,pre_dashboard,403_1663
54.16972222222222,-3.229252777777778,0,0,14.9,95,0.0,10,0.75,6,Pastures,pre_dashboard,403_1664
54.16972222222222,-3.229252777777778,0,0,14.9,96,0.0,10,0.75,6,Pastures,pre_dashboard,403_1665
54.16972222222222,-3.229252777777778,0,0,14.9,96,0.0,10,0.75,6,Pastures,pre_dashboard,403_1666
54.16972222222222,-3.229252777777778,0,0,14.9,96,0.0,10,0.75,6,Pastures,pre_dashboard,403_1667
54.16972222222222,-3.229252777777778,1,12,14.9,98,0.0,10,0.75,6,Pastures,pre_dashboard,403_1668
54.16972222222222,-3.229252777777778,1,3,14.9,98,0.0,10,0.75,6,Pastures,pre_dashboard,403_1669
54.16972222222222,-3.229252777777778,1,2,14.9,98,0.0,10,0.75,6,Pastures,pre_dashboard,403_1670
54.16972222222222,-3.229252777777778,0,0,14.9,98,0.0,10,0.75,6,Pastures,pre_dashboard,403_1671
54.16972222222222,-3.229252777777778,0,0,14.9,98,0.0,10,0.75,6,Pastures,pre_dashboard,403_1672
54.16972222222222,-3.229252777777778,0,0,14.9,98,0.0,10,0.75,6,Pastures,pre_dashboard,403_1673
54.16972222222222,-3.229252777777778,0,0,14.9,96,0.0,10,0.75,6,Pastures,pre_dashboard,403_1674
54.16972222222222,-3.229252777777778,0,0,14.9,96,0.0,10,0.75,6,Pastures,pre_dashboard,403_1675
54.16972222222222,-3.229252777777778,0,0,14.9,96,0.0,10,0.75,6,Pastures,pre_dashboard,403_1676
54.16972222222222,-3.229252777777778,0,0,14.9,98,0.0,10,0.75,6,Pastures,pre_dashboard,403_1677
54.16972222222222,-3.229252777777778,0,0,14.9,98,0.0,10,0.75,6,Pastures,pre_dashboard,403_1678
54.16972222222222,-3.229252777777778,0,0,14.9,98,0.0,10,0.75,6,Pastures,pre_dashboard,403_1679
54.16972222222222,-3.229252777777778,0,0,14.9,90,0.0,10,0.75,9,Pastures,pre_dashboard,403_1680
54.16972222222222,-3.229252777777778,0,0,14.9,90,0.0,10,0.75,9,Pastures,pre_dashboard,403_1681
54.16972222222222,-3.229252777777778,0,0,14.9,90,0.0,10,0.75,9,Pastures,pre_dashboard,403_1682
54.16972222222222,-3.229252777777778,0,0,14.9,90,0.0,10,0.75,9,Pastures,pre_dashboard,403_1683
54.16972222222222,-3.229252777777778,0,0,14.9,90,0.0,10,0.75,9,Pastures,pre_dashboard,403_1684
54.16972222222222,-3.229252777777778,0,0,14.9,90,0.0,10,0.75,9,Pastures,pre_dashboard,403_1685
54.16972222222222,-3.229252777777778,0,0,14.9,92,0.0,10,0.75,9,Pastures,pre_dashboard,403_1686
54.16972222222222,-3.229252777777778,0,0,14.9,92,0.0,10,0.75,9,Pastures,pre_dashboard,403_1687
54.16972222222222,-3.229252777777778,0,0,14.9,92,0.0,10,0.75,9,Pastures,pre_dashboard,403_1688
54.16972222222222,-3.229252777777778,0,0,14.9,94,0.0,10,0.75,9,Pastures,pre_dashboard,403_1689
54.16972222222222,-3.229252777777778,0,0,14.9,94,0.0,10,0.75,9,Pastures,pre_dashboard,403_1690
54.16972222222222,-3.229252777777778,0,0,14.9,94,0.0,10,0.75,9,Pastures,pre_dashboard,403_1691
54.16972222222222,-3.229252777777778,1,10,14.9,94,0.0,10,0.75,9,Pastures,pre_dashboard,403_1692
54.16972222222222,-3.229252777777778,1,3,14.9,94,0.0,10,0.75,9,Pastures,pre_dashboard,403_1693
54.16972222222222,-3.229252777777778,1,3,14.9,94,0.0,10,0.75,9,Pastures,pre_dashboard,403_1694
54.16972222222222,-3.229252777777778,0,0,14.9,96,0.0,10,0.75,9,Pastures,pre_dashboard,403_1695
54.16972222222222,-3.229252777777778,0,0,14.9,96,0.0,10,0.75,9,Pastures,pre_dashboard,403_1696
54.16972222222222,-3.229252777777778,0,0,14.9,96,0.0,10,0.75,9,Pastures,pre_dashboard,403_1697
54.16972222222222,-3.229252777777778,0,0,14.9,96,0.0,10,0.75,9,Pastures,pre_dashboard,403_1698
54.16972222222222,-3.229252777777778,0,0,14.9,96,0.0,10,0.75,9,Pastures,pre_dashboard,403_1699
54.16972222222222,-3.229252777777778,0,0,14.9,96,0.0,10,0.75,9,Pastures,pre_dashboard,403_1700
54.16972222222222,-3.229252777777778,0,0,14.9,100,0.0,10,0.75,9,Pastures,pre_dashboard,403_1701
54.16972222222222,-3.229252777777778,0,0,14.9,100,0.0,10,0.75,9,Pastures,pre_dashboard,403_1702
54.16972222222222,-3.229252777777778,0,0,14.9,100,0.0,10,0.75,9,Pastures,pre_dashboard,403_1703
54.16972222222222,-3.229252777777778,0,0,14.9,90,0.0,10,0.75,6,Pastures,pre_dashboard,403_1704
54.16972222222222,-3.229252777777778,0,0,14.9,90,0.0,10,0.75,6,Pastures,pre_dashboard,403_1705
54.16972222222222,-3.229252777777778,0,0,14.9,90,0.0,10,0.75,6,Pastures,pre_dashboard,403_1706
54.16972222222222,-3.229252777777778,0,0,14.9,90,0.0,10,0.75,6,Pastures,pre_dashboard,403_1707
54.16972222222222,-3.229252777777778,0,0,14.9,90,0.0,10,0.75,6,Pastures,pre_dashboard,403_1708
54.16972222222222,-3.229252777777778,0,0,14.9,90,0.0,10,0.75,6,Pastures,pre_dashboard,403_1709
54.16972222222222,-3.229252777777778,0,0,14.9,90,0.0,10,0.75,6,Pastures,pre_dashboard,403_1710
54.16972222222222,-3.229252777777778,0,0,14.9,90,0.0,10,0.75,6,Pastures,pre_dashboard,403_1711
54.16972222222222,-3.229252777777778,0,0,14.9,90,0.0,10,0.75,6,Pastures,pre_dashboard,403_1712
54.16972222222222,-3.229252777777778,0,0,14.9,90,0.0,10,0.75,6,Pastures,pre_dashboard,403_1713
54.16972222222222,-3.229252777777778,0,0,14.9,90,0.0,10,0.75,6,Pastures,pre_dashboard,403_1714
54.16972222222222,-3.229252777777778,0,0,14.9,90,0.0,10,0.75,6,Pastures,pre_dashboard,403_1715
54.16972222222222,-3.229252777777778,1,2,14.9,88,0.0,10,0.75,6,Pastures,pre_dashboard,403_1716
54.16972222222222,-3.229252777777778,0,0,14.9,88,0.0,10,0.75,6,Pastures,pre_dashboard,403_1717
54.16972222222222,-3.229252777777778,0,0,14.9,88,0.0,10,0.75,6,Pastures,pre_dashboard,403_1718
54.16972222222222,-3.229252777777778,0,0,14.9,92,0.0,10,0.75,6,Pastures,pre_dashboard,403_1719
54.16972222222222,-3.229252777777778,0,0,14.9,92,0.0,10,0.75,6,Pastures,pre_dashboard,403_1720
54.16972222222222,-3.229252777777778,0,0,14.9,92,0.0,10,0.75,6,Pastures,pre_dashboard,403_1721
54.16972222222222,-3.229252777777778,0,0,14.9,94,0.0,10,0.75,6,Pastures,pre_dashboard,403_1722
54.16972222222222,-3.229252777777778,0,0,14.9,94,0.0,10,0.75,6,Pastures,pre_dashboard,403_1723
54.16972222222222,-3.229252777777778,0,0,14.9,94,0.0,10,0.75,6,Pastures,pre_dashboard,403_1724
54.16972222222222,-3.229252777777778,0,0,14.9,98,0.0,10,0.75,6,Pastures,pre_dashboard,403_1725
54.16972222222222,-3.229252777777778,0,0,14.9,98,0.0,10,0.75,6,Pastures,pre_dashboard,403_1726
54.16972222222222,-3.229252777777778,0,0,14.9,98,0.0,10,0.75,6,Pastures,pre_dashboard,403_1727
54.16972222222222,-3.229252777777778,0,0,14.9,90,0.0,10,0.75,9,Pastures,pre_dashboard,403_1728
54.16972222222222,-3.229252777777778,0,0,14.9,90,0.0,10,0.75,9,Pastures,pre_dashboard,403_1729
54.16972222222222,-3.229252777777778,0,0,14.9,90,0.0,10,0.75,9,Pastures,pre_dashboard,403_1730
54.16972222222222,-3.229252777777778,0,0,14.9,90,0.0,10,0.75,9,Pastures,pre_dashboard,403_1731
54.16972222222222,-3.229252777777778,0,0,14.9,90,0.0,10,0.75,9,Pastures,pre_dashboard,403_1732
54.16972222222222,-3.229252777777778,0,0,14.9,90,0.0,10,0.75,9,Pastures,pre_dashboard,403_1733
54.16972222222222,-3.229252777777778,0,0,14.9,90,0.0,10,0.75,9,Pastures,pre_dashboard,403_1734
54.16972222222222,-3.229252777777778,0,0,14.9,90,0.0,10,0.75,9,Pastures,pre_dashboard,403_1735
54.16972222222222,-3.229252777777778,0,0,14.9,90,0.0,10,0.75,9,Pastures,pre_dashboard,403_1736
54.16972222222222,-3.229252777777778,0,0,14.9,90,0.0,10,0.75,9,Pastures,pre_dashboard,403_1737
54.16972222222222,-3.229252777777778,0,0,14.9,90,0.0,10,0.75,9,Pastures,pre_dashboard,403_1738
54.16972222222222,-3.229252777777778,0,0,14.9,90,0.0,10,0.75,9,Pastures,pre_dashboard,403_1739
54.16972222222222,-3.229252777777778,0,0,14.9,90,0.0,10,0.75,9,Pastures,pre_dashboard,403_1740
54.16972222222222,-3.229252777777778,0,0,14.9,90,0.0,10,0.75,9,Pastures,pre_dashboard,403_1741
54.16972222222222,-3.229252777777778,0,0,14.9,90,0.0,10,0.75,9,Pastures,pre_dashboard,403_1742
54.16972222222222,-3.229252777777778,0,0,14.9,96,0.0,10,0.75,9,Pastures,pre_dashboard,403_1743
54.16972222222222,-3.229252777777778,0,0,14.9,96,0.0,10,0.75,9,Pastures,pre_dashboard,403_1744
54.16972222222222,-3.229252777777778,0,0,14.9,96,0.0,10,0.75,9,Pastures,pre_dashboard,403_1745
54.16972222222222,-3.229252777777778,0,0,14.9,100,0.0,10,0.75,9,Pastures,pre_dashboard,403_1746
54.16972222222222,-3.229252777777778,0,0,14.9,100,0.0,10,0.75,9,Pastures,pre_dashboard,403_1747
54.16972222222222,-3.229252777777778,0,0,14.9,100,0.0,10,0.75,9,Pastures,pre_dashboard,403_1748
54.16972222222222,-3.229252777777778,0,0,14.9,100,0.0,10,0.75,9,Pastures,pre_dashboard,403_1749
54.16972222222222,-3.229252777777778,0,0,14.9,100,0.0,10,0.75,9,Pastures,pre_dashboard,403_1750
54.16972222222222,-3.229252777777778,0,0,14.9,100,0.0,10,0.75,9,Pastures,pre_dashboard,403_1751
54.92305555555555,-2.2225,0,0,24.0,72,1.59,320,0.55,6,Moors and heathland,pre_dashboard,404_1752
54.92305555555555,-2.2225,0,0,24.0,72,1.59,320,0.55,6,Moors and heathland,pre_dashboard,404_1753
54.92305555555555,-2.2225,0,0,24.0,72,1.59,320,0.55,6,Moors and heathland,pre_dashboard,404_1754
54.92305555555555,-2.2225,0,0,24.0,76,1.59,320,0.55,6,Moors and heathland,pre_dashboard,404_1755
54.92305555555555,-2.2225,0,0,24.0,76,1.59,320,0.55,6,Moors and heathland,pre_dashboard,404_1756
54.92305555555555,-2.2225,0,0,24.0,76,1.59,320,0.55,6,Moors and heathland,pre_dashboard,404_1757
54.92305555555555,-2.2225,0,0,24.0,82,1.59,320,0.55,6,Moors and heathland,pre_dashboard,404_1758
54.92305555555555,-2.2225,0,0,24.0,82,1.59,320,0.55,6,Moors and heathland,pre_dashboard,404_1759
54.92305555555555,-2.2225,1,1,24.0,82,1.59,320,0.55,6,Moors and heathland,pre_dashboard,404_1760
54.92305555555555,-2.2225,1,5,24.0,82,1.59,320,0.55,6,Moors and heathland,pre_dashboard,404_1761
54.92305555555555,-2.2225,1,3,24.0,82,1.59,320,0.55,6,Moors and heathland,pre_dashboard,404_1762
54.92305555555555,-2.2225,1,2,24.0,82,1.59,320,0.55,6,Moors and heathland,pre_dashboard,404_1763
54.92305555555555,-2.2225,1,52,24.0,84,1.59,320,0.55,6,Moors and heathland,pre_dashboard,404_1764
54.92305555555555,-2.2225,1,11,24.0,84,1.59,320,0.55,6,Moors and heathland,pre_dashboard,404_1765
54.92305555555555,-2.2225,1,10,24.0,84,1.59,320,0.55,6,Moors and heathland,pre_dashboard,404_1766
54.92305555555555,-2.2225,0,0,24.0,86,1.59,320,0.55,6,Moors and heathland,pre_dashboard,404_1767
54.92305555555555,-2.2225,0,0,24.0,86,1.59,320,0.55,6,Moors and heathland,pre_dashboard,404_1768
54.92305555555555,-2.2225,0,0,24.0,86,1.59,320,0.55,6,Moors and heathland,pre_dashboard,404_1769
54.92305555555555,-2.2225,0,0,24.0,100,1.59,320,0.55,6,Moors and heathland,pre_dashboard,404_1770
54.92305555555555,-2.2225,0,0,24.0,100,1.59,320,0.55,6,Moors and heathland,pre_dashboard,404_1771
54.92305555555555,-2.2225,0,0,24.0,100,1.59,320,0.55,6,Moors and heathland,pre_dashboard,404_1772
54.92305555555555,-2.2225,0,0,24.0,100,1.59,320,0.55,6,Moors and heathland,pre_dashboard,404_1773
54.92305555555555,-2.2225,0,0,24.0,100,1.59,320,0.55,6,Moors and heathland,pre_dashboard,404_1774
54.92305555555555,-2.2225,0,0,24.0,100,1.59,320,0.55,6,Moors and heathland,pre_dashboard,404_1775
54.92305555555555,-2.2225,0,0,24.0,80,1.59,320,0.55,10,Moors and heathland,pre_dashboard,404_1776
54.92305555555555,-2.2225,0,0,24.0,80,1.59,320,0.55,10,Moors and heathland,pre_dashboard,404_1777
54.92305555555555,-2.2225,0,0,24.0,80,1.59,320,0.55,10,Moors and heathland,pre_dashboard,404_1778
54.92305555555555,-2.2225,0,0,24.0,82,1.59,320,0.55,10,Moors and heathland,pre_dashboard,404_1779
54.92305555555555,-2.2225,0,0,24.0,82,1.59,320,0.55,10,Moors and heathland,pre_dashboard,404_1780
54.92305555555555,-2.2225,0,0,24.0,82,1.59,320,0.55,10,Moors and heathland,pre_dashboard,404_1781
54.92305555555555,-2.2225,0,0,24.0,84,1.59,320,0.55,10,Moors and heathland,pre_dashboard,404_1782
54.92305555555555,-2.2225,0,0,24.0,84,1.59,320,0.55,10,Moors and heathland,pre_dashboard,404_1783
54.92305555555555,-2.2225,0,0,24.0,84,1.59,320,0.55,10,Moors and heathland,pre_dashboard,404_1784
54.92305555555555,-2.2225,0,0,24.0,84,1.59,320,0.55,10,Moors and heathland,pre_dashboard,404_1785
54.92305555555555,-2.2225,1,3,24.0,84,1.59,320,0.55,10,Moors and heathland,pre_dashboard,404_1786
54.92305555555555,-2.2225,1,1,24.0,84,1.59,320,0.55,10,Moors and heathland,pre_dashboard,404_1787
54.92305555555555,-2.2225,1,21,24.0,86,1.59,320,0.55,10,Moors and heathland,pre_dashboard,404_1788
54.92305555555555,-2.2225,1,12,24.0,86,1.59,320,0.55,10,Moors and heathland,pre_dashboard,404_1789
54.92305555555555,-2.2225,1,10,24.0,86,1.59,320,0.55,10,Moors and heathland,pre_dashboard,404_1790
54.92305555555555,-2.2225,0,0,24.0,86,1.59,320,0.55,10,Moors and heathland,pre_dashboard,404_1791
54.92305555555555,-2.2225,0,0,24.0,86,1.59,320,0.55,10,Moors and heathland,pre_dashboard,404_1792
54.92305555555555,-2.2225,0,0,24.0,86,1.59,320,0.55,10,Moors and heathland,pre_dashboard,404_1793
54.92305555555555,-2.2225,0,0,24.0,100,1.59,320,0.55,10,Moors and heathland,pre_dashboard,404_1794
54.92305555555555,-2.2225,0,0,24.0,100,1.59,320,0.55,10,Moors and heathland,pre_dashboard,404_1795
54.92305555555555,-2.2225,0,0,24.0,100,1.59,320,0.55,10,Moors and heathland,pre_dashboard,404_1796
54.92305555555555,-2.2225,0,0,24.0,100,1.59,320,0.55,10,Moors and heathland,pre_dashboard,404_1797
54.92305555555555,-2.2225,0,0,24.0,100,1.59,320,0.55,10,Moors and heathland,pre_dashboard,404_1798
54.92305555555555,-2.2225,0,0,24.0,100,1.59,320,0.55,10,Moors and heathland,pre_dashboard,404_1799
54.92305555555555,-2.2225,0,0,24.0,72,1.59,320,0.55,6,Moors and heathland,pre_dashboard,404_1800
54.92305555555555,-2.2225,0,0,24.0,72,1.59,320,0.55,6,Moors and heathland,pre_dashboard,404_1801
54.92305555555555,-2.2225,0,0,24.0,72,1.59,320,0.55,6,Moors and heathland,pre_dashboard,404_1802
54.92305555555555,-2.2225,0,0,24.0,76,1.59,320,0.55,6,Moors and heathland,pre_dashboard,404_1803
54.92305555555555,-2.2225,0,0,24.0,76,1.59,320,0.55,6,Moors and heathland,pre_dashboard,404_1804
54.92305555555555,-2.2225,0,0,24.0,76,1.59,320,0.55,6,Moors and heathland,pre_dashboard,404_1805
54.92305555555555,-2.2225,0,0,24.0,82,1.59,320,0.55,6,Moors and heathland,pre_dashboard,404_1806
54.92305555555555,-2.2225,0,0,24.0,82,1.59,320,0.55,6,Moors and heathland,pre_dashboard,404_1807
54.92305555555555,-2.2225,0,0,24.0,82,1.59,320,0.55,6,Moors and heathland,pre_dashboard,404_1808
54.92305555555555,-2.2225,0,0,24.0,83,1.59,320,0.55,6,Moors and heathland,pre_dashboard,404_1809
54.92305555555555,-2.2225,0,0,24.0,83,1.59,320,0.55,6,Moors and heathland,pre_dashboard,404_1810
54.92305555555555,-2.2225,0,0,24.0,83,1.59,320,0.55,6,Moors and heathland,pre_dashboard,404_1811
54.92305555555555,-2.2225,1,4,24.0,84,1.59,320,0.55,6,Moors and heathland,pre_dashboard,404_1812
54.92305555555555,-2.2225,0,0,24.0,84,1.59,320,0.55,6,Moors and heathland,pre_dashboard,404_1813
54.92305555555555,-2.2225,1,2,24.0,84,1.59,320,0.55,6,Moors and heathland,pre_dashboard,404_1814
54.92305555555555,-2.2225,0,0,24.0,86,1.59,320,0.55,6,Moors and heathland,pre_dashboard,404_1815
54.92305555555555,-2.2225,0,0,24.0,86,1.59,320,0.55,6,Moors and heathland,pre_dashboard,404_1816
54.92305555555555,-2.2225,0,0,24.0,86,1.59,320,0.55,6,Moors and heathland,pre_dashboard,404_1817
54.92305555555555,-2.2225,0,0,24.0,100,1.59,320,0.55,6,Moors and heathland,pre_dashboard,404_1818
54.92305555555555,-2.2225,0,0,24.0,100,1.59,320,0.55,6,Moors and heathland,pre_dashboard,404_1819
54.92305555555555,-2.2225,0,0,24.0,100,1.59,320,0.55,6,Moors and heathland,pre_dashboard,404_1820
54.92305555555555,-2.2225,0,0,24.0,100,1.59,320,0.55,6,Moors and heathland,pre_dashboard,404_1821
54.92305555555555,-2.2225,0,0,24.0,100,1.59,320,0.55,6,Moors and heathland,pre_dashboard,404_1822
54.92305555555555,-2.2225,0,0,24.0,100,1.59,320,0.55,6,Moors and heathland,pre_dashboard,404_1823
54.92305555555555,-2.2225,0,0,24.0,80,1.59,320,0.55,10,Moors and heathland,pre_dashboard,404_1824
54.92305555555555,-2.2225,0,0,24.0,80,1.59,320,0.55,10,Moors and heathland,pre_dashboard,404_1825
54.92305555555555,-2.2225,0,0,24.0,80,1.59,320,0.55,10,Moors and heathland,pre_dashboard,404_1826
54.92305555555555,-2.2225,0,0,24.0,82,1.59,320,0.55,10,Moors and heathland,pre_dashboard,404_1827
54.92305555555555,-2.2225,0,0,24.0,82,1.59,320,0.55,10,Moors and heathland,pre_dashboard,404_1828
54.92305555555555,-2.2225,0,0,24.0,82,1.59,320,0.55,10,Moors and heathland,pre_dashboard,404_1829
54.92305555555555,-2.2225,0,0,24.0,84,1.59,320,0.55,10,Moors and heathland,pre_dashboard,404_1830
54.92305555555555,-2.2225,0,0,24.0,84,1.59,320,0.55,10,Moors and heathland,pre_dashboard,404_1831
54.92305555555555,-2.2225,0,0,24.0,84,1.59,320,0.55,10,Moors and heathland,pre_dashboard,404_1832
54.92305555555555,-2.2225,0,0,24.0,84,1.59,320,0.55,10,Moors and heathland,pre_dashboard,404_1833
54.92305555555555,-2.2225,0,0,24.0,84,1.59,320,0.55,10,Moors and heathland,pre_dashboard,404_1834
54.92305555555555,-2.2225,0,0,24.0,84,1.59,320,0.55,10,Moors and heathland,pre_dashboard,404_1835
54.92305555555555,-2.2225,1,6,24.0,86,1.59,320,0.55,10,Moors and heathland,pre_dashboard,404_1836
54.92305555555555,-2.2225,1,1,24.0,86,1.59,320,0.55,10,Moors and heathland,pre_dashboard,404_1837
54.92305555555555,-2.2225,1,3,24.0,86,1.59,320,0.55,10,Moors and heathland,pre_dashboard,404_1838
54.92305555555555,-2.2225,0,0,24.0,86,1.59,320,0.55,10,Moors and heathland,pre_dashboard,404_1839
54.92305555555555,-2.2225,0,0,24.0,86,1.59,320,0.55,10,Moors and heathland,pre_dashboard,404_1840
54.92305555555555,-2.2225,0,0,24.0,86,1.59,320,0.55,10,Moors and heathland,pre_dashboard,404_1841
54.92305555555555,-2.2225,0,0,24.0,100,1.59,320,0.55,10,Moors and heathland,pre_dashboard,404_1842
54.92305555555555,-2.2225,0,0,24.0,100,1.59,320,0.55,10,Moors and heathland,pre_dashboard,404_1843
54.92305555555555,-2.2225,0,0,24.0,100,1.59,320,0.55,10,Moors and heathland,pre_dashboard,404_1844
54.92305555555555,-2.2225,0,0,24.0,100,1.59,320,0.55,10,Moors and heathland,pre_dashboard,404_1845
54.92305555555555,-2.2225,0,0,24.0,100,1.59,320,0.55,10,Moors and heathland,pre_dashboard,404_1846
54.92305555555555,-2.2225,0,0,24.0,100,1.59,320,0.55,10,Moors and heathland,pre_dashboard,404_1847
55.26694444444444,-2.154444444444444,0,0,8.8,90,0.026,320,0.56,6,Natural grasslands,pre_dashboard,405_1848
55.26694444444444,-2.154444444444444,0,0,8.8,90,0.026,292,0.56,6,Natural grasslands,pre_dashboard,405_1849
55.26694444444444,-2.154444444444444,0,0,8.8,90,0.026,292,0.56,6,Natural grasslands,pre_dashboard,405_1850
55.26694444444444,-2.154444444444444,0,0,8.8,92,0.026,292,0.56,6,Natural grasslands,pre_dashboard,405_1851
55.26694444444444,-2.154444444444444,0,0,8.8,92,0.026,292,0.56,6,Natural grasslands,pre_dashboard,405_1852
55.26694444444444,-2.154444444444444,0,0,8.8,92,0.026,292,0.56,6,Natural grasslands,pre_dashboard,405_1853
55.26694444444444,-2.154444444444444,0,0,8.8,94,0.026,292,0.56,6,Natural grasslands,pre_dashboard,405_1854
55.26694444444444,-2.154444444444444,0,0,8.8,94,0.026,292,0.56,6,Natural grasslands,pre_dashboard,405_1855
55.26694444444444,-2.154444444444444,0,0,8.8,94,0.026,292,0.56,6,Natural grasslands,pre_dashboard,405_1856
55.26694444444444,-2.154444444444444,1,18,8.8,96,0.026,292,0.56,6,Natural grasslands,pre_dashboard,405_1857
55.26694444444444,-2.154444444444444,1,6,8.8,96,0.026,292,0.56,6,Natural grasslands,pre_dashboard,405_1858
55.26694444444444,-2.154444444444444,1,4,8.8,96,0.026,292,0.56,6,Natural grasslands,pre_dashboard,405_1859
55.26694444444444,-2.154444444444444,1,80,8.8,96,0.026,292,0.56,6,Natural grasslands,pre_dashboard,405_1860
55.26694444444444,-2.154444444444444,1,11,8.8,96,0.026,292,0.56,6,Natural grasslands,pre_dashboard,405_1861
55.26694444444444,-2.154444444444444,1,8,8.8,96,0.026,292,0.56,6,Natural grasslands,pre_dashboard,405_1862
55.26694444444444,-2.154444444444444,0,0,8.8,99,0.026,292,0.56,6,Natural grasslands,pre_dashboard,405_1863
55.26694444444444,-2.154444444444444,0,0,8.8,99,0.026,292,0.56,6,Natural grasslands,pre_dashboard,405_1864
55.26694444444444,-2.154444444444444,0,0,8.8,99,0.026,292,0.56,6,Natural grasslands,pre_dashboard,405_1865
55.26694444444444,-2.154444444444444,0,0,8.8,99,0.026,292,0.56,6,Natural grasslands,pre_dashboard,405_1866
55.26694444444444,-2.154444444444444,0,0,8.8,99,0.026,292,0.56,6,Natural grasslands,pre_dashboard,405_1867
55.26694444444444,-2.154444444444444,0,0,8.8,99,0.026,292,0.56,6,Natural grasslands,pre_dashboard,405_1868
55.26694444444444,-2.154444444444444,0,0,8.8,99,0.026,292,0.56,6,Natural grasslands,pre_dashboard,405_1869
55.26694444444444,-2.154444444444444,0,0,8.8,99,0.026,292,0.56,6,Natural grasslands,pre_dashboard,405_1870
55.26694444444444,-2.154444444444444,0,0,8.8,99,0.026,292,0.56,6,Natural grasslands,pre_dashboard,405_1871
55.26694444444444,-2.154444444444444,0,0,8.8,92,0.026,292,0.56,9,Natural grasslands,pre_dashboard,405_1872
55.26694444444444,-2.154444444444444,0,0,8.8,92,0.026,292,0.56,9,Natural grasslands,pre_dashboard,405_1873
55.26694444444444,-2.154444444444444,0,0,8.8,92,0.026,292,0.56,9,Natural grasslands,pre_dashboard,405_1874
55.26694444444444,-2.154444444444444,0,0,8.8,94,0.026,292,0.56,9,Natural grasslands,pre_dashboard,405_1875
55.26694444444444,-2.154444444444444,0,0,8.8,94,0.026,292,0.56,9,Natural grasslands,pre_dashboard,405_1876
55.26694444444444,-2.154444444444444,0,0,8.8,94,0.026,292,0.56,9,Natural grasslands,pre_dashboard,405_1877
55.26694444444444,-2.154444444444444,0,0,8.8,96,0.026,292,0.56,9,Natural grasslands,pre_dashboard,405_1878
55.26694444444444,-2.154444444444444,0,0,8.8,96,0.026,292,0.56,9,Natural grasslands,pre_dashboard,405_1879
55.26694444444444,-2.154444444444444,0,0,8.8,96,0.026,292,0.56,9,Natural grasslands,pre_dashboard,405_1880
55.26694444444444,-2.154444444444444,1,18,8.8,96,0.026,292,0.56,9,Natural grasslands,pre_dashboard,405_1881
55.26694444444444,-2.154444444444444,1,9,8.8,96,0.026,292,0.56,9,Natural grasslands,pre_dashboard,405_1882
55.26694444444444,-2.154444444444444,1,6,8.8,96,0.026,292,0.56,9,Natural grasslands,pre_dashboard,405_1883
55.26694444444444,-2.154444444444444,1,990,8.8,96,0.026,292,0.56,9,Natural grasslands,pre_dashboard,405_1884
55.26694444444444,-2.154444444444444,1,22,8.8,96,0.026,292,0.56,9,Natural grasslands,pre_dashboard,405_1885
55.26694444444444,-2.154444444444444,1,13,8.8,96,0.026,292,0.56,9,Natural grasslands,pre_dashboard,405_1886
55.26694444444444,-2.154444444444444,0,0,8.8,98,0.026,292,0.56,9,Natural grasslands,pre_dashboard,405_1887
55.26694444444444,-2.154444444444444,0,0,8.8,98,0.026,292,0.56,9,Natural grasslands,pre_dashboard,405_1888
55.26694444444444,-2.154444444444444,0,0,8.8,98,0.026,292,0.56,9,Natural grasslands,pre_dashboard,405_1889
55.26694444444444,-2.154444444444444,0,0,8.8,99,0.026,292,0.56,9,Natural grasslands,pre_dashboard,405_1890
55.26694444444444,-2.154444444444444,0,0,8.8,99,0.026,292,0.56,9,Natural grasslands,pre_dashboard,405_1891
55.26694444444444,-2.154444444444444,0,0,8.8,99,0.026,292,0.56,9,Natural grasslands,pre_dashboard,405_1892
55.26694444444444,-2.154444444444444,0,0,8.8,99,0.026,292,0.56,9,Natural grasslands,pre_dashboard,405_1893
55.26694444444444,-2.154444444444444,0,0,8.8,99,0.026,292,0.56,9,Natural grasslands,pre_dashboard,405_1894
55.26694444444444,-2.154444444444444,0,0,8.8,99,0.026,292,0.56,9,Natural grasslands,pre_dashboard,405_1895
55.443888888888885,-1.9497222222222221,0,0,13.1,84,5.7,123,0.6,6,Broad-leaved forest,pre_dashboard,406_1896
55.443888888888885,-1.9497222222222221,0,0,13.1,84,5.7,123,0.6,6,Broad-leaved forest,pre_dashboard,406_1897
55.443888888888885,-1.9497222222222221,0,0,13.1,84,5.7,123,0.6,6,Broad-leaved forest,pre_dashboard,406_1898
55.443888888888885,-1.9497222222222221,0,0,13.1,86,5.7,123,0.6,6,Broad-leaved forest,pre_dashboard,406_1899
55.443888888888885,-1.9497222222222221,0,0,13.1,86,5.7,123,0.6,6,Broad-leaved forest,pre_dashboard,406_1900
55.443888888888885,-1.9497222222222221,0,0,13.1,86,5.7,123,0.6,6,Broad-leaved forest,pre_dashboard,406_1901
55.443888888888885,-1.9497222222222221,0,0,13.1,88,5.7,123,0.6,6,Broad-leaved forest,pre_dashboard,406_1902
55.443888888888885,-1.9497222222222221,0,0,13.1,88,5.7,123,0.6,6,Broad-leaved forest,pre_dashboard,406_1903
55.443888888888885,-1.9497222222222221,0,0,13.1,88,5.7,123,0.6,6,Broad-leaved forest,pre_dashboard,406_1904
55.443888888888885,-1.9497222222222221,0,0,13.1,88,5.7,123,0.6,6,Broad-leaved forest,pre_dashboard,406_1905
55.443888888888885,-1.9497222222222221,0,0,13.1,88,5.7,123,0.6,6,Broad-leaved forest,pre_dashboard,406_1906
55.443888888888885,-1.9497222222222221,0,0,13.1,88,5.7,123,0.6,6,Broad-leaved forest,pre_dashboard,406_1907
55.443888888888885,-1.9497222222222221,1,70,13.1,90,5.7,123,0.6,6,Broad-leaved forest,pre_dashboard,406_1908
55.443888888888885,-1.9497222222222221,1,8,13.1,90,5.7,123,0.6,6,Broad-leaved forest,pre_dashboard,406_1909
55.443888888888885,-1.9497222222222221,1,10,13.1,90,5.7,123,0.6,6,Broad-leaved forest,pre_dashboard,406_1910
55.443888888888885,-1.9497222222222221,0,0,13.1,98,5.7,123,0.6,6,Broad-leaved forest,pre_dashboard,406_1911
55.443888888888885,-1.9497222222222221,0,0,13.1,98,5.7,123,0.6,6,Broad-leaved forest,pre_dashboard,406_1912
55.443888888888885,-1.9497222222222221,0,0,13.1,98,5.7,123,0.6,6,Broad-leaved forest,pre_dashboard,406_1913
55.443888888888885,-1.9497222222222221,0,0,13.1,100,5.7,123,0.6,6,Broad-leaved forest,pre_dashboard,406_1914
55.443888888888885,-1.9497222222222221,0,0,13.1,100,5.7,123,0.6,6,Broad-leaved forest,pre_dashboard,406_1915
55.443888888888885,-1.9497222222222221,0,0,13.1,100,5.7,123,0.6,6,Broad-leaved forest,pre_dashboard,406_1916
55.443888888888885,-1.9497222222222221,0,0,13.1,100,5.7,123,0.6,6,Broad-leaved forest,pre_dashboard,406_1917
55.443888888888885,-1.9497222222222221,0,0,13.1,100,5.7,123,0.6,6,Broad-leaved forest,pre_dashboard,406_1918
55.443888888888885,-1.9497222222222221,0,0,13.1,100,5.7,123,0.6,6,Broad-leaved forest,pre_dashboard,406_1919
55.443888888888885,-1.9497222222222221,0,0,13.1,68,5.7,123,0.6,10,Broad-leaved forest,pre_dashboard,406_1920
55.443888888888885,-1.9497222222222221,0,0,13.1,68,5.7,123,0.6,10,Broad-leaved forest,pre_dashboard,406_1921
55.443888888888885,-1.9497222222222221,0,0,13.1,68,5.7,123,0.6,10,Broad-leaved forest,pre_dashboard,406_1922
55.443888888888885,-1.9497222222222221,0,0,13.1,70,5.7,123,0.6,10,Broad-leaved forest,pre_dashboard,406_1923
55.443888888888885,-1.9497222222222221,0,0,13.1,70,5.7,123,0.6,10,Broad-leaved forest,pre_dashboard,406_1924
55.443888888888885,-1.9497222222222221,0,0,13.1,70,5.7,123,0.6,10,Broad-leaved forest,pre_dashboard,406_1925
55.443888888888885,-1.9497222222222221,0,0,13.1,72,5.7,123,0.6,10,Broad-leaved forest,pre_dashboard,406_1926
55.443888888888885,-1.9497222222222221,0,0,13.1,72,5.7,123,0.6,10,Broad-leaved forest,pre_dashboard,406_1927
55.443888888888885,-1.9497222222222221,0,0,13.1,72,5.7,123,0.6,10,Broad-leaved forest,pre_dashboard,406_1928
55.443888888888885,-1.9497222222222221,0,0,13.1,74,5.7,123,0.6,10,Broad-leaved forest,pre_dashboard,406_1929
55.443888888888885,-1.9497222222222221,1,4,13.1,74,5.7,123,0.6,10,Broad-leaved forest,pre_dashboard,406_1930
55.443888888888885,-1.9497222222222221,1,6,13.1,74,5.7,123,0.6,10,Broad-leaved forest,pre_dashboard,406_1931
55.443888888888885,-1.9497222222222221,1,42,13.1,76,5.7,123,0.6,10,Broad-leaved forest,pre_dashboard,406_1932
55.443888888888885,-1.9497222222222221,1,6,13.1,76,5.7,123,0.6,10,Broad-leaved forest,pre_dashboard,406_1933
55.443888888888885,-1.9497222222222221,1,8,13.1,76,5.7,123,0.6,10,Broad-leaved forest,pre_dashboard,406_1934
55.443888888888885,-1.9497222222222221,0,0,13.1,78,5.7,123,0.6,10,Broad-leaved forest,pre_dashboard,406_1935
55.443888888888885,-1.9497222222222221,0,0,13.1,78,5.7,123,0.6,10,Broad-leaved forest,pre_dashboard,406_1936
55.443888888888885,-1.9497222222222221,0,0,13.1,78,5.7,123,0.6,10,Broad-leaved forest,pre_dashboard,406_1937
55.443888888888885,-1.9497222222222221,0,0,13.1,95,5.7,123,0.6,10,Broad-leaved forest,pre_dashboard,406_1938
55.443888888888885,-1.9497222222222221,0,0,13.1,95,5.7,123,0.6,10,Broad-leaved forest,pre_dashboard,406_1939
55.443888888888885,-1.9497222222222221,0,0,13.1,95,5.7,123,0.6,10,Broad-leaved forest,pre_dashboard,406_1940
55.443888888888885,-1.9497222222222221,0,0,13.1,100,5.7,123,0.6,10,Broad-leaved forest,pre_dashboard,406_1941
55.443888888888885,-1.9497222222222221,0,0,13.1,100,5.7,123,0.6,10,Broad-leaved forest,pre_dashboard,406_1942
55.443888888888885,-1.9497222222222221,0,0,13.1,100,5.7,123,0.6,10,Broad-leaved forest,pre_dashboard,406_1943
55.443888888888885,-1.9497222222222221,0,0,13.1,84,5.7,123,0.6,6,Broad-leaved forest,pre_dashboard,406_1944
55.443888888888885,-1.9497222222222221,0,0,13.1,84,5.7,123,0.6,6,Broad-leaved forest,pre_dashboard,406_1945
55.443888888888885,-1.9497222222222221,0,0,13.1,84,5.7,123,0.6,6,Broad-leaved forest,pre_dashboard,406_1946
55.443888888888885,-1.9497222222222221,0,0,13.1,84,5.7,123,0.6,6,Broad-leaved forest,pre_dashboard,406_1947
55.443888888888885,-1.9497222222222221,0,0,13.1,84,5.7,123,0.6,6,Broad-leaved forest,pre_dashboard,406_1948
55.443888888888885,-1.9497222222222221,0,0,13.1,84,5.7,123,0.6,6,Broad-leaved forest,pre_dashboard,406_1949
55.443888888888885,-1.9497222222222221,0,0,13.1,84,5.7,123,0.6,6,Broad-leaved forest,pre_dashboard,406_1950
55.443888888888885,-1.9497222222222221,0,0,13.1,84,5.7,123,0.6,6,Broad-leaved forest,pre_dashboard,406_1951
55.443888888888885,-1.9497222222222221,0,0,13.1,84,5.7,123,0.6,6,Broad-leaved forest,pre_dashboard,406_1952
55.443888888888885,-1.9497222222222221,0,0,13.1,82,5.7,123,0.6,6,Broad-leaved forest,pre_dashboard,406_1953
55.443888888888885,-1.9497222222222221,0,0,13.1,82,5.7,123,0.6,6,Broad-leaved forest,pre_dashboard,406_1954
55.443888888888885,-1.9497222222222221,0,0,13.1,82,5.7,123,0.6,6,Broad-leaved forest,pre_dashboard,406_1955
55.443888888888885,-1.9497222222222221,1,20,13.1,82,5.7,123,0.6,6,Broad-leaved forest,pre_dashboard,406_1956
55.443888888888885,-1.9497222222222221,1,7,13.1,82,5.7,123,0.6,6,Broad-leaved forest,pre_dashboard,406_1957
55.443888888888885,-1.9497222222222221,1,6,13.1,82,5.7,123,0.6,6,Broad-leaved forest,pre_dashboard,406_1958
55.443888888888885,-1.9497222222222221,0,0,13.1,90,5.7,123,0.6,6,Broad-leaved forest,pre_dashboard,406_1959
55.443888888888885,-1.9497222222222221,0,0,13.1,90,5.7,123,0.6,6,Broad-leaved forest,pre_dashboard,406_1960
55.443888888888885,-1.9497222222222221,0,0,13.1,90,5.7,123,0.6,6,Broad-leaved forest,pre_dashboard,406_1961
55.443888888888885,-1.9497222222222221,0,0,13.1,100,5.7,123,0.6,6,Broad-leaved forest,pre_dashboard,406_1962
55.443888888888885,-1.9497222222222221,0,0,13.1,100,5.7,123,0.6,6,Broad-leaved forest,pre_dashboard,406_1963
55.443888888888885,-1.9497222222222221,0,0,13.1,100,5.7,123,0.6,6,Broad-leaved forest,pre_dashboard,406_1964
55.443888888888885,-1.9497222222222221,0,0,13.1,100,5.7,123,0.6,6,Broad-leaved forest,pre_dashboard,406_1965
55.443888888888885,-1.9497222222222221,0,0,13.1,100,5.7,123,0.6,6,Broad-leaved forest,pre_dashboard,406_1966
55.443888888888885,-1.9497222222222221,0,0,13.1,100,5.7,123,0.6,6,Broad-leaved forest,pre_dashboard,406_1967
55.443888888888885,-1.9497222222222221,0,0,13.1,68,5.7,123,0.6,10,Broad-leaved forest,pre_dashboard,406_1968
55.443888888888885,-1.9497222222222221,0,0,13.1,68,5.7,123,0.6,10,Broad-leaved forest,pre_dashboard,406_1969
55.443888888888885,-1.9497222222222221,0,0,13.1,68,5.7,123,0.6,10,Broad-leaved forest,pre_dashboard,406_1970
55.443888888888885,-1.9497222222222221,0,0,13.1,68,5.7,123,0.6,10,Broad-leaved forest,pre_dashboard,406_1971
55.443888888888885,-1.9497222222222221,0,0,13.1,68,5.7,123,0.6,10,Broad-leaved forest,pre_dashboard,406_1972
55.443888888888885,-1.9497222222222221,0,0,13.1,68,5.7,123,0.6,10,Broad-leaved forest,pre_dashboard,406_1973
55.443888888888885,-1.9497222222222221,0,0,13.1,68,5.7,123,0.6,10,Broad-leaved forest,pre_dashboard,406_1974
55.443888888888885,-1.9497222222222221,0,0,13.1,68,5.7,123,0.6,10,Broad-leaved forest,pre_dashboard,406_1975
55.443888888888885,-1.9497222222222221,0,0,13.1,68,5.7,123,0.6,10,Broad-leaved forest,pre_dashboard,406_1976
55.443888888888885,-1.9497222222222221,0,0,13.1,70,5.7,123,0.6,10,Broad-leaved forest,pre_dashboard,406_1977
55.443888888888885,-1.9497222222222221,0,0,13.1,70,5.7,123,0.6,10,Broad-leaved forest,pre_dashboard,406_1978
55.443888888888885,-1.9497222222222221,0,0,13.1,70,5.7,123,0.6,10,Broad-leaved forest,pre_dashboard,406_1979
55.443888888888885,-1.9497222222222221,1,14,13.1,78,5.7,123,0.6,10,Broad-leaved forest,pre_dashboard,406_1980
55.443888888888885,-1.9497222222222221,1,6,13.1,78,5.7,123,0.6,10,Broad-leaved forest,pre_dashboard,406_1981
55.443888888888885,-1.9497222222222221,1,6,13.1,78,5.7,123,0.6,10,Broad-leaved forest,pre_dashboard,406_1982
55.443888888888885,-1.9497222222222221,0,0,13.1,82,5.7,123,0.6,10,Broad-leaved forest,pre_dashboard,406_1983
55.443888888888885,-1.9497222222222221,1,3,13.1,82,5.7,123,0.6,10,Broad-leaved forest,pre_dashboard,406_1984
55.443888888888885,-1.9497222222222221,1,2,13.1,82,5.7,123,0.6,10,Broad-leaved forest,pre_dashboard,406_1985
55.443888888888885,-1.9497222222222221,0,0,13.1,95,5.7,123,0.6,10,Broad-leaved forest,pre_dashboard,406_1986
55.443888888888885,-1.9497222222222221,0,0,13.1,95,5.7,123,0.6,10,Broad-leaved forest,pre_dashboard,406_1987
55.443888888888885,-1.9497222222222221,0,0,13.1,95,5.7,123,0.6,10,Broad-leaved forest,pre_dashboard,406_1988
55.443888888888885,-1.9497222222222221,0,0,13.1,100,5.7,123,0.6,10,Broad-leaved forest,pre_dashboard,406_1989
55.443888888888885,-1.9497222222222221,0,0,13.1,100,5.7,123,0.6,10,Broad-leaved forest,pre_dashboard,406_1990
55.443888888888885,-1.9497222222222221,0,0,13.1,100,5.7,123,0.6,10,Broad-leaved forest,pre_dashboard,406_1991
55.00083333333333,-3.4883333333333333,0,0,17.2,82,9.186,18,0.57,6,Peat bogs,pre_dashboard,407_1992
55.00083333333333,-3.4883333333333333,0,0,17.2,82,9.186,18,0.57,6,Peat bogs,pre_dashboard,407_1993
55.00083333333333,-3.4883333333333333,0,0,17.2,82,9.186,18,0.57,6,Peat bogs,pre_dashboard,407_1994
55.00083333333333,-3.4883333333333333,0,0,17.2,84,9.186,18,0.57,6,Peat bogs,pre_dashboard,407_1995
55.00083333333333,-3.4883333333333333,0,0,17.2,84,9.186,18,0.57,6,Peat bogs,pre_dashboard,407_1996
55.00083333333333,-3.4883333333333333,0,0,17.2,84,9.186,18,0.57,6,Peat bogs,pre_dashboard,407_1997
55.00083333333333,-3.4883333333333333,0,0,17.2,86,9.186,18,0.57,6,Peat bogs,pre_dashboard,407_1998
55.00083333333333,-3.4883333333333333,0,0,17.2,86,9.186,18,0.57,6,Peat bogs,pre_dashboard,407_1999
55.00083333333333,-3.4883333333333333,0,0,17.2,86,9.186,18,0.57,6,Peat bogs,pre_dashboard,407_2000
55.00083333333333,-3.4883333333333333,0,0,17.2,88,9.186,18,0.57,6,Peat bogs,pre_dashboard,407_2001
55.00083333333333,-3.4883333333333333,1,3,17.2,88,9.186,18,0.57,6,Peat bogs,pre_dashboard,407_2002
55.00083333333333,-3.4883333333333333,1,5,17.2,88,9.186,18,0.57,6,Peat bogs,pre_dashboard,407_2003
55.00083333333333,-3.4883333333333333,1,48,17.2,88,9.186,18,0.57,6,Peat bogs,pre_dashboard,407_2004
55.00083333333333,-3.4883333333333333,1,8,17.2,88,9.186,18,0.57,6,Peat bogs,pre_dashboard,407_2005
55.00083333333333,-3.4883333333333333,1,9,17.2,88,9.186,18,0.57,6,Peat bogs,pre_dashboard,407_2006
55.00083333333333,-3.4883333333333333,0,0,17.2,90,9.186,18,0.57,6,Peat bogs,pre_dashboard,407_2007
55.00083333333333,-3.4883333333333333,0,0,17.2,90,9.186,18,0.57,6,Peat bogs,pre_dashboard,407_2008
55.00083333333333,-3.4883333333333333,0,0,17.2,90,9.186,18,0.57,6,Peat bogs,pre_dashboard,407_2009
55.00083333333333,-3.4883333333333333,0,0,17.2,95,9.186,18,0.57,6,Peat bogs,pre_dashboard,407_2010
55.00083333333333,-3.4883333333333333,0,0,17.2,95,9.186,18,0.57,6,Peat bogs,pre_dashboard,407_2011
55.00083333333333,-3.4883333333333333,0,0,17.2,95,9.186,18,0.57,6,Peat bogs,pre_dashboard,407_2012
55.00083333333333,-3.4883333333333333,0,0,17.2,95,9.186,18,0.57,6,Peat bogs,pre_dashboard,407_2013
55.00083333333333,-3.4883333333333333,0,0,17.2,95,9.186,18,0.57,6,Peat bogs,pre_dashboard,407_2014
55.00083333333333,-3.4883333333333333,0,0,17.2,95,9.186,18,0.57,6,Peat bogs,pre_dashboard,407_2015
55.00083333333333,-3.4883333333333333,0,0,17.2,84,9.186,18,0.57,10,Peat bogs,pre_dashboard,407_2016
55.00083333333333,-3.4883333333333333,0,0,17.2,84,9.186,18,0.57,10,Peat bogs,pre_dashboard,407_2017
55.00083333333333,-3.4883333333333333,0,0,17.2,84,9.186,18,0.57,10,Peat bogs,pre_dashboard,407_2018
55.00083333333333,-3.4883333333333333,0,0,17.2,86,9.186,18,0.57,10,Peat bogs,pre_dashboard,407_2019
55.00083333333333,-3.4883333333333333,0,0,17.2,86,9.186,18,0.57,10,Peat bogs,pre_dashboard,407_2020
55.00083333333333,-3.4883333333333333,0,0,17.2,86,9.186,18,0.57,10,Peat bogs,pre_dashboard,407_2021
55.00083333333333,-3.4883333333333333,0,0,17.2,88,9.186,18,0.57,10,Peat bogs,pre_dashboard,407_2022
55.00083333333333,-3.4883333333333333,0,0,17.2,88,9.186,18,0.57,10,Peat bogs,pre_dashboard,407_2023
55.00083333333333,-3.4883333333333333,0,0,17.2,88,9.186,18,0.57,10,Peat bogs,pre_dashboard,407_2024
55.00083333333333,-3.4883333333333333,0,0,17.2,90,9.186,18,0.57,10,Peat bogs,pre_dashboard,407_2025
55.00083333333333,-3.4883333333333333,1,7,17.2,90,9.186,18,0.57,10,Peat bogs,pre_dashboard,407_2026
55.00083333333333,-3.4883333333333333,1,4,17.2,90,9.186,18,0.57,10,Peat bogs,pre_dashboard,407_2027
55.00083333333333,-3.4883333333333333,1,27,17.2,90,9.186,18,0.57,10,Peat bogs,pre_dashboard,407_2028
55.00083333333333,-3.4883333333333333,1,12,17.2,90,9.186,18,0.57,10,Peat bogs,pre_dashboard,407_2029
55.00083333333333,-3.4883333333333333,1,8,17.2,90,9.186,18,0.57,10,Peat bogs,pre_dashboard,407_2030
55.00083333333333,-3.4883333333333333,0,0,17.2,94,9.186,18,0.57,10,Peat bogs,pre_dashboard,407_2031
55.00083333333333,-3.4883333333333333,0,0,17.2,94,9.186,18,0.57,10,Peat bogs,pre_dashboard,407_2032
55.00083333333333,-3.4883333333333333,0,0,17.2,94,9.186,18,0.57,10,Peat bogs,pre_dashboard,407_2033
55.00083333333333,-3.4883333333333333,0,0,17.2,100,9.186,18,0.57,10,Peat bogs,pre_dashboard,407_2034
55.00083333333333,-3.4883333333333333,0,0,17.2,100,9.186,18,0.57,10,Peat bogs,pre_dashboard,407_2035
55.00083333333333,-3.4883333333333333,0,0,17.2,100,9.186,18,0.57,10,Peat bogs,pre_dashboard,407_2036
55.00083333333333,-3.4883333333333333,0,0,17.2,100,9.186,18,0.57,10,Peat bogs,pre_dashboard,407_2037
55.00083333333333,-3.4883333333333333,0,0,17.2,100,9.186,18,0.57,10,Peat bogs,pre_dashboard,407_2038
55.00083333333333,-3.4883333333333333,0,0,17.2,100,9.186,18,0.57,10,Peat bogs,pre_dashboard,407_2039
55.00083333333333,-3.4883333333333333,0,0,17.2,82,9.186,18,0.57,6,Peat bogs,pre_dashboard,407_2040
55.00083333333333,-3.4883333333333333,0,0,17.2,82,9.186,18,0.57,6,Peat bogs,pre_dashboard,407_2041
55.00083333333333,-3.4883333333333333,0,0,17.2,82,9.186,18,0.57,6,Peat bogs,pre_dashboard,407_2042
55.00083333333333,-3.4883333333333333,0,0,17.2,82,9.186,18,0.57,6,Peat bogs,pre_dashboard,407_2043
55.00083333333333,-3.4883333333333333,0,0,17.2,82,9.186,18,0.57,6,Peat bogs,pre_dashboard,407_2044
55.00083333333333,-3.4883333333333333,0,0,17.2,82,9.186,18,0.57,6,Peat bogs,pre_dashboard,407_2045
55.00083333333333,-3.4883333333333333,0,0,17.2,82,9.186,18,0.57,6,Peat bogs,pre_dashboard,407_2046
55.00083333333333,-3.4883333333333333,0,0,17.2,82,9.186,18,0.57,6,Peat bogs,pre_dashboard,407_2047
55.00083333333333,-3.4883333333333333,0,0,17.2,82,9.186,18,0.57,6,Peat bogs,pre_dashboard,407_2048
55.00083333333333,-3.4883333333333333,0,0,17.2,82,9.186,18,0.57,6,Peat bogs,pre_dashboard,407_2049
55.00083333333333,-3.4883333333333333,0,0,17.2,82,9.186,18,0.57,6,Peat bogs,pre_dashboard,407_2050
55.00083333333333,-3.4883333333333333,0,0,17.2,82,9.186,18,0.57,6,Peat bogs,pre_dashboard,407_2051
55.00083333333333,-3.4883333333333333,1,12,17.2,84,9.186,18,0.57,6,Peat bogs,pre_dashboard,407_2052
55.00083333333333,-3.4883333333333333,1,2,17.2,84,9.186,18,0.57,6,Peat bogs,pre_dashboard,407_2053
55.00083333333333,-3.4883333333333333,1,4,17.2,84,9.186,18,0.57,6,Peat bogs,pre_dashboard,407_2054
55.00083333333333,-3.4883333333333333,0,0,17.2,95,9.186,18,0.57,6,Peat bogs,pre_dashboard,407_2055
55.00083333333333,-3.4883333333333333,0,0,17.2,95,9.186,18,0.57,6,Peat bogs,pre_dashboard,407_2056
55.00083333333333,-3.4883333333333333,0,0,17.2,95,9.186,18,0.57,6,Peat bogs,pre_dashboard,407_2057
55.00083333333333,-3.4883333333333333,0,0,17.2,95,9.186,18,0.57,6,Peat bogs,pre_dashboard,407_2058
55.00083333333333,-3.4883333333333333,0,0,17.2,95,9.186,18,0.57,6,Peat bogs,pre_dashboard,407_2059
55.00083333333333,-3.4883333333333333,0,0,17.2,95,9.186,18,0.57,6,Peat bogs,pre_dashboard,407_2060
55.00083333333333,-3.4883333333333333,0,0,17.2,100,9.186,18,0.57,6,Peat bogs,pre_dashboard,407_2061
55.00083333333333,-3.4883333333333333,0,0,17.2,100,9.186,18,0.57,6,Peat bogs,pre_dashboard,407_2062
55.00083333333333,-3.4883333333333333,0,0,17.2,100,9.186,18,0.57,6,Peat bogs,pre_dashboard,407_2063
55.00083333333333,-3.4883333333333333,0,0,17.2,84,9.186,18,0.57,10,Peat bogs,pre_dashboard,407_2064
55.00083333333333,-3.4883333333333333,0,0,17.2,84,9.186,18,0.57,10,Peat bogs,pre_dashboard,407_2065
55.00083333333333,-3.4883333333333333,0,0,17.2,84,9.186,18,0.57,10,Peat bogs,pre_dashboard,407_2066
55.00083333333333,-3.4883333333333333,0,0,17.2,84,9.186,18,0.57,10,Peat bogs,pre_dashboard,407_2067
55.00083333333333,-3.4883333333333333,0,0,17.2,84,9.186,18,0.57,10,Peat bogs,pre_dashboard,407_2068
55.00083333333333,-3.4883333333333333,0,0,17.2,84,9.186,18,0.57,10,Peat bogs,pre_dashboard,407_2069
55.00083333333333,-3.4883333333333333,0,0,17.2,84,9.186,18,0.57,10,Peat bogs,pre_dashboard,407_2070
55.00083333333333,-3.4883333333333333,0,0,17.2,84,9.186,18,0.57,10,Peat bogs,pre_dashboard,407_2071
55.00083333333333,-3.4883333333333333,0,0,17.2,84,9.186,18,0.57,10,Peat bogs,pre_dashboard,407_2072
55.00083333333333,-3.4883333333333333,0,0,17.2,84,9.186,18,0.57,10,Peat bogs,pre_dashboard,407_2073
55.00083333333333,-3.4883333333333333,0,0,17.2,84,9.186,18,0.57,10,Peat bogs,pre_dashboard,407_2074
55.00083333333333,-3.4883333333333333,0,0,17.2,84,9.186,18,0.57,10,Peat bogs,pre_dashboard,407_2075
55.00083333333333,-3.4883333333333333,1,5,17.2,86,9.186,18,0.57,10,Peat bogs,pre_dashboard,407_2076
55.00083333333333,-3.4883333333333333,1,5,17.2,86,9.186,18,0.57,10,Peat bogs,pre_dashboard,407_2077
55.00083333333333,-3.4883333333333333,1,7,17.2,86,9.186,18,0.57,10,Peat bogs,pre_dashboard,407_2078
55.00083333333333,-3.4883333333333333,0,0,17.2,95,9.186,18,0.57,10,Peat bogs,pre_dashboard,407_2079
55.00083333333333,-3.4883333333333333,0,0,17.2,95,9.186,18,0.57,10,Peat bogs,pre_dashboard,407_2080
55.00083333333333,-3.4883333333333333,0,0,17.2,95,9.186,18,0.57,10,Peat bogs,pre_dashboard,407_2081
55.00083333333333,-3.4883333333333333,0,0,17.2,100,9.186,18,0.57,10,Peat bogs,pre_dashboard,407_2082
55.00083333333333,-3.4883333333333333,0,0,17.2,100,9.186,18,0.57,10,Peat bogs,pre_dashboard,407_2083
55.00083333333333,-3.4883333333333333,0,0,17.2,100,9.186,18,0.57,10,Peat bogs,pre_dashboard,407_2084
55.00083333333333,-3.4883333333333333,0,0,17.2,100,9.186,18,0.57,10,Peat bogs,pre_dashboard,407_2085
55.00083333333333,-3.4883333333333333,0,0,17.2,100,9.186,18,0.57,10,Peat bogs,pre_dashboard,407_2086
55.00083333333333,-3.4883333333333333,0,0,17.2,100,9.186,18,0.57,10,Peat bogs,pre_dashboard,407_2087
55.736666666666665,-2.9983333333333335,0,0,15.8,82,0.859,441,0.59,6,Moors and heathland,pre_dashboard,410_2088
55.736666666666665,-2.9983333333333335,0,0,15.8,82,0.859,441,0.59,6,Moors and heathland,pre_dashboard,410_2089
55.736666666666665,-2.9983333333333335,0,0,15.8,82,0.859,441,0.59,6,Moors and heathland,pre_dashboard,410_2090
55.736666666666665,-2.9983333333333335,0,0,15.8,82,0.859,441,0.59,6,Moors and heathland,pre_dashboard,410_2091
55.736666666666665,-2.9983333333333335,0,0,15.8,82,0.859,441,0.59,6,Moors and heathland,pre_dashboard,410_2092
55.736666666666665,-2.9983333333333335,0,0,15.8,82,0.859,441,0.59,6,Moors and heathland,pre_dashboard,410_2093
55.736666666666665,-2.9983333333333335,0,0,15.8,84,0.859,441,0.59,6,Moors and heathland,pre_dashboard,410_2094
55.736666666666665,-2.9983333333333335,0,0,15.8,84,0.859,441,0.59,6,Moors and heathland,pre_dashboard,410_2095
55.736666666666665,-2.9983333333333335,0,0,15.8,84,0.859,441,0.59,6,Moors and heathland,pre_dashboard,410_2096
55.736666666666665,-2.9983333333333335,0,0,15.8,86,0.859,441,0.59,6,Moors and heathland,pre_dashboard,410_2097
55.736666666666665,-2.9983333333333335,0,0,15.8,86,0.859,441,0.59,6,Moors and heathland,pre_dashboard,410_2098
55.736666666666665,-2.9983333333333335,0,0,15.8,86,0.859,441,0.59,6,Moors and heathland,pre_dashboard,410_2099
55.736666666666665,-2.9983333333333335,1,12,15.8,88,0.859,441,0.59,6,Moors and heathland,pre_dashboard,410_2100
55.736666666666665,-2.9983333333333335,1,2,15.8,88,0.859,441,0.59,6,Moors and heathland,pre_dashboard,410_2101
55.736666666666665,-2.9983333333333335,1,4,15.8,88,0.859,441,0.59,6,Moors and heathland,pre_dashboard,410_2102
55.736666666666665,-2.9983333333333335,0,0,15.8,95,0.859,441,0.59,6,Moors and heathland,pre_dashboard,410_2103
55.736666666666665,-2.9983333333333335,0,0,15.8,95,0.859,441,0.59,6,Moors and heathland,pre_dashboard,410_2104
55.736666666666665,-2.9983333333333335,0,0,15.8,95,0.859,441,0.59,6,Moors and heathland,pre_dashboard,410_2105
55.736666666666665,-2.9983333333333335,0,0,15.8,95,0.859,441,0.59,6,Moors and heathland,pre_dashboard,410_2106
55.736666666666665,-2.9983333333333335,0,0,15.8,95,0.859,441,0.59,6,Moors and heathland,pre_dashboard,410_2107
55.736666666666665,-2.9983333333333335,0,0,15.8,95,0.859,441,0.59,6,Moors and heathland,pre_dashboard,410_2108
55.736666666666665,-2.9983333333333335,0,0,15.8,95,0.859,441,0.59,6,Moors and heathland,pre_dashboard,410_2109
55.736666666666665,-2.9983333333333335,0,0,15.8,95,0.859,441,0.59,6,Moors and heathland,pre_dashboard,410_2110
55.736666666666665,-2.9983333333333335,0,0,15.8,95,0.859,441,0.59,6,Moors and heathland,pre_dashboard,410_2111
55.736666666666665,-2.9983333333333335,0,0,15.8,86,0.859,441,0.59,10,Moors and heathland,pre_dashboard,410_2112
55.736666666666665,-2.9983333333333335,0,0,15.8,86,0.859,441,0.59,10,Moors and heathland,pre_dashboard,410_2113
55.736666666666665,-2.9983333333333335,0,0,15.8,86,0.859,441,0.59,10,Moors and heathland,pre_dashboard,410_2114
55.736666666666665,-2.9983333333333335,0,0,15.8,88,0.859,441,0.59,10,Moors and heathland,pre_dashboard,410_2115
55.736666666666665,-2.9983333333333335,0,0,15.8,88,0.859,441,0.59,10,Moors and heathland,pre_dashboard,410_2116
55.736666666666665,-2.9983333333333335,0,0,15.8,88,0.859,441,0.59,10,Moors and heathland,pre_dashboard,410_2117
55.736666666666665,-2.9983333333333335,0,0,15.8,88,0.859,441,0.59,10,Moors and heathland,pre_dashboard,410_2118
55.736666666666665,-2.9983333333333335,0,0,15.8,88,0.859,441,0.59,10,Moors and heathland,pre_dashboard,410_2119
55.736666666666665,-2.9983333333333335,0,0,15.8,88,0.859,441,0.59,10,Moors and heathland,pre_dashboard,410_2120
55.736666666666665,-2.9983333333333335,0,0,15.8,88,0.859,441,0.59,10,Moors and heathland,pre_dashboard,410_2121
55.736666666666665,-2.9983333333333335,0,0,15.8,88,0.859,441,0.59,10,Moors and heathland,pre_dashboard,410_2122
55.736666666666665,-2.9983333333333335,0,0,15.8,88,0.859,441,0.59,10,Moors and heathland,pre_dashboard,410_2123
55.736666666666665,-2.9983333333333335,1,4,15.8,90,0.859,441,0.59,10,Moors and heathland,pre_dashboard,410_2124
55.736666666666665,-2.9983333333333335,1,3,15.8,90,0.859,441,0.59,10,Moors and heathland,pre_dashboard,410_2125
55.736666666666665,-2.9983333333333335,1,5,15.8,90,0.859,441,0.59,10,Moors and heathland,pre_dashboard,410_2126
55.736666666666665,-2.9983333333333335,0,0,15.8,95,0.859,441,0.59,10,Moors and heathland,pre_dashboard,410_2127
55.736666666666665,-2.9983333333333335,0,0,15.8,95,0.859,441,0.59,10,Moors and heathland,pre_dashboard,410_2128
55.736666666666665,-2.9983333333333335,0,0,15.8,95,0.859,441,0.59,10,Moors and heathland,pre_dashboard,410_2129
55.736666666666665,-2.9983333333333335,0,0,15.8,95,0.859,441,0.59,10,Moors and heathland,pre_dashboard,410_2130
55.736666666666665,-2.9983333333333335,0,0,15.8,95,0.859,441,0.59,10,Moors and heathland,pre_dashboard,410_2131
55.736666666666665,-2.9983333333333335,0,0,15.8,95,0.859,441,0.59,10,Moors and heathland,pre_dashboard,410_2132
55.736666666666665,-2.9983333333333335,0,0,15.8,95,0.859,441,0.59,10,Moors and heathland,pre_dashboard,410_2133
55.736666666666665,-2.9983333333333335,0,0,15.8,95,0.859,441,0.59,10,Moors and heathland,pre_dashboard,410_2134
55.736666666666665,-2.9983333333333335,0,0,15.8,95,0.859,441,0.59,10,Moors and heathland,pre_dashboard,410_2135
55.736666666666665,-2.9983333333333335,0,0,15.8,82,0.859,441,0.59,6,Moors and heathland,pre_dashboard,410_2136
55.736666666666665,-2.9983333333333335,0,0,15.8,82,0.859,441,0.59,6,Moors and heathland,pre_dashboard,410_2137
55.736666666666665,-2.9983333333333335,0,0,15.8,82,0.859,441,0.59,6,Moors and heathland,pre_dashboard,410_2138
55.736666666666665,-2.9983333333333335,0,0,15.8,82,0.859,441,0.59,6,Moors and heathland,pre_dashboard,410_2139
55.736666666666665,-2.9983333333333335,0,0,15.8,82,0.859,441,0.59,6,Moors and heathland,pre_dashboard,410_2140
55.736666666666665,-2.9983333333333335,0,0,15.8,82,0.859,441,0.59,6,Moors and heathland,pre_dashboard,410_2141
55.736666666666665,-2.9983333333333335,0,0,15.8,84,0.859,441,0.59,6,Moors and heathland,pre_dashboard,410_2142
55.736666666666665,-2.9983333333333335,0,0,15.8,84,0.859,441,0.59,6,Moors and heathland,pre_dashboard,410_2143
55.736666666666665,-2.9983333333333335,0,0,15.8,84,0.859,441,0.59,6,Moors and heathland,pre_dashboard,410_2144
55.736666666666665,-2.9983333333333335,1,16,15.8,86,0.859,441,0.59,6,Moors and heathland,pre_dashboard,410_2145
55.736666666666665,-2.9983333333333335,0,0,15.8,86,0.859,441,0.59,6,Moors and heathland,pre_dashboard,410_2146
55.736666666666665,-2.9983333333333335,1,3,15.8,86,0.859,441,0.59,6,Moors and heathland,pre_dashboard,410_2147
55.736666666666665,-2.9983333333333335,1,70,15.8,88,0.859,441,0.59,6,Moors and heathland,pre_dashboard,410_2148
55.736666666666665,-2.9983333333333335,1,27,15.8,88,0.859,441,0.59,6,Moors and heathland,pre_dashboard,410_2149
55.736666666666665,-2.9983333333333335,1,13,15.8,88,0.859,441,0.59,6,Moors and heathland,pre_dashboard,410_2150
55.736666666666665,-2.9983333333333335,0,0,15.8,95,0.859,441,0.59,6,Moors and heathland,pre_dashboard,410_2151
55.736666666666665,-2.9983333333333335,0,0,15.8,95,0.859,441,0.59,6,Moors and heathland,pre_dashboard,410_2152
55.736666666666665,-2.9983333333333335,0,0,15.8,95,0.859,441,0.59,6,Moors and heathland,pre_dashboard,410_2153
55.736666666666665,-2.9983333333333335,0,0,15.8,95,0.859,441,0.59,6,Moors and heathland,pre_dashboard,410_2154
55.736666666666665,-2.9983333333333335,0,0,15.8,95,0.859,441,0.59,6,Moors and heathland,pre_dashboard,410_2155
55.736666666666665,-2.9983333333333335,0,0,15.8,95,0.859,441,0.59,6,Moors and heathland,pre_dashboard,410_2156
55.736666666666665,-2.9983333333333335,0,0,15.8,95,0.859,441,0.59,6,Moors and heathland,pre_dashboard,410_2157
55.736666666666665,-2.9983333333333335,0,0,15.8,95,0.859,441,0.59,6,Moors and heathland,pre_dashboard,410_2158
55.736666666666665,-2.9983333333333335,0,0,15.8,95,0.859,441,0.59,6,Moors and heathland,pre_dashboard,410_2159
55.736666666666665,-2.9983333333333335,0,0,15.8,86,0.859,441,0.59,10,Moors and heathland,pre_dashboard,410_2160
55.736666666666665,-2.9983333333333335,0,0,15.8,86,0.859,441,0.59,10,Moors and heathland,pre_dashboard,410_2161
55.736666666666665,-2.9983333333333335,0,0,15.8,86,0.859,441,0.59,10,Moors and heathland,pre_dashboard,410_2162
55.736666666666665,-2.9983333333333335,0,0,15.8,88,0.859,441,0.59,10,Moors and heathland,pre_dashboard,410_2163
55.736666666666665,-2.9983333333333335,0,0,15.8,88,0.859,441,0.59,10,Moors and heathland,pre_dashboard,410_2164
55.736666666666665,-2.9983333333333335,0,0,15.8,88,0.859,441,0.59,10,Moors and heathland,pre_dashboard,410_2165
55.736666666666665,-2.9983333333333335,0,0,15.8,88,0.859,441,0.59,10,Moors and heathland,pre_dashboard,410_2166
55.736666666666665,-2.9983333333333335,0,0,15.8,88,0.859,441,0.59,10,Moors and heathland,pre_dashboard,410_2167
55.736666666666665,-2.9983333333333335,0,0,15.8,88,0.859,441,0.59,10,Moors and heathland,pre_dashboard,410_2168
55.736666666666665,-2.9983333333333335,0,0,15.8,88,0.859,441,0.59,10,Moors and heathland,pre_dashboard,410_2169
55.736666666666665,-2.9983333333333335,1,8,15.8,88,0.859,441,0.59,10,Moors and heathland,pre_dashboard,410_2170
55.736666666666665,-2.9983333333333335,1,2,15.8,88,0.859,441,0.59,10,Moors and heathland,pre_dashboard,410_2171
55.736666666666665,-2.9983333333333335,1,36,15.8,90,0.859,441,0.59,10,Moors and heathland,pre_dashboard,410_2172
55.736666666666665,-2.9983333333333335,1,40,15.8,90,0.859,441,0.59,10,Moors and heathland,pre_dashboard,410_2173
55.736666666666665,-2.9983333333333335,1,29,15.8,90,0.859,441,0.59,10,Moors and heathland,pre_dashboard,410_2174
55.736666666666665,-2.9983333333333335,0,0,15.8,95,0.859,441,0.59,10,Moors and heathland,pre_dashboard,410_2175
55.736666666666665,-2.9983333333333335,0,0,15.8,95,0.859,441,0.59,10,Moors and heathland,pre_dashboard,410_2176
55.736666666666665,-2.9983333333333335,0,0,15.8,95,0.859,441,0.59,10,Moors and heathland,pre_dashboard,410_2177
55.736666666666665,-2.9983333333333335,0,0,15.8,95,0.859,441,0.59,10,Moors and heathland,pre_dashboard,410_2178
55.736666666666665,-2.9983333333333335,0,0,15.8,95,0.859,441,0.59,10,Moors and heathland,pre_dashboard,410_2179
55.736666666666665,-2.9983333333333335,0,0,15.8,95,0.859,441,0.59,10,Moors and heathland,pre_dashboard,410_2180
55.736666666666665,-2.9983333333333335,0,0,15.8,95,0.859,441,0.59,10,Moors and heathland,pre_dashboard,410_2181
55.736666666666665,-2.9983333333333335,0,0,15.8,95,0.859,441,0.59,10,Moors and heathland,pre_dashboard,410_2182
55.736666666666665,-2.9983333333333335,0,0,15.8,95,0.859,441,0.59,10,Moors and heathland,pre_dashboard,410_2183
56.86666666666667,-2.693055555555556,0,0,17.2,76,0.33,222,0.64,6,Moors and heathland,pre_dashboard,412_2280
56.86666666666667,-2.693055555555556,0,0,17.2,76,0.33,222,0.64,6,Moors and heathland,pre_dashboard,412_2281
56.86666666666667,-2.693055555555556,0,0,17.2,76,0.33,222,0.64,6,Moors and heathland,pre_dashboard,412_2282
56.86666666666667,-2.693055555555556,0,0,17.2,76,0.33,222,0.64,6,Moors and heathland,pre_dashboard,412_2283
56.86666666666667,-2.693055555555556,0,0,17.2,76,0.33,222,0.64,6,Moors and heathland,pre_dashboard,412_2284
56.86666666666667,-2.693055555555556,0,0,17.2,76,0.33,222,0.64,6,Moors and heathland,pre_dashboard,412_2285
56.86666666666667,-2.693055555555556,0,0,17.2,76,0.33,222,0.64,6,Moors and heathland,pre_dashboard,412_2286
56.86666666666667,-2.693055555555556,0,0,17.2,76,0.33,222,0.64,6,Moors and heathland,pre_dashboard,412_2287
56.86666666666667,-2.693055555555556,0,0,17.2,76,0.33,222,0.64,6,Moors and heathland,pre_dashboard,412_2288
56.86666666666667,-2.693055555555556,0,0,17.2,78,0.33,222,0.64,6,Moors and heathland,pre_dashboard,412_2289
56.86666666666667,-2.693055555555556,0,0,17.2,78,0.33,222,0.64,6,Moors and heathland,pre_dashboard,412_2290
56.86666666666667,-2.693055555555556,0,0,17.2,78,0.33,222,0.64,6,Moors and heathland,pre_dashboard,412_2291
56.86666666666667,-2.693055555555556,1,19,17.2,80,0.33,222,0.64,6,Moors and heathland,pre_dashboard,412_2292
56.86666666666667,-2.693055555555556,1,1,17.2,80,0.33,222,0.64,6,Moors and heathland,pre_dashboard,412_2293
56.86666666666667,-2.693055555555556,1,3,17.2,80,0.33,222,0.64,6,Moors and heathland,pre_dashboard,412_2294
56.86666666666667,-2.693055555555556,0,0,17.2,84,0.33,222,0.64,6,Moors and heathland,pre_dashboard,412_2295
56.86666666666667,-2.693055555555556,0,0,17.2,84,0.33,222,0.64,6,Moors and heathland,pre_dashboard,412_2296
56.86666666666667,-2.693055555555556,0,0,17.2,84,0.33,222,0.64,6,Moors and heathland,pre_dashboard,412_2297
56.86666666666667,-2.693055555555556,0,0,17.2,90,0.33,222,0.64,6,Moors and heathland,pre_dashboard,412_2298
56.86666666666667,-2.693055555555556,0,0,17.2,90,0.33,222,0.64,6,Moors and heathland,pre_dashboard,412_2299
56.86666666666667,-2.693055555555556,0,0,17.2,90,0.33,222,0.64,6,Moors and heathland,pre_dashboard,412_2300
56.86666666666667,-2.693055555555556,0,0,17.2,95,0.33,222,0.64,6,Moors and heathland,pre_dashboard,412_2301
56.86666666666667,-2.693055555555556,0,0,17.2,95,0.33,222,0.64,6,Moors and heathland,pre_dashboard,412_2302
56.86666666666667,-2.693055555555556,0,0,17.2,95,0.33,222,0.64,6,Moors and heathland,pre_dashboard,412_2303
56.86666666666667,-2.693055555555556,0,0,17.2,76,0.33,222,0.64,6,Moors and heathland,pre_dashboard,412_2304
56.86666666666667,-2.693055555555556,0,0,17.2,76,0.33,222,0.64,6,Moors and heathland,pre_dashboard,412_2305
56.86666666666667,-2.693055555555556,0,0,17.2,76,0.33,222,0.64,6,Moors and heathland,pre_dashboard,412_2306
56.86666666666667,-2.693055555555556,0,0,17.2,76,0.33,222,0.64,6,Moors and heathland,pre_dashboard,412_2307
56.86666666666667,-2.693055555555556,0,0,17.2,76,0.33,222,0.64,6,Moors and heathland,pre_dashboard,412_2308
56.86666666666667,-2.693055555555556,0,0,17.2,76,0.33,222,0.64,6,Moors and heathland,pre_dashboard,412_2309
56.86666666666667,-2.693055555555556,0,0,17.2,76,0.33,222,0.64,6,Moors and heathland,pre_dashboard,412_2310
56.86666666666667,-2.693055555555556,0,0,17.2,76,0.33,222,0.64,6,Moors and heathland,pre_dashboard,412_2311
56.86666666666667,-2.693055555555556,0,0,17.2,76,0.33,222,0.64,6,Moors and heathland,pre_dashboard,412_2312
56.86666666666667,-2.693055555555556,0,0,17.2,78,0.33,222,0.64,6,Moors and heathland,pre_dashboard,412_2313
56.86666666666667,-2.693055555555556,0,0,17.2,78,0.33,222,0.64,6,Moors and heathland,pre_dashboard,412_2314
56.86666666666667,-2.693055555555556,0,0,17.2,78,0.33,222,0.64,6,Moors and heathland,pre_dashboard,412_2315
56.86666666666667,-2.693055555555556,1,4,17.2,80,0.33,222,0.64,6,Moors and heathland,pre_dashboard,412_2316
56.86666666666667,-2.693055555555556,0,0,17.2,80,0.33,222,0.64,6,Moors and heathland,pre_dashboard,412_2317
56.86666666666667,-2.693055555555556,1,1,17.2,80,0.33,222,0.64,6,Moors and heathland,pre_dashboard,412_2318
56.86666666666667,-2.693055555555556,0,0,17.2,84,0.33,222,0.64,6,Moors and heathland,pre_dashboard,412_2319
56.86666666666667,-2.693055555555556,0,0,17.2,84,0.33,222,0.64,6,Moors and heathland,pre_dashboard,412_2320
56.86666666666667,-2.693055555555556,0,0,17.2,84,0.33,222,0.64,6,Moors and heathland,pre_dashboard,412_2321
56.86666666666667,-2.693055555555556,0,0,17.2,90,0.33,222,0.64,6,Moors and heathland,pre_dashboard,412_2322
56.86666666666667,-2.693055555555556,0,0,17.2,90,0.33,222,0.64,6,Moors and heathland,pre_dashboard,412_2323
56.86666666666667,-2.693055555555556,0,0,17.2,90,0.33,222,0.64,6,Moors and heathland,pre_dashboard,412_2324
56.86666666666667,-2.693055555555556,0,0,17.2,95,0.33,222,0.64,6,Moors and heathland,pre_dashboard,412_2325
56.86666666666667,-2.693055555555556,0,0,17.2,95,0.33,222,0.64,6,Moors and heathland,pre_dashboard,412_2326
56.86666666666667,-2.693055555555556,0,0,17.2,95,0.33,222,0.64,6,Moors and heathland,pre_dashboard,412_2327
56.901944444444446,-2.7816666666666667,0,0,7.1,88,1.655,261,0.68,6,Moors and heathland,pre_dashboard,413_2328
56.901944444444446,-2.7816666666666667,0,0,7.1,88,1.655,261,0.68,6,Moors and heathland,pre_dashboard,413_2329
56.901944444444446,-2.7816666666666667,0,0,7.1,88,1.655,261,0.68,6,Moors and heathland,pre_dashboard,413_2330
56.901944444444446,-2.7816666666666667,0,0,7.1,90,1.655,261,0.68,6,Moors and heathland,pre_dashboard,413_2331
56.901944444444446,-2.7816666666666667,0,0,7.1,90,1.655,261,0.68,6,Moors and heathland,pre_dashboard,413_2332
56.901944444444446,-2.7816666666666667,0,0,7.1,90,1.655,261,0.68,6,Moors and heathland,pre_dashboard,413_2333
56.901944444444446,-2.7816666666666667,0,0,7.1,92,1.655,261,0.68,6,Moors and heathland,pre_dashboard,413_2334
56.901944444444446,-2.7816666666666667,1,2,7.1,92,1.655,261,0.68,6,Moors and heathland,pre_dashboard,413_2335
56.901944444444446,-2.7816666666666667,0,0,7.1,92,1.655,261,0.68,6,Moors and heathland,pre_dashboard,413_2336
56.901944444444446,-2.7816666666666667,1,6,7.1,94,1.655,261,0.68,6,Moors and heathland,pre_dashboard,413_2337
56.901944444444446,-2.7816666666666667,1,1,7.1,94,1.655,261,0.68,6,Moors and heathland,pre_dashboard,413_2338
56.901944444444446,-2.7816666666666667,1,3,7.1,94,1.655,261,0.68,6,Moors and heathland,pre_dashboard,413_2339
56.901944444444446,-2.7816666666666667,1,60,7.1,94,1.655,261,0.68,6,Moors and heathland,pre_dashboard,413_2340
56.901944444444446,-2.7816666666666667,1,3,7.1,94,1.655,261,0.68,6,Moors and heathland,pre_dashboard,413_2341
56.901944444444446,-2.7816666666666667,1,5,7.1,94,1.655,261,0.68,6,Moors and heathland,pre_dashboard,413_2342
56.901944444444446,-2.7816666666666667,0,0,7.1,95,1.655,261,0.68,6,Moors and heathland,pre_dashboard,413_2343
56.901944444444446,-2.7816666666666667,0,0,7.1,95,1.655,261,0.68,6,Moors and heathland,pre_dashboard,413_2344
56.901944444444446,-2.7816666666666667,0,0,7.1,95,1.655,261,0.68,6,Moors and heathland,pre_dashboard,413_2345
56.901944444444446,-2.7816666666666667,0,0,7.1,95,1.655,261,0.68,6,Moors and heathland,pre_dashboard,413_2346
56.901944444444446,-2.7816666666666667,0,0,7.1,95,1.655,261,0.68,6,Moors and heathland,pre_dashboard,413_2347
56.901944444444446,-2.7816666666666667,0,0,7.1,95,1.655,261,0.68,6,Moors and heathland,pre_dashboard,413_2348
56.901944444444446,-2.7816666666666667,0,0,7.1,100,1.655,261,0.68,6,Moors and heathland,pre_dashboard,413_2349
56.901944444444446,-2.7816666666666667,0,0,7.1,100,1.655,261,0.68,6,Moors and heathland,pre_dashboard,413_2350
56.901944444444446,-2.7816666666666667,0,0,7.1,100,1.655,261,0.68,6,Moors and heathland,pre_dashboard,413_2351
56.901944444444446,-2.7816666666666667,0,0,7.1,94,1.655,261,0.68,10,Moors and heathland,pre_dashboard,413_2352
56.901944444444446,-2.7816666666666667,0,0,7.1,94,1.655,261,0.68,10,Moors and heathland,pre_dashboard,413_2353
56.901944444444446,-2.7816666666666667,0,0,7.1,94,1.655,261,0.68,10,Moors and heathland,pre_dashboard,413_2354
56.901944444444446,-2.7816666666666667,0,0,7.1,96,1.655,261,0.68,10,Moors and heathland,pre_dashboard,413_2355
56.901944444444446,-2.7816666666666667,0,0,7.1,96,1.655,261,0.68,10,Moors and heathland,pre_dashboard,413_2356
56.901944444444446,-2.7816666666666667,0,0,7.1,96,1.655,261,0.68,10,Moors and heathland,pre_dashboard,413_2357
56.901944444444446,-2.7816666666666667,0,0,7.1,96,1.655,261,0.68,10,Moors and heathland,pre_dashboard,413_2358
56.901944444444446,-2.7816666666666667,0,0,7.1,96,1.655,261,0.68,10,Moors and heathland,pre_dashboard,413_2359
56.901944444444446,-2.7816666666666667,0,0,7.1,96,1.655,261,0.68,10,Moors and heathland,pre_dashboard,413_2360
56.901944444444446,-2.7816666666666667,0,0,7.1,98,1.655,261,0.68,10,Moors and heathland,pre_dashboard,413_2361
56.901944444444446,-2.7816666666666667,0,0,7.1,98,1.655,261,0.68,10,Moors and heathland,pre_dashboard,413_2362
56.901944444444446,-2.7816666666666667,0,0,7.1,98,1.655,261,0.68,10,Moors and heathland,pre_dashboard,413_2363
56.901944444444446,-2.7816666666666667,1,56,7.1,98,1.655,261,0.68,10,Moors and heathland,pre_dashboard,413_2364
56.901944444444446,-2.7816666666666667,1,12,7.1,98,1.655,261,0.68,10,Moors and heathland,pre_dashboard,413_2365
56.901944444444446,-2.7816666666666667,1,10,7.1,98,1.655,261,0.68,10,Moors and heathland,pre_dashboard,413_2366
56.901944444444446,-2.7816666666666667,0,0,7.1,100,1.655,261,0.68,10,Moors and heathland,pre_dashboard,413_2367
56.901944444444446,-2.7816666666666667,0,0,7.1,100,1.655,261,0.68,10,Moors and heathland,pre_dashboard,413_2368
56.901944444444446,-2.7816666666666667,0,0,7.1,100,1.655,261,0.68,10,Moors and heathland,pre_dashboard,413_2369
56.901944444444446,-2.7816666666666667,0,0,7.1,100,1.655,261,0.68,10,Moors and heathland,pre_dashboard,413_2370
56.901944444444446,-2.7816666666666667,0,0,7.1,100,1.655,261,0.68,10,Moors and heathland,pre_dashboard,413_2371
56.901944444444446,-2.7816666666666667,0,0,7.1,100,1.655,261,0.68,10,Moors and heathland,pre_dashboard,413_2372
56.901944444444446,-2.7816666666666667,0,0,7.1,100,1.655,261,0.68,10,Moors and heathland,pre_dashboard,413_2373
56.901944444444446,-2.7816666666666667,0,0,7.1,100,1.655,261,0.68,10,Moors and heathland,pre_dashboard,413_2374
56.901944444444446,-2.7816666666666667,0,0,7.1,100,1.655,261,0.68,10,Moors and heathland,pre_dashboard,413_2375
56.901944444444446,-2.7816666666666667,0,0,7.1,88,1.655,261,0.68,6,Moors and heathland,pre_dashboard,413_2376
56.901944444444446,-2.7816666666666667,0,0,7.1,88,1.655,261,0.68,6,Moors and heathland,pre_dashboard,413_2377
56.901944444444446,-2.7816666666666667,0,0,7.1,88,1.655,261,0.68,6,Moors and heathland,pre_dashboard,413_2378
56.901944444444446,-2.7816666666666667,0,0,7.1,90,1.655,261,0.68,6,Moors and heathland,pre_dashboard,413_2379
56.901944444444446,-2.7816666666666667,0,0,7.1,90,1.655,261,0.68,6,Moors and heathland,pre_dashboard,413_2380
56.901944444444446,-2.7816666666666667,0,0,7.1,90,1.655,261,0.68,6,Moors and heathland,pre_dashboard,413_2381
56.901944444444446,-2.7816666666666667,0,0,7.1,92,1.655,261,0.68,6,Moors and heathland,pre_dashboard,413_2382
56.901944444444446,-2.7816666666666667,0,0,7.1,92,1.655,261,0.68,6,Moors and heathland,pre_dashboard,413_2383
56.901944444444446,-2.7816666666666667,0,0,7.1,92,1.655,261,0.68,6,Moors and heathland,pre_dashboard,413_2384
56.901944444444446,-2.7816666666666667,0,0,7.1,94,1.655,261,0.68,6,Moors and heathland,pre_dashboard,413_2385
56.901944444444446,-2.7816666666666667,0,0,7.1,94,1.655,261,0.68,6,Moors and heathland,pre_dashboard,413_2386
56.901944444444446,-2.7816666666666667,0,0,7.1,94,1.655,261,0.68,6,Moors and heathland,pre_dashboard,413_2387
56.901944444444446,-2.7816666666666667,1,34,7.1,94,1.655,261,0.68,6,Moors and heathland,pre_dashboard,413_2388
56.901944444444446,-2.7816666666666667,1,5,7.1,94,1.655,261,0.68,6,Moors and heathland,pre_dashboard,413_2389
56.901944444444446,-2.7816666666666667,1,4,7.1,94,1.655,261,0.68,6,Moors and heathland,pre_dashboard,413_2390
56.901944444444446,-2.7816666666666667,0,0,7.1,95,1.655,261,0.68,6,Moors and heathland,pre_dashboard,413_2391
56.901944444444446,-2.7816666666666667,0,0,7.1,95,1.655,261,0.68,6,Moors and heathland,pre_dashboard,413_2392
56.901944444444446,-2.7816666666666667,0,0,7.1,95,1.655,261,0.68,6,Moors and heathland,pre_dashboard,413_2393
56.901944444444446,-2.7816666666666667,0,0,7.1,95,1.655,261,0.68,6,Moors and heathland,pre_dashboard,413_2394
56.901944444444446,-2.7816666666666667,0,0,7.1,95,1.655,261,0.68,6,Moors and heathland,pre_dashboard,413_2395
56.901944444444446,-2.7816666666666667,0,0,7.1,95,1.655,261,0.68,6,Moors and heathland,pre_dashboard,413_2396
56.901944444444446,-2.7816666666666667,0,0,7.1,100,1.655,261,0.68,6,Moors and heathland,pre_dashboard,413_2397
56.901944444444446,-2.7816666666666667,0,0,7.1,100,1.655,261,0.68,6,Moors and heathland,pre_dashboard,413_2398
56.901944444444446,-2.7816666666666667,0,0,7.1,100,1.655,261,0.68,6,Moors and heathland,pre_dashboard,413_2399
56.901944444444446,-2.7816666666666667,0,0,7.1,94,1.655,261,0.68,10,Moors and heathland,pre_dashboard,413_2400
56.901944444444446,-2.7816666666666667,0,0,7.1,94,1.655,261,0.68,10,Moors and heathland,pre_dashboard,413_2401
56.901944444444446,-2.7816666666666667,0,0,7.1,94,1.655,261,0.68,10,Moors and heathland,pre_dashboard,413_2402
56.901944444444446,-2.7816666666666667,0,0,7.1,96,1.655,261,0.68,10,Moors and heathland,pre_dashboard,413_2403
56.901944444444446,-2.7816666666666667,0,0,7.1,96,1.655,261,0.68,10,Moors and heathland,pre_dashboard,413_2404
56.901944444444446,-2.7816666666666667,0,0,7.1,96,1.655,261,0.68,10,Moors and heathland,pre_dashboard,413_2405
56.901944444444446,-2.7816666666666667,0,0,7.1,96,1.655,261,0.68,10,Moors and heathland,pre_dashboard,413_2406
56.901944444444446,-2.7816666666666667,0,0,7.1,96,1.655,261,0.68,10,Moors and heathland,pre_dashboard,413_2407
56.901944444444446,-2.7816666666666667,0,0,7.1,96,1.655,261,0.68,10,Moors and heathland,pre_dashboard,413_2408
56.901944444444446,-2.7816666666666667,0,0,7.1,98,1.655,261,0.68,10,Moors and heathland,pre_dashboard,413_2409
56.901944444444446,-2.7816666666666667,0,0,7.1,98,1.655,261,0.68,10,Moors and heathland,pre_dashboard,413_2410
56.901944444444446,-2.7816666666666667,0,0,7.1,98,1.655,261,0.68,10,Moors and heathland,pre_dashboard,413_2411
56.901944444444446,-2.7816666666666667,1,27,7.1,98,1.655,261,0.68,10,Moors and heathland,pre_dashboard,413_2412
56.901944444444446,-2.7816666666666667,1,6,7.1,98,1.655,261,0.68,10,Moors and heathland,pre_dashboard,413_2413
56.901944444444446,-2.7816666666666667,1,7,7.1,98,1.655,261,0.68,10,Moors and heathland,pre_dashboard,413_2414
56.901944444444446,-2.7816666666666667,0,0,7.1,100,1.655,261,0.68,10,Moors and heathland,pre_dashboard,413_2415
56.901944444444446,-2.7816666666666667,0,0,7.1,100,1.655,261,0.68,10,Moors and heathland,pre_dashboard,413_2416
56.901944444444446,-2.7816666666666667,0,0,7.1,100,1.655,261,0.68,10,Moors and heathland,pre_dashboard,413_2417
56.901944444444446,-2.7816666666666667,0,0,7.1,100,1.655,261,0.68,10,Moors and heathland,pre_dashboard,413_2418
56.901944444444446,-2.7816666666666667,0,0,7.1,100,1.655,261,0.68,10,Moors and heathland,pre_dashboard,413_2419
56.901944444444446,-2.7816666666666667,0,0,7.1,100,1.655,261,0.68,10,Moors and heathland,pre_dashboard,413_2420
56.901944444444446,-2.7816666666666667,0,0,7.1,100,1.655,261,0.68,10,Moors and heathland,pre_dashboard,413_2421
56.901944444444446,-2.7816666666666667,0,0,7.1,100,1.655,261,0.68,10,Moors and heathland,pre_dashboard,413_2422
56.901944444444446,-2.7816666666666667,0,0,7.1,100,1.655,261,0.68,10,Moors and heathland,pre_dashboard,413_2423
56.96222222222222,-2.621111111111111,0,0,16.5,74,0.0,359,0.62,6,Moors and heathland,pre_dashboard,414_2424
56.96222222222222,-2.621111111111111,0,0,16.5,74,0.0,359,0.62,6,Moors and heathland,pre_dashboard,414_2425
56.96222222222222,-2.621111111111111,0,0,16.5,74,0.0,359,0.62,6,Moors and heathland,pre_dashboard,414_2426
56.96222222222222,-2.621111111111111,0,0,16.5,76,0.0,359,0.62,6,Moors and heathland,pre_dashboard,414_2427
56.96222222222222,-2.621111111111111,0,0,16.5,76,0.0,359,0.62,6,Moors and heathland,pre_dashboard,414_2428
56.96222222222222,-2.621111111111111,0,0,16.5,76,0.0,359,0.62,6,Moors and heathland,pre_dashboard,414_2429
56.96222222222222,-2.621111111111111,0,0,16.5,76,0.0,359,0.62,6,Moors and heathland,pre_dashboard,414_2430
56.96222222222222,-2.621111111111111,0,0,16.5,76,0.0,359,0.62,6,Moors and heathland,pre_dashboard,414_2431
56.96222222222222,-2.621111111111111,0,0,16.5,76,0.0,359,0.62,6,Moors and heathland,pre_dashboard,414_2432
56.96222222222222,-2.621111111111111,0,0,16.5,78,0.0,359,0.62,6,Moors and heathland,pre_dashboard,414_2433
56.96222222222222,-2.621111111111111,0,0,16.5,78,0.0,359,0.62,6,Moors and heathland,pre_dashboard,414_2434
56.96222222222222,-2.621111111111111,0,0,16.5,78,0.0,359,0.62,6,Moors and heathland,pre_dashboard,414_2435
56.96222222222222,-2.621111111111111,1,126,16.5,82,0.0,359,0.62,6,Moors and heathland,pre_dashboard,414_2436
56.96222222222222,-2.621111111111111,1,18,16.5,82,0.0,359,0.62,6,Moors and heathland,pre_dashboard,414_2437
56.96222222222222,-2.621111111111111,1,10,16.5,82,0.0,359,0.62,6,Moors and heathland,pre_dashboard,414_2438
56.96222222222222,-2.621111111111111,0,0,16.5,88,0.0,359,0.62,6,Moors and heathland,pre_dashboard,414_2439
56.96222222222222,-2.621111111111111,0,0,16.5,88,0.0,359,0.62,6,Moors and heathland,pre_dashboard,414_2440
56.96222222222222,-2.621111111111111,0,0,16.5,88,0.0,359,0.62,6,Moors and heathland,pre_dashboard,414_2441
56.96222222222222,-2.621111111111111,0,0,16.5,95,0.0,359,0.62,6,Moors and heathland,pre_dashboard,414_2442
56.96222222222222,-2.621111111111111,0,0,16.5,95,0.0,359,0.62,6,Moors and heathland,pre_dashboard,414_2443
56.96222222222222,-2.621111111111111,0,0,16.5,95,0.0,359,0.62,6,Moors and heathland,pre_dashboard,414_2444
56.96222222222222,-2.621111111111111,0,0,16.5,95,0.0,359,0.62,6,Moors and heathland,pre_dashboard,414_2445
56.96222222222222,-2.621111111111111,0,0,16.5,95,0.0,359,0.62,6,Moors and heathland,pre_dashboard,414_2446
56.96222222222222,-2.621111111111111,0,0,16.5,95,0.0,359,0.62,6,Moors and heathland,pre_dashboard,414_2447
56.96222222222222,-2.621111111111111,0,0,16.5,74,0.0,359,0.62,6,Moors and heathland,pre_dashboard,414_2448
56.96222222222222,-2.621111111111111,0,0,16.5,74,0.0,359,0.62,6,Moors and heathland,pre_dashboard,414_2449
56.96222222222222,-2.621111111111111,0,0,16.5,74,0.0,359,0.62,6,Moors and heathland,pre_dashboard,414_2450
56.96222222222222,-2.621111111111111,0,0,16.5,76,0.0,359,0.62,6,Moors and heathland,pre_dashboard,414_2451
56.96222222222222,-2.621111111111111,0,0,16.5,76,0.0,359,0.62,6,Moors and heathland,pre_dashboard,414_2452
56.96222222222222,-2.621111111111111,0,0,16.5,76,0.0,359,0.62,6,Moors and heathland,pre_dashboard,414_2453
56.96222222222222,-2.621111111111111,0,0,16.5,76,0.0,359,0.62,6,Moors and heathland,pre_dashboard,414_2454
56.96222222222222,-2.621111111111111,0,0,16.5,76,0.0,359,0.62,6,Moors and heathland,pre_dashboard,414_2455
56.96222222222222,-2.621111111111111,0,0,16.5,76,0.0,359,0.62,6,Moors and heathland,pre_dashboard,414_2456
56.96222222222222,-2.621111111111111,0,0,16.5,78,0.0,359,0.62,6,Moors and heathland,pre_dashboard,414_2457
56.96222222222222,-2.621111111111111,0,0,16.5,78,0.0,359,0.62,6,Moors and heathland,pre_dashboard,414_2458
56.96222222222222,-2.621111111111111,0,0,16.5,78,0.0,359,0.62,6,Moors and heathland,pre_dashboard,414_2459
56.96222222222222,-2.621111111111111,1,46,16.5,82,0.0,359,0.62,6,Moors and heathland,pre_dashboard,414_2460
56.96222222222222,-2.621111111111111,1,4,16.5,82,0.0,359,0.62,6,Moors and heathland,pre_dashboard,414_2461
56.96222222222222,-2.621111111111111,1,5,16.5,82,0.0,359,0.62,6,Moors and heathland,pre_dashboard,414_2462
56.96222222222222,-2.621111111111111,0,0,16.5,88,0.0,359,0.62,6,Moors and heathland,pre_dashboard,414_2463
56.96222222222222,-2.621111111111111,0,0,16.5,88,0.0,359,0.62,6,Moors and heathland,pre_dashboard,414_2464
56.96222222222222,-2.621111111111111,0,0,16.5,88,0.0,359,0.62,6,Moors and heathland,pre_dashboard,414_2465
56.96222222222222,-2.621111111111111,0,0,16.5,95,0.0,359,0.62,6,Moors and heathland,pre_dashboard,414_2466
56.96222222222222,-2.621111111111111,0,0,16.5,95,0.0,359,0.62,6,Moors and heathland,pre_dashboard,414_2467
56.96222222222222,-2.621111111111111,0,0,16.5,95,0.0,359,0.62,6,Moors and heathland,pre_dashboard,414_2468
56.96222222222222,-2.621111111111111,0,0,16.5,95,0.0,359,0.62,6,Moors and heathland,pre_dashboard,414_2469
56.96222222222222,-2.621111111111111,0,0,16.5,95,0.0,359,0.62,6,Moors and heathland,pre_dashboard,414_2470
56.96222222222222,-2.621111111111111,0,0,16.5,95,0.0,359,0.62,6,Moors and heathland,pre_dashboard,414_2471
55.76444444444444,-6.166666666666667,0,0,15.2,76,16.415,71,0.7,6,Pastures,pre_dashboard,416_2520
55.76444444444444,-6.166666666666667,0,0,15.2,76,16.415,71,0.7,6,Pastures,pre_dashboard,416_2521
55.76444444444444,-6.166666666666667,0,0,15.2,76,16.415,71,0.7,6,Pastures,pre_dashboard,416_2522
55.76444444444444,-6.166666666666667,0,0,15.2,78,16.415,71,0.7,6,Pastures,pre_dashboard,416_2523
55.76444444444444,-6.166666666666667,0,0,15.2,78,16.415,71,0.7,6,Pastures,pre_dashboard,416_2524
55.76444444444444,-6.166666666666667,0,0,15.2,78,16.415,71,0.7,6,Pastures,pre_dashboard,416_2525
55.76444444444444,-6.166666666666667,0,0,15.2,82,16.415,71,0.7,6,Pastures,pre_dashboard,416_2526
55.76444444444444,-6.166666666666667,0,0,15.2,82,16.415,71,0.7,6,Pastures,pre_dashboard,416_2527
55.76444444444444,-6.166666666666667,0,0,15.2,82,16.415,71,0.7,6,Pastures,pre_dashboard,416_2528
55.76444444444444,-6.166666666666667,0,0,15.2,84,16.415,71,0.7,6,Pastures,pre_dashboard,416_2529
55.76444444444444,-6.166666666666667,1,4,15.2,84,16.415,71,0.7,6,Pastures,pre_dashboard,416_2530
55.76444444444444,-6.166666666666667,1,3,15.2,84,16.415,71,0.7,6,Pastures,pre_dashboard,416_2531
55.76444444444444,-6.166666666666667,1,122,15.2,86,16.415,71,0.7,6,Pastures,pre_dashboard,416_2532
55.76444444444444,-6.166666666666667,1,14,15.2,86,16.415,71,0.7,6,Pastures,pre_dashboard,416_2533
55.76444444444444,-6.166666666666667,1,18,15.2,86,16.415,71,0.7,6,Pastures,pre_dashboard,416_2534
55.76444444444444,-6.166666666666667,0,0,15.2,90,16.415,71,0.7,6,Pastures,pre_dashboard,416_2535
55.76444444444444,-6.166666666666667,0,0,15.2,90,16.415,71,0.7,6,Pastures,pre_dashboard,416_2536
55.76444444444444,-6.166666666666667,0,0,15.2,90,16.415,71,0.7,6,Pastures,pre_dashboard,416_2537
55.76444444444444,-6.166666666666667,0,0,15.2,95,16.415,71,0.7,6,Pastures,pre_dashboard,416_2538
55.76444444444444,-6.166666666666667,0,0,15.2,95,16.415,71,0.7,6,Pastures,pre_dashboard,416_2539
55.76444444444444,-6.166666666666667,0,0,15.2,95,16.415,71,0.7,6,Pastures,pre_dashboard,416_2540
55.76444444444444,-6.166666666666667,0,0,15.2,95,16.415,71,0.7,6,Pastures,pre_dashboard,416_2541
55.76444444444444,-6.166666666666667,0,0,15.2,95,16.415,71,0.7,6,Pastures,pre_dashboard,416_2542
55.76444444444444,-6.166666666666667,0,0,15.2,95,16.415,71,0.7,6,Pastures,pre_dashboard,416_2543
55.76444444444444,-6.166666666666667,0,0,15.2,74,16.415,71,0.7,9,Pastures,pre_dashboard,416_2544
55.76444444444444,-6.166666666666667,0,0,15.2,74,16.415,71,0.7,9,Pastures,pre_dashboard,416_2545
55.76444444444444,-6.166666666666667,0,0,15.2,74,16.415,71,0.7,9,Pastures,pre_dashboard,416_2546
55.76444444444444,-6.166666666666667,0,0,15.2,78,16.415,71,0.7,9,Pastures,pre_dashboard,416_2547
55.76444444444444,-6.166666666666667,0,0,15.2,78,16.415,71,0.7,9,Pastures,pre_dashboard,416_2548
55.76444444444444,-6.166666666666667,0,0,15.2,78,16.415,71,0.7,9,Pastures,pre_dashboard,416_2549
55.76444444444444,-6.166666666666667,0,0,15.2,80,16.415,71,0.7,9,Pastures,pre_dashboard,416_2550
55.76444444444444,-6.166666666666667,1,4,15.2,80,16.415,71,0.7,9,Pastures,pre_dashboard,416_2551
55.76444444444444,-6.166666666666667,1,2,15.2,80,16.415,71,0.7,9,Pastures,pre_dashboard,416_2552
55.76444444444444,-6.166666666666667,1,38,15.2,82,16.415,71,0.7,9,Pastures,pre_dashboard,416_2553
55.76444444444444,-6.166666666666667,1,12,15.2,82,16.415,71,0.7,9,Pastures,pre_dashboard,416_2554
55.76444444444444,-6.166666666666667,1,9,15.2,82,16.415,71,0.7,9,Pastures,pre_dashboard,416_2555
55.76444444444444,-6.166666666666667,1,150,15.2,86,16.415,71,0.7,9,Pastures,pre_dashboard,416_2556
55.76444444444444,-6.166666666666667,1,36,15.2,86,16.415,71,0.7,9,Pastures,pre_dashboard,416_2557
55.76444444444444,-6.166666666666667,1,22,15.2,86,16.415,71,0.7,9,Pastures,pre_dashboard,416_2558
55.76444444444444,-6.166666666666667,0,0,15.2,90,16.415,71,0.7,9,Pastures,pre_dashboard,416_2559
55.76444444444444,-6.166666666666667,0,0,15.2,90,16.415,71,0.7,9,Pastures,pre_dashboard,416_2560
55.76444444444444,-6.166666666666667,0,0,15.2,90,16.415,71,0.7,9,Pastures,pre_dashboard,416_2561
55.76444444444444,-6.166666666666667,0,0,15.2,95,16.415,71,0.7,9,Pastures,pre_dashboard,416_2562
55.76444444444444,-6.166666666666667,0,0,15.2,95,16.415,71,0.7,9,Pastures,pre_dashboard,416_2563
55.76444444444444,-6.166666666666667,0,0,15.2,95,16.415,71,0.7,9,Pastures,pre_dashboard,416_2564
55.76444444444444,-6.166666666666667,0,0,15.2,95,16.415,71,0.7,9,Pastures,pre_dashboard,416_2565
55.76444444444444,-6.166666666666667,0,0,15.2,95,16.415,71,0.7,9,Pastures,pre_dashboard,416_2566
55.76444444444444,-6.166666666666667,0,0,15.2,95,16.415,71,0.7,9,Pastures,pre_dashboard,416_2567
55.76444444444444,-6.166666666666667,0,0,15.2,76,16.415,71,0.7,6,Pastures,pre_dashboard,416_2568
55.76444444444444,-6.166666666666667,0,0,15.2,76,16.415,71,0.7,6,Pastures,pre_dashboard,416_2569
55.76444444444444,-6.166666666666667,0,0,15.2,76,16.415,71,0.7,6,Pastures,pre_dashboard,416_2570
55.76444444444444,-6.166666666666667,0,0,15.2,76,16.415,71,0.7,6,Pastures,pre_dashboard,416_2571
55.76444444444444,-6.166666666666667,0,0,15.2,76,16.415,71,0.7,6,Pastures,pre_dashboard,416_2572
55.76444444444444,-6.166666666666667,0,0,15.2,76,16.415,71,0.7,6,Pastures,pre_dashboard,416_2573
55.76444444444444,-6.166666666666667,0,0,15.2,76,16.415,71,0.7,6,Pastures,pre_dashboard,416_2574
55.76444444444444,-6.166666666666667,0,0,15.2,76,16.415,71,0.7,6,Pastures,pre_dashboard,416_2575
55.76444444444444,-6.166666666666667,0,0,15.2,76,16.415,71,0.7,6,Pastures,pre_dashboard,416_2576
55.76444444444444,-6.166666666666667,0,0,15.2,78,16.415,71,0.7,6,Pastures,pre_dashboard,416_2577
55.76444444444444,-6.166666666666667,0,0,15.2,78,16.415,71,0.7,6,Pastures,pre_dashboard,416_2578
55.76444444444444,-6.166666666666667,0,0,15.2,78,16.415,71,0.7,6,Pastures,pre_dashboard,416_2579
55.76444444444444,-6.166666666666667,1,21,15.2,80,16.415,71,0.7,6,Pastures,pre_dashboard,416_2580
55.76444444444444,-6.166666666666667,1,14,15.2,80,16.415,71,0.7,6,Pastures,pre_dashboard,416_2581
55.76444444444444,-6.166666666666667,1,8,15.2,80,16.415,71,0.7,6,Pastures,pre_dashboard,416_2582
55.76444444444444,-6.166666666666667,0,0,15.2,90,16.415,71,0.7,6,Pastures,pre_dashboard,416_2583
55.76444444444444,-6.166666666666667,0,0,15.2,90,16.415,71,0.7,6,Pastures,pre_dashboard,416_2584
55.76444444444444,-6.166666666666667,0,0,15.2,90,16.415,71,0.7,6,Pastures,pre_dashboard,416_2585
55.76444444444444,-6.166666666666667,0,0,15.2,95,16.415,71,0.7,6,Pastures,pre_dashboard,416_2586
55.76444444444444,-6.166666666666667,0,0,15.2,95,16.415,71,0.7,6,Pastures,pre_dashboard,416_2587
55.76444444444444,-6.166666666666667,0,0,15.2,95,16.415,71,0.7,6,Pastures,pre_dashboard,416_2588
55.76444444444444,-6.166666666666667,0,0,15.2,95,16.415,71,0.7,6,Pastures,pre_dashboard,416_2589
55.76444444444444,-6.166666666666667,0,0,15.2,95,16.415,71,0.7,6,Pastures,pre_dashboard,416_2590
55.76444444444444,-6.166666666666667,0,0,15.2,95,16.415,71,0.7,6,Pastures,pre_dashboard,416_2591
55.76444444444444,-6.166666666666667,0,0,15.2,74,16.415,71,0.7,9,Pastures,pre_dashboard,416_2592
55.76444444444444,-6.166666666666667,0,0,15.2,74,16.415,71,0.7,9,Pastures,pre_dashboard,416_2593
55.76444444444444,-6.166666666666667,0,0,15.2,74,16.415,71,0.7,9,Pastures,pre_dashboard,416_2594
55.76444444444444,-6.166666666666667,0,0,15.2,74,16.415,71,0.7,9,Pastures,pre_dashboard,416_2595
55.76444444444444,-6.166666666666667,0,0,15.2,74,16.415,71,0.7,9,Pastures,pre_dashboard,416_2596
55.76444444444444,-6.166666666666667,0,0,15.2,74,16.415,71,0.7,9,Pastures,pre_dashboard,416_2597
55.76444444444444,-6.166666666666667,0,0,15.2,74,16.415,71,0.7,9,Pastures,pre_dashboard,416_2598
55.76444444444444,-6.166666666666667,0,0,15.2,74,16.415,71,0.7,9,Pastures,pre_dashboard,416_2599
55.76444444444444,-6.166666666666667,0,0,15.2,74,16.415,71,0.7,9,Pastures,pre_dashboard,416_2600
55.76444444444444,-6.166666666666667,0,0,15.2,76,16.415,71,0.7,9,Pastures,pre_dashboard,416_2601
55.76444444444444,-6.166666666666667,0,0,15.2,76,16.415,71,0.7,9,Pastures,pre_dashboard,416_2602
55.76444444444444,-6.166666666666667,0,0,15.2,76,16.415,71,0.7,9,Pastures,pre_dashboard,416_2603
55.76444444444444,-6.166666666666667,1,18,15.2,80,16.415,71,0.7,9,Pastures,pre_dashboard,416_2604
55.76444444444444,-6.166666666666667,1,21,15.2,80,16.415,71,0.7,9,Pastures,pre_dashboard,416_2605
55.76444444444444,-6.166666666666667,1,14,15.2,80,16.415,71,0.7,9,Pastures,pre_dashboard,416_2606
55.76444444444444,-6.166666666666667,0,0,15.2,95,16.415,71,0.7,9,Pastures,pre_dashboard,416_2607
55.76444444444444,-6.166666666666667,0,0,15.2,95,16.415,71,0.7,9,Pastures,pre_dashboard,416_2608
55.76444444444444,-6.166666666666667,0,0,15.2,95,16.415,71,0.7,9,Pastures,pre_dashboard,416_2609
55.76444444444444,-6.166666666666667,0,0,15.2,95,16.415,71,0.7,9,Pastures,pre_dashboard,416_2610
55.76444444444444,-6.166666666666667,0,0,15.2,95,16.415,71,0.7,9,Pastures,pre_dashboard,416_2611
55.76444444444444,-6.166666666666667,0,0,15.2,95,16.415,71,0.7,9,Pastures,pre_dashboard,416_2612
55.76444444444444,-6.166666666666667,0,0,15.2,95,16.415,71,0.7,9,Pastures,pre_dashboard,416_2613
55.76444444444444,-6.166666666666667,0,0,15.2,95,16.415,71,0.7,9,Pastures,pre_dashboard,416_2614
55.76444444444444,-6.166666666666667,0,0,15.2,95,16.415,71,0.7,9,Pastures,pre_dashboard,416_2615
53.31055555555555,-3.3761111111111113,0,0,16.6,86,4.396,199,0.83,6,Broad-leaved forest,pre_dashboard,417_2616
53.31055555555555,-3.3761111111111113,0,0,16.6,86,4.396,199,0.83,6,Broad-leaved forest,pre_dashboard,417_2617
53.31055555555555,-3.3761111111111113,0,0,16.6,86,4.396,199,0.83,6,Broad-leaved forest,pre_dashboard,417_2618
53.31055555555555,-3.3761111111111113,0,0,16.6,88,4.396,199,0.83,6,Broad-leaved forest,pre_dashboard,417_2619
53.31055555555555,-3.3761111111111113,0,0,16.6,88,4.396,199,0.83,6,Broad-leaved forest,pre_dashboard,417_2620
53.31055555555555,-3.3761111111111113,0,0,16.6,88,4.396,199,0.83,6,Broad-leaved forest,pre_dashboard,417_2621
53.31055555555555,-3.3761111111111113,0,0,16.6,90,4.396,199,0.83,6,Broad-leaved forest,pre_dashboard,417_2622
53.31055555555555,-3.3761111111111113,0,0,16.6,90,4.396,199,0.83,6,Broad-leaved forest,pre_dashboard,417_2623
53.31055555555555,-3.3761111111111113,0,0,16.6,90,4.396,199,0.83,6,Broad-leaved forest,pre_dashboard,417_2624
53.31055555555555,-3.3761111111111113,1,25,16.6,90,4.396,199,0.83,6,Broad-leaved forest,pre_dashboard,417_2625
53.31055555555555,-3.3761111111111113,1,3,16.6,90,4.396,199,0.83,6,Broad-leaved forest,pre_dashboard,417_2626
53.31055555555555,-3.3761111111111113,1,2,16.6,90,4.396,199,0.83,6,Broad-leaved forest,pre_dashboard,417_2627
53.31055555555555,-3.3761111111111113,1,101,16.6,92,4.396,199,0.83,6,Broad-leaved forest,pre_dashboard,417_2628
53.31055555555555,-3.3761111111111113,1,16,16.6,92,4.396,199,0.83,6,Broad-leaved forest,pre_dashboard,417_2629
53.31055555555555,-3.3761111111111113,1,12,16.6,92,4.396,199,0.83,6,Broad-leaved forest,pre_dashboard,417_2630
53.31055555555555,-3.3761111111111113,0,0,16.6,95,4.396,199,0.83,6,Broad-leaved forest,pre_dashboard,417_2631
53.31055555555555,-3.3761111111111113,0,0,16.6,95,4.396,199,0.83,6,Broad-leaved forest,pre_dashboard,417_2632
53.31055555555555,-3.3761111111111113,0,0,16.6,95,4.396,199,0.83,6,Broad-leaved forest,pre_dashboard,417_2633
53.31055555555555,-3.3761111111111113,0,0,16.6,95,4.396,199,0.83,6,Broad-leaved forest,pre_dashboard,417_2634
53.31055555555555,-3.3761111111111113,0,0,16.6,95,4.396,199,0.83,6,Broad-leaved forest,pre_dashboard,417_2635
53.31055555555555,-3.3761111111111113,0,0,16.6,95,4.396,199,0.83,6,Broad-leaved forest,pre_dashboard,417_2636
53.31055555555555,-3.3761111111111113,0,0,16.6,95,4.396,199,0.83,6,Broad-leaved forest,pre_dashboard,417_2637
53.31055555555555,-3.3761111111111113,0,0,16.6,95,4.396,199,0.83,6,Broad-leaved forest,pre_dashboard,417_2638
53.31055555555555,-3.3761111111111113,0,0,16.6,95,4.396,199,0.83,6,Broad-leaved forest,pre_dashboard,417_2639
53.31055555555555,-3.3761111111111113,0,0,16.6,76,4.396,199,0.83,9,Broad-leaved forest,pre_dashboard,417_2640
53.31055555555555,-3.3761111111111113,0,0,16.6,76,4.396,199,0.83,9,Broad-leaved forest,pre_dashboard,417_2641
53.31055555555555,-3.3761111111111113,0,0,16.6,76,4.396,199,0.83,9,Broad-leaved forest,pre_dashboard,417_2642
53.31055555555555,-3.3761111111111113,0,0,16.6,78,4.396,199,0.83,9,Broad-leaved forest,pre_dashboard,417_2643
53.31055555555555,-3.3761111111111113,0,0,16.6,78,4.396,199,0.83,9,Broad-leaved forest,pre_dashboard,417_2644
53.31055555555555,-3.3761111111111113,0,0,16.6,78,4.396,199,0.83,9,Broad-leaved forest,pre_dashboard,417_2645
53.31055555555555,-3.3761111111111113,0,0,16.6,82,4.396,199,0.83,9,Broad-leaved forest,pre_dashboard,417_2646
53.31055555555555,-3.3761111111111113,0,0,16.6,82,4.396,199,0.83,9,Broad-leaved forest,pre_dashboard,417_2647
53.31055555555555,-3.3761111111111113,0,0,16.6,82,4.396,199,0.83,9,Broad-leaved forest,pre_dashboard,417_2648
53.31055555555555,-3.3761111111111113,0,0,16.6,84,4.396,199,0.83,9,Broad-leaved forest,pre_dashboard,417_2649
53.31055555555555,-3.3761111111111113,1,18,16.6,84,4.396,199,0.83,9,Broad-leaved forest,pre_dashboard,417_2650
53.31055555555555,-3.3761111111111113,1,12,16.6,84,4.396,199,0.83,9,Broad-leaved forest,pre_dashboard,417_2651
53.31055555555555,-3.3761111111111113,1,58,16.6,86,4.396,199,0.83,9,Broad-leaved forest,pre_dashboard,417_2652
53.31055555555555,-3.3761111111111113,1,40,16.6,86,4.396,199,0.83,9,Broad-leaved forest,pre_dashboard,417_2653
53.31055555555555,-3.3761111111111113,1,20,16.6,86,4.396,199,0.83,9,Broad-leaved forest,pre_dashboard,417_2654
53.31055555555555,-3.3761111111111113,0,0,16.6,90,4.396,199,0.83,9,Broad-leaved forest,pre_dashboard,417_2655
53.31055555555555,-3.3761111111111113,0,0,16.6,90,4.396,199,0.83,9,Broad-leaved forest,pre_dashboard,417_2656
53.31055555555555,-3.3761111111111113,0,0,16.6,90,4.396,199,0.83,9,Broad-leaved forest,pre_dashboard,417_2657
53.31055555555555,-3.3761111111111113,0,0,16.6,95,4.396,199,0.83,9,Broad-leaved forest,pre_dashboard,417_2658
53.31055555555555,-3.3761111111111113,0,0,16.6,95,4.396,199,0.83,9,Broad-leaved forest,pre_dashboard,417_2659
53.31055555555555,-3.3761111111111113,0,0,16.6,95,4.396,199,0.83,9,Broad-leaved forest,pre_dashboard,417_2660
53.31055555555555,-3.3761111111111113,0,0,16.6,95,4.396,199,0.83,9,Broad-leaved forest,pre_dashboard,417_2661
53.31055555555555,-3.3761111111111113,0,0,16.6,95,4.396,199,0.83,9,Broad-leaved forest,pre_dashboard,417_2662
53.31055555555555,-3.3761111111111113,0,0,16.6,95,4.396,199,0.83,9,Broad-leaved forest,pre_dashboard,417_2663
53.31055555555555,-3.3761111111111113,0,0,16.6,86,4.396,199,0.83,6,Broad-leaved forest,pre_dashboard,417_2664
53.31055555555555,-3.3761111111111113,0,0,16.6,86,4.396,199,0.83,6,Broad-leaved forest,pre_dashboard,417_2665
53.31055555555555,-3.3761111111111113,0,0,16.6,86,4.396,199,0.83,6,Broad-leaved forest,pre_dashboard,417_2666
53.31055555555555,-3.3761111111111113,0,0,16.6,86,4.396,199,0.83,6,Broad-leaved forest,pre_dashboard,417_2667
53.31055555555555,-3.3761111111111113,0,0,16.6,86,4.396,199,0.83,6,Broad-leaved forest,pre_dashboard,417_2668
53.31055555555555,-3.3761111111111113,0,0,16.6,86,4.396,199,0.83,6,Broad-leaved forest,pre_dashboard,417_2669
53.31055555555555,-3.3761111111111113,0,0,16.6,86,4.396,199,0.83,6,Broad-leaved forest,pre_dashboard,417_2670
53.31055555555555,-3.3761111111111113,0,0,16.6,86,4.396,199,0.83,6,Broad-leaved forest,pre_dashboard,417_2671
53.31055555555555,-3.3761111111111113,0,0,16.6,86,4.396,199,0.83,6,Broad-leaved forest,pre_dashboard,417_2672
53.31055555555555,-3.3761111111111113,0,0,16.6,86,4.396,199,0.83,6,Broad-leaved forest,pre_dashboard,417_2673
53.31055555555555,-3.3761111111111113,0,0,16.6,86,4.396,199,0.83,6,Broad-leaved forest,pre_dashboard,417_2674
53.31055555555555,-3.3761111111111113,0,0,16.6,86,4.396,199,0.83,6,Broad-leaved forest,pre_dashboard,417_2675
53.31055555555555,-3.3761111111111113,1,74,16.6,86,4.396,199,0.83,6,Broad-leaved forest,pre_dashboard,417_2676
53.31055555555555,-3.3761111111111113,1,9,16.6,86,4.396,199,0.83,6,Broad-leaved forest,pre_dashboard,417_2677
53.31055555555555,-3.3761111111111113,1,8,16.6,86,4.396,199,0.83,6,Broad-leaved forest,pre_dashboard,417_2678
53.31055555555555,-3.3761111111111113,0,0,16.6,90,4.396,199,0.83,6,Broad-leaved forest,pre_dashboard,417_2679
53.31055555555555,-3.3761111111111113,0,0,16.6,90,4.396,199,0.83,6,Broad-leaved forest,pre_dashboard,417_2680
53.31055555555555,-3.3761111111111113,0,0,16.6,90,4.396,199,0.83,6,Broad-leaved forest,pre_dashboard,417_2681
53.31055555555555,-3.3761111111111113,0,0,16.6,95,4.396,199,0.83,6,Broad-leaved forest,pre_dashboard,417_2682
53.31055555555555,-3.3761111111111113,0,0,16.6,95,4.396,199,0.83,6,Broad-leaved forest,pre_dashboard,417_2683
53.31055555555555,-3.3761111111111113,0,0,16.6,95,4.396,199,0.83,6,Broad-leaved forest,pre_dashboard,417_2684
53.31055555555555,-3.3761111111111113,0,0,16.6,95,4.396,199,0.83,6,Broad-leaved forest,pre_dashboard,417_2685
53.31055555555555,-3.3761111111111113,0,0,16.6,95,4.396,199,0.83,6,Broad-leaved forest,pre_dashboard,417_2686
53.31055555555555,-3.3761111111111113,0,0,16.6,95,4.396,199,0.83,6,Broad-leaved forest,pre_dashboard,417_2687
53.31055555555555,-3.3761111111111113,0,0,16.6,76,4.396,199,0.83,9,Broad-leaved forest,pre_dashboard,417_2688
53.31055555555555,-3.3761111111111113,0,0,16.6,76,4.396,199,0.83,9,Broad-leaved forest,pre_dashboard,417_2689
53.31055555555555,-3.3761111111111113,0,0,16.6,76,4.396,199,0.83,9,Broad-leaved forest,pre_dashboard,417_2690
53.31055555555555,-3.3761111111111113,0,0,16.6,76,4.396,199,0.83,9,Broad-leaved forest,pre_dashboard,417_2691
53.31055555555555,-3.3761111111111113,0,0,16.6,76,4.396,199,0.83,9,Broad-leaved forest,pre_dashboard,417_2692
53.31055555555555,-3.3761111111111113,0,0,16.6,76,4.396,199,0.83,9,Broad-leaved forest,pre_dashboard,417_2693
53.31055555555555,-3.3761111111111113,0,0,16.6,76,4.396,199,0.83,9,Broad-leaved forest,pre_dashboard,417_2694
53.31055555555555,-3.3761111111111113,0,0,16.6,76,4.396,199,0.83,9,Broad-leaved forest,pre_dashboard,417_2695
53.31055555555555,-3.3761111111111113,0,0,16.6,76,4.396,199,0.83,9,Broad-leaved forest,pre_dashboard,417_2696
53.31055555555555,-3.3761111111111113,0,0,16.6,79,4.396,199,0.83,9,Broad-leaved forest,pre_dashboard,417_2697
53.31055555555555,-3.3761111111111113,0,0,16.6,79,4.396,199,0.83,9,Broad-leaved forest,pre_dashboard,417_2698
53.31055555555555,-3.3761111111111113,0,0,16.6,79,4.396,199,0.83,9,Broad-leaved forest,pre_dashboard,417_2699
53.31055555555555,-3.3761111111111113,1,42,16.6,82,4.396,199,0.83,9,Broad-leaved forest,pre_dashboard,417_2700
53.31055555555555,-3.3761111111111113,1,10,16.6,82,4.396,199,0.83,9,Broad-leaved forest,pre_dashboard,417_2701
53.31055555555555,-3.3761111111111113,1,12,16.6,82,4.396,199,0.83,9,Broad-leaved forest,pre_dashboard,417_2702
53.31055555555555,-3.3761111111111113,0,0,16.6,90,4.396,199,0.83,9,Broad-leaved forest,pre_dashboard,417_2703
53.31055555555555,-3.3761111111111113,0,0,16.6,90,4.396,199,0.83,9,Broad-leaved forest,pre_dashboard,417_2704
53.31055555555555,-3.3761111111111113,0,0,16.6,90,4.396,199,0.83,9,Broad-leaved forest,pre_dashboard,417_2705
53.31055555555555,-3.3761111111111113,0,0,16.6,95,4.396,199,0.83,9,Broad-leaved forest,pre_dashboard,417_2706
53.31055555555555,-3.3761111111111113,0,0,16.6,95,4.396,199,0.83,9,Broad-leaved forest,pre_dashboard,417_2707
53.31055555555555,-3.3761111111111113,0,0,16.6,95,4.396,199,0.83,9,Broad-leaved forest,pre_dashboard,417_2708
53.31055555555555,-3.3761111111111113,0,0,16.6,95,4.396,199,0.83,9,Broad-leaved forest,pre_dashboard,417_2709
53.31055555555555,-3.3761111111111113,0,0,16.6,95,4.396,199,0.83,9,Broad-leaved forest,pre_dashboard,417_2710
53.31055555555555,-3.3761111111111113,0,0,16.6,95,4.396,199,0.83,9,Broad-leaved forest,pre_dashboard,417_2711
