{
"type": "FeatureCollection",
"name": "europe_country_boundaries",
"crs": { "type": "name", "properties": { "name": "urn:ogc:def:crs:OGC:1.3:CRS84" } },
"features": [
{ "type": "Feature", "properties": { "iso3": "FRA", "NAME": "France", "assessed": true }, "geometry": { "type": "MultiPolygon", "coordinates": [ [ [ [ 2.521799927545686, 51.08754088371883 ], [ 2.556980428000116, 51.001177470000059 ], [ 2.608450154000082, 50.961128235000061 ], [ 2.576927531000138, 50.911518860000072 ], [ 2.586746053000098, 50.845424704000024 ], [ 2.620439087000136, 50.816485902000053 ], [ 2.691855916000065, 50.808837789000094 ], [ 2.786733846000033, 50.723364970000048 ], [ 2.886882772000149, 50.696648255000085 ], [ 2.971425415000112, 50.757833150000025 ], [ 3.129245239000085, 50.779072165000102 ], [ 3.232391398000118, 50.695924785 ], [ 3.27104537000011, 50.526942851000101 ], [ 3.361065714000091, 50.48978749700008 ], [ 3.477130982000119, 50.519863180000058 ], [ 3.499145142000089, 50.486790263000088 ], [ 3.608285766000051, 50.476506653000072 ], [ 3.644355916000052, 50.445500793000051 ], [ 3.661719198000071, 50.319306946000083 ], [ 3.696859172000131, 50.298222962000054 ], [ 3.755046834000041, 50.346333721000022 ], [ 3.895916789000097, 50.32530141300002 ], [ 4.003300415000098, 50.344059957000084 ], [ 4.125256795000041, 50.257140198000073 ], [ 4.162773885000121, 50.272953187000084 ], [ 4.197603800000081, 50.258483785000053 ], [ 4.125773559000066, 50.128155823000029 ], [ 4.180550578000037, 50.127225647000088 ], [ 4.210006144000147, 50.060149638000055 ], [ 4.137349080000092, 50.025061341000125 ], [ 4.131664672000056, 49.974986878000024 ], [ 4.435108683000095, 49.932250468000106 ], [ 4.645845174000073, 49.984495342000102 ], [ 4.681915324000073, 50.083920797000118 ], [ 4.815550578000085, 50.161332092000052 ], [ 4.871877889000075, 50.13978302 ], [ 4.86288619000004, 50.084075827000063 ], [ 4.827229451000051, 50.064077047000026 ], [ 4.783924601000081, 49.958295390000089 ], [ 4.860199016000109, 49.913336894000068 ], [ 4.834877564000124, 49.853030498000081 ], [ 4.849036906000066, 49.794171041000098 ], [ 4.970993286000123, 49.797064922000075 ], [ 5.169430786000135, 49.687200827000126 ], [ 5.259244425000134, 49.691334941000051 ], [ 5.299448690000048, 49.662499492 ], [ 5.29789839700004, 49.613251852000033 ], [ 5.334898722000077, 49.625809225000054 ], [ 5.402078084000038, 49.602451477 ], [ 5.450240519000118, 49.545762431000085 ], [ 5.456131633000041, 49.498943584000088 ], [ 5.74634647600007, 49.549431458000086 ], [ 5.928144165000077, 49.482303772000066 ], [ 5.960700317000118, 49.441324362000032 ], [ 6.078005819000083, 49.45202138300003 ], [ 6.136090129000081, 49.495274556000069 ], [ 6.193554321000079, 49.499408672000087 ], [ 6.325329224000086, 49.456723938000025 ], [ 6.402740519000133, 49.465457255000089 ], [ 6.511674438000114, 49.424736226 ], [ 6.577716919000068, 49.355799866000083 ], [ 6.556426228000078, 49.326395976000086 ], [ 6.639676961000106, 49.27115387 ], [ 6.680604696000046, 49.207488505000086 ], [ 6.702515503000086, 49.213638001000064 ], [ 6.713780965000126, 49.158860982000064 ], [ 6.821784709000099, 49.147750550000055 ], [ 6.833463583000054, 49.209452210000038 ], [ 6.914388876000146, 49.206661683000064 ], [ 7.009473510000078, 49.181701965000073 ], [ 7.020532267000078, 49.11896677700004 ], [ 7.042546427000076, 49.107597962000042 ], [ 7.079856812000116, 49.142014465 ], [ 7.274366902000054, 49.105014140000051 ], [ 7.350951376000069, 49.159171042000068 ], [ 7.410482625000043, 49.168937887000098 ], [ 7.476111694000082, 49.15152292900008 ], [ 7.471047404000103, 49.128320212000077 ], [ 7.52086348500012, 49.083671774000052 ], [ 7.634965047000037, 49.037783101000073 ], [ 7.931897827000114, 49.034837546000077 ], [ 8.200305216000032, 48.958563131000048 ], [ 8.090337769000143, 48.807512920000093 ], [ 7.970138387000105, 48.757283427000075 ], [ 7.959182983000119, 48.72136830700002 ], [ 7.810251506000071, 48.615018209000098 ], [ 7.813455444000027, 48.519468486000036 ], [ 7.776455119000076, 48.498177796000064 ], [ 7.738317912000099, 48.406607158000085 ], [ 7.75072025500009, 48.341365662000058 ], [ 7.702454467000081, 48.311186625000047 ], [ 7.687158243000113, 48.252921448000038 ], [ 7.58566573000013, 48.129724833000054 ], [ 7.575743856000145, 48.053708802000088 ], [ 7.621115763000063, 47.971439922000044 ], [ 7.55900069100008, 47.882711488000027 ], [ 7.561997925000099, 47.839225769000038 ], [ 7.525927775000099, 47.783156840000075 ], [ 7.537813355000139, 47.731816304000048 ], [ 7.511871785000096, 47.707321676000092 ], [ 7.517866251000015, 47.675023906000021 ], [ 7.590316609000098, 47.607947896000084 ], [ 7.586028488000125, 47.584618544000065 ], [ 7.482726278000058, 47.542267151000047 ], [ 7.505153850000056, 47.533017070000128 ], [ 7.476938517000093, 47.514878643000102 ], [ 7.484483276000049, 47.492941997000045 ], [ 7.414306681000085, 47.490177307000081 ], [ 7.426088908000082, 47.455760803000047 ], [ 7.37854659000007, 47.430646058000022 ], [ 7.2380900470001, 47.416796773000058 ], [ 7.168326863000061, 47.44356516500001 ], [ 7.180832560000056, 47.48826528000005 ], [ 6.973300008000137, 47.48909210300009 ], [ 6.990973348000068, 47.452220968000077 ], [ 6.926067749000111, 47.424858297000029 ], [ 6.866639852000077, 47.354164937000021 ], [ 7.003995809000088, 47.368143413000027 ], [ 7.036551961000043, 47.329515279000034 ], [ 6.958623901000067, 47.290551250000036 ], [ 6.956246785000104, 47.245231018000126 ], [ 6.689699747000105, 47.078290304000078 ], [ 6.665411824000103, 47.021291199000089 ], [ 6.442634725000062, 46.944164124000039 ], [ 6.427751913000122, 46.909075827 ], [ 6.4467688390001, 46.857709453000027 ], [ 6.417106568000122, 46.802157288000032 ], [ 6.429198853000116, 46.76081614200011 ], [ 6.118416789000065, 46.583462626000127 ], [ 6.145701945000098, 46.551629944000084 ], [ 6.064156535000052, 46.471118063000105 ], [ 6.054234660000134, 46.419415792000038 ], [ 6.135056600000098, 46.370400696000033 ], [ 6.094025513000133, 46.253043518000041 ], [ 5.954809204000128, 46.19992014600011 ], [ 5.982921183000144, 46.170826314000109 ], [ 5.958839966000113, 46.13046702100003 ], [ 6.140327596000134, 46.150207418000022 ], [ 6.281197550000115, 46.240072734000123 ], [ 6.214121541000083, 46.315468649000096 ], [ 6.269105265000121, 46.375025737000087 ], [ 6.482942342000115, 46.448587138000065 ], [ 6.613683716000139, 46.455899354000067 ], [ 6.787058146000049, 46.414170635000019 ], [ 6.750367879000095, 46.345518494000075 ], [ 6.827675822000089, 46.269476624 ], [ 6.765664103000034, 46.151602681000085 ], [ 6.869223673000079, 46.1123285930001 ], [ 6.850930216000108, 46.049645081000065 ], [ 6.91511234500004, 46.0486115530001 ], [ 6.987666056000052, 45.993111064000018 ], [ 7.022082560000115, 45.925259909 ], [ 6.949012085000049, 45.857822164000069 ], [ 6.800804077000095, 45.826454570000053 ], [ 6.782717325000078, 45.795293681000075 ], [ 6.79594649200007, 45.718140768000112 ], [ 6.963378133000049, 45.640729472000075 ], [ 6.952939494000105, 45.594272360000062 ], [ 6.982808471000055, 45.511124980000048 ], [ 7.160678752000081, 45.410924378000047 ], [ 7.092569213000075, 45.323952942000105 ], [ 7.108382202000143, 45.259202373 ], [ 7.055465536000071, 45.213675436000031 ], [ 7.029730672000085, 45.228196513000071 ], [ 6.958727254000081, 45.209799703000087 ], [ 6.84410892700015, 45.130114645000035 ], [ 6.736415242000078, 45.157348125000041 ], [ 6.602728312000067, 45.103449606000098 ], [ 6.651665894000075, 45.035650126000078 ], [ 6.723496134000072, 45.013377584000025 ], [ 6.745406941000027, 44.907802633000031 ], [ 6.847106161000056, 44.859071758000098 ], [ 6.982808471000055, 44.846979472 ], [ 7.007096395000133, 44.822071432000044 ], [ 6.998414754000066, 44.793752747000056 ], [ 7.055155476000095, 44.684870504000074 ], [ 6.959864135000089, 44.683165182 ], [ 6.934335978000149, 44.64668162 ], [ 6.945601441000122, 44.625442607000096 ], [ 6.835737345000069, 44.534026998000073 ], [ 6.861265503000112, 44.474909160000024 ], [ 6.917799519000084, 44.436306864000031 ], [ 6.877181844000035, 44.414396057000076 ], [ 6.866123088000052, 44.372124736000089 ], [ 6.982808471000055, 44.241745098000067 ], [ 7.144969116000084, 44.207225240000085 ], [ 7.331004272000143, 44.125266419000113 ], [ 7.655635620000055, 44.176064352000097 ], [ 7.64188968900001, 44.143559876000083 ], [ 7.689948771000076, 44.06733713800007 ], [ 7.477868693000062, 43.86551483200013 ], [ 7.502289259000065, 43.792222398000035 ], [ 7.476410352000073, 43.764634507000039 ], [ 7.43745403212602, 43.743360540834651 ], [ 7.387538289000105, 43.757898662000102 ], [ 7.330533323000054, 43.686424123000052 ], [ 7.257273161000057, 43.691648004000058 ], [ 7.203791110000054, 43.644359650000069 ], [ 7.151621941000087, 43.654771226000037 ], [ 7.126154018000079, 43.605832972000087 ], [ 7.138916191000078, 43.554020358000059 ], [ 7.08842678700006, 43.568674446000045 ], [ 7.03720222700008, 43.536263506000068 ], [ 6.962087436000047, 43.540106512000079 ], [ 6.894027990000041, 43.427628415000072 ], [ 6.862957239000082, 43.439362059000075 ], [ 6.846671575000073, 43.412577136000039 ], [ 6.731146285000079, 43.407846721000055 ], [ 6.717837534000068, 43.350604247000035 ], [ 6.674571160000085, 43.346380927000041 ], [ 6.590891640000052, 43.268897951000042 ], [ 6.693373608000059, 43.272972798000069 ], [ 6.668355527000074, 43.239535642000078 ], [ 6.679800772000078, 43.201552814000081 ], [ 6.609873894000089, 43.173407294000071 ], [ 6.53991191700004, 43.182204009000088 ], [ 6.505683047000048, 43.150971264000077 ], [ 6.401678985000046, 43.146938167000087 ], [ 6.36608020500006, 43.118634922000069 ], [ 6.37537147200004, 43.090841114000057 ], [ 6.28037394100005, 43.118665523000061 ], [ 6.193198227000039, 43.108773327000051 ], [ 6.153168165000068, 43.071966864000046 ], [ 6.180072448000089, 43.035922138000046 ], [ 6.088517320000051, 43.034848587000056 ], [ 6.132065822000072, 43.052638336000086 ], [ 6.129087889000061, 43.07136218800008 ], [ 6.027008490000071, 43.078195102000052 ], [ 6.016520033000063, 43.098936371000036 ], [ 5.934092644000089, 43.11359284100007 ], [ 5.940928582000083, 43.134019273000035 ], [ 5.879405144000089, 43.120428778000075 ], [ 5.951378968000085, 43.07997756900005 ], [ 5.875336134000065, 43.068793036000045 ], [ 5.856605081000055, 43.044828515000063 ], [ 5.781873138000037, 43.07911819900005 ], [ 5.811464562000083, 43.106725482000058 ], [ 5.696298672000069, 43.146875111000043 ], [ 5.673918542000081, 43.179888546000086 ], [ 5.63421264200008, 43.187229117000072 ], [ 5.612420433000068, 43.160428659000047 ], [ 5.524952486000075, 43.212629082000035 ], [ 5.346980067000061, 43.215899318000083 ], [ 5.369151238000086, 43.270412502000056 ], [ 5.338882958000056, 43.334288836000042 ], [ 5.294173414000056, 43.355471883000064 ], [ 5.238278858000058, 43.32804075100006 ], [ 5.034022073000074, 43.335476431000075 ], [ 5.005572076000078, 43.381627502000072 ], [ 5.026133660000085, 43.409328518000052 ], [ 5.173838738000086, 43.428290106000077 ], [ 5.22632897200009, 43.480292059000078 ], [ 5.222829623000052, 43.503973700000074 ], [ 5.13998457100007, 43.48578522300005 ], [ 5.105723504000082, 43.533026434000078 ], [ 5.029144727000073, 43.558579820000034 ], [ 5.009287957000083, 43.517645575000074 ], [ 5.06226647200009, 43.451646226000037 ], [ 5.051117384000065, 43.429266669000071 ], [ 4.998465760000045, 43.414699406000068 ], [ 4.928477410000085, 43.440130927000041 ], [ 4.868174675000091, 43.421454169000071 ], [ 4.850271030000044, 43.401434637000079 ], [ 4.867531575000044, 43.365112099000044 ], [ 4.901005115000089, 43.366965085000061 ], [ 4.855778264000094, 43.341779141000075 ], [ 4.833262566000087, 43.381984768000052 ], [ 4.757823113000086, 43.422349351000037 ], [ 4.742442254000082, 43.524481512000079 ], [ 4.694590691000087, 43.579087632000039 ], [ 4.728770379000082, 43.527899481000077 ], [ 4.742523634000065, 43.422552802000041 ], [ 4.823018876000049, 43.36716896300004 ], [ 4.820279138000046, 43.346355716000062 ], [ 4.592335626000079, 43.359889274000068 ], [ 4.566288765000081, 43.37109356600007 ], [ 4.57959363000009, 43.43006620400007 ], [ 4.51303144600007, 43.455796617000033 ], [ 4.181651238000086, 43.463771877000056 ], [ 4.132823113000086, 43.487046617000033 ], [ 4.117198113000086, 43.510484117000033 ], [ 4.132823113000086, 43.532782294000071 ], [ 4.105316602000073, 43.55186595300006 ], [ 3.952972852000073, 43.539943752000056 ], [ 3.73991946700005, 43.412827867000033 ], [ 3.622162306000064, 43.374904690000051 ], [ 3.51335696700005, 43.281073309000078 ], [ 3.31771894600007, 43.263088283000059 ], [ 3.114024285000085, 43.106309312000064 ], [ 3.038991733000046, 42.942775783000059 ], [ 3.056081576000054, 42.907131252000056 ], [ 3.041840040000068, 42.629055080000057 ], [ 3.051849806000064, 42.554877020000049 ], [ 3.137380405000044, 42.52492910400008 ], [ 3.180969656804698, 42.43148414767083 ], [ 3.086147094000097, 42.427178854000047 ], [ 3.029613077000135, 42.465651957 ], [ 2.933701619000061, 42.470225322000019 ], [ 2.788594198000055, 42.412011821000092 ], [ 2.690408976000072, 42.406172384000016 ], [ 2.640282837000143, 42.372841085000076 ], [ 2.662193644000098, 42.339018861000071 ], [ 2.548092081000107, 42.352248027000073 ], [ 2.514812459000069, 42.325660503000037 ], [ 2.422518351000065, 42.383693136000019 ], [ 2.277410930000144, 42.428625794000126 ], [ 2.136954386000099, 42.416223450000061 ], [ 2.05168827300011, 42.352351380000087 ], [ 1.995671020000088, 42.348682353000086 ], [ 1.927458129000058, 42.436894023000079 ], [ 1.71217411300006, 42.49371226 ], [ 1.721682577000138, 42.548515116000019 ], [ 1.765090780000151, 42.563372091000033 ], [ 1.713310995000086, 42.589546204000058 ], [ 1.721992635000049, 42.609855042000063 ], [ 1.608304484000143, 42.618123271000016 ], [ 1.543088827000133, 42.649361674000019 ], [ 1.466814412000105, 42.641455180000051 ], [ 1.42929732200011, 42.59538564100005 ], [ 1.342584269000042, 42.708660381000115 ], [ 1.151484823000118, 42.706722514 ], [ 1.089059692000149, 42.771318054000048 ], [ 0.921111287000116, 42.784366354000085 ], [ 0.812900838000132, 42.831624451000025 ], [ 0.656321248000097, 42.838419902000069 ], [ 0.633480265000088, 42.744782206000124 ], [ 0.66541630100005, 42.698660991000096 ], [ 0.64360884600012, 42.684475810000052 ], [ 0.409282064000081, 42.68225372300013 ], [ 0.354169148000096, 42.717497050000119 ], [ 0.275388428000099, 42.668688660000058 ], [ 0.238362264000045, 42.710365703000079 ], [ 0.169167521000134, 42.726462911000041 ], [ -0.038933471999911, 42.685147604000022 ], [ -0.119031941999879, 42.716851095000052 ], [ -0.161406615999908, 42.79534759600007 ], [ -0.235148885999934, 42.78622670500009 ], [ -0.322792113999952, 42.842502340000081 ], [ -0.423922892999911, 42.790670878000086 ], [ -0.533890339999914, 42.80800832200002 ], [ -0.535647338999894, 42.784211324000054 ], [ -0.56903031399986, 42.772635804000103 ], [ -0.648301961999891, 42.849788717000067 ], [ -0.740286010999881, 42.884799499000067 ], [ -0.759664672999861, 42.946501160000039 ], [ -0.943219360999905, 42.947896423000103 ], [ -1.149925088999879, 43.00572235200012 ], [ -1.293688923999952, 43.055202535000078 ], [ -1.315082966999853, 43.082875265 ], [ -1.286040811999953, 43.109178569000036 ], [ -1.348259236999866, 43.093081360000056 ], [ -1.366139282999939, 43.033317567000026 ], [ -1.457141478999858, 43.04507395500012 ], [ -1.487837279999894, 43.081815898000102 ], [ -1.425773884999927, 43.135275167000131 ], [ -1.403501342999959, 43.243330587000074 ], [ -1.559047403999926, 43.284077454000069 ], [ -1.621885945999907, 43.246999613000085 ], [ -1.654907185999889, 43.297539164000014 ], [ -1.747356322999906, 43.291002096000042 ], [ -1.796914021999953, 43.341128235000056 ], [ -1.796448933999955, 43.37438202 ], [ -1.661000128999945, 43.399684963000084 ], [ -1.47687740799995, 43.580064195000034 ], [ -1.28156490799995, 44.30219147300005 ], [ -1.257232225999928, 44.556057033000059 ], [ -1.186512824999909, 44.66547272300005 ], [ -1.044748501999948, 44.669419664000088 ], [ -1.065297003999945, 44.717474677000041 ], [ -1.172230597999942, 44.778265692000048 ], [ -1.233631964999915, 44.706854559000078 ], [ -1.260365363999938, 44.627427476000037 ], [ -1.139963344999956, 45.490057684000078 ], [ -1.085275844999956, 45.569037177000041 ], [ -1.058583136999914, 45.569647528000075 ], [ -1.039947068999936, 45.50726959800005 ], [ -0.915272589999915, 45.450425523000035 ], [ -0.766184048999946, 45.326076565000051 ], [ -0.715972459999932, 45.134507554000038 ], [ -0.682199673999946, 45.07648346600007 ], [ -0.568959113999938, 44.997992255000042 ], [ -0.534657355999911, 44.894964911000045 ], [ -0.538970506999931, 44.976507880000042 ], [ -0.596180792999917, 45.024644273000035 ], [ -0.493763800999943, 44.997992255000042 ], [ -0.655995245999918, 45.099107164000088 ], [ -0.719715949999909, 45.361070054000038 ], [ -0.795480923999946, 45.477118231000077 ], [ -1.083811001999948, 45.660386460000041 ], [ -1.194203253999945, 45.710191148000035 ], [ -1.247303839999915, 45.709906317000048 ], [ -1.230295376999948, 45.79242584800005 ], [ -1.163807745999918, 45.806708075000074 ], [ -0.987172003999945, 45.717352606000077 ], [ -1.125355597999942, 45.807684637000079 ], [ -1.151722785999937, 45.868150132000039 ], [ -1.073353644999941, 45.904364325000074 ], [ -1.089751756999931, 45.950751044000071 ], [ -1.069162563999953, 45.964341539000088 ], [ -1.110747850999928, 46.018377997000073 ], [ -1.072987433999913, 46.007473049000055 ], [ -1.048695441999939, 46.038804429000038 ], [ -1.08421790299991, 46.056545315000051 ], [ -1.097035285999937, 46.101548570000034 ], [ -1.129017706999946, 46.115790106000077 ], [ -1.117014126999948, 46.128241278000075 ], [ -1.210804816999939, 46.174546617000033 ], [ -1.179595506999931, 46.229478257000039 ], [ -1.110747850999928, 46.25922272300005 ], [ -1.110747850999928, 46.302679755000042 ], [ -1.177235480999911, 46.326157945000034 ], [ -1.214344855999911, 46.310695705000057 ], [ -1.21320553299995, 46.279120184000078 ], [ -1.240101691999939, 46.284247137000079 ], [ -1.370228644999941, 46.354193427000041 ], [ -1.448719855999911, 46.343410549000055 ], [ -1.481434699999909, 46.408189195000034 ], [ -1.62564042899993, 46.431138414000088 ], [ -1.63345292899993, 46.454291083000044 ], [ -1.761138475999928, 46.492010809000078 ], [ -1.789173956999946, 46.532945054000038 ], [ -1.795399542999917, 46.494533596000053 ], [ -1.822661912999934, 46.59438711100006 ], [ -1.909901495999918, 46.691799221000053 ], [ -2.118763800999943, 46.819973049000055 ], [ -2.128773566999939, 46.893459377000056 ], [ -1.990712042999917, 47.035386460000041 ], [ -2.030018683999913, 47.09210846600007 ], [ -2.241118943999936, 47.142482815000051 ], [ -2.165191209999932, 47.167873440000051 ], [ -2.160552537999934, 47.271185614000046 ], [ -2.014556443999936, 47.300116278000075 ], [ -1.917062954999949, 47.284165757000039 ], [ -1.898426886999914, 47.273423570000034 ], [ -1.918853318999936, 47.266017971000053 ], [ -1.803944464999915, 47.218980210000041 ], [ -1.727040167999917, 47.210760809000078 ], [ -1.905629035999937, 47.293931382000039 ], [ -2.010121222999942, 47.319728908000059 ], [ -2.148101365999935, 47.313218492000033 ], [ -2.278391079999949, 47.24640534100007 ], [ -2.37140865799995, 47.286444403000075 ], [ -2.448394334999932, 47.266587632000039 ], [ -2.541981574999909, 47.300116278000075 ], [ -2.43618730399993, 47.307033596000053 ], [ -2.480620897999927, 47.347886460000041 ], [ -2.501698370999918, 47.32062409100007 ], [ -2.514800584999932, 47.364935614000046 ], [ -2.556385870999918, 47.383246161000045 ], [ -2.47679602799991, 47.415676174000055 ], [ -2.439035610999952, 47.396307684000078 ], [ -2.391835089999915, 47.423651434000078 ], [ -2.448150193999936, 47.430609442000048 ], [ -2.439035610999952, 47.44476959800005 ], [ -2.48892167899993, 47.459173895000049 ], [ -2.494740363999938, 47.491197007000039 ], [ -2.36392167899993, 47.50617096600007 ], [ -2.631988084999932, 47.51984284100007 ], [ -2.599354620999918, 47.529120184000078 ], [ -2.57681230399993, 47.553941148000035 ], [ -2.638254360999952, 47.540269273000035 ], [ -2.617787238999938, 47.526678778000075 ], [ -2.665516730999911, 47.53351471600007 ], [ -2.680734829999949, 47.50421784100007 ], [ -2.817128058999913, 47.499212958000044 ], [ -2.909250454999949, 47.558417059000078 ], [ -2.741444464999915, 47.551336981000077 ], [ -2.688628709999932, 47.604396877000056 ], [ -2.683990037999934, 47.622992255000042 ], [ -2.706532355999911, 47.642726955000057 ], [ -2.708607550999943, 47.602280992000033 ], [ -2.775380011999914, 47.629095770000049 ], [ -2.734486456999946, 47.622259833000044 ], [ -2.74632727799991, 47.633856512000079 ], [ -2.789133266999954, 47.642726955000057 ], [ -2.775380011999914, 47.636542059000078 ], [ -2.919422980999911, 47.595526434000078 ], [ -2.912668423999946, 47.609198309000078 ], [ -2.939930792999917, 47.601752020000049 ], [ -2.933094855999911, 47.636542059000078 ], [ -2.974680141999954, 47.663804429000038 ], [ -2.939930792999917, 47.560777085000041 ], [ -2.994496222999942, 47.595526434000078 ], [ -3.003407355999911, 47.578680731000077 ], [ -3.011789516999954, 47.607163804000038 ], [ -3.015695766999954, 47.581244208000044 ], [ -3.073841925999943, 47.57648346600007 ], [ -3.12328040299991, 47.598781643000052 ], [ -3.12328040299991, 47.51898834800005 ], [ -3.084543423999946, 47.478216864000046 ], [ -3.131703253999945, 47.478216864000046 ], [ -3.141184048999946, 47.598049221000053 ], [ -3.200591600999928, 47.639593817000048 ], [ -3.186350063999953, 47.680609442000048 ], [ -3.111195441999939, 47.704169012000079 ], [ -3.118031378999945, 47.732123114000046 ], [ -3.139149542999917, 47.724676825000074 ], [ -3.139149542999917, 47.75259023600006 ], [ -3.193186001999948, 47.74640534100007 ], [ -3.159087693999936, 47.711004950000074 ], [ -3.207386847999942, 47.697333075000074 ], [ -3.193186001999948, 47.683742580000057 ], [ -3.224191860999952, 47.656398830000057 ], [ -3.262074347999942, 47.683742580000057 ], [ -3.358265753999945, 47.697333075000074 ], [ -3.282622850999928, 47.691148179000038 ], [ -3.358265753999945, 47.711004950000074 ], [ -3.282622850999928, 47.787339585000041 ], [ -3.383168097999942, 47.737046617000033 ], [ -3.364491339999915, 47.718451239000046 ], [ -3.446441209999932, 47.704575914000088 ], [ -3.528309699999909, 47.77993398600006 ], [ -3.625152147999927, 47.77993398600006 ], [ -3.723215298999946, 47.813381252000056 ], [ -3.851714647999927, 47.801011460000041 ], [ -3.885853644999941, 47.855047919000071 ], [ -3.961822068999936, 47.899969794000071 ], [ -3.988270636999914, 47.903469143000052 ], [ -3.979237433999913, 47.883002020000049 ], [ -4.008900519999941, 47.851263739000046 ], [ -4.029204881999931, 47.855047919000071 ], [ -4.001942511999914, 47.869289455000057 ], [ -4.036691860999952, 47.855047919000071 ], [ -4.106556769999941, 47.880113023000035 ], [ -4.132191535999937, 47.923895575000074 ], [ -4.111195441999939, 47.869289455000057 ], [ -4.152740037999934, 47.855047919000071 ], [ -4.185617641999954, 47.874416408000059 ], [ -4.180043097999942, 47.841986395000049 ], [ -4.152740037999934, 47.841986395000049 ], [ -4.185210740999935, 47.813381252000056 ], [ -4.371815558999913, 47.807196356000077 ], [ -4.347320115999935, 47.862941799000055 ], [ -4.434641079999949, 47.975653387000079 ], [ -4.533273891999954, 48.026312567000048 ], [ -4.572010870999918, 48.005926825000074 ], [ -4.728138800999943, 48.040594794000071 ], [ -4.700795050999943, 48.074774481000077 ], [ -4.28538977799991, 48.115383205000057 ], [ -4.27570553299995, 48.143622137000079 ], [ -4.302357550999943, 48.196356512000079 ], [ -4.379261847999942, 48.232367255000042 ], [ -4.485463019999941, 48.242621161000045 ], [ -4.557484503999945, 48.17719147300005 ], [ -4.54718990799995, 48.25259023600006 ], [ -4.626332160999937, 48.266546942000048 ], [ -4.626332160999937, 48.287054755000042 ], [ -4.575184699999909, 48.290025132000039 ], [ -4.546701626999948, 48.346828518000052 ], [ -4.530140753999945, 48.341620184000078 ], [ -4.54320227799991, 48.304673570000034 ], [ -4.515533006999931, 48.295843817000048 ], [ -4.269357876999948, 48.288397528000075 ], [ -4.187489386999914, 48.307521877000056 ], [ -4.324696417999917, 48.32172272300005 ], [ -4.269398566999939, 48.36273834800005 ], [ -4.453724738999938, 48.33539459800005 ], [ -4.396595831999946, 48.387762762000079 ], [ -4.289906378999945, 48.431586005000042 ], [ -4.599354620999918, 48.350165106000077 ], [ -4.690541144999941, 48.36273834800005 ], [ -4.704497850999928, 48.341620184000078 ], [ -4.768381313999953, 48.345404364000046 ], [ -4.784901495999918, 48.43618398600006 ], [ -4.749256964999915, 48.472601630000042 ], [ -4.774647589999915, 48.491278387000079 ], [ -4.764556443999936, 48.520209052000041 ], [ -4.721994594999956, 48.568182684000078 ], [ -4.577259894999941, 48.568182684000078 ], [ -4.60773678299995, 48.603013414000088 ], [ -4.530140753999945, 48.601711330000057 ], [ -4.563628709999932, 48.629624742000033 ], [ -4.406605597999942, 48.643255927000041 ], [ -4.426503058999913, 48.657538153000075 ], [ -4.343251105999911, 48.678859768000052 ], [ -4.29914303299995, 48.663641669000071 ], [ -4.306507941999939, 48.641546942000048 ], [ -4.193755662999934, 48.650091864000046 ], [ -4.213002081999946, 48.661200262000079 ], [ -4.173898891999954, 48.691107489000046 ], [ -4.064035610999952, 48.684881903000075 ], [ -4.056548631999931, 48.712144273000035 ], [ -3.973988410999937, 48.732814846000053 ], [ -3.954741990999935, 48.657538153000075 ], [ -3.891997850999928, 48.67804596600007 ], [ -3.906320766999954, 48.66437409100007 ], [ -3.851714647999927, 48.629624742000033 ], [ -3.857899542999917, 48.684881903000075 ], [ -3.837473110999952, 48.670599677000041 ], [ -3.810129360999952, 48.733221747000073 ], [ -3.584787563999953, 48.682806708000044 ], [ -3.580474412999934, 48.733221747000073 ], [ -3.528309699999909, 48.739488023000035 ], [ -3.581532355999911, 48.790594794000071 ], [ -3.515288865999935, 48.841945705000057 ], [ -3.397613084999932, 48.807318427000041 ], [ -3.229725714999915, 48.872259833000044 ], [ -3.207142706999946, 48.855414130000042 ], [ -3.220529751999948, 48.794134833000044 ], [ -3.145375128999945, 48.862372137000079 ], [ -3.091460740999935, 48.871283270000049 ], [ -3.077056443999936, 48.828273830000057 ], [ -3.125477667999917, 48.759955145000049 ], [ -3.065500454999949, 48.823960679000038 ], [ -3.008168097999942, 48.821437893000052 ], [ -3.042388475999928, 48.787909247000073 ], [ -2.933094855999911, 48.767401434000078 ], [ -2.946685350999928, 48.733221747000073 ], [ -2.826975063999953, 48.657538153000075 ], [ -2.812977667999917, 48.598578192000048 ], [ -2.714019334999932, 48.560736395000049 ], [ -2.734486456999946, 48.534002997000073 ], [ -2.682362433999913, 48.509019273000035 ], [ -2.676136847999942, 48.540228583000044 ], [ -2.620025193999936, 48.54360586100006 ], [ -2.459543423999946, 48.636460679000038 ], [ -2.487456834999932, 48.650091864000046 ], [ -2.386219855999911, 48.650091864000046 ], [ -2.316070115999935, 48.698553778000075 ], [ -2.281971808999913, 48.670599677000041 ], [ -2.33031165299991, 48.629624742000033 ], [ -2.250965949999909, 48.650091864000046 ], [ -2.213693813999953, 48.581854559000078 ], [ -2.192616339999915, 48.615912177000041 ], [ -2.17406165299991, 48.582953192000048 ], [ -2.161040818999936, 48.613023179000038 ], [ -2.124338344999956, 48.609116929000038 ], [ -2.14484615799995, 48.636460679000038 ], [ -2.052357550999943, 48.650091864000046 ], [ -2.000884568999936, 48.588690497000073 ], [ -1.980295376999948, 48.513576565000051 ], [ -1.939361131999931, 48.534002997000073 ], [ -1.980295376999948, 48.588690497000073 ], [ -1.952951626999948, 48.575018622000073 ], [ -2.028716600999928, 48.643255927000041 ], [ -1.94562740799995, 48.698553778000075 ], [ -1.843739386999914, 48.712144273000035 ], [ -1.860951300999943, 48.640855210000041 ], [ -1.796009894999941, 48.615912177000041 ], [ -1.356556769999941, 48.643255927000041 ], [ -1.394602016999954, 48.66828034100007 ], [ -1.443267381999931, 48.662827867000033 ], [ -1.553618943999936, 48.747137762000079 ], [ -1.566761847999942, 48.822170315000051 ], [ -1.602935350999928, 48.849351304000038 ], [ -1.542795376999948, 48.935248114000046 ], [ -1.563059048999946, 48.957586981000077 ], [ -1.545765753999945, 49.030340887000079 ], [ -1.507964647999927, 49.033677476000037 ], [ -1.549712693999936, 49.039780992000033 ], [ -1.579457160999937, 49.013169664000088 ], [ -1.593576626999948, 49.028998114000046 ], [ -1.60773678299995, 49.102728583000044 ], [ -1.569488084999932, 49.143540757000039 ], [ -1.589344855999911, 49.143540757000039 ], [ -1.610422329999949, 49.215887762000079 ], [ -1.548410610999952, 49.225490627000056 ], [ -1.616851365999935, 49.238226630000042 ], [ -1.624663865999935, 49.219305731000077 ], [ -1.671864386999914, 49.280096747000073 ], [ -1.658192511999914, 49.287543036000045 ], [ -1.699086066999939, 49.313544012000079 ], [ -1.699126756999931, 49.355861721000053 ], [ -1.714751756999931, 49.33852773600006 ], [ -1.775502081999946, 49.370103257000039 ], [ -1.767974412999934, 49.383734442000048 ], [ -1.816477016999954, 49.383734442000048 ], [ -1.819406704999949, 49.452053127000056 ], [ -1.884673631999931, 49.530910549000055 ], [ -1.843739386999914, 49.571844794000071 ], [ -1.839507615999935, 49.61977773600006 ], [ -1.869496222999942, 49.661688544000071 ], [ -1.94562740799995, 49.677964585000041 ], [ -1.935210740999935, 49.724107164000088 ], [ -1.606678839999915, 49.650051174000055 ], [ -1.511463995999918, 49.662543036000045 ], [ -1.409494594999956, 49.71157461100006 ], [ -1.263050910999937, 49.695502020000049 ], [ -1.227772589999915, 49.624090887000079 ], [ -1.30142167899993, 49.581773179000038 ], [ -1.306263800999943, 49.558091539000088 ], [ -1.175689256999931, 49.415228583000044 ], [ -1.181996222999942, 49.356187242000033 ], [ -1.122873501999948, 49.345445054000038 ], [ -1.072255011999914, 49.39679596600007 ], [ -0.940419074999909, 49.392279364000046 ], [ -0.822132941999939, 49.362697658000059 ], [ -0.411122199999909, 49.342759507000039 ], [ -0.219471808999913, 49.280096747000073 ], [ 0.012868686000047, 49.33462148600006 ], [ 0.162364129000082, 49.415187893000052 ], [ 0.411306186000047, 49.452053127000056 ], [ 0.493174675000091, 49.49359772300005 ], [ 0.422129754000082, 49.464422919000071 ], [ 0.256846550000091, 49.464056708000044 ], [ 0.104421420000051, 49.49359772300005 ], [ 0.076589389000048, 49.534979559000078 ], [ 0.170909050000091, 49.691636460000041 ], [ 0.235850457000083, 49.729315497000073 ], [ 0.596690300000091, 49.857245184000078 ], [ 1.221202019000089, 49.978989976000037 ], [ 1.455821160000085, 50.123602606000077 ], [ 1.521006707000083, 50.214667059000078 ], [ 1.672536655000044, 50.192531643000052 ], [ 1.644541863000086, 50.212388414000088 ], [ 1.665049675000091, 50.219794012000079 ], [ 1.541514519000089, 50.277899481000077 ], [ 1.551524285000085, 50.34906647300005 ], [ 1.57203209700009, 50.375677802000041 ], [ 1.610362175000091, 50.370672919000071 ], [ 1.555186394000089, 50.404771226000037 ], [ 1.579274936000047, 50.533148505000042 ], [ 1.610362175000091, 50.548163153000075 ], [ 1.57789147200009, 50.588609117000033 ], [ 1.563161655000044, 50.678290106000077 ], [ 1.605642123000052, 50.790025132000039 ], [ 1.580577019000089, 50.868801174000055 ], [ 1.72982832100007, 50.943915106000077 ], [ 1.921397332000083, 50.996771552000041 ], [ 2.521799927545686, 51.08754088371883 ] ], [ [ 1.947508585000122, 42.451234233000079 ], [ 1.99949507600013, 42.443896180000067 ], [ 1.956603638000075, 42.481775005000074 ], [ 1.947508585000122, 42.451234233000079 ] ] ], [ [ [ 9.48210696700005, 42.620103257000039 ], [ 9.476817254000082, 42.619086005000042 ], [ 9.456553582000083, 42.647406317000048 ], [ 9.48210696700005, 42.620103257000039 ] ] ], [ [ [ 8.574066602000073, 42.219916083000044 ], [ 8.549489780000044, 42.242254950000074 ], [ 8.687754754000082, 42.272935289000088 ], [ 8.625173373000052, 42.319159247000073 ], [ 8.605316602000073, 42.310451565000051 ], [ 8.634776238000086, 42.338934637000079 ], [ 8.612803582000083, 42.352443752000056 ], [ 8.55209394600007, 42.338934637000079 ], [ 8.549082879000082, 42.377101955000057 ], [ 8.65951582100007, 42.429877020000049 ], [ 8.667491082000083, 42.509711005000042 ], [ 8.71656334700009, 42.53070709800005 ], [ 8.709157748000052, 42.579169012000079 ], [ 8.786957227000073, 42.561997789000088 ], [ 8.805430535000085, 42.606431382000039 ], [ 9.049978061000047, 42.662176825000074 ], [ 9.117849155000044, 42.732001044000071 ], [ 9.236827019000089, 42.722560940000051 ], [ 9.292165561000047, 42.674750067000048 ], [ 9.342539910000085, 42.749090887000079 ], [ 9.335459832000083, 42.807603257000039 ], [ 9.305674675000091, 42.839260158000059 ], [ 9.360199415000068, 42.928615627000056 ], [ 9.346690300000091, 43.003729559000078 ], [ 9.422373894000089, 43.017401434000078 ], [ 9.464040561000047, 42.990057684000078 ], [ 9.482758009000065, 42.802313544000071 ], [ 9.442881707000083, 42.640570380000042 ], [ 9.476898634000065, 42.579169012000079 ], [ 9.511892123000052, 42.565497137000079 ], [ 9.48959394600007, 42.612616278000075 ], [ 9.528086785000085, 42.563544012000079 ], [ 9.559580925000091, 42.146551825000074 ], [ 9.545583530000044, 42.103989976000037 ], [ 9.403168165000068, 41.952948309000078 ], [ 9.401621941000087, 41.706447658000059 ], [ 9.346690300000091, 41.619574286000045 ], [ 9.292165561000047, 41.62641022300005 ], [ 9.278575066000087, 41.598374742000033 ], [ 9.34506269600007, 41.604478257000039 ], [ 9.350596550000091, 41.581203518000052 ], [ 9.264659050000091, 41.530829169000071 ], [ 9.27084394600007, 41.468736070000034 ], [ 9.21070397200009, 41.448228257000039 ], [ 9.21070397200009, 41.407294012000079 ], [ 9.250336134000065, 41.427801825000074 ], [ 9.223155144000089, 41.37250397300005 ], [ 9.096446160000085, 41.403509833000044 ], [ 9.121348504000082, 41.434637762000079 ], [ 9.066579623000052, 41.461900132000039 ], [ 9.07984459700009, 41.482367255000042 ], [ 9.03874759200005, 41.461900132000039 ], [ 8.935720248000052, 41.489203192000048 ], [ 8.791758660000085, 41.561224677000041 ], [ 8.778086785000085, 41.591620184000078 ], [ 8.801768425000091, 41.639064846000053 ], [ 8.872569207000083, 41.651068427000041 ], [ 8.922699415000068, 41.694647528000075 ], [ 8.78882897200009, 41.712551174000055 ], [ 8.78492272200009, 41.74249909100007 ], [ 8.695567254000082, 41.729437567000048 ], [ 8.702972852000073, 41.74249909100007 ], [ 8.655121290000068, 41.749904690000051 ], [ 8.717539910000085, 41.772040106000077 ], [ 8.709157748000052, 41.804510809000078 ], [ 8.78492272200009, 41.824408270000049 ], [ 8.750824415000068, 41.845526434000078 ], [ 8.791758660000085, 41.859116929000038 ], [ 8.778086785000085, 41.872788804000038 ], [ 8.805430535000085, 41.906927802000041 ], [ 8.764414910000085, 41.934271552000041 ], [ 8.614268425000091, 41.900783596000053 ], [ 8.614431186000047, 41.944077867000033 ], [ 8.586273634000065, 41.968980210000041 ], [ 8.655039910000085, 41.978705145000049 ], [ 8.664561394000089, 42.014471747000073 ], [ 8.744965040000068, 42.056586005000042 ], [ 8.699229363000086, 42.109320380000042 ], [ 8.660899285000085, 42.105454820000034 ], [ 8.559580925000091, 42.153998114000046 ], [ 8.593760613000086, 42.167059637000079 ], [ 8.56576582100007, 42.174505927000041 ], [ 8.574066602000073, 42.219916083000044 ] ] ], [ [ [ -1.224354620999918, 45.935044664000088 ], [ -1.17609615799995, 45.89874909100007 ], [ -1.20921790299991, 45.814154364000046 ], [ -1.378325975999928, 45.975978908000059 ], [ -1.40493730399993, 46.053168036000045 ], [ -1.247629360999952, 46.001776434000078 ], [ -1.224354620999918, 45.935044664000088 ] ] ], [ [ [ -1.25413977799991, 46.16242096600007 ], [ -1.432850714999915, 46.210842190000051 ], [ -1.504261847999942, 46.20766836100006 ], [ -1.555816209999932, 46.251776434000078 ], [ -1.480091925999943, 46.25922272300005 ], [ -1.473866339999915, 46.238104559000078 ], [ -1.507964647999927, 46.24555084800005 ], [ -1.49054928299995, 46.224432684000078 ], [ -1.411122199999909, 46.238104559000078 ], [ -1.425363735999952, 46.223822333000044 ], [ -1.308094855999911, 46.206935940000051 ], [ -1.25413977799991, 46.16242096600007 ] ] ], [ [ [ -2.298207160999937, 46.72016022300005 ], [ -2.268950975999928, 46.697414455000057 ], [ -2.37140865799995, 46.704291083000044 ], [ -2.382923956999946, 46.722642320000034 ], [ -2.298207160999937, 46.72016022300005 ] ] ], [ [ [ -2.189808722999942, 46.977240302000041 ], [ -2.14484615799995, 46.957464911000045 ], [ -2.142567511999914, 46.909857489000046 ], [ -2.194813605999911, 46.961859442000048 ], [ -2.247303839999915, 46.96430084800005 ], [ -2.295643683999913, 47.033189195000034 ], [ -2.200021938999953, 47.024359442000048 ], [ -2.189808722999942, 46.977240302000041 ] ] ], [ [ [ -3.242990688999953, 47.395331122000073 ], [ -3.072743292999917, 47.328314520000049 ], [ -3.067005988999938, 47.301947333000044 ], [ -3.223459438999953, 47.312160549000055 ], [ -3.262074347999942, 47.383246161000045 ], [ -3.242990688999953, 47.395331122000073 ] ] ], [ [ [ -5.132801886999914, 48.458319403000075 ], [ -5.036610480999911, 48.46515534100007 ], [ -5.087961391999954, 48.447211005000042 ], [ -5.132801886999914, 48.458319403000075 ] ] ], [ [ [ 6.233393453000076, 43.015581543000053 ], [ 6.252208826000071, 43.002632198000072 ], [ 6.166188998000052, 42.999660549000055 ], [ 6.233393453000076, 43.015581543000053 ] ] ] ] } },
{ "type": "Feature", "properties": { "iso3": "UKR", "NAME": "Ukraine", "assessed": false }, "geometry": { "type": "MultiPolygon", "coordinates": [ [ [ [ 31.383076213000038, 52.117491761000068 ], [ 31.88206384300014, 52.086408386000116 ], [ 31.910382528000127, 52.029073385000046 ], [ 32.095590861000062, 52.040726421 ], [ 32.233308553000086, 52.080853170000083 ], [ 32.27769860900014, 52.102660625000041 ], [ 32.32823815900008, 52.21916514100009 ], [ 32.366995484000086, 52.247199606 ], [ 32.339503621000119, 52.287248841000078 ], [ 32.353559611000037, 52.321587830000013 ], [ 32.394280639000101, 52.326807150000022 ], [ 32.528432658000042, 52.316213481000048 ], [ 32.72542321800006, 52.252083029000019 ], [ 32.844175660000133, 52.262340800000018 ], [ 32.908977905000143, 52.241101787000034 ], [ 33.182862996000097, 52.367295635000019 ], [ 33.419334351000089, 52.33833099400006 ], [ 33.480519246000142, 52.357761333000028 ], [ 33.510078166000085, 52.287533061000047 ], [ 33.687948445000075, 52.355823466000018 ], [ 33.804065389000073, 52.35460907000008 ], [ 34.065341431000036, 52.158626201000047 ], [ 34.062550903000101, 52.050209046000063 ], [ 34.101101521000146, 51.992512309000105 ], [ 34.096243937000054, 51.95181711900004 ], [ 34.146163371000114, 51.951610413000068 ], [ 34.234220012000037, 51.878281556000061 ], [ 34.294578084000136, 51.873889059000064 ], [ 34.412710409000113, 51.777693380000031 ], [ 34.414157349000106, 51.736455587000123 ], [ 34.376330200000041, 51.708601990000048 ], [ 34.089112589000081, 51.666614889000058 ], [ 34.07950077400011, 51.643102112000051 ], [ 34.140065552000067, 51.621191305000096 ], [ 34.223678019000147, 51.514763692000074 ], [ 34.217063436000046, 51.417069398000038 ], [ 34.185850871000071, 51.394150899000024 ], [ 34.247345825000082, 51.363429260000075 ], [ 34.300159139000129, 51.368390198000029 ], [ 34.308737427000096, 51.33461965000005 ], [ 34.185954224000113, 51.248914286000044 ], [ 34.28176232900006, 51.226435039000037 ], [ 34.371782674000087, 51.256846619000029 ], [ 34.608357381000076, 51.234005636000106 ], [ 34.674916626000083, 51.167678935000069 ], [ 34.81754357900013, 51.174732768000084 ], [ 34.946114542000146, 51.214291077000055 ], [ 35.0, 51.202165975242195 ], [ 35.0, 46.246462655008123 ], [ 34.926524285000085, 46.235052802000041 ], [ 34.893565300000034, 46.251776434000078 ], [ 34.811289910000085, 46.166245835000041 ], [ 34.87435957100007, 45.92609284100007 ], [ 35.0, 45.728160197416059 ], [ 34.952331334523421, 45.721989122400032 ], [ 34.80998317508346, 45.784995685202659 ], [ 34.788980987182811, 45.803664296070394 ], [ 34.784313834915508, 45.899340928341132 ], [ 34.68863720264477, 45.974015372711278 ], [ 34.529954008470668, 45.981016102011495 ], [ 34.504284667403454, 45.950679608676978 ], [ 34.464613869534446, 45.955346761843543 ], [ 34.333933591661889, 46.069692004982016 ], [ 34.067905882750267, 46.104695650583778 ], [ 33.846216125773537, 46.195705129687951 ], [ 33.715726290136161, 46.195743035212899 ], [ 33.670279785283867, 46.218105600592992 ], [ 33.660449051382614, 46.148184276483164 ], [ 33.628517493895586, 46.12493524180271 ], [ 33.596527540000068, 46.155747789000088 ], [ 33.549815300000034, 46.136419989000046 ], [ 33.531260613000086, 46.10687897300005 ], [ 33.557871941000087, 46.087307033000059 ], [ 33.49577884200005, 46.067857164000088 ], [ 33.516286655000044, 46.04633209800005 ], [ 33.423838738000086, 46.053290106000077 ], [ 33.357758009000065, 46.10382721600007 ], [ 33.290293816000087, 46.094712632000039 ], [ 33.315684441000087, 46.131008205000057 ], [ 33.21461022200009, 46.128241278000075 ], [ 33.235118035000085, 46.223822333000044 ], [ 33.175059441000087, 46.153143622000073 ], [ 33.122894727000073, 46.135891018000052 ], [ 33.023448113000086, 46.169867255000042 ], [ 33.018239780000044, 46.127671617000033 ], [ 32.899261915000068, 46.115220445000034 ], [ 32.766286655000044, 46.135687567000048 ], [ 32.503428582000083, 46.076117255000042 ], [ 32.262461785000085, 46.128241278000075 ], [ 32.24195397200009, 46.176662502000056 ], [ 32.26929772200009, 46.204575914000088 ], [ 32.12867272200009, 46.209702867000033 ], [ 32.05014082100007, 46.266058661000045 ], [ 32.018077019000089, 46.257513739000046 ], [ 31.885752800000034, 46.320013739000046 ], [ 31.882334832000083, 46.279120184000078 ], [ 31.801117384000065, 46.285060940000051 ], [ 31.76734459700009, 46.318182684000078 ], [ 31.799815300000034, 46.342230536000045 ], [ 31.968272332000083, 46.351060289000088 ], [ 32.06185957100007, 46.393784898000035 ], [ 32.007823113000086, 46.448960679000038 ], [ 31.748545769000089, 46.499945380000042 ], [ 31.690277540000068, 46.478583075000074 ], [ 31.686534050000034, 46.429877020000049 ], [ 31.663584832000083, 46.47211334800005 ], [ 31.508311394000089, 46.587591864000046 ], [ 31.581553582000083, 46.54523346600007 ], [ 31.756358269000089, 46.554266669000071 ], [ 31.861827019000089, 46.519273179000038 ], [ 32.111664259000065, 46.512437242000033 ], [ 32.317556186000047, 46.464341539000088 ], [ 32.399668816000087, 46.478338934000078 ], [ 32.435720248000052, 46.543158270000049 ], [ 32.645518425000034, 46.649603583000044 ], [ 32.335785352000073, 46.562160549000055 ], [ 32.248220248000052, 46.607407945000034 ], [ 32.146332227000073, 46.560248114000046 ], [ 32.117930535000085, 46.60687897300005 ], [ 32.02279707100007, 46.629136460000041 ], [ 31.940277540000068, 46.758856512000079 ], [ 31.936208530000044, 46.800360419000071 ], [ 32.00749759200005, 46.915228583000044 ], [ 31.995941602000073, 46.940375067000048 ], [ 31.935883009000065, 46.954820054000038 ], [ 31.976898634000065, 47.009344794000071 ], [ 31.865244988000086, 47.026353257000039 ], [ 31.896820509000065, 47.092718817000048 ], [ 31.845550977000073, 47.134019273000035 ], [ 31.830577019000089, 47.186753648000035 ], [ 31.757660352000073, 47.216213283000059 ], [ 31.741709832000083, 47.259100653000075 ], [ 31.726817254000082, 47.220526434000078 ], [ 31.806162957000083, 47.192694403000075 ], [ 31.815603061000047, 47.122626044000071 ], [ 31.874278191000087, 47.093817450000074 ], [ 31.837412957000083, 47.00844961100006 ], [ 31.947113477000073, 46.999090887000079 ], [ 31.899424675000034, 46.943833726000037 ], [ 31.925629102000073, 46.922919012000079 ], [ 31.968272332000083, 46.936997789000088 ], [ 31.94507897200009, 46.859523830000057 ], [ 31.864756707000083, 46.806586005000042 ], [ 31.906748894000089, 46.738226630000042 ], [ 31.899424675000034, 46.649603583000044 ], [ 31.814707879000082, 46.623032945000034 ], [ 31.674082879000082, 46.653225002000056 ], [ 31.597178582000083, 46.64321523600006 ], [ 31.578868035000085, 46.617336330000057 ], [ 31.493011915000068, 46.628729559000078 ], [ 31.490896030000044, 46.663397528000075 ], [ 31.618174675000034, 46.813462632000039 ], [ 31.606130405000044, 46.826402085000041 ], [ 31.508311394000089, 46.745184637000079 ], [ 31.440684441000087, 46.800482489000046 ], [ 31.455821160000085, 46.754584052000041 ], [ 31.505869988000086, 46.720404364000046 ], [ 31.416188998000052, 46.629136460000041 ], [ 31.33765709700009, 46.601263739000046 ], [ 31.15951582100007, 46.628973700000074 ], [ 30.79070071700005, 46.552923895000049 ], [ 30.754893425000034, 46.515855210000041 ], [ 30.79818769600007, 46.446437893000052 ], [ 30.772471550000034, 46.396429755000042 ], [ 30.71452884200005, 46.34796784100007 ], [ 30.651866082000083, 46.344549872000073 ], [ 30.682383660000085, 46.299546617000033 ], [ 30.494151238000086, 46.080471096000053 ], [ 30.13843834700009, 45.81976959800005 ], [ 30.127452019000089, 45.891343492000033 ], [ 30.094574415000068, 45.814846096000053 ], [ 29.990733269000089, 45.847072658000059 ], [ 29.96851647200009, 45.838934637000079 ], [ 29.95289147200009, 45.771958726000037 ], [ 29.926280144000089, 45.813788153000075 ], [ 29.932383660000085, 45.724188544000071 ], [ 29.887705925000034, 45.765122789000088 ], [ 29.80241946700005, 45.737494208000044 ], [ 29.803233269000089, 45.704169012000079 ], [ 29.860118035000085, 45.668931382000039 ], [ 29.789073113000086, 45.655259507000039 ], [ 29.789073113000086, 45.635443427000041 ], [ 29.73373457100007, 45.614325262000079 ], [ 29.72396894600007, 45.66742584800005 ], [ 29.682627800000034, 45.696844794000071 ], [ 29.693858269000089, 45.781317450000074 ], [ 29.638194207000083, 45.826320705000057 ], [ 29.637543165000068, 45.709906317000048 ], [ 29.60320071700005, 45.691310940000051 ], [ 29.589691602000073, 45.559068101000037 ], [ 29.648448113000086, 45.545396226000037 ], [ 29.707041863000086, 45.573309637000079 ], [ 29.605723504000082, 45.478176174000055 ], [ 29.640798373000052, 45.441799221000053 ], [ 29.672373894000089, 45.477118231000077 ], [ 29.675303582000083, 45.449611721000053 ], [ 29.702159050000034, 45.456610419000071 ], [ 29.713226759000065, 45.436224677000041 ], [ 29.732269727000073, 45.475734768000052 ], [ 29.754649285000085, 45.447251695000034 ], [ 29.74781334700009, 45.414292710000041 ], [ 29.727712436000047, 45.415676174000055 ], [ 29.754893425000034, 45.312689520000049 ], [ 29.70875084700009, 45.223334052000041 ], [ 29.659027540000068, 45.215887762000079 ], [ 29.672276245000035, 45.272948303000035 ], [ 29.650262085000122, 45.346122132000019 ], [ 29.569698527000071, 45.39495636 ], [ 29.32211674000007, 45.443842265000072 ], [ 28.973662557000097, 45.32369456000005 ], [ 28.92989261800011, 45.279097799000013 ], [ 28.78974613400004, 45.321420797000101 ], [ 28.790159545000051, 45.292068583000045 ], [ 28.759670451000147, 45.274188538 ], [ 28.802665243000035, 45.244164531000123 ], [ 28.778687378000114, 45.231090394000077 ], [ 28.577045939000129, 45.248091939000076 ], [ 28.330239298000066, 45.322919413000122 ], [ 28.286417684000071, 45.42172475200006 ], [ 28.201564982000036, 45.468853658000072 ], [ 28.270501343000063, 45.521511943000078 ], [ 28.502011760000045, 45.508747864000028 ], [ 28.498239380000115, 45.558718974 ], [ 28.536893351000117, 45.57980295900002 ], [ 28.474003133000053, 45.657937725000053 ], [ 28.561439657000108, 45.716590475 ], [ 28.576684204000031, 45.761910706 ], [ 28.66975345900002, 45.777310283000091 ], [ 28.66975345900002, 45.812036845000122 ], [ 28.738276407000058, 45.837565003000051 ], [ 28.740240112000066, 45.95321685800009 ], [ 28.956867717000137, 46.001379293000056 ], [ 28.938780965000035, 46.089280905000052 ], [ 29.015365438000117, 46.182608541000022 ], [ 28.933509969000085, 46.258986308000047 ], [ 28.944878784000082, 46.320739645000046 ], [ 28.919247274000014, 46.404662171000055 ], [ 28.945808960000136, 46.454788310000069 ], [ 29.184244018000101, 46.538039043000069 ], [ 29.206774943000141, 46.502511495000121 ], [ 29.205638061000116, 46.406109111000049 ], [ 29.183417196000079, 46.377609558000088 ], [ 29.200677124000094, 46.357119853000128 ], [ 29.283256062000135, 46.397427470000068 ], [ 29.306717163000087, 46.471996562000029 ], [ 29.374723348000089, 46.416186015000065 ], [ 29.457612345000086, 46.484708965 ], [ 29.486447795000117, 46.475872295000087 ], [ 29.480866740000124, 46.42515187700009 ], [ 29.615638875000116, 46.361822409000084 ], [ 29.64550785300014, 46.375594178000043 ], [ 29.654396199000075, 46.422697245000037 ], [ 29.702868693000141, 46.428329976000057 ], [ 29.714134155000067, 46.471169739000018 ], [ 29.80033044400011, 46.398357646000122 ], [ 29.828132365000045, 46.339394837 ], [ 29.918669474000069, 46.373656311000033 ], [ 30.081140177000123, 46.374198914000075 ], [ 30.131576375000122, 46.422826437000069 ], [ 30.077006063000113, 46.422826437000069 ], [ 30.014064168000061, 46.462023010000038 ], [ 30.002850383000123, 46.494217428000084 ], [ 29.901926310000135, 46.530830180000024 ], [ 29.898825724000062, 46.553128561000065 ], [ 29.949675334000062, 46.578863424000062 ], [ 29.931278524000106, 46.61917104100003 ], [ 29.951122273000067, 46.743116964000095 ], [ 29.928177938000147, 46.8097537230001 ], [ 29.889627319000056, 46.807169902000012 ], [ 29.84363529400008, 46.854143779000069 ], [ 29.754131714000039, 46.858019511000023 ], [ 29.696150757000112, 46.904683329000093 ], [ 29.558691447000058, 46.945740255000047 ], [ 29.602099650000071, 47.061004538000063 ], [ 29.57016361500007, 47.091441956000054 ], [ 29.52014082900007, 47.059919332000064 ], [ 29.477869507000094, 47.111544088000088 ], [ 29.544842163000112, 47.135573629000035 ], [ 29.544015340000044, 47.234249777000045 ], [ 29.580188843000087, 47.260449727000051 ], [ 29.556572714000083, 47.324037578000045 ], [ 29.480866740000124, 47.338274435000116 ], [ 29.459162638000123, 47.29349680600005 ], [ 29.409553263000134, 47.279750876000023 ], [ 29.367592, 47.308224590000052 ], [ 29.345836222000116, 47.365843811 ], [ 29.300826050000069, 47.378194479000044 ], [ 29.232613159000039, 47.446329855000059 ], [ 29.182073609000042, 47.429870911000094 ], [ 29.155615275000031, 47.44999888100007 ], [ 29.117426391000066, 47.53332712800001 ], [ 29.182073609000042, 47.613218893000109 ], [ 29.196956421000067, 47.717501933000037 ], [ 29.2386076250001, 47.756000875000026 ], [ 29.177836141000085, 47.789719747000063 ], [ 29.23602380300008, 47.870722555000086 ], [ 29.172565145000135, 47.891005554000074 ], [ 29.12398929800014, 47.975987447000065 ], [ 29.061047404000135, 47.969760438 ], [ 29.017225790000055, 47.931080628000089 ], [ 28.950356486000061, 47.934801331000088 ], [ 28.83253422100006, 48.024821676000059 ], [ 28.799254598000118, 48.111793111000068 ], [ 28.573635295000116, 48.1549687710001 ], [ 28.519323364000059, 48.149129334000023 ], [ 28.479584188000047, 48.064922588000044 ], [ 28.4190194090001, 48.122231751000115 ], [ 28.436899455000059, 48.14985280400002 ], [ 28.411578003000074, 48.170704244 ], [ 28.349566284000048, 48.129724833000054 ], [ 28.317423543000103, 48.135357565000092 ], [ 28.363363892000081, 48.191013082 ], [ 28.357731161000061, 48.238607076000036 ], [ 28.216964559000104, 48.208143820000046 ], [ 28.178517293000141, 48.258864238000044 ], [ 28.093251180000095, 48.237444357000115 ], [ 28.076404663000119, 48.314933167000063 ], [ 27.92643965600007, 48.33942779500002 ], [ 27.785259643000103, 48.441566264000087 ], [ 27.62702640800012, 48.45125559500012 ], [ 27.582998087000135, 48.486033834000054 ], [ 27.503829794000126, 48.472365418000052 ], [ 27.403474161000076, 48.411490581000109 ], [ 27.342185913000037, 48.436114401000097 ], [ 27.20855065900011, 48.360615133000081 ], [ 27.037398315000104, 48.399682516 ], [ 27.033057495000037, 48.36020172200007 ], [ 26.943243856000038, 48.351261699000034 ], [ 26.831932821000066, 48.39136261000003 ], [ 26.777517538000097, 48.366170350000104 ], [ 26.774365275000036, 48.287182923000032 ], [ 26.679797404000055, 48.330177714000015 ], [ 26.587399943000037, 48.249355774000051 ], [ 26.303489624000093, 48.212045390000114 ], [ 26.270726766000081, 48.093603007000027 ], [ 26.173058309000055, 47.993144023000056 ], [ 25.261744426000064, 47.898576152000047 ], [ 25.079946737000057, 47.742926738000065 ], [ 24.896598755000127, 47.710060527000039 ], [ 24.808232056000122, 47.795740052 ], [ 24.679144328000064, 47.840130107000064 ], [ 24.633669067000085, 47.908291321 ], [ 24.542098429000106, 47.943818868000037 ], [ 24.409186646000109, 47.952061259000075 ], [ 24.231006307000087, 47.897025859000038 ], [ 24.008797648000012, 47.961207988000055 ], [ 23.855215291000093, 47.934232890000047 ], [ 23.780077759000079, 47.987511291000018 ], [ 23.56324344900014, 48.005753072000076 ], [ 23.460820760000018, 47.971336569000115 ], [ 23.360051717000147, 47.993144023000056 ], [ 23.231377401000088, 48.079727886000072 ], [ 23.139083292000095, 48.098124695000067 ], [ 23.06311893700007, 48.007458395000029 ], [ 23.004414510000117, 47.983067119000012 ], [ 22.924109334000093, 48.004822896000022 ], [ 22.91584110500014, 47.95919260700002 ], [ 22.877600546000053, 47.946738587000127 ], [ 22.8324353430001, 47.978933004000069 ], [ 22.85475956200014, 48.047300924000055 ], [ 22.801429484000067, 48.090967509000038 ], [ 22.745722290000117, 48.116288961000109 ], [ 22.605472453000118, 48.097039490000057 ], [ 22.481449015000123, 48.242586162000023 ], [ 22.357115519000047, 48.243102926000049 ], [ 22.308126261000041, 48.293694153 ], [ 22.29872115100008, 48.34914296500007 ], [ 22.256759888000062, 48.357282003000066 ], [ 22.271849406000086, 48.403454895000024 ], [ 22.13283980300011, 48.404798483 ], [ 22.1387309160001, 48.569594625000079 ], [ 22.310296671000117, 48.68168080700012 ], [ 22.365693807000071, 48.794387106000059 ], [ 22.36889774600013, 48.856450501000026 ], [ 22.411789184000099, 48.887766419000016 ], [ 22.448996216000097, 48.971430562000037 ], [ 22.520516398000041, 48.992927958000095 ], [ 22.539636678000136, 49.072199606000126 ], [ 22.560720663000069, 49.085532125000057 ], [ 22.642886190000098, 49.043157451000027 ], [ 22.755334106000134, 49.044707743000046 ], [ 22.85527632600008, 48.994013164000094 ], [ 22.866955200000064, 49.009981181000015 ], [ 22.84132369000011, 49.094885559 ], [ 22.705724731000146, 49.168834534000084 ], [ 22.681746867000129, 49.161238098000027 ], [ 22.737764120000065, 49.275391338000034 ], [ 22.719780721000092, 49.382981670000063 ], [ 22.679576456000063, 49.41894846700005 ], [ 22.640922485000146, 49.528760885000068 ], [ 22.665830526000036, 49.567363180000072 ], [ 23.101462850000075, 49.957106832000065 ], [ 23.644168741000044, 50.312692363000068 ], [ 23.682202596000081, 50.368244528000062 ], [ 23.981305786000036, 50.4047797650001 ], [ 24.010657999000017, 50.492784729 ], [ 24.107706340000078, 50.540843811000073 ], [ 24.081041301000141, 50.712978007000046 ], [ 24.026884400000114, 50.72801584900013 ], [ 24.025850871000046, 50.767031555000031 ], [ 23.974277791000134, 50.776178284000096 ], [ 23.957637980000101, 50.808010967000072 ], [ 23.99288130700009, 50.836226298000028 ], [ 24.130857381000084, 50.839068502000018 ], [ 24.143156372000107, 50.856431783000019 ], [ 23.979342081000112, 50.937512106000057 ], [ 23.91174930800014, 51.006810201000079 ], [ 23.904204549000099, 51.062724101000057 ], [ 23.854491821000096, 51.121531881000053 ], [ 23.863586873000145, 51.148274434000101 ], [ 23.742664022000099, 51.216254780999989 ], [ 23.687266886000145, 51.292400005000061 ], [ 23.635177043000084, 51.304698996000113 ], [ 23.634040161000087, 51.339296367000102 ], [ 23.697602173000064, 51.404434509000012 ], [ 23.648716268000072, 51.45396637000006 ], [ 23.662772258000103, 51.480192159000083 ], [ 23.608098592000147, 51.511223857000019 ], [ 23.628665812000122, 51.531222636000066 ], [ 23.593319132000119, 51.596955058000034 ], [ 23.616676880000085, 51.624782817000082 ], [ 23.749692017000115, 51.644471538000047 ], [ 23.981305786000036, 51.585999654000048 ], [ 24.244132121000064, 51.718213807000055 ], [ 24.311518189000054, 51.827561136999989 ], [ 24.390789836000096, 51.880012716000024 ], [ 24.721829061000051, 51.882338156000074 ], [ 25.002742147000077, 51.910475973000089 ], [ 25.138031046000037, 51.948949077000051 ], [ 25.351971477000063, 51.921483053000102 ], [ 25.76791508000008, 51.9285110470001 ], [ 26.080764201000079, 51.900657451000043 ], [ 26.175332072000089, 51.856706645000102 ], [ 26.407772665000039, 51.850608826000055 ], [ 26.445599813000115, 51.805598654 ], [ 26.665741415000127, 51.801387024000078 ], [ 26.854773803000086, 51.749348857000129 ], [ 27.151086466000095, 51.756764425000043 ], [ 27.177854858000075, 51.747075094000095 ], [ 27.189016968000089, 51.663772685000069 ], [ 27.277487020000137, 51.651137797000032 ], [ 27.26746179200012, 51.587498271000058 ], [ 27.409003540000072, 51.591709900000083 ], [ 27.477268107000015, 51.623671774000073 ], [ 27.69265547700013, 51.589229432000124 ], [ 27.705161174000125, 51.568352153000049 ], [ 27.664130087000103, 51.492852885000033 ], [ 27.714256225000099, 51.463707377000034 ], [ 27.792546021000078, 51.517295838000067 ], [ 27.799522339000077, 51.585198669000121 ], [ 27.831251668000107, 51.612923076000058 ], [ 27.954758342000048, 51.560781555000077 ], [ 28.070823608000097, 51.557629293000033 ], [ 28.210039917000103, 51.651964621000062 ], [ 28.245128214000147, 51.640621643000074 ], [ 28.333856649000069, 51.528380433000095 ], [ 28.46123905400006, 51.571659444000048 ], [ 28.603917684000123, 51.553546855000022 ], [ 28.637300659000118, 51.449625550000079 ], [ 28.703963257000112, 51.44262339300009 ], [ 28.728767945000072, 51.401256409000055 ], [ 28.752229045000036, 51.483706157000043 ], [ 28.79987471600009, 51.532617899000044 ], [ 28.980845581000068, 51.569463197000047 ], [ 29.063217814000041, 51.630596416000074 ], [ 29.160421183000039, 51.603311259000051 ], [ 29.226515340000105, 51.519052836000057 ], [ 29.227755574000128, 51.455620016000026 ], [ 29.319946330000107, 51.365573832000067 ], [ 29.402731975000108, 51.39614044200006 ], [ 29.466293986000039, 51.38505584800005 ], [ 29.505464722000113, 51.437455750000069 ], [ 29.637756388000128, 51.490889181000099 ], [ 29.69997481300004, 51.483706157000043 ], [ 29.737905314000045, 51.439496969000047 ], [ 29.828649129000098, 51.429962668000044 ], [ 29.886268351000069, 51.464792582000101 ], [ 30.14862959800007, 51.48442962700004 ], [ 30.320195353000145, 51.402083232000066 ], [ 30.317094767000128, 51.340588277000066 ], [ 30.355128621000063, 51.305267436000079 ], [ 30.539613484000085, 51.235168356000102 ], [ 30.645550171000082, 51.367460023000078 ], [ 30.618161661000045, 51.418723043000099 ], [ 30.587879272000066, 51.427353008000054 ], [ 30.586018921000061, 51.451847636000096 ], [ 30.618161661000045, 51.467143861000054 ], [ 30.562867880000113, 51.52176584900009 ], [ 30.58400354000014, 51.54225555400005 ], [ 30.52256026200007, 51.562719422000029 ], [ 30.543127482000045, 51.582589010000035 ], [ 30.515118856000129, 51.603672994000036 ], [ 30.556615031000092, 51.623620097000057 ], [ 30.570309286000111, 51.699920349000095 ], [ 30.62498295100005, 51.706095683000072 ], [ 30.646170288000121, 51.754542338000036 ], [ 30.618161661000045, 51.761337789 ], [ 30.670561564000081, 51.790534974000124 ], [ 30.661983277000047, 51.819422099000079 ], [ 30.741668335000099, 51.897918600000096 ], [ 30.788177124000129, 51.900605774000027 ], [ 30.803059937000057, 51.939130554000101 ], [ 30.89690433800007, 51.998325908000069 ], [ 30.94124271600009, 51.993804220000058 ], [ 30.940519247000111, 52.020081686000097 ], [ 30.911270386000069, 52.022562154000056 ], [ 30.91881514500011, 52.059174906000109 ], [ 31.096323690000133, 52.079612936000061 ], [ 31.228977091000104, 52.038220114000111 ], [ 31.304424683000093, 52.097492981000116 ], [ 31.383076213000038, 52.117491761000068 ] ] ], [ [ [ 35.0, 46.073637642407036 ], [ 34.985362175000034, 46.087469794000071 ], [ 35.0, 46.099142520935665 ], [ 35.0, 46.073637642407036 ] ] ], [ [ [ 29.730967644000089, 45.591376044000071 ], [ 30.125987175000034, 45.811468817000048 ], [ 29.908050977000073, 45.666449286000045 ], [ 29.807465040000068, 45.614325262000079 ], [ 29.730967644000089, 45.591376044000071 ] ] ], [ [ [ 32.978688998000052, 46.053290106000077 ], [ 33.057465040000068, 46.025213934000078 ], [ 33.040049675000034, 46.012152411000045 ], [ 32.619395379000082, 46.06000397300005 ], [ 32.913584832000083, 46.038804429000038 ], [ 32.978688998000052, 46.053290106000077 ] ] ], [ [ [ 31.618174675000034, 46.25922272300005 ], [ 32.166270379000082, 46.149359442000048 ], [ 31.580332879000082, 46.262762762000079 ], [ 31.521983269000089, 46.313218492000033 ], [ 31.504405144000089, 46.37335846600007 ], [ 31.55437259200005, 46.29633209800005 ], [ 31.618174675000034, 46.25922272300005 ] ] ] ] } },
{ "type": "Feature", "properties": { "iso3": "BLR", "NAME": "Belarus", "assessed": false }, "geometry": { "type": "Polygon", "coordinates": [ [ [ 23.624118286000083, 51.515900574000099 ], [ 23.560349569000067, 51.555303854 ], [ 23.53244429500009, 51.65896677700006 ], [ 23.560349569000067, 51.6719634 ], [ 23.560349569000067, 51.754542338000036 ], [ 23.628665812000122, 51.809758606000045 ], [ 23.594559367000073, 51.843296611000042 ], [ 23.621844523000078, 51.877428894000033 ], [ 23.628665812000122, 51.946339417000061 ], [ 23.676414835000088, 51.994088440000027 ], [ 23.637450806000118, 52.084470521000085 ], [ 23.579366496000119, 52.121548361000052 ], [ 23.512497192000069, 52.12444224100004 ], [ 23.487692505000041, 52.181622213000068 ], [ 23.391367635000051, 52.182500712000021 ], [ 23.395811808000076, 52.199579773000053 ], [ 23.189726196000066, 52.240533346000078 ], [ 23.194480428000048, 52.271461690000095 ], [ 23.165644979000035, 52.28939341300007 ], [ 23.392297810000116, 52.509638367000022 ], [ 23.569031209000116, 52.585886943000034 ], [ 23.736152792000041, 52.614903259000087 ], [ 23.86896122200011, 52.670042013000071 ], [ 23.922498006000069, 52.742595724000083 ], [ 23.911335897000129, 53.005060324000013 ], [ 23.859349406, 53.067976380000104 ], [ 23.893662557000113, 53.151950582000026 ], [ 23.80064497900014, 53.242461854000013 ], [ 23.590942016000071, 53.611250712000114 ], [ 23.564793742000063, 53.742405498000053 ], [ 23.529860474000088, 53.7841600550001 ], [ 23.485625448000064, 53.939292704000039 ], [ 23.627115519000114, 53.898209941000076 ], [ 23.919810832000053, 53.947767639000048 ], [ 24.045384562000066, 53.930869446000074 ], [ 24.1696147050001, 53.958929749000092 ], [ 24.257051229000069, 53.89402415000005 ], [ 24.37787072800009, 53.886841126 ], [ 24.666845336000108, 53.993863017000066 ], [ 24.705602661000057, 53.964200745000099 ], [ 24.806371704000128, 53.975311178000041 ], [ 24.821357870000099, 54.019907939000049 ], [ 24.782497192000051, 54.09287506200009 ], [ 24.821564575000139, 54.134526266000094 ], [ 24.902283163000078, 54.149770813000046 ], [ 25.071988566000101, 54.132200827000062 ], [ 25.156531210000054, 54.175712382000071 ], [ 25.206243937000067, 54.256792705000024 ], [ 25.369748169000104, 54.247904358000099 ], [ 25.459355103000036, 54.298908997000055 ], [ 25.553974650000043, 54.231264548000084 ], [ 25.501678100000049, 54.221756084 ], [ 25.528963257000044, 54.195659485000093 ], [ 25.485761759000098, 54.175402324000103 ], [ 25.516044149000038, 54.144758200000084 ], [ 25.653503458000102, 54.128738505000015 ], [ 25.763057495000055, 54.156437073000049 ], [ 25.789205770000052, 54.23622548500002 ], [ 25.695981486000051, 54.320974834000069 ], [ 25.563999878000061, 54.303146465000012 ], [ 25.528653198000058, 54.320974834000069 ], [ 25.52999678600014, 54.346141256000081 ], [ 25.612575724000067, 54.421795553000052 ], [ 25.630869181000037, 54.508353577000079 ], [ 25.740423217000114, 54.568504944000026 ], [ 25.708383830000088, 54.663021139000094 ], [ 25.721199585000079, 54.766735739000083 ], [ 25.778457072000037, 54.805286357000043 ], [ 25.78269453900009, 54.869675192000031 ], [ 25.870234416000073, 54.938818258000126 ], [ 26.138641805000105, 54.96894561800012 ], [ 26.224631388000063, 55.054883525000051 ], [ 26.233002971000133, 55.111624248000069 ], [ 26.264422241000091, 55.140097962000098 ], [ 26.428753296000139, 55.128212382000086 ], [ 26.47340173300006, 55.14567901600013 ], [ 26.60093916800011, 55.120822652000086 ], [ 26.656956421000132, 55.215338847000069 ], [ 26.800720256000091, 55.273319804000025 ], [ 26.768629191000088, 55.300243225000045 ], [ 26.450043986000111, 55.327063294000098 ], [ 26.499239950000089, 55.428090719000053 ], [ 26.543268270000056, 55.459613342000026 ], [ 26.532106161000115, 55.51625071200003 ], [ 26.59556481900006, 55.568030498 ], [ 26.594531291000067, 55.666990866000063 ], [ 26.615615275000096, 55.687971497000078 ], [ 26.743049357000132, 55.68285553 ], [ 26.822837769000103, 55.706109925000092 ], [ 26.981071004000086, 55.826877747000125 ], [ 27.151448201000079, 55.832458802000033 ], [ 27.263017619000095, 55.787216085000054 ], [ 27.349627319000035, 55.831218567000107 ], [ 27.438820842000069, 55.798739929000064 ], [ 27.592713256000081, 55.794244080000041 ], [ 27.645009806000104, 55.922840881000084 ], [ 27.74443526200011, 55.959737854000124 ], [ 27.781228882000107, 56.016375224000015 ], [ 27.927059774000043, 56.109366964000074 ], [ 28.110976196000109, 56.156805929000072 ], [ 28.310912313000131, 56.042678528000053 ], [ 28.389770548000058, 56.088567200000014 ], [ 28.611462443000079, 56.088463847000085 ], [ 28.731920207000115, 55.946792908000091 ], [ 28.830880574000105, 55.937672018000015 ], [ 28.859716024000136, 55.976455180000059 ], [ 29.030765015000014, 56.024178366000044 ], [ 29.395600627000135, 55.94772308400006 ], [ 29.444434855000111, 55.906924540000077 ], [ 29.384128459000124, 55.879949443000029 ], [ 29.343614135000109, 55.786983541000083 ], [ 29.363406209000118, 55.751481832000039 ], [ 29.480866740000124, 55.681098532000092 ], [ 29.684161825000047, 55.77060211200002 ], [ 29.805704794000064, 55.771454774000048 ], [ 29.90781742300004, 55.843207500000048 ], [ 30.106254924000041, 55.821916809000058 ], [ 30.200254353000048, 55.857986959000058 ], [ 30.468816773000128, 55.793520610000044 ], [ 30.480702351000048, 55.753962301000016 ], [ 30.587465861000055, 55.718305563000015 ], [ 30.596354207000104, 55.665285543000024 ], [ 30.693712606000133, 55.652159729000047 ], [ 30.742185099000039, 55.594385478000063 ], [ 30.88615564000014, 55.600483297000025 ], [ 30.91974532100005, 55.534492493000087 ], [ 30.899384807000047, 55.499145813000084 ], [ 30.919435262000093, 55.492324524000125 ], [ 30.881298055000116, 55.451448466000031 ], [ 30.918298380000067, 55.387783102000114 ], [ 30.811224813000081, 55.323084209000044 ], [ 30.794274943000062, 55.285515442000033 ], [ 30.959794555000144, 55.162577210000038 ], [ 31.005631551000079, 55.022999167000094 ], [ 30.913234090000117, 55.024601135000026 ], [ 30.936075073000097, 54.973234762000075 ], [ 30.917368205000116, 54.953959452000035 ], [ 30.814842163000037, 54.928017884 ], [ 30.826107625000134, 54.87747833300007 ], [ 30.768126668000093, 54.829936015000058 ], [ 30.770607137000127, 54.78601104800002 ], [ 30.980620158000079, 54.705654196000083 ], [ 30.999016967000102, 54.671341044000044 ], [ 31.105160359000138, 54.668292135000016 ], [ 31.167947225000091, 54.621576640000043 ], [ 31.064646037000045, 54.492282206000098 ], [ 31.209029988000054, 54.448047181000092 ], [ 31.284787638000068, 54.347381490000046 ], [ 31.324681844000111, 54.229249166000031 ], [ 31.506376180000075, 54.143931376000054 ], [ 31.736749715000144, 54.094166972000025 ], [ 31.771269572000051, 54.048536683000023 ], [ 31.822635945000059, 54.053445944000075 ], [ 31.837932170000045, 53.962133687000048 ], [ 31.744656209000084, 53.794857076000099 ], [ 31.873175496000044, 53.77713206 ], [ 32.08360192900011, 53.809636536000127 ], [ 32.290411010000071, 53.760853984000065 ], [ 32.371801391000076, 53.714396871000034 ], [ 32.442133016000128, 53.71393178300012 ], [ 32.49019209800008, 53.677138163000038 ], [ 32.399086548000128, 53.635383606000076 ], [ 32.429420614000037, 53.561589661000127 ], [ 32.576801799000123, 53.486038717 ], [ 32.650285685000085, 53.487640687000024 ], [ 32.646771688000115, 53.457978414000067 ], [ 32.701238647000082, 53.462112529000095 ], [ 32.719532104000052, 53.439478252000058 ], [ 32.717465047000132, 53.334936829000057 ], [ 32.579954061000137, 53.324368998000082 ], [ 32.595922079000104, 53.30827179 ], [ 32.569153686000107, 53.298840841000029 ], [ 32.454845419000037, 53.300442811000082 ], [ 32.479133342000068, 53.274914653000039 ], [ 32.423632853000072, 53.204402161000061 ], [ 32.267983439000091, 53.124768779000036 ], [ 32.215686889000096, 53.125518087000032 ], [ 32.201114136000115, 53.097561138000046 ], [ 32.117294963000063, 53.081102193000063 ], [ 31.79628096600004, 53.112392273000083 ], [ 31.75628340600008, 53.186573792000033 ], [ 31.614018189000092, 53.209750672000027 ], [ 31.378528686000038, 53.182026265 ], [ 31.363697550000097, 53.08877614400005 ], [ 31.247063843000092, 53.014387919000043 ], [ 31.322614787000134, 52.977129212000122 ], [ 31.387933797000073, 52.887987367 ], [ 31.505135946000109, 52.848894145000074 ], [ 31.560843139000042, 52.787063294000077 ], [ 31.570248250000134, 52.725258281 ], [ 31.48064131700005, 52.68247019500005 ], [ 31.628642618000072, 52.548059795000043 ], [ 31.559292847000052, 52.540540873000097 ], [ 31.575932658000056, 52.524727885000104 ], [ 31.550559529000054, 52.511886292000028 ], [ 31.587921590000121, 52.482611593000073 ], [ 31.582857300000057, 52.402771505000075 ], [ 31.608075398000096, 52.372463278000041 ], [ 31.567354370000146, 52.311381734000051 ], [ 31.63143314600012, 52.264769593000082 ], [ 31.699439331000121, 52.251462911000047 ], [ 31.68238610800006, 52.201931051000102 ], [ 31.762587932000088, 52.149841207000051 ], [ 31.76434493000005, 52.100567729000048 ], [ 31.383076213000038, 52.117491761000068 ], [ 31.304424683000093, 52.097492981000116 ], [ 31.228977091000104, 52.038220114000111 ], [ 31.096323690000133, 52.079612936000061 ], [ 30.91881514500011, 52.059174906000109 ], [ 30.911270386000069, 52.022562154000056 ], [ 30.940519247000111, 52.020081686000097 ], [ 30.94124271600009, 51.993804220000058 ], [ 30.89690433800007, 51.998325908000069 ], [ 30.803059937000057, 51.939130554000101 ], [ 30.788177124000129, 51.900605774000027 ], [ 30.741668335000099, 51.897918600000096 ], [ 30.661983277000047, 51.819422099000079 ], [ 30.670561564000081, 51.790534974000124 ], [ 30.618161661000045, 51.761337789 ], [ 30.646170288000121, 51.754542338000036 ], [ 30.62498295100005, 51.706095683000072 ], [ 30.570309286000111, 51.699920349000095 ], [ 30.556615031000092, 51.623620097000057 ], [ 30.515118856000129, 51.603672994000036 ], [ 30.543127482000045, 51.582589010000035 ], [ 30.52256026200007, 51.562719422000029 ], [ 30.58400354000014, 51.54225555400005 ], [ 30.562867880000113, 51.52176584900009 ], [ 30.618161661000045, 51.467143861000054 ], [ 30.586018921000061, 51.451847636000096 ], [ 30.587879272000066, 51.427353008000054 ], [ 30.618161661000045, 51.418723043000099 ], [ 30.645550171000082, 51.367460023000078 ], [ 30.638315470000123, 51.335859884000072 ], [ 30.579921102000128, 51.30366546700013 ], [ 30.550672242000076, 51.236796163000051 ], [ 30.355128621000063, 51.305267436000079 ], [ 30.317094767000128, 51.340588277000066 ], [ 30.320195353000145, 51.402083232000066 ], [ 30.14862959800007, 51.48442962700004 ], [ 29.886268351000069, 51.464792582000101 ], [ 29.828649129000098, 51.429962668000044 ], [ 29.737905314000045, 51.439496969000047 ], [ 29.69997481300004, 51.483706157000043 ], [ 29.637756388000128, 51.490889181000099 ], [ 29.505464722000113, 51.437455750000069 ], [ 29.466293986000039, 51.38505584800005 ], [ 29.402731975000108, 51.39614044200006 ], [ 29.319946330000107, 51.365573832000067 ], [ 29.227755574000128, 51.455620016000026 ], [ 29.226515340000105, 51.519052836000057 ], [ 29.160421183000039, 51.603311259000051 ], [ 29.063217814000041, 51.630596416000074 ], [ 28.980845581000068, 51.569463197000047 ], [ 28.79987471600009, 51.532617899000044 ], [ 28.752229045000036, 51.483706157000043 ], [ 28.728767945000072, 51.401256409000055 ], [ 28.703963257000112, 51.44262339300009 ], [ 28.637300659000118, 51.449625550000079 ], [ 28.603917684000123, 51.553546855000022 ], [ 28.46123905400006, 51.571659444000048 ], [ 28.333856649000069, 51.528380433000095 ], [ 28.245128214000147, 51.640621643000074 ], [ 28.210039917000103, 51.651964621000062 ], [ 28.070823608000097, 51.557629293000033 ], [ 27.954758342000048, 51.560781555000077 ], [ 27.831251668000107, 51.612923076000058 ], [ 27.799522339000077, 51.585198669000121 ], [ 27.792546021000078, 51.517295838000067 ], [ 27.714256225000099, 51.463707377000034 ], [ 27.664130087000103, 51.492852885000033 ], [ 27.705161174000125, 51.568352153000049 ], [ 27.69265547700013, 51.589229432000124 ], [ 27.477268107000015, 51.623671774000073 ], [ 27.409003540000072, 51.591709900000083 ], [ 27.26746179200012, 51.587498271000058 ], [ 27.277487020000137, 51.651137797000032 ], [ 27.189016968000089, 51.663772685000069 ], [ 27.177854858000075, 51.747075094000095 ], [ 27.151086466000095, 51.756764425000043 ], [ 26.854773803000086, 51.749348857000129 ], [ 26.665741415000127, 51.801387024000078 ], [ 26.445599813000115, 51.805598654 ], [ 26.407772665000039, 51.850608826000055 ], [ 26.175332072000089, 51.856706645000102 ], [ 26.080764201000079, 51.900657451000043 ], [ 25.76791508000008, 51.9285110470001 ], [ 25.351971477000063, 51.921483053000102 ], [ 25.138031046000037, 51.948949077000051 ], [ 25.002742147000077, 51.910475973000089 ], [ 24.721829061000051, 51.882338156000074 ], [ 24.390789836000096, 51.880012716000024 ], [ 24.311518189000054, 51.827561136999989 ], [ 24.244132121000064, 51.718213807000055 ], [ 23.981305786000036, 51.585999654000048 ], [ 23.726230916000134, 51.644859111000031 ], [ 23.606444946000096, 51.618116557000079 ], [ 23.593319132000119, 51.596955058000034 ], [ 23.624118286000083, 51.515900574000099 ] ] ] } },
{ "type": "Feature", "properties": { "iso3": "LTU", "NAME": "Lithuania", "assessed": false }, "geometry": { "type": "MultiPolygon", "coordinates": [ [ [ [ 26.594531291000067, 55.666990866000063 ], [ 26.59556481900006, 55.568030498 ], [ 26.532106161000115, 55.51625071200003 ], [ 26.543268270000056, 55.459613342000026 ], [ 26.499239950000089, 55.428090719000053 ], [ 26.450043986000111, 55.327063294000098 ], [ 26.768629191000088, 55.300243225000045 ], [ 26.800720256000091, 55.273319804000025 ], [ 26.656956421000132, 55.215338847000069 ], [ 26.60093916800011, 55.120822652000086 ], [ 26.47340173300006, 55.14567901600013 ], [ 26.428753296000139, 55.128212382000086 ], [ 26.264422241000091, 55.140097962000098 ], [ 26.233002971000133, 55.111624248000069 ], [ 26.224631388000063, 55.054883525000051 ], [ 26.138641805000105, 54.96894561800012 ], [ 25.870234416000073, 54.938818258000126 ], [ 25.78269453900009, 54.869675192000031 ], [ 25.778457072000037, 54.805286357000043 ], [ 25.721199585000079, 54.766735739000083 ], [ 25.708383830000088, 54.663021139000094 ], [ 25.740423217000114, 54.568504944000026 ], [ 25.630869181000037, 54.508353577000079 ], [ 25.612575724000067, 54.421795553000052 ], [ 25.52999678600014, 54.346141256000081 ], [ 25.528653198000058, 54.320974834000069 ], [ 25.563999878000061, 54.303146465000012 ], [ 25.695981486000051, 54.320974834000069 ], [ 25.789205770000052, 54.23622548500002 ], [ 25.763057495000055, 54.156437073000049 ], [ 25.653503458000102, 54.128738505000015 ], [ 25.516044149000038, 54.144758200000084 ], [ 25.485761759000098, 54.175402324000103 ], [ 25.528963257000044, 54.195659485000093 ], [ 25.501678100000049, 54.221756084 ], [ 25.553974650000043, 54.231264548000084 ], [ 25.459355103000036, 54.298908997000055 ], [ 25.369748169000104, 54.247904358000099 ], [ 25.206243937000067, 54.256792705000024 ], [ 25.156531210000054, 54.175712382000071 ], [ 25.071988566000101, 54.132200827000062 ], [ 24.902283163000078, 54.149770813000046 ], [ 24.821564575000139, 54.134526266000094 ], [ 24.782497192000051, 54.09287506200009 ], [ 24.821357870000099, 54.019907939000049 ], [ 24.788698365000101, 53.969678447000021 ], [ 24.705602661000057, 53.964200745000099 ], [ 24.666845336000108, 53.993863017000066 ], [ 24.37787072800009, 53.886841126 ], [ 24.257051229000069, 53.89402415000005 ], [ 24.1696147050001, 53.958929749000092 ], [ 24.045384562000066, 53.930869446000074 ], [ 23.919810832000053, 53.947767639000048 ], [ 23.627115519000114, 53.898209941000076 ], [ 23.485625448000064, 53.939292704000039 ], [ 23.458650350000141, 53.98161570300006 ], [ 23.496477498000104, 54.021974996000026 ], [ 23.473946574000081, 54.112563782000038 ], [ 23.449038534000124, 54.154938457000057 ], [ 23.35447066200004, 54.217053528000022 ], [ 23.11706913200004, 54.303456523000094 ], [ 23.050096476000135, 54.294826559000043 ], [ 23.032113078000037, 54.309554342000055 ], [ 23.041621542000115, 54.340973613000088 ], [ 22.96265995300007, 54.381694642000056 ], [ 22.837602986000093, 54.40091827500008 ], [ 22.767219686000061, 54.356269837000056 ], [ 22.706964966000101, 54.418746643000119 ], [ 22.674615519000099, 54.492282206000098 ], [ 22.700867147000054, 54.679557597000084 ], [ 22.72484501100007, 54.723379212000097 ], [ 22.8328487550001, 54.778672994000019 ], [ 22.848351684000107, 54.81381296800005 ], [ 22.821273234000046, 54.885488180000053 ], [ 22.749236287000087, 54.90987945600007 ], [ 22.752130168000065, 54.931118469000026 ], [ 22.715543253000135, 54.951375631000033 ], [ 22.63348107900012, 54.957938538000022 ], [ 22.565474894000147, 55.067802633000085 ], [ 22.251282186000083, 55.070851542000085 ], [ 22.076822551000078, 55.028580221000098 ], [ 22.027729940000143, 55.04439320900012 ], [ 22.003442017000054, 55.093485820000055 ], [ 21.942773885000065, 55.078292948000026 ], [ 21.605120076000105, 55.19249786400006 ], [ 21.503937622000109, 55.194409892000081 ], [ 21.374849894000135, 55.289959615000029 ], [ 21.267588738000086, 55.24868398600006 ], [ 21.264414910000085, 55.284002997000073 ], [ 21.291188998000052, 55.297064520000049 ], [ 21.257090691000087, 55.369370835000041 ], [ 21.18336022200009, 55.346177476000037 ], [ 21.248301629000082, 55.417873440000051 ], [ 21.222911004000082, 55.520209052000041 ], [ 21.147227410000085, 55.678168036000045 ], [ 21.074392123000052, 55.744940497000073 ], [ 21.060557488000086, 55.789252020000049 ], [ 21.053396030000044, 56.072617906000062 ], [ 21.190365031000113, 56.084458924 ], [ 21.229639119000097, 56.163187968 ], [ 21.327617635000109, 56.224372864000017 ], [ 21.596025025000131, 56.307881979000015 ], [ 21.684495076000076, 56.310104066000022 ], [ 22.094082479000065, 56.417410177000065 ], [ 22.214901977000096, 56.39038340300003 ], [ 22.511731404000045, 56.395964458000051 ], [ 22.666347290000147, 56.34909393400001 ], [ 22.924522746, 56.41211334300003 ], [ 23.062292114000059, 56.304161276000102 ], [ 23.112728312000058, 56.310879212000017 ], [ 23.172569620000104, 56.357956441000013 ], [ 23.288428182000075, 56.373045960000113 ], [ 23.481594686000079, 56.330102845000042 ], [ 23.706697225000113, 56.354442444000071 ], [ 23.724990682000112, 56.328810934 ], [ 23.85810917200007, 56.334391989000025 ], [ 24.138918905000082, 56.257445780000111 ], [ 24.31854618400007, 56.29858022100008 ], [ 24.414354289000102, 56.265507304 ], [ 24.481326945000092, 56.268840435000087 ], [ 24.678627563000106, 56.37728342700008 ], [ 24.845852498000056, 56.404930319000087 ], [ 24.87096724500006, 56.442602437000019 ], [ 24.910137980000115, 56.421957703000018 ], [ 24.973183228000039, 56.300750631000071 ], [ 25.073125447000109, 56.197811178 ], [ 25.661875041000059, 56.140812073000021 ], [ 25.69660160300009, 56.087895406000044 ], [ 26.178639364000077, 55.849589539000092 ], [ 26.279718466000134, 55.743239441000085 ], [ 26.481049846000133, 55.678308005000062 ], [ 26.594531291000067, 55.666990866000063 ] ] ], [ [ [ 20.924568700365, 55.282657778829943 ], [ 20.999522332000083, 55.357001044000071 ], [ 21.082367384000065, 55.497626044000071 ], [ 21.09937584700009, 55.598700262000079 ], [ 21.085215691000087, 55.722845770000049 ], [ 21.131521030000044, 55.655585028000075 ], [ 21.119883660000085, 55.489447333000044 ], [ 21.087168816000087, 55.441066799000055 ], [ 21.106211785000085, 55.421210028000075 ], [ 20.989430696469412, 55.27311631266015 ], [ 20.924568700365, 55.282657778829943 ] ] ] ] } },
{ "type": "Feature", "properties": { "iso3": "RUS", "NAME": "Russia", "assessed": false }, "geometry": { "type": "MultiPolygon", "coordinates": [ [ [ [ 34.999444620000133, 51.202095439000047 ], [ 34.946114542000146, 51.214291077000055 ], [ 34.81754357900013, 51.174732768000084 ], [ 34.674916626000083, 51.167678935000069 ], [ 34.608357381000076, 51.234005636000106 ], [ 34.371782674000087, 51.256846619000029 ], [ 34.28176232900006, 51.226435039000037 ], [ 34.185954224000113, 51.248914286000044 ], [ 34.308737427000096, 51.33461965000005 ], [ 34.300159139000129, 51.368390198000029 ], [ 34.247345825000082, 51.363429260000075 ], [ 34.185850871000071, 51.394150899000024 ], [ 34.217063436000046, 51.417069398000038 ], [ 34.223678019000147, 51.514763692000074 ], [ 34.140065552000067, 51.621191305000096 ], [ 34.07950077400011, 51.643102112000051 ], [ 34.089112589000081, 51.666614889000058 ], [ 34.376330200000041, 51.708601990000048 ], [ 34.414157349000106, 51.736455587000123 ], [ 34.412710409000113, 51.777693380000031 ], [ 34.294578084000136, 51.873889059000064 ], [ 34.234220012000037, 51.878281556000061 ], [ 34.146163371000114, 51.951610413000068 ], [ 34.096243937000054, 51.95181711900004 ], [ 34.101101521000146, 51.992512309000105 ], [ 34.062550903000101, 52.050209046000063 ], [ 34.065341431000036, 52.158626201000047 ], [ 33.804065389000073, 52.35460907000008 ], [ 33.687948445000075, 52.355823466000018 ], [ 33.510078166000085, 52.287533061000047 ], [ 33.480519246000142, 52.357761333000028 ], [ 33.419334351000089, 52.33833099400006 ], [ 33.182862996000097, 52.367295635000019 ], [ 32.908977905000143, 52.241101787000034 ], [ 32.844175660000133, 52.262340800000018 ], [ 32.72542321800006, 52.252083029000019 ], [ 32.528432658000042, 52.316213481000048 ], [ 32.394280639000101, 52.326807150000022 ], [ 32.353559611000037, 52.321587830000013 ], [ 32.339503621000119, 52.287248841000078 ], [ 32.366995484000086, 52.247199606 ], [ 32.32823815900008, 52.21916514100009 ], [ 32.27769860900014, 52.102660625000041 ], [ 32.233308553000086, 52.080853170000083 ], [ 32.095590861000062, 52.040726421 ], [ 31.910382528000127, 52.029073385000046 ], [ 31.858706095000059, 52.099870097000078 ], [ 31.76434493000005, 52.100567729000048 ], [ 31.762587932000088, 52.149841207000051 ], [ 31.68238610800006, 52.201931051000102 ], [ 31.699439331000121, 52.251462911000047 ], [ 31.63143314600012, 52.264769593000082 ], [ 31.567354370000146, 52.311381734000051 ], [ 31.608075398000096, 52.372463278000041 ], [ 31.582857300000057, 52.402771505000075 ], [ 31.587921590000121, 52.482611593000073 ], [ 31.550559529000054, 52.511886292000028 ], [ 31.575932658000056, 52.524727885000104 ], [ 31.559292847000052, 52.540540873000097 ], [ 31.628642618000072, 52.548059795000043 ], [ 31.48064131700005, 52.68247019500005 ], [ 31.570248250000134, 52.725258281 ], [ 31.560843139000042, 52.787063294000077 ], [ 31.505135946000109, 52.848894145000074 ], [ 31.387933797000073, 52.887987367 ], [ 31.322614787000134, 52.977129212000122 ], [ 31.247063843000092, 53.014387919000043 ], [ 31.363697550000097, 53.08877614400005 ], [ 31.378528686000038, 53.182026265 ], [ 31.416355835000104, 53.199983826000064 ], [ 31.738558390000037, 53.192542419000048 ], [ 31.79628096600004, 53.112392273000083 ], [ 31.930743042000074, 53.088336894000051 ], [ 32.201114136000115, 53.097561138000046 ], [ 32.215686889000096, 53.125518087000032 ], [ 32.267983439000091, 53.124768779000036 ], [ 32.423632853000072, 53.204402161000061 ], [ 32.479133342000068, 53.274914653000039 ], [ 32.454845419000037, 53.300442811000082 ], [ 32.569153686000107, 53.298840841000029 ], [ 32.595922079000104, 53.30827179 ], [ 32.579954061000137, 53.324368998000082 ], [ 32.717465047000132, 53.334936829000057 ], [ 32.719532104000052, 53.439478252000058 ], [ 32.701238647000082, 53.462112529000095 ], [ 32.646771688000115, 53.457978414000067 ], [ 32.650285685000085, 53.487640687000024 ], [ 32.576801799000123, 53.486038717 ], [ 32.429420614000037, 53.561589661000127 ], [ 32.399086548000128, 53.635383606000076 ], [ 32.49019209800008, 53.677138163000038 ], [ 32.442133016000128, 53.71393178300012 ], [ 32.371801391000076, 53.714396871000034 ], [ 32.290411010000071, 53.760853984000065 ], [ 32.08360192900011, 53.809636536000127 ], [ 31.873175496000044, 53.77713206 ], [ 31.744656209000084, 53.794857076000099 ], [ 31.837932170000045, 53.962133687000048 ], [ 31.822635945000059, 54.053445944000075 ], [ 31.771269572000051, 54.048536683000023 ], [ 31.736749715000144, 54.094166972000025 ], [ 31.506376180000075, 54.143931376000054 ], [ 31.324681844000111, 54.229249166000031 ], [ 31.284787638000068, 54.347381490000046 ], [ 31.209029988000054, 54.448047181000092 ], [ 31.064646037000045, 54.492282206000098 ], [ 31.167947225000091, 54.621576640000043 ], [ 31.105160359000138, 54.668292135000016 ], [ 30.999016967000102, 54.671341044000044 ], [ 30.980620158000079, 54.705654196000083 ], [ 30.770607137000127, 54.78601104800002 ], [ 30.768126668000093, 54.829936015000058 ], [ 30.826107625000134, 54.87747833300007 ], [ 30.814842163000037, 54.928017884 ], [ 30.917368205000116, 54.953959452000035 ], [ 30.936075073000097, 54.973234762000075 ], [ 30.913234090000117, 55.024601135000026 ], [ 31.005631551000079, 55.022999167000094 ], [ 30.959794555000144, 55.162577210000038 ], [ 30.794274943000062, 55.285515442000033 ], [ 30.811224813000081, 55.323084209000044 ], [ 30.918298380000067, 55.387783102000114 ], [ 30.881298055000116, 55.451448466000031 ], [ 30.919435262000093, 55.492324524000125 ], [ 30.899384807000047, 55.499145813000084 ], [ 30.91974532100005, 55.534492493000087 ], [ 30.88615564000014, 55.600483297000025 ], [ 30.742185099000039, 55.594385478000063 ], [ 30.693712606000133, 55.652159729000047 ], [ 30.596354207000104, 55.665285543000024 ], [ 30.587465861000055, 55.718305563000015 ], [ 30.480702351000048, 55.753962301000016 ], [ 30.468816773000128, 55.793520610000044 ], [ 30.200254353000048, 55.857986959000058 ], [ 30.106254924000041, 55.821916809000058 ], [ 29.90781742300004, 55.843207500000048 ], [ 29.805704794000064, 55.771454774000048 ], [ 29.684161825000047, 55.77060211200002 ], [ 29.480866740000124, 55.681098532000092 ], [ 29.350745483000139, 55.766054586000095 ], [ 29.384128459000124, 55.879949443000029 ], [ 29.444434855000111, 55.906924540000077 ], [ 29.377410523000094, 55.954027608000061 ], [ 29.030765015000014, 56.024178366000044 ], [ 28.859716024000136, 55.976455180000059 ], [ 28.808969767000065, 55.934571432000084 ], [ 28.70639205000009, 55.959841207000053 ], [ 28.680605510000078, 56.027382305000103 ], [ 28.611462443000079, 56.088463847000085 ], [ 28.389770548000058, 56.088567200000014 ], [ 28.310912313000131, 56.042678528000053 ], [ 28.169112182000106, 56.125257467 ], [ 28.148906697000115, 56.142414043000045 ], [ 28.217274617000072, 56.270726624000119 ], [ 28.167148478000058, 56.369867859000053 ], [ 28.16425459800007, 56.437951559000041 ], [ 28.093251180000095, 56.501591086000033 ], [ 28.126117391000037, 56.547763977000088 ], [ 28.010982299000119, 56.58755483 ], [ 27.981009969000098, 56.687006124000035 ], [ 27.865461467000102, 56.742687480000043 ], [ 27.913520548000065, 56.820150452000107 ], [ 27.7863965250001, 56.871258443000087 ], [ 27.628369995000071, 56.844154155000027 ], [ 27.750739786000111, 57.042359111000067 ], [ 27.745468791000093, 57.06799062100005 ], [ 27.682216838000102, 57.103699036000037 ], [ 27.824327027000038, 57.159070333000088 ], [ 27.840295044000072, 57.290638529000049 ], [ 27.511322876000065, 57.430397441000096 ], [ 27.528169393000042, 57.528479309000048 ], [ 27.352934611000137, 57.527600810000123 ], [ 27.32854333500012, 57.570569763 ], [ 27.38487064600011, 57.606975810000094 ], [ 27.391433553000098, 57.680201314000087 ], [ 27.507757202000107, 57.714772847000077 ], [ 27.502434530000073, 57.772547099000079 ], [ 27.553852580000125, 57.794767965000105 ], [ 27.524603719000083, 57.807299500000013 ], [ 27.700717, 57.824843649000073 ], [ 27.79931563300002, 57.86106882700004 ], [ 27.774407593000063, 57.890705262000083 ], [ 27.664956909000125, 57.918403829000098 ], [ 27.675188843000086, 57.967806499000019 ], [ 27.63157393400013, 58.004160868 ], [ 27.630437053000037, 58.088290100000066 ], [ 27.495354859000116, 58.221460266000051 ], [ 27.494114624000105, 58.319542135000077 ], [ 27.554886108000119, 58.395248109000065 ], [ 27.410605509000106, 58.754864400000073 ], [ 27.477784871000068, 58.875425517000039 ], [ 27.713326049000074, 58.991904196000078 ], [ 27.842413778000036, 59.161196188000062 ], [ 27.882307984000079, 59.275659485000077 ], [ 28.096868531000069, 59.319429423000074 ], [ 28.000647014000037, 59.333743796000064 ], [ 28.181824585000044, 59.35606801400003 ], [ 28.186475464000125, 59.374929911000052 ], [ 28.104826701000036, 59.439215394000101 ], [ 28.019053582000083, 59.481756903000075 ], [ 28.072601759000065, 59.578029690000051 ], [ 28.000173373000052, 59.681382554000038 ], [ 28.007009311000047, 59.758246161000045 ], [ 28.086924675000034, 59.799383856000077 ], [ 28.123871290000068, 59.792303778000075 ], [ 28.18523196700005, 59.758612372000073 ], [ 28.223887566000087, 59.691107489000046 ], [ 28.375254754000082, 59.66632721600007 ], [ 28.41773522200009, 59.708400783000059 ], [ 28.42750084700009, 59.813421942000048 ], [ 28.476084832000083, 59.851752020000049 ], [ 28.535817905000044, 59.859564520000049 ], [ 28.718028191000087, 59.786810614000046 ], [ 28.832530144000089, 59.786525783000059 ], [ 28.97632897200009, 59.831284898000035 ], [ 29.034434441000087, 59.886704820000034 ], [ 28.98023522200009, 59.929877020000049 ], [ 29.161387566000087, 60.002630927000041 ], [ 29.804209832000083, 59.94009023600006 ], [ 30.11500084700009, 59.87055084800005 ], [ 30.161957227000073, 59.868475653000075 ], [ 30.216319207000083, 59.907212632000039 ], [ 30.20679772200009, 59.943548895000049 ], [ 30.246104363000086, 59.97492096600007 ], [ 30.234629754000082, 59.991359768000052 ], [ 29.948252800000034, 60.029689846000053 ], [ 29.890879754000082, 60.101223049000055 ], [ 29.899668816000087, 60.133612372000073 ], [ 29.84896894600007, 60.166937567000048 ], [ 29.701019727000073, 60.200506903000075 ], [ 29.525401238000086, 60.200873114000046 ], [ 29.417897983000046, 60.168850002000056 ], [ 29.052012566000087, 60.184271552000041 ], [ 28.922373894000089, 60.279852606000077 ], [ 28.860199415000068, 60.295355536000045 ], [ 28.799489780000044, 60.368841864000046 ], [ 28.787852410000085, 60.341376044000071 ], [ 28.746348504000082, 60.34210846600007 ], [ 28.61695397200009, 60.381984768000052 ], [ 28.438975457000083, 60.559881903000075 ], [ 28.507334832000083, 60.559881903000075 ], [ 28.543793165000068, 60.51040273600006 ], [ 28.70281009200005, 60.461167710000041 ], [ 28.699066602000073, 60.499823309000078 ], [ 28.661387566000087, 60.53461334800005 ], [ 28.66382897200009, 60.614447333000044 ], [ 28.685394727000073, 60.615139065000051 ], [ 28.644541863000086, 60.669745184000078 ], [ 28.712738477000073, 60.669745184000078 ], [ 28.734548373000052, 60.69281647300005 ], [ 28.690440300000034, 60.738470770000049 ], [ 28.57390384200005, 60.682684637000079 ], [ 28.400563998000052, 60.665269273000035 ], [ 28.382985873000052, 60.624253648000035 ], [ 28.32162519600007, 60.621323960000041 ], [ 28.34343509200005, 60.59406159100007 ], [ 28.28646894600007, 60.598334052000041 ], [ 28.215830925000034, 60.547552802000041 ], [ 27.900401238000086, 60.528469143000052 ], [ 27.86304772200009, 60.567328192000048 ], [ 27.794118686000047, 60.533189195000034 ], [ 28.335923706000131, 60.859387105000067 ], [ 28.52640303600009, 60.950234274000067 ], [ 28.614563029000124, 60.96193898500006 ], [ 28.797600952000067, 61.096840312 ], [ 29.203157593000071, 61.24590098100002 ], [ 29.31839603700007, 61.338427633000052 ], [ 29.463400106000051, 61.413823548000025 ], [ 29.517040242000064, 61.475060120000066 ], [ 29.635120891000042, 61.511104432000067 ], [ 29.779143107000039, 61.593114930000056 ], [ 29.842240030000085, 61.660165100000071 ], [ 29.977683960000093, 61.728171286000034 ], [ 30.647720581000044, 62.192768250000071 ], [ 30.925636433000079, 62.302115581000081 ], [ 30.980620158000079, 62.358804627 ], [ 31.243756551000104, 62.503343608000066 ], [ 31.441263875000061, 62.788700867 ], [ 31.569524780000108, 62.905928854000038 ], [ 31.48064131700005, 62.986337383 ], [ 31.262773478000042, 63.100593974000034 ], [ 31.203965698000104, 63.212680155 ], [ 30.974935750000043, 63.289161276000058 ], [ 30.820939982000141, 63.375667624000059 ], [ 30.461065307000126, 63.472870993000086 ], [ 29.980784546000052, 63.741536764000088 ], [ 30.201546265000047, 63.792644756000058 ], [ 30.32856693500014, 63.895997620000045 ], [ 30.521426146827896, 64.0 ], [ 35.0, 64.0 ], [ 34.999444620000133, 51.202095439000047 ] ] ], [ [ [ 22.698386678000077, 54.34293731800004 ], [ 19.680276326000126, 54.436678365 ], [ 19.609548373000052, 54.456732489000046 ], [ 19.73406009200005, 54.52570221600007 ], [ 19.90015709700009, 54.667059637000079 ], [ 19.961680535000085, 54.773179429000038 ], [ 19.920664910000085, 54.889593817000048 ], [ 19.976735873000052, 54.964585679000038 ], [ 20.365570509000065, 54.946193752000056 ], [ 20.482432488000086, 54.975531317000048 ], [ 20.634043816000087, 55.048773505000042 ], [ 20.822276238000086, 55.180975653000075 ], [ 20.924568700365, 55.282657778829943 ], [ 20.989512566000087, 55.270412502000056 ], [ 20.687836134000065, 55.050685940000051 ], [ 20.53093509200005, 54.964667059000078 ], [ 20.558116082000083, 54.940822658000059 ], [ 20.763682488000086, 54.947699286000045 ], [ 20.860362175000091, 54.911322333000044 ], [ 21.090668165000068, 54.901556708000044 ], [ 21.23015384200005, 54.93891022300005 ], [ 21.243418816000087, 54.96124909100007 ], [ 21.183441602000073, 55.201727606000077 ], [ 21.259043816000087, 55.204982815000051 ], [ 21.267588738000086, 55.24868398600006 ], [ 21.374849894000135, 55.289959615000029 ], [ 21.503937622000109, 55.194409892000081 ], [ 21.605120076000105, 55.19249786400006 ], [ 21.942773885000065, 55.078292948000026 ], [ 22.003442017000054, 55.093485820000055 ], [ 22.027729940000143, 55.04439320900012 ], [ 22.076822551000078, 55.028580221000098 ], [ 22.251282186000083, 55.070851542000085 ], [ 22.436283814000063, 55.057777405000039 ], [ 22.541083619000119, 55.075760804000041 ], [ 22.580667765000072, 55.057622376000026 ], [ 22.63348107900012, 54.957938538000022 ], [ 22.715543253000135, 54.951375631000033 ], [ 22.752130168000065, 54.931118469000026 ], [ 22.749236287000087, 54.90987945600007 ], [ 22.821273234000046, 54.885488180000053 ], [ 22.845767863000106, 54.796139628000063 ], [ 22.72484501100007, 54.723379212000097 ], [ 22.700867147000054, 54.679557597000084 ], [ 22.680403279000075, 54.453214824000085 ], [ 22.767219686000061, 54.356269837000056 ], [ 22.698386678000077, 54.34293731800004 ] ] ], [ [ [ 33.660449051382614, 46.148184276483164 ], [ 33.670279785283867, 46.218105600592992 ], [ 33.715726290136161, 46.195743035212899 ], [ 33.846216125773537, 46.195705129687951 ], [ 34.067905882750267, 46.104695650583778 ], [ 34.333933591661889, 46.069692004982016 ], [ 34.464613869534446, 45.955346761843543 ], [ 34.504284667403454, 45.950679608676978 ], [ 34.529954008470668, 45.981016102011495 ], [ 34.68863720264477, 45.974015372711278 ], [ 34.784313834915508, 45.899340928341132 ], [ 34.788980987182811, 45.803664296070394 ], [ 34.80998317508346, 45.784995685202659 ], [ 34.952331334523421, 45.721989122400032 ], [ 35.0, 45.728160197416059 ], [ 35.0, 44.836665121940491 ], [ 34.757009311000047, 44.820502020000049 ], [ 34.469004754000082, 44.729803778000075 ], [ 34.331309441000087, 44.545477606000077 ], [ 34.271006707000083, 44.545477606000077 ], [ 34.102549675000034, 44.425116278000075 ], [ 33.937754754000082, 44.381048895000049 ], [ 33.720957879000082, 44.399644273000035 ], [ 33.631683790000068, 44.434312242000033 ], [ 33.578379754000082, 44.497056382000039 ], [ 33.517588738000086, 44.49054596600007 ], [ 33.372325066000087, 44.57648346600007 ], [ 33.571543816000087, 44.62055084800005 ], [ 33.516286655000044, 44.634263414000088 ], [ 33.548350457000083, 44.69867584800005 ], [ 33.516286655000044, 44.785101630000042 ], [ 33.559580925000034, 44.849758205000057 ], [ 33.609222852000073, 44.87173086100006 ], [ 33.619639519000089, 44.931463934000078 ], [ 33.537445509000065, 45.117377020000049 ], [ 33.396494988000086, 45.18976471600007 ], [ 33.259613477000073, 45.156073309000078 ], [ 32.899261915000068, 45.354234117000033 ], [ 32.728526238000086, 45.361070054000038 ], [ 32.663096550000034, 45.320135809000078 ], [ 32.512868686000047, 45.340562242000033 ], [ 32.481618686000047, 45.408880927000041 ], [ 32.52515709700009, 45.458156643000052 ], [ 32.757823113000086, 45.564642645000049 ], [ 32.82789147200009, 45.562404690000051 ], [ 32.826996290000068, 45.595526434000078 ], [ 32.868174675000034, 45.630072333000044 ], [ 33.176117384000065, 45.743109442000048 ], [ 33.169200066000087, 45.784409898000035 ], [ 33.26539147200009, 45.753810940000051 ], [ 33.48218834700009, 45.854478257000039 ], [ 33.530121290000068, 45.841864325000074 ], [ 33.619883660000085, 45.881822007000039 ], [ 33.691661004000082, 45.860744533000059 ], [ 33.693532748000052, 45.914496161000045 ], [ 33.77702884200005, 45.929632880000042 ], [ 33.682465040000068, 45.95844147300005 ], [ 33.619883660000085, 45.950751044000071 ], [ 33.646820509000065, 45.979722398000035 ], [ 33.627940300000034, 46.06781647300005 ], [ 33.648448113000086, 46.090033270000049 ], [ 33.628517493895586, 46.12493524180271 ], [ 33.660449051382614, 46.148184276483164 ] ] ], [ [ [ 28.599457227000073, 60.576646226000037 ], [ 28.561696811000047, 60.594468492000033 ], [ 28.57553144600007, 60.643052476000037 ], [ 28.631032748000052, 60.617621161000045 ], [ 28.599457227000073, 60.576646226000037 ] ] ], [ [ [ 29.79851321700005, 59.990057684000078 ], [ 29.78687584700009, 59.975083726000037 ], [ 29.657399936000047, 60.025458075000074 ], [ 29.713552280000044, 60.021877346000053 ], [ 29.79851321700005, 59.990057684000078 ] ] ], [ [ [ 27.891612175000034, 60.003607489000046 ], [ 27.820485873000052, 59.98273346600007 ], [ 27.802582227000073, 59.999335028000075 ], [ 27.82007897200009, 60.030829169000071 ], [ 27.891612175000034, 60.003607489000046 ] ] ], [ [ [ 27.025401238000086, 60.037298895000049 ], [ 27.020681186000047, 60.017564195000034 ], [ 26.984711134000065, 60.017726955000057 ], [ 26.950043165000068, 60.099554755000042 ], [ 27.025401238000086, 60.037298895000049 ] ] ], [ [ [ 28.715342644000089, 60.292466539000031 ], [ 28.694590691000087, 60.261135158000059 ], [ 28.624196811000047, 60.270209052000041 ], [ 28.551036004000082, 60.302720445000034 ], [ 28.541351759000065, 60.347357489000046 ], [ 28.715342644000089, 60.292466539000031 ] ] ], [ [ [ 28.521820509000065, 60.333685614000046 ], [ 28.50367272200009, 60.311021226000037 ], [ 28.42554772200009, 60.36078522300005 ], [ 28.484873894000089, 60.361883856000077 ], [ 28.521820509000065, 60.333685614000046 ] ] ] ] } },
{ "type": "Feature", "properties": { "iso3": "CZE", "NAME": "Czechia", "assessed": false }, "geometry": { "type": "Polygon", "coordinates": [ [ [ 14.831683390000137, 50.857982076000027 ], [ 14.982061808000083, 50.859067282000026 ], [ 14.996634562000054, 50.95921620700004 ], [ 14.960977824000054, 50.992650859000022 ], [ 15.003972616000055, 51.020685323000052 ], [ 15.107945597000082, 50.981023662000055 ], [ 15.144429158000094, 51.011564433000061 ], [ 15.170164022000108, 50.977974752000037 ], [ 15.269796183000068, 50.952653300000051 ], [ 15.256050252000136, 50.89989166300002 ], [ 15.287779581000052, 50.854881490000096 ], [ 15.341006306000111, 50.831730449000091 ], [ 15.356095825000125, 50.775454814000014 ], [ 15.441775350000086, 50.800207825000044 ], [ 15.684344523000107, 50.731426494000047 ], [ 15.792244914000037, 50.74269195600003 ], [ 15.848158813000111, 50.675150859000055 ], [ 15.971458781000109, 50.678613180000085 ], [ 15.9986405840001, 50.635566712000113 ], [ 15.982000773000067, 50.603630677000027 ], [ 16.08649051900008, 50.646780498000041 ], [ 16.175477335000039, 50.624094544000073 ], [ 16.232011352000114, 50.66088816400007 ], [ 16.331643514000092, 50.644041647 ], [ 16.425901326000087, 50.567560527000026 ], [ 16.394482056000044, 50.5593439740001 ], [ 16.391174764000141, 50.521826884000106 ], [ 16.352624145000078, 50.492784729 ], [ 16.287718547000054, 50.492784729 ], [ 16.211237427000071, 50.451288554000129 ], [ 16.199558553000088, 50.406278381 ], [ 16.262500448000083, 50.364420472000049 ], [ 16.343735799000058, 50.369949850000026 ], [ 16.371020956000081, 50.318376770000029 ], [ 16.437786906000014, 50.297964580000084 ], [ 16.535041952000142, 50.207737529000056 ], [ 16.566667928000129, 50.14221181200007 ], [ 16.660615682000071, 50.0930158500001 ], [ 16.701233357000092, 50.094927877000018 ], [ 16.817712036000046, 50.186756897000052 ], [ 16.955274699000114, 50.213473613000119 ], [ 16.960338989000093, 50.231973775000043 ], [ 17.014805949000106, 50.218486227000071 ], [ 16.987830851000069, 50.284942119000036 ], [ 16.926542602000012, 50.319255270000056 ], [ 16.865874471000041, 50.408448792000101 ], [ 16.892952921000102, 50.432943421000047 ], [ 17.187611939000135, 50.378476461000062 ], [ 17.21086633300007, 50.336411845000029 ], [ 17.337473592000066, 50.313002422000054 ], [ 17.319076782000081, 50.308248190000072 ], [ 17.341711060000108, 50.259724020000093 ], [ 17.388013143000109, 50.272643128000098 ], [ 17.424186645000134, 50.240552063000067 ], [ 17.469351847000098, 50.265563456000066 ], [ 17.629548787000118, 50.262101136000027 ], [ 17.707993611000035, 50.31103871700013 ], [ 17.734451945000046, 50.289489645000074 ], [ 17.719155721000078, 50.252799378000091 ], [ 17.747577759000109, 50.217504374000029 ], [ 17.675334106000065, 50.174716289000074 ], [ 17.589447876000122, 50.163244120000073 ], [ 17.632752726000092, 50.106348369000031 ], [ 17.731971476000069, 50.094876201 ], [ 17.719465780000064, 50.08087188800009 ], [ 17.763287394000059, 50.025216370000081 ], [ 17.839355102000127, 49.973643291000045 ], [ 18.032418253000088, 50.002840475000099 ], [ 18.002445923000039, 50.046765442000023 ], [ 18.091639445000084, 50.017206523000098 ], [ 18.098150675000056, 49.989042867000038 ], [ 18.255867147000089, 49.946048076000054 ], [ 18.292454061000058, 49.907807516000062 ], [ 18.368831827000093, 49.932043763000067 ], [ 18.481796509000077, 49.896645407000037 ], [ 18.559207804000039, 49.90718739800009 ], [ 18.567269328000123, 49.861453756000074 ], [ 18.593831014000045, 49.852203675000069 ], [ 18.566752564000069, 49.804764710000072 ], [ 18.617705526000123, 49.713865866000063 ], [ 18.727672974000086, 49.668907369000053 ], [ 18.7884444580001, 49.668597311000084 ], [ 18.833196249000082, 49.510260722000041 ], [ 18.732530558000121, 49.480288391 ], [ 18.63589563000005, 49.496721497000081 ], [ 18.535643351000118, 49.481683655 ], [ 18.514662719000114, 49.44060089100013 ], [ 18.387642049000107, 49.389751282000091 ], [ 18.385161580000045, 49.34226064100001 ], [ 18.160575806000111, 49.258699850000099 ], [ 18.117787719000091, 49.202579245000052 ], [ 18.075516398000104, 49.047188212000023 ], [ 17.914079223000044, 49.010497946000058 ], [ 17.87873254400003, 48.933551738000048 ], [ 17.795533488000046, 48.920580953000027 ], [ 17.727217244000059, 48.862910054000068 ], [ 17.535084269000066, 48.812990621 ], [ 17.453332153000133, 48.842756247000082 ], [ 17.374370565000106, 48.819605205000087 ], [ 17.260269002000086, 48.857794088000063 ], [ 17.167458130000085, 48.859757792000025 ], [ 17.025347941000064, 48.746328024 ], [ 16.945042766000142, 48.604166158000069 ], [ 16.910522908000075, 48.630779521000093 ], [ 16.87300581900007, 48.718991191000057 ], [ 16.798901814000118, 48.70922434500001 ], [ 16.675085083000084, 48.733925679000023 ], [ 16.643149047000122, 48.778264059000051 ], [ 16.519539022000117, 48.805600891 ], [ 16.435719848000048, 48.794542135000071 ], [ 16.358308553000114, 48.72725942000001 ], [ 16.085353638000072, 48.74286570200006 ], [ 15.818496541000059, 48.872315165000018 ], [ 15.681347290000076, 48.858465882000061 ], [ 15.27455041500005, 48.986726787000109 ], [ 15.238066854000039, 48.950759989000048 ], [ 15.141948689000117, 48.937479147000019 ], [ 15.137401164000096, 48.993031311000024 ], [ 15.003972616000055, 49.009774475000071 ], [ 14.964595174000038, 48.971740622000127 ], [ 14.939583781000039, 48.762812806000071 ], [ 14.800367472000119, 48.776507060000071 ], [ 14.775356079000119, 48.724003805000038 ], [ 14.70383589700009, 48.673102519000096 ], [ 14.695671020000077, 48.589541728000071 ], [ 14.675620565000116, 48.576235046000065 ], [ 14.594178507000095, 48.621322734000032 ], [ 14.533820434000091, 48.60871368400008 ], [ 14.458166137000148, 48.643181865000074 ], [ 14.405352823000101, 48.586286113000099 ], [ 14.31574589000013, 48.557915752 ], [ 14.040827270000136, 48.601168925000039 ], [ 14.00620406000013, 48.639512838000073 ], [ 14.032145630000088, 48.667263082000019 ], [ 13.991114543000037, 48.700180970000062 ], [ 13.815724731000074, 48.766430156000055 ], [ 13.724670858000138, 48.867302552000055 ], [ 13.637389363000125, 48.893450826000063 ], [ 13.608657267000126, 48.946160787000068 ], [ 13.515949747000036, 48.970242005000031 ], [ 13.482256713000083, 48.93763417600006 ], [ 13.427272990000034, 48.959958395000044 ], [ 13.299528849000126, 49.093645325000054 ], [ 13.178502645000066, 49.118346660000057 ], [ 12.999805542000104, 49.294925029000055 ], [ 12.884670451000119, 49.339573467000079 ], [ 12.856661825000089, 49.32221018500006 ], [ 12.777906941000111, 49.332545472000064 ], [ 12.729331095000106, 49.391146546000087 ], [ 12.643548218000092, 49.429490458000018 ], [ 12.622980998000116, 49.50984731000004 ], [ 12.58288008700012, 49.522404683000062 ], [ 12.546603230000073, 49.595578512000131 ], [ 12.501954793000039, 49.619711406000093 ], [ 12.49637373900012, 49.669992575000052 ], [ 12.419582560000038, 49.700223287000071 ], [ 12.38361576300008, 49.74285634400006 ], [ 12.452655477000121, 49.779701640000056 ], [ 12.46247399900011, 49.831223043000065 ], [ 12.482524454000043, 49.827243958000068 ], [ 12.524072306000051, 49.904965312000101 ], [ 12.462680705000139, 49.931268616000054 ], [ 12.451311889000067, 49.980567932000028 ], [ 12.246879923000108, 50.04495676700013 ], [ 12.179183797000121, 50.117975566000084 ], [ 12.175049682000093, 50.182622783000042 ], [ 12.079551635000144, 50.242722473000057 ], [ 12.110970906000091, 50.276622213000067 ], [ 12.076140991000045, 50.315172831000055 ], [ 12.149314819000011, 50.311710511000015 ], [ 12.178046916000113, 50.26876739500004 ], [ 12.239645223000139, 50.256571758000021 ], [ 12.229930054000107, 50.234815979000118 ], [ 12.300416707000068, 50.160815328000112 ], [ 12.336486857000068, 50.258587138000067 ], [ 12.510223022000076, 50.38876007100005 ], [ 12.691814006000101, 50.39465118400004 ], [ 12.737909383000044, 50.43154815700008 ], [ 12.817387736000029, 50.443020325000091 ], [ 12.952573283000078, 50.404159648000032 ], [ 12.996601603000045, 50.433666891000044 ], [ 13.00962406400015, 50.492681376000078 ], [ 13.160105835000138, 50.497022197000049 ], [ 13.232349487000079, 50.582029928000068 ], [ 13.305626668000087, 50.575777080000066 ], [ 13.368775268000149, 50.62833201100004 ], [ 13.447943563000052, 50.59727447600001 ], [ 13.523287801000038, 50.662180075000052 ], [ 13.515639689000068, 50.691015524000065 ], [ 13.556567423000075, 50.706725159000044 ], [ 13.834534953000087, 50.723675029000034 ], [ 13.882180624000057, 50.742743632000028 ], [ 13.892515910000043, 50.780415752000053 ], [ 13.959591919000076, 50.802068177000038 ], [ 14.034936157000061, 50.802584941000092 ], [ 14.232133423000022, 50.879376119000042 ], [ 14.34654504400001, 50.880202942000082 ], [ 14.381891724000127, 50.920872294000034 ], [ 14.238334595000111, 50.982470602000049 ], [ 14.287530558000071, 51.03683420800003 ], [ 14.39780806400006, 51.013114726000097 ], [ 14.482144002000069, 51.037195943000128 ], [ 14.574334758000106, 50.97549428300006 ], [ 14.550356893000099, 50.912087301000028 ], [ 14.629215128000112, 50.920717266000068 ], [ 14.61319543500008, 50.845579732000076 ], [ 14.700425252000059, 50.815969137000124 ], [ 14.775356079000119, 50.812971904 ], [ 14.831683390000137, 50.857982076000027 ] ] ] } },
{ "type": "Feature", "properties": { "iso3": "DEU", "NAME": "Germany", "assessed": true }, "geometry": { "type": "MultiPolygon", "coordinates": [ [ [ [ 13.785855754000067, 48.724778951000033 ], [ 13.816861612000082, 48.695581767000093 ], [ 13.802392211000068, 48.611710918000099 ], [ 13.716505981000125, 48.521690572000054 ], [ 13.624366902000105, 48.565357158000026 ], [ 13.454558146000068, 48.57344451900012 ], [ 13.440088745000111, 48.560964661000028 ], [ 13.459209025000121, 48.516393738000019 ], [ 13.405568888000062, 48.37658315100002 ], [ 13.274207397000055, 48.307104187000036 ], [ 13.032775106000145, 48.26356679300001 ], [ 12.862552938000107, 48.196645813000046 ], [ 12.738942912000113, 48.113446757000034 ], [ 12.760233602000113, 48.064870911000028 ], [ 12.931075887000105, 47.924879456 ], [ 12.99122725400008, 47.847106426000053 ], [ 12.892008504000103, 47.723548076 ], [ 13.019855998000139, 47.712928569 ], [ 13.072049194000044, 47.659469299000065 ], [ 13.028124227000092, 47.541647034000064 ], [ 13.03732263100008, 47.49304535000006 ], [ 13.001872599000052, 47.466018576000025 ], [ 12.931592651000074, 47.473511658000049 ], [ 12.778940470000094, 47.55482452400004 ], [ 12.785865112000067, 47.602676901000038 ], [ 12.81315026900009, 47.611823629000028 ], [ 12.751655314000061, 47.649392396000039 ], [ 12.761990600000075, 47.666859029000094 ], [ 12.653056681000095, 47.675127259000035 ], [ 12.496580444000074, 47.628902690000061 ], [ 12.424130086000076, 47.691560365 ], [ 12.238715047000113, 47.678899639000051 ], [ 12.223315470000017, 47.695901184000078 ], [ 12.242229044000055, 47.732023011000095 ], [ 12.176599976000119, 47.705823059000082 ], [ 12.206779012000112, 47.645568339000093 ], [ 12.173602742000099, 47.605079855 ], [ 11.935891154000018, 47.610738424000047 ], [ 11.820342651000118, 47.575288391000115 ], [ 11.620458211000113, 47.589654440000018 ], [ 11.551211792000089, 47.513690084000061 ], [ 11.412615600000038, 47.506093648 ], [ 11.36548669400014, 47.469325867000023 ], [ 11.383883504000039, 47.444857076000076 ], [ 11.305645385000076, 47.435400290000089 ], [ 11.237019083000121, 47.393955790000049 ], [ 11.193817587000098, 47.42894073500004 ], [ 11.083746785000102, 47.389511618000128 ], [ 10.979463745000146, 47.390545146000093 ], [ 10.959826701000111, 47.432506409000027 ], [ 10.858437540000068, 47.485164693000016 ], [ 10.892233928000053, 47.514878643000102 ], [ 10.858644247000115, 47.530665792 ], [ 10.760769083000127, 47.513638407000045 ], [ 10.583725627000121, 47.562472636000038 ], [ 10.536906779000105, 47.529864808000056 ], [ 10.482543172000135, 47.532862040000069 ], [ 10.453501017000065, 47.546246236000016 ], [ 10.457118368000124, 47.579241638000084 ], [ 10.429213094000147, 47.577019552000067 ], [ 10.41960127800013, 47.49304535000006 ], [ 10.451950724000113, 47.438759257000115 ], [ 10.428282918000093, 47.3960486860001 ], [ 10.305913126000064, 47.302178447000088 ], [ 10.159875529000061, 47.271120911000068 ], [ 10.190778036000069, 47.298251038000032 ], [ 10.209278198000078, 47.372484233000094 ], [ 10.082877644000064, 47.359074199000062 ], [ 10.053215373000086, 47.404859518000094 ], [ 10.071818888000053, 47.439120993000117 ], [ 10.022622924000075, 47.487955221000064 ], [ 9.982625366000093, 47.481030579 ], [ 9.945935099000053, 47.540768534000037 ], [ 9.833487182000084, 47.534619039000049 ], [ 9.782120809000048, 47.588414205000063 ], [ 9.7039860430001, 47.531415100000075 ], [ 9.612622111000064, 47.521880799000101 ], [ 9.183397664000069, 47.670424704000069 ], [ 9.016586141000118, 47.678899639000051 ], [ 8.881710652000095, 47.656136170000067 ], [ 8.797581420000114, 47.72003407900003 ], [ 8.770709676000109, 47.720860901000052 ], [ 8.769882853000098, 47.695074361000067 ], [ 8.71706954000004, 47.694557597000099 ], [ 8.71314213000008, 47.757421977 ], [ 8.644102417000113, 47.791011658000016 ], [ 8.617437378000091, 47.757318624000064 ], [ 8.601624390000069, 47.794603170000087 ], [ 8.558216187000085, 47.801166077000076 ], [ 8.55160160300008, 47.779255270000121 ], [ 8.463648315000086, 47.763907370000069 ], [ 8.392128133000142, 47.699518535000053 ], [ 8.391301310000131, 47.665463765000098 ], [ 8.458273966000121, 47.639883932000046 ], [ 8.607308797000115, 47.656291199000023 ], [ 8.601624390000069, 47.632597555000089 ], [ 8.580333699000107, 47.639005432000019 ], [ 8.574132527000103, 47.592444967000077 ], [ 8.522352742000038, 47.621900534000062 ], [ 8.448868856000075, 47.584280091000053 ], [ 8.354094279000037, 47.581024475000063 ], [ 8.232964721000116, 47.621952210000089 ], [ 8.042278686000088, 47.560560608000102 ], [ 7.91215743000015, 47.560560608000102 ], [ 7.898204794000065, 47.587845764000022 ], [ 7.819656616000117, 47.595338847000065 ], [ 7.766739949000055, 47.555961406000065 ], [ 7.683437540000114, 47.544256694000083 ], [ 7.609746948000094, 47.564746399000043 ], [ 7.65966638200004, 47.596579082000076 ], [ 7.586028488000125, 47.584618544000065 ], [ 7.590316609000098, 47.607947896000084 ], [ 7.517866251000015, 47.675023906000021 ], [ 7.511871785000096, 47.707321676000092 ], [ 7.537813355000139, 47.731816304000048 ], [ 7.525927775000099, 47.783156840000075 ], [ 7.561997925000099, 47.839225769000038 ], [ 7.55900069100008, 47.882711488000027 ], [ 7.621115763000063, 47.971439922000044 ], [ 7.575743856000145, 48.053708802000088 ], [ 7.578947795000119, 48.114480286000017 ], [ 7.687158243000113, 48.252921448000038 ], [ 7.702454467000081, 48.311186625000047 ], [ 7.75072025500009, 48.341365662000058 ], [ 7.738317912000099, 48.406607158000085 ], [ 7.776455119000076, 48.498177796000064 ], [ 7.813455444000027, 48.519468486000036 ], [ 7.810251506000071, 48.615018209000098 ], [ 7.959182983000119, 48.72136830700002 ], [ 7.970138387000105, 48.757283427000075 ], [ 8.090337769000143, 48.807512920000093 ], [ 8.200305216000032, 48.958563131000048 ], [ 7.931897827000114, 49.034837546000077 ], [ 7.634965047000037, 49.037783101000073 ], [ 7.52086348500012, 49.083671774000052 ], [ 7.471047404000103, 49.128320212000077 ], [ 7.476111694000082, 49.15152292900008 ], [ 7.410482625000043, 49.168937887000098 ], [ 7.350951376000069, 49.159171042000068 ], [ 7.274366902000054, 49.105014140000051 ], [ 7.079856812000116, 49.142014465 ], [ 7.042546427000076, 49.107597962000042 ], [ 7.020532267000078, 49.11896677700004 ], [ 7.009473510000078, 49.181701965000073 ], [ 6.914388876000146, 49.206661683000064 ], [ 6.833463583000054, 49.209452210000038 ], [ 6.821784709000099, 49.147750550000055 ], [ 6.725563192000038, 49.155553691000065 ], [ 6.700965210000049, 49.172865296000069 ], [ 6.702515503000086, 49.213638001000064 ], [ 6.680604696000046, 49.207488505000086 ], [ 6.639676961000106, 49.27115387 ], [ 6.556426228000078, 49.326395976000086 ], [ 6.577716919000068, 49.355799866000083 ], [ 6.511674438000114, 49.424736226 ], [ 6.402740519000133, 49.465457255000089 ], [ 6.345307071000093, 49.455348652000097 ], [ 6.350754028000097, 49.566588034000048 ], [ 6.417933390000144, 49.63914174500006 ], [ 6.402740519000133, 49.655781555 ], [ 6.499685506000077, 49.712212219000023 ], [ 6.502579387000139, 49.795669658000108 ], [ 6.30259159400012, 49.834943747000082 ], [ 6.222699829000106, 49.887136943000044 ], [ 6.172677043000107, 49.956228333000027 ], [ 6.161928345000092, 49.942482402000095 ], [ 6.096402629000096, 50.048625794000131 ], [ 6.121310668000149, 50.161590475000125 ], [ 6.165132284000066, 50.181899312000056 ], [ 6.146838827000096, 50.214042054000075 ], [ 6.271792439000137, 50.267423808000089 ], [ 6.285951782000097, 50.303855692000084 ], [ 6.374525187000074, 50.31548289100003 ], [ 6.337731567000077, 50.368089498000032 ], [ 6.336904744000037, 50.481002502000095 ], [ 6.207196900000099, 50.486325175000061 ], [ 6.170816691000113, 50.517951152000037 ], [ 6.160688110000052, 50.543582663 ], [ 6.249054809000086, 50.614431051000068 ], [ 6.159447876000115, 50.622389222000024 ], [ 6.081003052000113, 50.713494772000089 ], [ 6.011549926000043, 50.708533835000125 ], [ 5.972999308000055, 50.781811015000031 ], [ 6.009276164000113, 50.840463765000081 ], [ 6.056715129000111, 50.852659404000079 ], [ 6.063743124000041, 50.907539775000018 ], [ 5.999871053000078, 50.929398906000031 ], [ 6.003695109000091, 50.973737284 ], [ 5.874607381000118, 50.965365703000018 ], [ 5.858174275000067, 51.019341736000072 ], [ 5.852489868000106, 51.042751160000037 ], [ 5.937962687000038, 51.03094309500004 ], [ 5.982921183000144, 51.074687195000124 ], [ 6.147252238000107, 51.15225352 ], [ 6.12627160700012, 51.164578349000053 ], [ 6.157070760000067, 51.179254456000123 ], [ 6.060849243000121, 51.17090871200007 ], [ 6.056611776000096, 51.211707255000036 ], [ 6.193554321000079, 51.344515686000037 ], [ 6.207817016000149, 51.387665508000069 ], [ 6.19334761500005, 51.509337667000111 ], [ 6.086480754000092, 51.59553395600004 ], [ 6.099193156000069, 51.644471538000047 ], [ 6.008552694000116, 51.681187643 ], [ 6.012066691000086, 51.715862528000045 ], [ 5.939306274000103, 51.731882223000085 ], [ 5.964110962000063, 51.776556499000023 ], [ 5.931451457000065, 51.815649720000053 ], [ 6.084000284000126, 51.853657735000056 ], [ 6.156140584000127, 51.842056376000116 ], [ 6.09299198400015, 51.885309550000059 ], [ 6.1269950760001, 51.896730041000083 ], [ 6.264661092000011, 51.866189271000067 ], [ 6.344966268000121, 51.821101583000129 ], [ 6.382483358000115, 51.827586975000074 ], [ 6.378452596000045, 51.86011728900003 ], [ 6.462891887000069, 51.848360901000021 ], [ 6.743753296000079, 51.908331401000041 ], [ 6.809175659000061, 51.979541525000073 ], [ 6.675023641000109, 52.034809469 ], [ 6.679881225000116, 52.060466818000052 ], [ 6.749851115000126, 52.10286733000008 ], [ 6.830673055000091, 52.112892558000013 ], [ 7.026320027000054, 52.230637309000102 ], [ 7.012470744000098, 52.284949239000056 ], [ 7.048230835000112, 52.365073547000023 ], [ 6.973300008000137, 52.451373190000069 ], [ 6.9002295330001, 52.431917012999989 ], [ 6.714814494000109, 52.461553447000043 ], [ 6.671716349000121, 52.541677755000094 ], [ 6.743753296000079, 52.559712830000095 ], [ 6.70396244300008, 52.583070577000043 ], [ 6.701792032000071, 52.619114889000045 ], [ 6.73703536000005, 52.634695333000067 ], [ 7.018465210000045, 52.625987854000115 ], [ 7.061976766000043, 52.824011942000126 ], [ 7.19282149300011, 52.998006490000094 ], [ 7.171944214000121, 53.137713725000069 ], [ 7.194590691000087, 53.245021877000056 ], [ 7.254730665000068, 53.319525458000044 ], [ 7.36654707100007, 53.302801825000074 ], [ 7.302907748000052, 53.332749742000033 ], [ 7.075205925000091, 53.337591864000046 ], [ 7.023610873000052, 53.37641022300005 ], [ 7.023285352000073, 53.450506903000075 ], [ 7.051442905000044, 53.512600002000056 ], [ 7.141774936000047, 53.537176825000074 ], [ 7.086761915000068, 53.586859442000048 ], [ 7.226084832000083, 53.666489976000037 ], [ 7.951426629000082, 53.721909898000035 ], [ 8.031423373000052, 53.708075262000079 ], [ 8.024912957000083, 53.672552802000041 ], [ 8.052907748000052, 53.636297919000071 ], [ 8.167979363000086, 53.553208726000037 ], [ 8.155446811000047, 53.52602773600006 ], [ 8.058767123000052, 53.502020575000074 ], [ 8.076996290000068, 53.468695380000042 ], [ 8.205332879000082, 53.410711981000077 ], [ 8.25945071700005, 53.412298895000049 ], [ 8.315114780000044, 53.47492096600007 ], [ 8.320485873000052, 53.50922272300005 ], [ 8.291514519000089, 53.529364325000074 ], [ 8.231211785000085, 53.525213934000078 ], [ 8.270681186000047, 53.612860419000071 ], [ 8.329356316000087, 53.618109442000048 ], [ 8.387705925000091, 53.577134507000039 ], [ 8.55209394600007, 53.54360586100006 ], [ 8.49000084700009, 53.486395575000074 ], [ 8.504405144000089, 53.35805898600006 ], [ 8.497569207000083, 53.474758205000057 ], [ 8.56576582100007, 53.546698309000078 ], [ 8.48609459700009, 53.700425523000035 ], [ 8.58757571700005, 53.870428778000075 ], [ 8.672699415000068, 53.891587632000039 ], [ 8.86068769600007, 53.831000067000048 ], [ 9.21070397200009, 53.871975002000056 ], [ 9.283376498000052, 53.86163971600007 ], [ 9.582367384000065, 53.591294664000031 ], [ 9.832041863000086, 53.54360586100006 ], [ 9.58366946700005, 53.612453518000052 ], [ 9.550791863000086, 53.634588934000078 ], [ 9.532237175000091, 53.711167710000041 ], [ 9.435801629000082, 53.74868398600006 ], [ 9.395192905000044, 53.831000067000048 ], [ 9.257823113000086, 53.885565497000073 ], [ 8.984629754000082, 53.897040106000077 ], [ 8.916026238000086, 53.937404690000051 ], [ 8.83334394600007, 54.036444403000075 ], [ 8.997243686000047, 54.030218817000048 ], [ 9.018321160000085, 54.097886460000041 ], [ 8.95289147200009, 54.150091864000046 ], [ 8.86068769600007, 54.125189520000049 ], [ 8.812836134000065, 54.180487372000073 ], [ 8.83961022200009, 54.255560614000046 ], [ 8.922048373000052, 54.274237372000073 ], [ 8.963145379000082, 54.317613023000035 ], [ 8.678477410000085, 54.269191799000055 ], [ 8.623383009000065, 54.290106512000079 ], [ 8.599864129000082, 54.338080145000049 ], [ 8.695567254000082, 54.358587958000044 ], [ 8.634776238000086, 54.365423895000049 ], [ 8.648448113000086, 54.406398830000057 ], [ 8.88607832100007, 54.417792059000078 ], [ 9.004730665000068, 54.465887762000079 ], [ 9.011566602000073, 54.506333726000037 ], [ 8.878754102000073, 54.606512762000079 ], [ 8.82585696700005, 54.598130601000037 ], [ 8.85328209700009, 54.619289455000057 ], [ 8.805430535000085, 54.687567450000074 ], [ 8.688731316000087, 54.735296942000048 ], [ 8.642751498000052, 54.844183661000045 ], [ 8.660775934000071, 54.896311156000067 ], [ 8.904138224000064, 54.897942200000031 ], [ 9.194766480000055, 54.850399882000019 ], [ 9.244065796000143, 54.801772360000101 ], [ 9.451426629000082, 54.810370184000078 ], [ 9.579925977000073, 54.866278387000079 ], [ 9.583181186000047, 54.830267645000049 ], [ 9.734629754000082, 54.807318427000041 ], [ 9.823741082000083, 54.756740627000056 ], [ 9.895355665000068, 54.769476630000042 ], [ 9.891449415000068, 54.790269273000035 ], [ 9.947520379000082, 54.779527085000041 ], [ 10.018239780000044, 54.701239325000074 ], [ 9.92945397200009, 54.673895575000074 ], [ 10.039073113000086, 54.666815497000073 ], [ 10.026866082000083, 54.559963283000059 ], [ 9.965586785000085, 54.50617096600007 ], [ 9.840098504000082, 54.475287177000041 ], [ 9.883311394000089, 54.462103583000044 ], [ 10.143402540000068, 54.491848049000055 ], [ 10.203868035000085, 54.461004950000074 ], [ 10.183929884000065, 54.449367580000057 ], [ 10.191254102000073, 54.396714585000041 ], [ 10.141774936000047, 54.372259833000044 ], [ 10.141774936000047, 54.324408270000049 ], [ 10.180349155000044, 54.341131903000075 ], [ 10.22437584700009, 54.413804429000038 ], [ 10.318369988000086, 54.443304755000042 ], [ 10.731293165000068, 54.310207424000055 ], [ 10.93531334700009, 54.37954336100006 ], [ 11.018809441000087, 54.385891018000052 ], [ 10.975840691000087, 54.378404039000031 ], [ 11.033946160000085, 54.367621161000045 ], [ 11.135508660000085, 54.385891018000052 ], [ 11.066579623000052, 54.358587958000044 ], [ 11.094493035000085, 54.28351471600007 ], [ 11.090179884000065, 54.207993882000039 ], [ 11.066579623000052, 54.18390534100007 ], [ 10.892832879000082, 54.102525132000039 ], [ 10.805430535000085, 54.094875393000052 ], [ 10.752614780000044, 54.050116278000075 ], [ 10.780446811000047, 54.009955145000049 ], [ 10.875498894000089, 53.995428778000075 ], [ 10.90211022200009, 53.961371161000045 ], [ 11.053477410000085, 54.008490302000041 ], [ 11.175059441000087, 54.018011786000045 ], [ 11.245371941000087, 53.978420315000051 ], [ 11.242930535000085, 53.945217190000051 ], [ 11.334157748000052, 53.961371161000045 ], [ 11.457692905000044, 53.906154690000051 ], [ 11.519053582000083, 54.036444403000075 ], [ 11.573496941000087, 54.039048570000034 ], [ 11.689707879000082, 54.155218817000048 ], [ 11.81226647200009, 54.149807033000059 ], [ 12.088145379000082, 54.194077867000033 ], [ 12.091644727000073, 54.113999742000033 ], [ 12.11500084700009, 54.097886460000041 ], [ 12.09506269600007, 54.145697333000044 ], [ 12.142832879000082, 54.180487372000073 ], [ 12.108897332000083, 54.183010158000059 ], [ 12.18685957100007, 54.243353583000044 ], [ 12.342133009000065, 54.303941148000035 ], [ 12.501963738000086, 54.473578192000048 ], [ 12.533864780000044, 54.488267320000034 ], [ 12.59148196700005, 54.451727606000077 ], [ 12.921153191000087, 54.433498440000051 ], [ 12.624196811000047, 54.422919012000079 ], [ 12.58171634200005, 54.406398830000057 ], [ 12.594737175000091, 54.385891018000052 ], [ 12.52702884200005, 54.372259833000044 ], [ 12.438487175000091, 54.387518622000073 ], [ 12.424001498000052, 54.344916083000044 ], [ 12.396739129000082, 54.351752020000049 ], [ 12.391612175000091, 54.321112372000073 ], [ 12.362559441000087, 54.310207424000055 ], [ 12.36882571700005, 54.269191799000055 ], [ 12.412445509000065, 54.25141022300005 ], [ 12.458181186000047, 54.255560614000046 ], [ 12.410329623000052, 54.269191799000055 ], [ 12.478688998000052, 54.331854559000078 ], [ 12.560557488000086, 54.358587958000044 ], [ 12.54078209700009, 54.372259833000044 ], [ 12.677256707000083, 54.392075914000031 ], [ 12.680837436000047, 54.410874742000033 ], [ 12.717539910000085, 54.413804429000038 ], [ 12.692393425000091, 54.396185614000046 ], [ 12.684092644000089, 54.372259833000044 ], [ 12.704600457000083, 54.399603583000044 ], [ 12.854665561000047, 54.357855536000045 ], [ 12.92937259200005, 54.41437409100007 ], [ 13.008799675000091, 54.438055731000077 ], [ 13.034190300000091, 54.433661200000074 ], [ 13.021006707000083, 54.414536851000037 ], [ 13.04037519600007, 54.392075914000031 ], [ 13.095550977000073, 54.372259833000044 ], [ 13.076670769000089, 54.352525132000039 ], [ 13.11491946700005, 54.280015367000033 ], [ 13.28882897200009, 54.234279690000051 ], [ 13.348887566000087, 54.180487372000073 ], [ 13.321543816000087, 54.166815497000073 ], [ 13.403493686000047, 54.173651434000078 ], [ 13.382985873000052, 54.153143622000073 ], [ 13.41773522200009, 54.153143622000073 ], [ 13.483571811000047, 54.091294664000031 ], [ 13.507090691000087, 54.097886460000041 ], [ 13.479258660000085, 54.125189520000049 ], [ 13.711924675000091, 54.173651434000078 ], [ 13.698252800000091, 54.153143622000073 ], [ 13.808116082000083, 54.104681708000044 ], [ 13.746104363000086, 54.036444403000075 ], [ 13.838633660000085, 53.986314195000034 ], [ 13.848643425000091, 53.955552476000037 ], [ 13.90601647200009, 53.943060614000046 ], [ 13.818532748000052, 53.877997137000079 ], [ 13.817067905000044, 53.852932033000059 ], [ 14.037445509000065, 53.755275783000059 ], [ 14.264496290000068, 53.751613674000055 ], [ 14.212738477000073, 53.708075262000079 ], [ 14.263900720257396, 53.699976159680759 ], [ 14.304170370000094, 53.508517965000109 ], [ 14.359877564000044, 53.444077454000094 ], [ 14.403285767000028, 53.278790385 ], [ 14.441629680000062, 53.251841126000059 ], [ 14.380651489000087, 53.189855245000032 ], [ 14.389539835000107, 53.131667583000095 ], [ 14.343341105000036, 53.048623555000049 ], [ 14.144490193000109, 52.959920960000048 ], [ 14.164954061000088, 52.895661317000091 ], [ 14.12392297300002, 52.850651144000054 ], [ 14.382201782000095, 52.738151551 ], [ 14.431914510000098, 52.686087546000053 ], [ 14.644821411000066, 52.576921082000084 ], [ 14.609061320000137, 52.517803243000017 ], [ 14.632315715000061, 52.49674509800009 ], [ 14.539814901000113, 52.421865947000057 ], [ 14.54539595600005, 52.382152608000055 ], [ 14.584153280000066, 52.291227926000047 ], [ 14.712414184000124, 52.235908305000024 ], [ 14.686369263000131, 52.121031596000122 ], [ 14.76140344300012, 52.076667379000057 ], [ 14.699081665000108, 51.992512309000105 ], [ 14.687092733000043, 51.911897074000095 ], [ 14.595935507000064, 51.842418112000118 ], [ 14.585806925000043, 51.803893332000044 ], [ 14.634176066000066, 51.769011739000078 ], [ 14.648438761000136, 51.717206116000099 ], [ 14.732464640000074, 51.658346659000088 ], [ 14.743936808000086, 51.606644390000056 ], [ 14.710037068000076, 51.5302407840001 ], [ 14.910955038000083, 51.468978373000041 ], [ 14.95539676900006, 51.435414530000045 ], [ 14.960977824000054, 51.335291443000031 ], [ 15.019475545000148, 51.271677755000056 ], [ 15.022059367000054, 51.236770325000052 ], [ 14.955293417000121, 51.064041850000123 ], [ 14.759233032000054, 50.810181376000045 ], [ 14.61319543500008, 50.845579732000076 ], [ 14.629215128000112, 50.920717266000068 ], [ 14.550356893000099, 50.912087301000028 ], [ 14.574334758000106, 50.97549428300006 ], [ 14.482144002000069, 51.037195943000128 ], [ 14.39780806400006, 51.013114726000097 ], [ 14.287530558000071, 51.03683420800003 ], [ 14.238334595000111, 50.982470602000049 ], [ 14.381891724000127, 50.920872294000034 ], [ 14.34654504400001, 50.880202942000082 ], [ 14.232133423000022, 50.879376119000042 ], [ 14.034936157000061, 50.802584941000092 ], [ 13.959591919000076, 50.802068177000038 ], [ 13.892515910000043, 50.780415752000053 ], [ 13.882180624000057, 50.742743632000028 ], [ 13.834534953000087, 50.723675029000034 ], [ 13.556567423000075, 50.706725159000044 ], [ 13.515639689000068, 50.691015524000065 ], [ 13.523287801000038, 50.662180075000052 ], [ 13.447943563000052, 50.59727447600001 ], [ 13.368775268000149, 50.62833201100004 ], [ 13.305626668000087, 50.575777080000066 ], [ 13.232349487000079, 50.582029928000068 ], [ 13.160105835000138, 50.497022197000049 ], [ 13.00962406400015, 50.492681376000078 ], [ 12.996601603000045, 50.433666891000044 ], [ 12.952573283000078, 50.404159648000032 ], [ 12.817387736000029, 50.443020325000091 ], [ 12.737909383000044, 50.43154815700008 ], [ 12.691814006000101, 50.39465118400004 ], [ 12.510223022000076, 50.38876007100005 ], [ 12.336486857000068, 50.258587138000067 ], [ 12.300416707000068, 50.160815328000112 ], [ 12.229930054000107, 50.234815979000118 ], [ 12.239645223000139, 50.256571758000021 ], [ 12.178046916000113, 50.26876739500004 ], [ 12.149314819000011, 50.311710511000015 ], [ 12.076140991000045, 50.315172831000055 ], [ 12.110970906000091, 50.276622213000067 ], [ 12.079551635000144, 50.242722473000057 ], [ 12.175049682000093, 50.182622783000042 ], [ 12.179183797000121, 50.117975566000084 ], [ 12.246879923000108, 50.04495676700013 ], [ 12.451311889000067, 49.980567932000028 ], [ 12.462680705000139, 49.931268616000054 ], [ 12.524072306000051, 49.904965312000101 ], [ 12.482524454000043, 49.827243958000068 ], [ 12.46247399900011, 49.831223043000065 ], [ 12.452655477000121, 49.779701640000056 ], [ 12.38361576300008, 49.74285634400006 ], [ 12.419582560000038, 49.700223287000071 ], [ 12.49637373900012, 49.669992575000052 ], [ 12.501954793000039, 49.619711406000093 ], [ 12.546603230000073, 49.595578512000131 ], [ 12.58288008700012, 49.522404683000062 ], [ 12.622980998000116, 49.50984731000004 ], [ 12.643548218000092, 49.429490458000018 ], [ 12.729331095000106, 49.391146546000087 ], [ 12.777906941000111, 49.332545472000064 ], [ 12.856661825000089, 49.32221018500006 ], [ 12.884670451000119, 49.339573467000079 ], [ 12.999805542000104, 49.294925029000055 ], [ 13.178502645000066, 49.118346660000057 ], [ 13.299528849000126, 49.093645325000054 ], [ 13.427272990000034, 48.959958395000044 ], [ 13.482256713000083, 48.93763417600006 ], [ 13.515949747000036, 48.970242005000031 ], [ 13.608657267000126, 48.946160787000068 ], [ 13.637389363000125, 48.893450826000063 ], [ 13.724670858000138, 48.867302552000055 ], [ 13.815724731000074, 48.766430156000055 ], [ 13.785855754000067, 48.724778951000033 ] ] ], [ [ [ 14.210052931000064, 53.938462632000039 ], [ 14.175289348000092, 53.906478170000028 ], [ 14.200818737000134, 53.878157293000029 ], [ 13.840098504000082, 53.850287177000041 ], [ 13.821787957000083, 53.865139065000051 ], [ 13.931651238000086, 53.899318752000056 ], [ 13.904470248000052, 53.995428778000075 ], [ 13.972666863000086, 53.989243882000039 ], [ 13.958994988000086, 53.94086334800005 ], [ 13.987478061000047, 53.961411851000037 ], [ 14.048350457000083, 53.94086334800005 ], [ 14.051280144000089, 54.005072333000044 ], [ 13.946055535000085, 54.066595770000049 ], [ 13.890879754000082, 54.010158596000053 ], [ 13.855967644000089, 54.002346096000053 ], [ 13.863617384000065, 54.049994208000044 ], [ 13.774099155000044, 54.022772528000075 ], [ 13.814952019000089, 54.101263739000046 ], [ 13.752940300000091, 54.153143622000073 ], [ 13.814952019000089, 54.173651434000078 ], [ 13.88249759200005, 54.102443752000056 ], [ 14.016612175000091, 54.06000397300005 ], [ 14.210052931000064, 53.938462632000039 ] ] ], [ [ [ 6.798106316000087, 53.604437567000048 ], [ 6.72242272200009, 53.590765692000048 ], [ 6.756521030000044, 53.562892971000053 ], [ 6.67709394600007, 53.57562897300005 ], [ 6.65951582100007, 53.599107164000031 ], [ 6.784678582000083, 53.620062567000048 ], [ 6.798106316000087, 53.604437567000048 ] ] ], [ [ [ 6.873789910000085, 53.672756252000056 ], [ 7.047048373000052, 53.694159247000073 ], [ 7.085459832000083, 53.686997789000031 ], [ 6.873789910000085, 53.672756252000056 ] ] ], [ [ [ 7.133148634000065, 53.708075262000079 ], [ 7.232920769000089, 53.729437567000048 ], [ 7.346690300000091, 53.723211981000077 ], [ 7.133148634000065, 53.708075262000079 ] ] ], [ [ [ 7.36654707100007, 53.72797272300005 ], [ 7.403493686000047, 53.736721096000053 ], [ 7.435557488000086, 53.72797272300005 ], [ 7.36654707100007, 53.72797272300005 ] ] ], [ [ [ 8.120127800000091, 53.71430084800005 ], [ 8.152354363000086, 53.739162502000056 ], [ 8.195974155000044, 53.72797272300005 ], [ 8.120127800000091, 53.71430084800005 ] ] ], [ [ [ 7.469574415000068, 53.745347398000035 ], [ 7.627207879000082, 53.750921942000048 ], [ 7.513926629000082, 53.745510158000059 ], [ 7.511241082000083, 53.72797272300005 ], [ 7.469574415000068, 53.745347398000035 ] ] ], [ [ [ 7.660899285000085, 53.762111721000053 ], [ 7.72828209700009, 53.78656647300005 ], [ 7.812836134000065, 53.776353257000039 ], [ 7.660899285000085, 53.762111721000053 ] ] ], [ [ [ 7.854502800000091, 53.784572658000059 ], [ 7.897634311000047, 53.796291408000059 ], [ 7.955577019000089, 53.782904364000046 ], [ 7.873789910000085, 53.776353257000039 ], [ 7.854502800000091, 53.784572658000059 ] ] ], [ [ [ 11.375661655000044, 53.981838283000059 ], [ 11.468028191000087, 54.030951239000046 ], [ 11.497894727000073, 54.022772528000075 ], [ 11.457692905000044, 53.961371161000045 ], [ 11.44703209700009, 53.997137762000079 ], [ 11.423106316000087, 53.967718817000048 ], [ 11.375661655000044, 53.981838283000059 ] ] ], [ [ [ 11.539561394000089, 54.05695221600007 ], [ 11.533946160000085, 54.084865627000056 ], [ 11.615896030000044, 54.112127997000073 ], [ 11.539561394000089, 54.05695221600007 ] ] ], [ [ [ 8.958506707000083, 54.522447007000039 ], [ 8.887950066000087, 54.468451239000046 ], [ 8.812836134000065, 54.482123114000046 ], [ 8.844493035000085, 54.519720770000049 ], [ 8.958506707000083, 54.522447007000039 ] ] ], [ [ [ 11.31421959700009, 54.413804429000038 ], [ 11.11264082100007, 54.415228583000044 ], [ 11.098643425000091, 54.451646226000037 ], [ 11.032481316000087, 54.447333075000074 ], [ 11.005707227000073, 54.468451239000046 ], [ 11.033702019000089, 54.508856512000079 ], [ 11.121267123000052, 54.535956122000073 ], [ 11.23210696700005, 54.501654364000046 ], [ 11.31421959700009, 54.413804429000038 ] ] ], [ [ [ 13.143402540000068, 54.598130601000037 ], [ 13.102549675000091, 54.52993398600006 ], [ 13.061371290000068, 54.468451239000046 ], [ 13.102305535000085, 54.596096096000053 ], [ 13.157237175000091, 54.59906647300005 ], [ 13.149668816000087, 54.577704169000071 ], [ 13.143402540000068, 54.598130601000037 ] ] ], [ [ [ 13.698252800000091, 54.392075914000031 ], [ 13.766449415000068, 54.344916083000044 ], [ 13.73015384200005, 54.316839911000045 ], [ 13.723155144000089, 54.278387762000079 ], [ 13.690928582000083, 54.28351471600007 ], [ 13.711924675000091, 54.303941148000035 ], [ 13.651133660000085, 54.29718659100007 ], [ 13.711924675000091, 54.331854559000078 ], [ 13.61695397200009, 54.317613023000035 ], [ 13.690928582000083, 54.351752020000049 ], [ 13.49968509200005, 54.344916083000044 ], [ 13.359629754000082, 54.275458075000074 ], [ 13.355723504000082, 54.248724677000041 ], [ 13.41773522200009, 54.266058661000045 ], [ 13.407237175000091, 54.228216864000046 ], [ 13.311534050000091, 54.251125393000052 ], [ 13.335215691000087, 54.28351471600007 ], [ 13.267914259000065, 54.25649648600006 ], [ 13.210134311000047, 54.275824286000045 ], [ 13.20484459700009, 54.29718659100007 ], [ 13.149668816000087, 54.290269273000035 ], [ 13.17750084700009, 54.310207424000055 ], [ 13.115489129000082, 54.338080145000049 ], [ 13.148936394000089, 54.37726471600007 ], [ 13.266856316000087, 54.385891018000052 ], [ 13.211599155000044, 54.43109772300005 ], [ 13.156993035000085, 54.426825262000079 ], [ 13.27312259200005, 54.482123114000046 ], [ 13.143402540000068, 54.542914130000042 ], [ 13.25953209700009, 54.553778387000079 ], [ 13.297862175000091, 54.519680080000057 ], [ 13.301036004000082, 54.550360419000071 ], [ 13.369395379000082, 54.585150458000044 ], [ 13.348887566000087, 54.523667710000041 ], [ 13.383799675000091, 54.53188711100006 ], [ 13.363129102000073, 54.550360419000071 ], [ 13.37671959700009, 54.564642645000049 ], [ 13.430674675000091, 54.492743231000077 ], [ 13.507090691000087, 54.488267320000034 ], [ 13.520762566000087, 54.523667710000041 ], [ 13.49968509200005, 54.557196356000077 ], [ 13.520762566000087, 54.570786851000037 ], [ 13.441416863000086, 54.557196356000077 ], [ 13.369151238000086, 54.612127997000073 ], [ 13.25326582100007, 54.564642645000049 ], [ 13.293467644000089, 54.642279364000046 ], [ 13.224782748000052, 54.634955145000049 ], [ 13.230967644000089, 54.653306382000039 ], [ 13.390798373000052, 54.688177802000041 ], [ 13.44507897200009, 54.680080471000053 ], [ 13.382985873000052, 54.636379299000055 ], [ 13.424571160000085, 54.585150458000044 ], [ 13.595957879000082, 54.591376044000071 ], [ 13.670664910000085, 54.566229559000078 ], [ 13.677256707000083, 54.54047272300005 ], [ 13.584808790000068, 54.486517645000049 ], [ 13.579112175000091, 54.455064195000034 ], [ 13.609548373000052, 54.413804429000038 ], [ 13.698252800000091, 54.392075914000031 ] ] ], [ [ [ 8.332367384000065, 54.693793036000045 ], [ 8.401377800000091, 54.632961330000057 ], [ 8.353688998000052, 54.618963934000078 ], [ 8.291514519000089, 54.667059637000079 ], [ 8.360362175000091, 54.714829820000034 ], [ 8.332367384000065, 54.693793036000045 ] ] ], [ [ [ 8.553233269000089, 54.754461981000077 ], [ 8.593760613000086, 54.728501695000034 ], [ 8.56576582100007, 54.687567450000074 ], [ 8.394541863000086, 54.714829820000034 ], [ 8.436778191000087, 54.748480536000045 ], [ 8.553233269000089, 54.754461981000077 ] ] ], [ [ [ 8.354502800000091, 54.91274648600006 ], [ 8.436534050000091, 54.887274481000077 ], [ 8.654470248000052, 54.893622137000079 ], [ 8.307139519000089, 54.865383205000057 ], [ 8.284434441000087, 54.742377020000049 ], [ 8.298024936000047, 54.912543036000045 ], [ 8.373708530000044, 55.034979559000078 ], [ 8.41578209700009, 55.065334377000056 ], [ 8.463389519000089, 55.050685940000051 ], [ 8.394541863000086, 55.043850002000056 ], [ 8.430430535000085, 55.030015367000033 ], [ 8.361989780000044, 54.986802476000037 ], [ 8.354502800000091, 54.91274648600006 ] ] ], [ [ [ 8.69890384200005, 54.558579820000034 ], [ 8.669769727000073, 54.501898505000042 ], [ 8.61882571700005, 54.492621161000045 ], [ 8.595876498000052, 54.513657945000034 ], [ 8.69890384200005, 54.558579820000034 ] ] ], [ [ [ 7.900645379000082, 54.190659898000035 ], [ 7.897715691000087, 54.182318427000041 ], [ 7.879893425000091, 54.193915106000077 ], [ 7.900645379000082, 54.190659898000035 ] ] ], [ [ [ 7.929860873000052, 54.195298570000034 ], [ 7.933441602000073, 54.189886786000045 ], [ 7.912364129000082, 54.192287502000056 ], [ 7.929860873000052, 54.195298570000034 ] ] ] ] } },
{ "type": "Feature", "properties": { "iso3": "EST", "NAME": "Estonia", "assessed": false }, "geometry": { "type": "MultiPolygon", "coordinates": [ [ [ [ 24.316661004000082, 57.87726471600007 ], [ 24.398285352000073, 58.023260809000078 ], [ 24.464121941000087, 58.072170315000051 ], [ 24.470957879000082, 58.250921942000048 ], [ 24.54851321700005, 58.289292710000041 ], [ 24.551036004000082, 58.333726304000038 ], [ 24.444183790000068, 58.386135158000059 ], [ 24.361827019000089, 58.397284247000073 ], [ 24.315928582000083, 58.379950262000079 ], [ 24.243337436000047, 58.280218817000048 ], [ 24.15601647200009, 58.276841539000031 ], [ 24.111664259000065, 58.241034247000073 ], [ 23.98023522200009, 58.318426825000074 ], [ 23.833506707000083, 58.353949286000045 ], [ 23.740977410000085, 58.343085028000075 ], [ 23.67741946700005, 58.435248114000046 ], [ 23.678965691000087, 58.524155992000033 ], [ 23.584320509000065, 58.544867255000042 ], [ 23.561208530000044, 58.583156643000052 ], [ 23.501475457000083, 58.562486070000034 ], [ 23.518239780000044, 58.603745835000041 ], [ 23.49773196700005, 58.696600653000075 ], [ 23.54664147200009, 58.70962148600006 ], [ 23.533050977000073, 58.747463283000059 ], [ 23.80250084700009, 58.730698960000041 ], [ 23.785492384000065, 58.77798086100006 ], [ 23.87435957100007, 58.771673895000049 ], [ 23.784190300000091, 58.800970770000049 ], [ 23.42945397200009, 58.764837958000044 ], [ 23.526133660000085, 58.81976959800005 ], [ 23.422048373000052, 58.928697007000039 ], [ 23.627696160000085, 58.97915273600006 ], [ 23.621592644000089, 59.015326239000046 ], [ 23.559825066000087, 59.052801825000074 ], [ 23.614431186000047, 59.011297919000071 ], [ 23.552989129000082, 58.970892645000049 ], [ 23.408376498000052, 59.025580145000049 ], [ 23.436289910000085, 59.025580145000049 ], [ 23.43490644600007, 59.05609772300005 ], [ 23.490733269000089, 59.088283596000053 ], [ 23.518239780000044, 59.073309637000079 ], [ 23.519379102000073, 59.124986070000034 ], [ 23.470876498000052, 59.212144273000035 ], [ 23.641856316000087, 59.257391669000071 ], [ 23.730479363000086, 59.230414130000042 ], [ 23.742930535000085, 59.250148830000057 ], [ 23.723643425000091, 59.26508209800005 ], [ 23.756846550000091, 59.283636786000045 ], [ 24.038584832000083, 59.29328034100007 ], [ 24.080577019000089, 59.271307684000078 ], [ 24.100108269000089, 59.294501044000071 ], [ 24.019379102000073, 59.367254950000074 ], [ 24.03484134200005, 59.388657945000034 ], [ 24.221934441000087, 59.355169989000046 ], [ 24.163096550000091, 59.402289130000042 ], [ 24.306162957000083, 59.419094143000052 ], [ 24.333832227000073, 59.470607815000051 ], [ 24.422536655000044, 59.477443752000056 ], [ 24.498301629000082, 59.443833726000037 ], [ 24.54818769600007, 59.462958075000074 ], [ 24.642588738000086, 59.436428127000056 ], [ 24.656586134000065, 59.449896552000041 ], [ 24.621836785000085, 59.470607815000051 ], [ 24.674978061000047, 59.496039130000042 ], [ 24.772634311000047, 59.450100002000056 ], [ 24.81576582100007, 59.489325262000079 ], [ 24.772634311000047, 59.559963283000059 ], [ 24.803477410000085, 59.570502020000049 ], [ 24.934418165000068, 59.508042710000041 ], [ 25.012217644000089, 59.518377997000073 ], [ 25.097829623000052, 59.497870184000078 ], [ 25.116465691000087, 59.503119208000044 ], [ 25.107920769000089, 59.528998114000046 ], [ 25.145518425000091, 59.539129950000074 ], [ 25.409434441000087, 59.491034247000073 ], [ 25.41578209700009, 59.527085679000038 ], [ 25.543711785000085, 59.535142320000034 ], [ 25.497080925000091, 59.570868231000077 ], [ 25.484873894000089, 59.669826565000051 ], [ 25.676768425000091, 59.566066799000055 ], [ 25.71851647200009, 59.587591864000046 ], [ 25.670664910000085, 59.655503648000035 ], [ 25.69467207100007, 59.670884507000039 ], [ 25.780528191000087, 59.635687567000048 ], [ 25.793711785000085, 59.591213283000059 ], [ 25.826182488000086, 59.575262762000079 ], [ 25.861338738000086, 59.586127020000049 ], [ 25.883067254000082, 59.631333726000037 ], [ 25.944509311000047, 59.594671942000048 ], [ 25.988536004000082, 59.634344794000071 ], [ 26.090993686000047, 59.585638739000046 ], [ 26.280039910000085, 59.587307033000059 ], [ 26.49781334700009, 59.539984442000048 ], [ 26.665049675000091, 59.551947333000044 ], [ 26.937673373000052, 59.450100002000056 ], [ 27.409027540000068, 59.451890367000033 ], [ 27.873301629000082, 59.407619533000059 ], [ 27.953461134000065, 59.428168036000045 ], [ 28.019053582000083, 59.481756903000075 ], [ 28.186475464000125, 59.374929911000052 ], [ 28.181824585000044, 59.35606801400003 ], [ 28.000647014000037, 59.333743796000064 ], [ 28.096868531000069, 59.319429423000074 ], [ 28.076611369000148, 59.305270081000018 ], [ 27.959719279000097, 59.306458639000041 ], [ 27.882307984000079, 59.275659485000077 ], [ 27.842413778000036, 59.161196188000062 ], [ 27.713326049000074, 58.991904196000078 ], [ 27.477784871000068, 58.875425517000039 ], [ 27.410605509000106, 58.754864400000073 ], [ 27.554886108000119, 58.395248109000065 ], [ 27.494114624000105, 58.319542135000077 ], [ 27.495354859000116, 58.221460266000051 ], [ 27.630437053000037, 58.088290100000066 ], [ 27.63157393400013, 58.004160868 ], [ 27.675188843000086, 57.967806499000019 ], [ 27.664956909000125, 57.918403829000098 ], [ 27.774407593000063, 57.890705262000083 ], [ 27.79931563300002, 57.86106882700004 ], [ 27.700717, 57.824843649000073 ], [ 27.524603719000083, 57.807299500000013 ], [ 27.553852580000125, 57.794767965000105 ], [ 27.502434530000073, 57.772547099000079 ], [ 27.507757202000107, 57.714772847000077 ], [ 27.391433553000098, 57.680201314000087 ], [ 27.382080119000051, 57.602686666000025 ], [ 27.328026571000066, 57.583152975000118 ], [ 27.352934611000137, 57.527600810000123 ], [ 27.085354045000116, 57.549434103000053 ], [ 26.981071004000086, 57.608991191000129 ], [ 26.87265384900013, 57.627181295000085 ], [ 26.795759318000137, 57.571319071000104 ], [ 26.666981649000064, 57.564859518000034 ], [ 26.590087118000071, 57.520366109000051 ], [ 26.499550008000057, 57.515818583000012 ], [ 26.430923706000016, 57.561707255000087 ], [ 26.297185099000075, 57.599146830000066 ], [ 26.168510783000016, 57.704049988000051 ], [ 26.024746948000143, 57.774355774000057 ], [ 26.014515015000086, 57.842827047000057 ], [ 25.792616415000083, 57.855978699000033 ], [ 25.730294637000071, 57.923132223 ], [ 25.601516968000055, 57.912202658000112 ], [ 25.541675659000106, 57.962819723000067 ], [ 25.324582967000111, 58.034753317000096 ], [ 25.281691528000067, 58.073407288000013 ], [ 25.249548788000141, 58.051186422000072 ], [ 25.284378703000101, 58.008139954000072 ], [ 25.232495565000107, 57.985376486000106 ], [ 25.20210982200004, 57.991965230000076 ], [ 25.166969848000093, 58.058731181000027 ], [ 25.094209432000127, 58.067309469000051 ], [ 24.816810344000146, 57.976669007000041 ], [ 24.733507935000119, 57.992197774000047 ], [ 24.684828735000082, 57.94757517500004 ], [ 24.533830200000068, 57.945068868000035 ], [ 24.378180786000087, 57.859441020000091 ], [ 24.316661004000082, 57.87726471600007 ] ] ], [ [ [ 23.937998894000089, 58.137274481000077 ], [ 23.984222852000073, 58.157131252000056 ], [ 24.022146030000044, 58.129868882000039 ], [ 23.970713738000086, 58.099595445000034 ], [ 23.937998894000089, 58.137274481000077 ] ] ], [ [ [ 23.148285352000073, 58.521551825000074 ], [ 23.318369988000086, 58.472479559000078 ], [ 23.324961785000085, 58.442287502000056 ], [ 23.26140384200005, 58.465887762000079 ], [ 23.23764082100007, 58.456366278000075 ], [ 23.278005405000044, 58.436509507000039 ], [ 23.234873894000089, 58.439886786000045 ], [ 23.156504754000082, 58.477525132000039 ], [ 23.042491082000083, 58.371486721000053 ], [ 22.95484459700009, 58.381048895000049 ], [ 22.969493035000085, 58.360174872000073 ], [ 22.902679884000065, 58.311835028000075 ], [ 22.811208530000044, 58.273423570000034 ], [ 22.721202019000089, 58.270331122000073 ], [ 22.710134311000047, 58.257757880000042 ], [ 22.756683790000068, 58.242254950000074 ], [ 22.723155144000089, 58.225409247000073 ], [ 22.535004102000073, 58.254055080000057 ], [ 22.504161004000082, 58.223537502000056 ], [ 22.476817254000082, 58.245103257000039 ], [ 22.323415561000047, 58.206610419000071 ], [ 22.271739129000082, 58.174261786000045 ], [ 22.26539147200009, 58.115057684000078 ], [ 22.199880405000044, 58.02602773600006 ], [ 22.202972852000073, 57.993963934000078 ], [ 22.048350457000083, 57.915106512000079 ], [ 21.990082227000073, 57.935614325000074 ], [ 21.963389519000089, 57.984035549000055 ], [ 21.997569207000083, 57.984035549000055 ], [ 22.08570397200009, 58.082586981000077 ], [ 22.147715691000087, 58.079575914000031 ], [ 22.202972852000073, 58.14789459800005 ], [ 22.072276238000086, 58.175848700000074 ], [ 22.016856316000087, 58.233872789000031 ], [ 21.896494988000086, 58.250718492000033 ], [ 21.843760613000086, 58.29360586100006 ], [ 21.908213738000086, 58.298732815000051 ], [ 21.873301629000082, 58.341620184000078 ], [ 21.944590691000087, 58.318752346000053 ], [ 21.968028191000087, 58.354559637000079 ], [ 22.011241082000083, 58.353949286000045 ], [ 21.945974155000044, 58.43227773600006 ], [ 21.832367384000065, 58.510972398000035 ], [ 21.995616082000083, 58.512518622000073 ], [ 22.089366082000083, 58.42218659100007 ], [ 22.103688998000052, 58.487209377000056 ], [ 22.194590691000087, 58.545843817000048 ], [ 22.27320397200009, 58.502020575000074 ], [ 22.288340691000087, 58.569322007000039 ], [ 22.32195071700005, 58.584784247000073 ], [ 22.463063998000052, 58.592922268000052 ], [ 22.583181186000047, 58.634507554000038 ], [ 22.64812259200005, 58.586737372000073 ], [ 22.736338738000086, 58.588080145000049 ], [ 22.811371290000068, 58.622951565000051 ], [ 22.922048373000052, 58.617417710000041 ], [ 23.091075066000087, 58.57094961100006 ], [ 23.148285352000073, 58.521551825000074 ] ] ], [ [ [ 23.397146030000044, 58.563666083000044 ], [ 23.362152540000068, 58.532456773000035 ], [ 23.223806186000047, 58.53546784100007 ], [ 23.059336785000085, 58.603461005000042 ], [ 23.075450066000087, 58.629828192000048 ], [ 23.120941602000073, 58.628322658000059 ], [ 23.154633009000065, 58.675930080000057 ], [ 23.197764519000089, 58.680609442000048 ], [ 23.330251498000052, 58.653062242000033 ], [ 23.397146030000044, 58.563666083000044 ] ] ], [ [ [ 23.389659050000091, 59.007513739000046 ], [ 23.374278191000087, 58.975531317000048 ], [ 23.174164259000065, 58.968329169000071 ], [ 23.114105665000068, 59.02179596600007 ], [ 23.14820397200009, 59.044419664000031 ], [ 23.344248894000089, 59.039292710000041 ], [ 23.389659050000091, 59.007513739000046 ] ] ], [ [ [ 22.226898634000065, 58.886460679000038 ], [ 22.04468834700009, 58.93618398600006 ], [ 22.094248894000089, 58.956040757000039 ], [ 22.463063998000052, 58.970892645000049 ], [ 22.442067905000044, 58.98468659100007 ], [ 22.488454623000052, 58.981146552000041 ], [ 22.487559441000087, 59.016424872000073 ], [ 22.559255405000044, 59.038397528000075 ], [ 22.597666863000086, 59.089504299000055 ], [ 22.714121941000087, 59.069566148000035 ], [ 22.691579623000052, 59.041164455000057 ], [ 22.736664259000065, 59.005072333000044 ], [ 22.934092644000089, 58.984035549000055 ], [ 22.949554884000065, 58.93618398600006 ], [ 23.015147332000083, 58.891791083000044 ], [ 23.040537957000083, 58.840765692000048 ], [ 22.879567905000044, 58.832709052000041 ], [ 22.886729363000086, 58.79047272300005 ], [ 22.84538821700005, 58.776516018000052 ], [ 22.778330925000091, 58.792181708000044 ], [ 22.819346550000091, 58.829657294000071 ], [ 22.777598504000082, 58.824367580000057 ], [ 22.736664259000065, 58.806463934000078 ], [ 22.654958530000044, 58.702785549000055 ], [ 22.555674675000091, 58.686997789000031 ], [ 22.463063998000052, 58.716457424000055 ], [ 22.497243686000047, 58.737534898000035 ], [ 22.449473504000082, 58.786810614000046 ], [ 22.439789259000065, 58.841376044000071 ], [ 22.382090691000087, 58.88226959800005 ], [ 22.226898634000065, 58.886460679000038 ] ] ], [ [ [ 24.500498894000089, 59.596258856000077 ], [ 24.542816602000073, 59.547796942000048 ], [ 24.489105665000068, 59.559637762000079 ], [ 24.500498894000089, 59.596258856000077 ] ] ], [ [ [ 23.270681186000047, 57.807806708000044 ], [ 23.270192905000044, 57.785630601000037 ], [ 23.217784050000091, 57.800930080000057 ], [ 23.22429446700005, 57.823716539000031 ], [ 23.270681186000047, 57.807806708000044 ] ] ] ] } },
{ "type": "Feature", "properties": { "iso3": "LVA", "NAME": "Latvia", "assessed": false }, "geometry": { "type": "Polygon", "coordinates": [ [ [ 27.528169393000042, 57.528479309000048 ], [ 27.511322876000065, 57.430397441000096 ], [ 27.827737671000136, 57.304952902000124 ], [ 27.846134481000036, 57.267306621 ], [ 27.824327027000038, 57.159070333000088 ], [ 27.682216838000102, 57.103699036000037 ], [ 27.745468791000093, 57.06799062100005 ], [ 27.750739786000111, 57.042359111000067 ], [ 27.628369995000071, 56.844154155000027 ], [ 27.7863965250001, 56.871258443000087 ], [ 27.913520548000065, 56.820150452000107 ], [ 27.865461467000102, 56.742687480000043 ], [ 27.981009969000098, 56.687006124000035 ], [ 28.010982299000119, 56.58755483 ], [ 28.126117391000037, 56.547763977000088 ], [ 28.093251180000095, 56.501591086000033 ], [ 28.16425459800007, 56.437951559000041 ], [ 28.167148478000058, 56.369867859000053 ], [ 28.217274617000072, 56.270726624000119 ], [ 28.148906697000115, 56.142414043000045 ], [ 28.110976196000109, 56.156805929000072 ], [ 27.927059774000043, 56.109366964000074 ], [ 27.781228882000107, 56.016375224000015 ], [ 27.74443526200011, 55.959737854000124 ], [ 27.645009806000104, 55.922840881000084 ], [ 27.592713256000081, 55.794244080000041 ], [ 27.438820842000069, 55.798739929000064 ], [ 27.349627319000035, 55.831218567000107 ], [ 27.263017619000095, 55.787216085000054 ], [ 27.151448201000079, 55.832458802000033 ], [ 26.981071004000086, 55.826877747000125 ], [ 26.822837769000103, 55.706109925000092 ], [ 26.743049357000132, 55.68285553 ], [ 26.64010990400007, 55.695567933000049 ], [ 26.594531291000067, 55.666990866000063 ], [ 26.481049846000133, 55.678308005000062 ], [ 26.279718466000134, 55.743239441000085 ], [ 26.178639364000077, 55.849589539000092 ], [ 25.69660160300009, 56.087895406000044 ], [ 25.661875041000059, 56.140812073000021 ], [ 25.073125447000109, 56.197811178 ], [ 24.973183228000039, 56.300750631000071 ], [ 24.910137980000115, 56.421957703000018 ], [ 24.87096724500006, 56.442602437000019 ], [ 24.845852498000056, 56.404930319000087 ], [ 24.678627563000106, 56.37728342700008 ], [ 24.481326945000092, 56.268840435000087 ], [ 24.414354289000102, 56.265507304 ], [ 24.31854618400007, 56.29858022100008 ], [ 24.138918905000082, 56.257445780000111 ], [ 23.85810917200007, 56.334391989000025 ], [ 23.724990682000112, 56.328810934 ], [ 23.706697225000113, 56.354442444000071 ], [ 23.481594686000079, 56.330102845000042 ], [ 23.288428182000075, 56.373045960000113 ], [ 23.172569620000104, 56.357956441000013 ], [ 23.112728312000058, 56.310879212000017 ], [ 23.062292114000059, 56.304161276000102 ], [ 22.924522746, 56.41211334300003 ], [ 22.666347290000147, 56.34909393400001 ], [ 22.511731404000045, 56.395964458000051 ], [ 22.214901977000096, 56.39038340300003 ], [ 22.094082479000065, 56.417410177000065 ], [ 21.684495076000076, 56.310104066000022 ], [ 21.596025025000131, 56.307881979000015 ], [ 21.327617635000109, 56.224372864000017 ], [ 21.229639119000097, 56.163187968 ], [ 21.190365031000113, 56.084458924 ], [ 21.053396030000044, 56.072617906000062 ], [ 20.969086134000065, 56.253485419000071 ], [ 20.970550977000073, 56.38898346600007 ], [ 21.003184441000087, 56.434800523000035 ], [ 21.006358269000089, 56.519964911000045 ], [ 21.04468834700009, 56.462103583000044 ], [ 21.030528191000087, 56.408107815000051 ], [ 21.061778191000087, 56.38703034100007 ], [ 21.07976321700005, 56.403062242000033 ], [ 21.05836022200009, 56.503648179000038 ], [ 20.992198113000086, 56.548895575000074 ], [ 21.05836022200009, 56.688666083000044 ], [ 21.052744988000086, 56.828924872000073 ], [ 21.38249759200005, 57.008937893000052 ], [ 21.413584832000083, 57.073187567000048 ], [ 21.401052280000044, 57.151312567000048 ], [ 21.433604363000086, 57.306463934000078 ], [ 21.729665561000047, 57.573797919000071 ], [ 21.999278191000087, 57.600327867000033 ], [ 22.48373457100007, 57.74249909100007 ], [ 22.610362175000091, 57.754624742000033 ], [ 22.590993686000047, 57.644761460000041 ], [ 22.656097852000073, 57.585760809000078 ], [ 23.031423373000052, 57.394476630000042 ], [ 23.13021894600007, 57.370794989000046 ], [ 23.260915561000047, 57.098944403000075 ], [ 23.340098504000082, 57.058579820000034 ], [ 23.508555535000085, 57.031236070000034 ], [ 23.585134311000047, 56.979071356000077 ], [ 23.695160352000073, 56.967271226000037 ], [ 23.95289147200009, 57.013251044000071 ], [ 24.035655144000089, 57.06899648600006 ], [ 24.210785352000073, 57.123724677000041 ], [ 24.400645379000082, 57.25812409100007 ], [ 24.405528191000087, 57.344468492000033 ], [ 24.358571811000047, 57.550360419000071 ], [ 24.37476647200009, 57.613470770000049 ], [ 24.357676629000082, 57.685492255000042 ], [ 24.299571160000085, 57.743841864000046 ], [ 24.285980665000068, 57.832586981000077 ], [ 24.306158734238295, 57.868186255842957 ], [ 24.378180786000087, 57.859441020000091 ], [ 24.533830200000068, 57.945068868000035 ], [ 24.684828735000082, 57.94757517500004 ], [ 24.733507935000119, 57.992197774000047 ], [ 24.816810344000146, 57.976669007000041 ], [ 25.094209432000127, 58.067309469000051 ], [ 25.166969848000093, 58.058731181000027 ], [ 25.216785930000128, 57.985376486000106 ], [ 25.284378703000101, 58.008139954000072 ], [ 25.249548788000141, 58.051186422000072 ], [ 25.281691528000067, 58.073407288000013 ], [ 25.324582967000111, 58.034753317000096 ], [ 25.541675659000106, 57.962819723000067 ], [ 25.601516968000055, 57.912202658000112 ], [ 25.730294637000071, 57.923132223 ], [ 25.792616415000083, 57.855978699000033 ], [ 26.014515015000086, 57.842827047000057 ], [ 26.024746948000143, 57.774355774000057 ], [ 26.168510783000016, 57.704049988000051 ], [ 26.297185099000075, 57.599146830000066 ], [ 26.430923706000016, 57.561707255000087 ], [ 26.499550008000057, 57.515818583000012 ], [ 26.590087118000071, 57.520366109000051 ], [ 26.666981649000064, 57.564859518000034 ], [ 26.795759318000137, 57.571319071000104 ], [ 26.87265384900013, 57.627181295000085 ], [ 26.981071004000086, 57.608991191000129 ], [ 27.085354045000116, 57.549434103000053 ], [ 27.319965047000068, 57.516128642000083 ], [ 27.528169393000042, 57.528479309000048 ] ] ] } },
{ "type": "Feature", "properties": { "iso3": "NOR", "NAME": "Norway", "assessed": false }, "geometry": { "type": "MultiPolygon", "coordinates": [ [ [ [ 12.78426836436835, 64.0 ], [ 12.293182006000109, 63.656994121000096 ], [ 12.170295450000111, 63.598134665000018 ], [ 12.219801472000057, 63.474266256000064 ], [ 11.992425171000093, 63.288902893000099 ], [ 12.222695353000063, 63.001478577000015 ], [ 12.093297567000093, 62.907427471000048 ], [ 12.156239461000098, 62.73369130500005 ], [ 12.091230509000127, 62.586310120000107 ], [ 12.314265991000127, 62.286121725000029 ], [ 12.317469929000112, 62.234031881000092 ], [ 12.161717163000077, 61.724838155000029 ], [ 12.416481975000096, 61.582288717 ], [ 12.613782592000121, 61.547045390000036 ], [ 12.888184448000061, 61.349615581000066 ], [ 12.839815308000112, 61.226987406000049 ], [ 12.739149617000066, 61.142444763000086 ], [ 12.703802938000081, 61.046197409000044 ], [ 12.511773316000102, 61.049117127000031 ], [ 12.253287801000056, 61.001704 ], [ 12.377001180000065, 60.75409637500006 ], [ 12.594352254000029, 60.51493784600008 ], [ 12.6053076580001, 60.419155579000076 ], [ 12.491722860000039, 60.312288717000044 ], [ 12.52469242300009, 60.161703593000098 ], [ 12.483247925000057, 60.081243388000061 ], [ 12.290598185000107, 59.958718567000076 ], [ 12.143733764000103, 59.898412170000071 ], [ 11.942195678000132, 59.902029521000074 ], [ 11.849591512000075, 59.872418925000019 ], [ 11.842976929000088, 59.83841583300007 ], [ 11.902094767000051, 59.785137431000109 ], [ 11.897237183000129, 59.713978984000065 ], [ 11.828404175000117, 59.659718730000023 ], [ 11.674925171000012, 59.607112122000032 ], [ 11.811661011000069, 59.24966624000011 ], [ 11.66438317900014, 58.920073955000063 ], [ 11.547077678000079, 58.88472727500006 ], [ 11.45199304200014, 58.896044414000031 ], [ 11.453233276000077, 58.960484925000046 ], [ 11.389333530000044, 59.080755927000041 ], [ 11.344574415000068, 59.111395575000074 ], [ 11.182383660000085, 59.116034247000073 ], [ 11.174652540000068, 59.14093659100007 ], [ 11.20671634200005, 59.145697333000044 ], [ 11.176442905000044, 59.196844794000071 ], [ 11.135508660000085, 59.183172919000071 ], [ 11.153086785000085, 59.162543036000045 ], [ 11.135508660000085, 59.142238674000055 ], [ 11.087738477000073, 59.175767320000034 ], [ 11.099131707000083, 59.134182033000059 ], [ 11.032481316000087, 59.127997137000079 ], [ 11.039805535000085, 59.143744208000044 ], [ 10.998301629000082, 59.172308661000045 ], [ 10.948496941000087, 59.183335679000038 ], [ 10.944021030000044, 59.149318752000056 ], [ 10.916351759000065, 59.142238674000055 ], [ 10.90211022200009, 59.196844794000071 ], [ 10.822927280000044, 59.163967190000051 ], [ 10.779144727000073, 59.189398505000042 ], [ 10.772959832000083, 59.252101955000057 ], [ 10.738129102000073, 59.216701565000051 ], [ 10.743662957000083, 59.268011786000045 ], [ 10.779144727000073, 59.312933661000045 ], [ 10.734711134000065, 59.334051825000074 ], [ 10.700694207000083, 59.306708075000074 ], [ 10.674082879000082, 59.315741278000075 ], [ 10.642751498000052, 59.374945380000042 ], [ 10.659678582000083, 59.400213934000078 ], [ 10.591644727000073, 59.430650132000039 ], [ 10.644541863000086, 59.493150132000039 ], [ 10.662933790000068, 59.488714911000045 ], [ 10.662445509000065, 59.437892971000053 ], [ 10.690277540000068, 59.480658270000049 ], [ 10.651133660000085, 59.526434637000079 ], [ 10.656423373000052, 59.594671942000048 ], [ 10.61459394600007, 59.697170315000051 ], [ 10.597504102000073, 59.684556382000039 ], [ 10.56023196700005, 59.726223049000055 ], [ 10.61459394600007, 59.833685614000046 ], [ 10.655528191000087, 59.856675523000035 ], [ 10.717784050000091, 59.738104559000078 ], [ 10.752614780000044, 59.888902085000041 ], [ 10.688731316000087, 59.911769924000055 ], [ 10.666270379000082, 59.888902085000041 ], [ 10.529470248000052, 59.882310289000031 ], [ 10.475433790000068, 59.850043036000045 ], [ 10.498708530000044, 59.833685614000046 ], [ 10.484548373000052, 59.788641669000071 ], [ 10.502207879000082, 59.708726304000038 ], [ 10.582692905000044, 59.662054755000042 ], [ 10.61459394600007, 59.60773346600007 ], [ 10.54273522200009, 59.535549221000053 ], [ 10.436696811000047, 59.518377997000073 ], [ 10.397634311000047, 59.688055731000077 ], [ 10.266856316000087, 59.739732164000031 ], [ 10.22437584700009, 59.723822333000044 ], [ 10.379242384000065, 59.658351955000057 ], [ 10.381032748000052, 59.535345770000049 ], [ 10.237315300000091, 59.559963283000059 ], [ 10.369395379000082, 59.455267645000049 ], [ 10.477549675000091, 59.429632880000042 ], [ 10.444509311000047, 59.348944403000075 ], [ 10.514170769000089, 59.302923895000049 ], [ 10.469574415000068, 59.247788804000038 ], [ 10.360850457000083, 59.271307684000078 ], [ 10.361989780000044, 59.219549872000073 ], [ 10.330251498000052, 59.209662177000041 ], [ 10.313731316000087, 59.127997137000079 ], [ 10.289805535000085, 59.134588934000078 ], [ 10.306895379000082, 59.059719143000052 ], [ 10.272146030000044, 59.114325262000079 ], [ 10.262461785000085, 59.038560289000031 ], [ 10.22437584700009, 59.114325262000079 ], [ 10.211273634000065, 59.066555080000057 ], [ 10.23218834700009, 59.040350653000075 ], [ 10.207041863000086, 59.016424872000073 ], [ 10.114512566000087, 59.005072333000044 ], [ 10.16187584700009, 59.027533270000049 ], [ 10.16342207100007, 59.052313544000071 ], [ 10.059418165000068, 59.018133856000077 ], [ 10.016774936000047, 59.033677476000037 ], [ 10.033376498000052, 58.993475653000075 ], [ 10.014821811000047, 58.973130601000037 ], [ 9.846202019000089, 58.955633856000077 ], [ 9.81218509200005, 58.963446356000077 ], [ 9.845225457000083, 58.989325262000079 ], [ 9.781748894000089, 59.051174221000053 ], [ 9.758148634000065, 59.032375393000052 ], [ 9.688487175000091, 59.090765692000048 ], [ 9.683116082000083, 59.046047268000052 ], [ 9.668630405000044, 59.051459052000041 ], [ 9.63062584700009, 59.131415106000077 ], [ 9.539073113000086, 59.12055084800005 ], [ 9.654144727000073, 59.037298895000049 ], [ 9.726817254000082, 59.015204169000071 ], [ 9.72396894600007, 58.983954169000071 ], [ 9.655772332000083, 58.983954169000071 ], [ 9.689789259000065, 58.956691799000055 ], [ 9.594248894000089, 58.943019924000055 ], [ 9.607920769000089, 58.928697007000039 ], [ 9.57593834700009, 58.921454169000071 ], [ 9.47006269600007, 58.928697007000039 ], [ 9.51148522200009, 58.895209052000041 ], [ 9.373789910000085, 58.895412502000056 ], [ 9.360199415000068, 58.881537177000041 ], [ 9.40365644600007, 58.880926825000074 ], [ 9.33952884200005, 58.862616278000075 ], [ 9.298838738000086, 58.881537177000041 ], [ 9.27084394600007, 58.833156643000052 ], [ 9.450368686000047, 58.833156643000052 ], [ 9.306488477000073, 58.738714911000045 ], [ 9.070974155000044, 58.741197007000039 ], [ 9.062998894000089, 58.723822333000044 ], [ 9.169118686000047, 58.716457424000055 ], [ 9.100840691000087, 58.737534898000035 ], [ 9.214691602000073, 58.721625067000048 ], [ 9.216319207000083, 58.702785549000055 ], [ 9.059336785000085, 58.682928778000075 ], [ 9.20053144600007, 58.672349351000037 ], [ 9.033836547000078, 58.594754032000083 ], [ 8.913340691000087, 58.60687897300005 ], [ 8.94890384200005, 58.579657294000071 ], [ 8.95009437300007, 58.547183856000061 ], [ 8.909419211000056, 58.500891762000037 ], [ 8.754104478000045, 58.427586579000035 ], [ 8.707295191000071, 58.378910743000063 ], [ 8.607269727000073, 58.332831122000073 ], [ 8.579356316000087, 58.347479559000078 ], [ 8.501231316000087, 58.257228908000059 ], [ 8.409353061000047, 58.272040106000077 ], [ 8.406260613000086, 58.244208075000074 ], [ 8.243662957000083, 58.203111070000034 ], [ 8.271739129000082, 58.196275132000039 ], [ 8.223155144000089, 58.134833075000074 ], [ 8.15796959700009, 58.144476630000042 ], [ 8.122894727000073, 58.102036851000037 ], [ 8.05250084700009, 58.113185940000051 ], [ 8.024587436000047, 58.141058661000045 ], [ 8.07984459700009, 58.162095445000034 ], [ 8.029551629000082, 58.224839585000041 ], [ 8.004079623000052, 58.223049221000053 ], [ 8.027598504000082, 58.183172919000071 ], [ 8.00749759200005, 58.144476630000042 ], [ 7.934092644000089, 58.109442450000074 ], [ 7.956309441000087, 58.093247789000031 ], [ 7.663910352000073, 58.067287502000056 ], [ 7.614756707000083, 58.02212148600006 ], [ 7.578868035000085, 58.045477606000077 ], [ 7.578868035000085, 58.017523505000042 ], [ 7.390635613000086, 58.017523505000042 ], [ 7.267588738000086, 58.035956122000073 ], [ 7.249847852000073, 58.058539130000042 ], [ 7.174978061000047, 58.031195380000042 ], [ 7.155528191000087, 58.050279039000031 ], [ 7.082774285000085, 58.036851304000038 ], [ 7.076019727000073, 58.006537177000041 ], [ 7.006602410000085, 57.993150132000039 ], [ 6.99935957100007, 58.03070709800005 ], [ 7.087738477000073, 58.07062409100007 ], [ 7.116221550000091, 58.058539130000042 ], [ 7.147471550000091, 58.100083726000037 ], [ 6.93531334700009, 58.045477606000077 ], [ 6.996104363000086, 58.100083726000037 ], [ 6.980316602000073, 58.105373440000051 ], [ 6.900563998000052, 58.052313544000071 ], [ 6.90796959700009, 58.100083726000037 ], [ 6.866384311000047, 58.079575914000031 ], [ 6.804209832000083, 58.100083726000037 ], [ 6.989268425000091, 58.141058661000045 ], [ 6.873789910000085, 58.134833075000074 ], [ 6.777598504000082, 58.182033596000053 ], [ 6.80795332100007, 58.12055084800005 ], [ 6.731455925000091, 58.119859117000033 ], [ 6.72242272200009, 58.189439195000034 ], [ 6.688243035000085, 58.12055084800005 ], [ 6.78256269600007, 58.065334377000056 ], [ 6.61850019600007, 58.068304755000042 ], [ 6.530528191000087, 58.12055084800005 ], [ 6.56812584700009, 58.131781317000048 ], [ 6.59701582100007, 58.176499742000033 ], [ 6.674571160000085, 58.182033596000053 ], [ 6.65406334700009, 58.189439195000034 ], [ 6.67514082100007, 58.206976630000042 ], [ 6.845957879000082, 58.271389065000051 ], [ 6.68140709700009, 58.223049221000053 ], [ 6.633636915000068, 58.27484772300005 ], [ 6.656260613000086, 58.302801825000074 ], [ 6.69507897200009, 58.291896877000056 ], [ 6.70875084700009, 58.312974351000037 ], [ 6.68726647200009, 58.327337958000044 ], [ 6.619965040000068, 58.319159247000073 ], [ 6.626231316000087, 58.244696356000077 ], [ 6.562347852000073, 58.243109442000048 ], [ 6.010101759000065, 58.384914455000057 ], [ 5.954600457000083, 58.477484442000048 ], [ 5.79665267200005, 58.489245957000037 ], [ 5.77839094400008, 58.520899272000065 ], [ 5.70417068200004, 58.52076740800004 ], [ 5.64625084700009, 58.548651434000078 ], [ 5.477951160000089, 58.754747227000053 ], [ 5.526723268000069, 58.784113904000037 ], [ 5.530528191000087, 58.868719794000071 ], [ 5.572520379000082, 58.894029039000031 ], [ 5.537119988000086, 58.956122137000079 ], [ 5.617360873000052, 58.907294012000079 ], [ 5.626231316000087, 58.925604559000078 ], [ 5.55054772200009, 58.970892645000049 ], [ 5.59156334700009, 58.977118231000077 ], [ 5.578868035000085, 58.989081122000073 ], [ 5.52320397200009, 58.991400458000044 ], [ 5.55054772200009, 59.038560289000031 ], [ 5.715586785000085, 58.977118231000077 ], [ 5.715586785000085, 58.867254950000074 ], [ 5.735524936000047, 58.928697007000039 ], [ 5.81812584700009, 58.93618398600006 ], [ 5.821787957000083, 58.963446356000077 ], [ 5.853526238000086, 58.965033270000049 ], [ 6.092539910000085, 58.847235419000071 ], [ 6.228851759000065, 58.839992580000057 ], [ 6.118988477000073, 58.853583075000074 ], [ 6.057627800000091, 58.902044989000046 ], [ 6.105316602000073, 58.950384833000044 ], [ 6.194834832000083, 58.983954169000071 ], [ 6.626231316000087, 59.052801825000074 ], [ 6.160411004000082, 58.998236395000049 ], [ 6.033864780000044, 58.905178127000056 ], [ 5.975108269000089, 58.963446356000077 ], [ 5.98406009200005, 58.984076239000046 ], [ 6.050791863000086, 58.998236395000049 ], [ 6.00912519600007, 59.025580145000049 ], [ 5.934092644000089, 59.018133856000077 ], [ 5.875498894000089, 59.066229559000078 ], [ 5.890635613000086, 59.103908596000053 ], [ 6.126475457000083, 59.148423570000034 ], [ 6.008799675000091, 59.149359442000048 ], [ 6.064300977000073, 59.207220770000049 ], [ 6.171397332000083, 59.261419989000046 ], [ 6.32390384200005, 59.315008856000077 ], [ 6.461680535000085, 59.31976959800005 ], [ 6.31381269600007, 59.322943427000041 ], [ 6.154144727000073, 59.267767645000049 ], [ 6.084971550000091, 59.306708075000074 ], [ 6.236338738000086, 59.31976959800005 ], [ 6.199229363000086, 59.351548570000034 ], [ 6.172129754000082, 59.321234442000048 ], [ 6.146983269000089, 59.340236721000053 ], [ 6.092458530000044, 59.31976959800005 ], [ 6.057627800000091, 59.353908596000053 ], [ 6.037445509000065, 59.327460028000075 ], [ 5.99545332100007, 59.334051825000074 ], [ 6.041514519000089, 59.383693752000056 ], [ 6.174327019000089, 59.443833726000037 ], [ 6.188649936000047, 59.429632880000042 ], [ 6.242686394000089, 59.510565497000073 ], [ 6.544200066000087, 59.559963283000059 ], [ 6.336110873000052, 59.553615627000056 ], [ 6.236338738000086, 59.525824286000045 ], [ 6.311534050000091, 59.655503648000035 ], [ 6.28646894600007, 59.649237372000073 ], [ 6.237315300000091, 59.549790757000039 ], [ 6.153005405000044, 59.459418036000045 ], [ 6.02702884200005, 59.402289130000042 ], [ 5.982595248000052, 59.429632880000042 ], [ 5.968923373000052, 59.402289130000042 ], [ 5.99545332100007, 59.38117096600007 ], [ 5.924164259000065, 59.35578034100007 ], [ 5.886241082000083, 59.402289130000042 ], [ 5.886241082000083, 59.446966864000046 ], [ 6.153168165000068, 59.477443752000056 ], [ 6.104340040000068, 59.492905992000033 ], [ 5.901866082000083, 59.479071356000077 ], [ 5.807383660000085, 59.53937409100007 ], [ 5.77711022200009, 59.525824286000045 ], [ 5.803477410000085, 59.49477773600006 ], [ 5.797536655000044, 59.463120835000041 ], [ 5.748383009000065, 59.445786851000037 ], [ 5.708262566000087, 59.470607815000051 ], [ 5.696462436000047, 59.429429429000038 ], [ 5.64616946700005, 59.40851471600007 ], [ 5.784190300000091, 59.429266669000071 ], [ 5.852549675000091, 59.384995835000041 ], [ 5.859629754000082, 59.350775458000044 ], [ 5.70484459700009, 59.340236721000053 ], [ 5.611989780000044, 59.293036200000074 ], [ 5.64616946700005, 59.334051825000074 ], [ 5.586599155000044, 59.416489976000037 ], [ 5.560720248000052, 59.409328518000052 ], [ 5.58529707100007, 59.395453192000048 ], [ 5.567881707000083, 59.316351630000042 ], [ 5.505381707000083, 59.277736721000053 ], [ 5.435801629000082, 59.307684637000079 ], [ 5.433116082000083, 59.405096747000073 ], [ 5.404307488000086, 59.378973700000074 ], [ 5.399424675000091, 59.296698309000078 ], [ 5.37273196700005, 59.307196356000077 ], [ 5.348399285000085, 59.415961005000042 ], [ 5.33139082100007, 59.353908596000053 ], [ 5.297211134000065, 59.344671942000048 ], [ 5.231211785000085, 59.424261786000045 ], [ 5.201670769000089, 59.429632880000042 ], [ 5.182302280000044, 59.511216539000031 ], [ 5.242686394000089, 59.525824286000045 ], [ 5.201670769000089, 59.546291408000059 ], [ 5.344248894000089, 59.647650458000044 ], [ 5.385996941000087, 59.649359442000048 ], [ 5.413340691000087, 59.594671942000048 ], [ 5.427012566000087, 59.635687567000048 ], [ 5.399668816000087, 59.669826565000051 ], [ 5.489105665000068, 59.738104559000078 ], [ 5.50554446700005, 59.692694403000075 ], [ 5.487803582000083, 59.575018622000073 ], [ 5.416758660000085, 59.542914130000042 ], [ 5.416758660000085, 59.504706122000073 ], [ 5.516368035000085, 59.539496161000045 ], [ 5.540049675000091, 59.59829336100006 ], [ 5.523610873000052, 59.617905992000033 ], [ 5.56413821700005, 59.676662502000056 ], [ 5.721934441000087, 59.663478908000059 ], [ 5.715586785000085, 59.60773346600007 ], [ 5.754405144000089, 59.609849351000037 ], [ 5.789073113000086, 59.656439520000049 ], [ 5.879405144000089, 59.655503648000035 ], [ 5.879405144000089, 59.676662502000056 ], [ 5.788584832000083, 59.660142320000034 ], [ 5.746104363000086, 59.675523179000038 ], [ 5.81421959700009, 59.729071356000077 ], [ 5.886241082000083, 59.738104559000078 ], [ 5.903086785000085, 59.764797268000052 ], [ 5.985850457000083, 59.735744533000059 ], [ 6.038096550000091, 59.745184637000079 ], [ 6.291758660000085, 59.840318101000037 ], [ 6.311534050000091, 59.854193427000041 ], [ 6.002289259000065, 59.758612372000073 ], [ 5.934092644000089, 59.779038804000038 ], [ 5.968923373000052, 59.861029364000046 ], [ 5.934255405000044, 59.841498114000046 ], [ 5.914398634000065, 59.791449286000045 ], [ 5.83171634200005, 59.772202867000033 ], [ 5.715098504000082, 59.831732489000046 ], [ 5.721853061000047, 59.861029364000046 ], [ 5.68140709700009, 59.841498114000046 ], [ 5.64616946700005, 59.854193427000041 ], [ 5.742930535000085, 59.882066148000035 ], [ 5.740244988000086, 59.909898179000038 ], [ 5.772227410000085, 59.930731512000079 ], [ 5.971527540000068, 59.959540106000077 ], [ 5.982595248000052, 59.98110586100006 ], [ 5.947764519000089, 59.99750397300005 ], [ 6.010020379000082, 60.057440497000073 ], [ 6.291026238000086, 60.121649481000077 ], [ 6.266449415000068, 60.127630927000041 ], [ 6.256846550000091, 60.162665106000077 ], [ 6.20053144600007, 60.125433661000045 ], [ 6.105316602000073, 60.107367255000042 ], [ 6.074961785000085, 60.198391018000052 ], [ 6.14234459700009, 60.21548086100006 ], [ 6.209157748000052, 60.27680084800005 ], [ 6.201670769000089, 60.299790757000039 ], [ 6.277354363000086, 60.313462632000039 ], [ 6.351817254000082, 60.368109442000048 ], [ 6.441661004000082, 60.388861395000049 ], [ 6.502696160000085, 60.430812893000052 ], [ 6.64039147200009, 60.416489976000037 ], [ 6.530528191000087, 60.262274481000077 ], [ 6.510101759000065, 60.135321356000077 ], [ 6.523773634000065, 60.080755927000041 ], [ 6.529144727000073, 60.163885809000078 ], [ 6.58179772200009, 60.238226630000042 ], [ 6.571543816000087, 60.272528387000079 ], [ 6.65406334700009, 60.382391669000071 ], [ 6.802582227000073, 60.472805080000057 ], [ 6.942149285000085, 60.492254950000074 ], [ 7.078786655000044, 60.479396877000056 ], [ 7.105967644000089, 60.505845445000034 ], [ 6.900563998000052, 60.505845445000034 ], [ 7.01726321700005, 60.587836005000042 ], [ 6.98804772200009, 60.589544989000046 ], [ 6.855967644000089, 60.503241278000075 ], [ 6.656097852000073, 60.433010158000059 ], [ 6.592051629000082, 60.443793036000045 ], [ 6.69507897200009, 60.518947658000059 ], [ 6.297211134000065, 60.388576565000051 ], [ 6.225271030000044, 60.412298895000049 ], [ 6.17750084700009, 60.47101471600007 ], [ 6.239431186000047, 60.378973700000074 ], [ 6.118988477000073, 60.368109442000048 ], [ 6.188649936000047, 60.355047919000071 ], [ 6.14031009200005, 60.306626695000034 ], [ 6.160655144000089, 60.286200262000079 ], [ 6.139903191000087, 60.254339911000045 ], [ 5.996429884000065, 60.264960028000075 ], [ 5.914724155000044, 60.168850002000056 ], [ 5.851573113000086, 60.149603583000044 ], [ 5.87273196700005, 60.087551174000055 ], [ 5.855967644000089, 60.02374909100007 ], [ 5.783864780000044, 60.004950262000079 ], [ 5.771657748000052, 60.023504950000074 ], [ 5.739268425000091, 59.99445221600007 ], [ 5.68140709700009, 60.039740302000041 ], [ 5.688649936000047, 60.06085846600007 ], [ 5.775726759000065, 60.065497137000079 ], [ 5.797536655000044, 60.09438711100006 ], [ 5.721202019000089, 60.083889065000051 ], [ 5.700205925000091, 60.103908596000053 ], [ 5.729177280000044, 60.132391669000071 ], [ 5.708262566000087, 60.176336981000077 ], [ 5.79070071700005, 60.211086330000057 ], [ 5.681162957000083, 60.190619208000044 ], [ 5.64616946700005, 60.149603583000044 ], [ 5.593028191000087, 60.138576565000051 ], [ 5.543711785000085, 60.162665106000077 ], [ 5.574066602000073, 60.176743882000039 ], [ 5.56413821700005, 60.204250393000052 ], [ 5.708262566000087, 60.232163804000038 ], [ 5.598399285000085, 60.232163804000038 ], [ 5.633067254000082, 60.272528387000079 ], [ 5.571543816000087, 60.238348700000074 ], [ 5.667246941000087, 60.355047919000071 ], [ 5.736582879000082, 60.39203522300005 ], [ 5.639903191000087, 60.347601630000042 ], [ 5.633067254000082, 60.368109442000048 ], [ 5.526621941000087, 60.217230536000045 ], [ 5.438487175000091, 60.172105210000041 ], [ 5.40984134200005, 60.131333726000037 ], [ 5.351817254000082, 60.155829169000071 ], [ 5.37240644600007, 60.170111395000049 ], [ 5.30404707100007, 60.190619208000044 ], [ 5.351817254000082, 60.217230536000045 ], [ 5.222829623000052, 60.211086330000057 ], [ 5.31031334700009, 60.265692450000074 ], [ 5.170664910000085, 60.278713283000059 ], [ 5.170664910000085, 60.317206122000073 ], [ 5.22828209700009, 60.32094961100006 ], [ 5.140961134000065, 60.351385809000078 ], [ 5.177744988000086, 60.388576565000051 ], [ 5.297862175000091, 60.395982164000031 ], [ 5.250173373000052, 60.430812893000052 ], [ 5.263194207000083, 60.45062897300005 ], [ 5.237071160000085, 60.473781643000052 ], [ 5.305837436000047, 60.528265692000048 ], [ 5.47624759200005, 60.435044664000031 ], [ 5.573252800000091, 60.414943752000056 ], [ 5.653575066000087, 60.430812893000052 ], [ 5.649668816000087, 60.447821356000077 ], [ 5.714040561000047, 60.484279690000051 ], [ 5.71062259200005, 60.603094794000071 ], [ 5.74976647200009, 60.718166408000059 ], [ 5.66382897200009, 60.703924872000073 ], [ 5.695160352000073, 60.752346096000053 ], [ 5.675629102000073, 60.757757880000042 ], [ 5.59156334700009, 60.697699286000045 ], [ 5.533457879000082, 60.697699286000045 ], [ 5.526621941000087, 60.628729559000078 ], [ 5.300059441000087, 60.560777085000041 ], [ 5.222829623000052, 60.574164130000042 ], [ 5.084971550000091, 60.662909247000073 ], [ 5.22828209700009, 60.621323960000041 ], [ 5.084971550000091, 60.711371161000045 ], [ 5.146494988000086, 60.703924872000073 ], [ 5.125824415000068, 60.724432684000078 ], [ 5.03296959700009, 60.741685289000031 ], [ 4.926768425000091, 60.800116278000075 ], [ 4.981455925000091, 60.808783270000049 ], [ 5.280121290000068, 60.721828518000052 ], [ 5.347992384000065, 60.640448309000078 ], [ 5.37240644600007, 60.635646877000056 ], [ 5.351817254000082, 60.662909247000073 ], [ 5.433848504000082, 60.628729559000078 ], [ 5.37086022200009, 60.674383856000077 ], [ 5.433848504000082, 60.662909247000073 ], [ 5.413340691000087, 60.703924872000073 ], [ 5.354991082000083, 60.744818427000041 ], [ 5.284190300000091, 60.747748114000046 ], [ 5.235850457000083, 60.776190497000073 ], [ 5.351817254000082, 60.81313711100006 ], [ 5.338145379000082, 60.839829820000034 ], [ 5.356455925000091, 60.852850653000075 ], [ 5.53687584700009, 60.875799872000073 ], [ 5.479665561000047, 60.884588934000078 ], [ 5.49586022200009, 60.909979559000078 ], [ 5.471690300000091, 60.907456773000035 ], [ 5.326670769000089, 60.868150132000039 ], [ 5.293223504000082, 60.822739976000037 ], [ 5.187836134000065, 60.827704169000071 ], [ 5.16765384200005, 60.854681708000044 ], [ 5.131032748000052, 60.812079169000071 ], [ 5.132823113000086, 60.834865627000056 ], [ 5.047129754000082, 60.844427802000041 ], [ 4.981944207000083, 60.950873114000046 ], [ 5.077403191000087, 60.949652411000045 ], [ 5.100759311000047, 60.877752997000073 ], [ 5.098643425000091, 60.950873114000046 ], [ 5.142832879000082, 60.972154039000031 ], [ 5.14031009200005, 60.991888739000046 ], [ 5.07789147200009, 60.971380927000041 ], [ 5.012705925000091, 60.981919664000031 ], [ 5.016123894000089, 61.046535549000055 ], [ 5.135101759000065, 61.076727606000077 ], [ 5.433848504000082, 61.026597398000035 ], [ 5.448415561000047, 60.995428778000075 ], [ 5.467051629000082, 61.007391669000071 ], [ 5.460215691000087, 61.049994208000044 ], [ 5.52711022200009, 61.075425523000035 ], [ 5.639903191000087, 61.060126044000071 ], [ 5.597666863000086, 61.085150458000044 ], [ 5.773936394000089, 61.114447333000044 ], [ 5.79070071700005, 61.104885158000059 ], [ 5.78093509200005, 61.064357815000051 ], [ 5.863617384000065, 61.117865302000041 ], [ 6.098480665000068, 61.122219143000052 ], [ 6.258067254000082, 61.093817450000074 ], [ 6.266286655000044, 61.058742580000057 ], [ 6.242523634000065, 61.046535549000055 ], [ 6.359222852000073, 61.067572333000044 ], [ 6.338715040000068, 61.01235586100006 ], [ 6.355967644000089, 61.010931708000044 ], [ 6.437673373000052, 61.081244208000044 ], [ 6.545664910000085, 61.104071356000077 ], [ 6.600596550000091, 61.17523834800005 ], [ 6.836680535000085, 61.139349677000041 ], [ 6.868174675000091, 61.090277411000045 ], [ 6.955821160000085, 61.088080145000049 ], [ 7.009776238000086, 61.008937893000052 ], [ 6.873789910000085, 60.937241929000038 ], [ 7.051442905000044, 60.964544989000046 ], [ 7.130137566000087, 60.926703192000048 ], [ 7.105967644000089, 60.861558335000041 ], [ 7.157481316000087, 60.897447007000039 ], [ 7.161306186000047, 60.950873114000046 ], [ 7.09351647200009, 60.963812567000048 ], [ 7.000336134000065, 61.092922268000052 ], [ 7.166270379000082, 61.110052802000041 ], [ 7.222666863000086, 61.140366929000038 ], [ 7.435557488000086, 61.101141669000071 ], [ 7.346202019000089, 61.142726955000057 ], [ 7.427012566000087, 61.18585846600007 ], [ 7.606211785000085, 61.198309637000079 ], [ 7.69499759200005, 61.232082424000055 ], [ 7.38843834700009, 61.198187567000048 ], [ 7.358897332000083, 61.205633856000077 ], [ 7.312022332000083, 61.287298895000049 ], [ 7.380707227000073, 61.378322658000059 ], [ 7.57203209700009, 61.485337632000039 ], [ 7.346202019000089, 61.389105536000045 ], [ 7.263682488000086, 61.39594147300005 ], [ 7.305186394000089, 61.348130601000037 ], [ 7.239756707000083, 61.297267971000053 ], [ 7.359711134000065, 61.191107489000046 ], [ 7.305186394000089, 61.163234768000052 ], [ 7.213715040000068, 61.183661200000074 ], [ 7.137217644000089, 61.145697333000044 ], [ 6.953135613000086, 61.11163971600007 ], [ 6.917246941000087, 61.136297919000071 ], [ 7.00359134200005, 61.183661200000074 ], [ 6.89429772200009, 61.163234768000052 ], [ 6.557871941000087, 61.224595445000034 ], [ 6.69507897200009, 61.344712632000039 ], [ 6.701914910000085, 61.402777411000045 ], [ 6.603363477000073, 61.27875397300005 ], [ 6.564707879000082, 61.265611070000034 ], [ 6.52711022200009, 61.287298895000049 ], [ 6.501149936000047, 61.268133856000077 ], [ 6.537364129000082, 61.204169012000079 ], [ 6.465098504000082, 61.207586981000077 ], [ 6.498301629000082, 61.192328192000048 ], [ 6.506195509000065, 61.146958726000037 ], [ 6.434336785000085, 61.114732164000031 ], [ 6.282725457000083, 61.125433661000045 ], [ 6.203949415000068, 61.148667710000041 ], [ 6.174327019000089, 61.183661200000074 ], [ 6.073496941000087, 61.148016669000071 ], [ 5.961436394000089, 61.163234768000052 ], [ 6.037119988000086, 61.204169012000079 ], [ 5.80445397200009, 61.155747789000031 ], [ 5.78296959700009, 61.196600653000075 ], [ 5.74976647200009, 61.155747789000031 ], [ 5.557302280000044, 61.136460679000038 ], [ 5.423675977000073, 61.079657294000071 ], [ 5.334483269000089, 61.096869208000044 ], [ 5.297862175000091, 61.129095770000049 ], [ 5.193858269000089, 61.105292059000078 ], [ 5.160166863000086, 61.129095770000049 ], [ 5.22828209700009, 61.142726955000057 ], [ 5.044118686000047, 61.163234768000052 ], [ 5.059336785000085, 61.187974351000037 ], [ 5.222829623000052, 61.163234768000052 ], [ 5.214691602000073, 61.183661200000074 ], [ 5.250173373000052, 61.183661200000074 ], [ 5.167816602000073, 61.220770575000074 ], [ 5.020762566000087, 61.216498114000046 ], [ 4.988780144000089, 61.224595445000034 ], [ 5.064463738000086, 61.245754299000055 ], [ 4.954600457000083, 61.25259023600006 ], [ 5.016123894000089, 61.287298895000049 ], [ 5.159353061000047, 61.311102606000077 ], [ 5.201508009000065, 61.342718817000048 ], [ 5.279307488000086, 61.321356512000079 ], [ 5.320648634000065, 61.25226471600007 ], [ 5.337412957000083, 61.268744208000044 ], [ 5.320811394000089, 61.317450262000079 ], [ 5.256358269000089, 61.348130601000037 ], [ 5.633067254000082, 61.361802476000037 ], [ 5.554535352000073, 61.378322658000059 ], [ 5.164317254000082, 61.35610586100006 ], [ 5.058441602000073, 61.323472398000035 ], [ 5.006358269000089, 61.347479559000078 ], [ 4.998789910000085, 61.376898505000042 ], [ 5.044118686000047, 61.402777411000045 ], [ 5.062673373000052, 61.374579169000071 ], [ 5.111664259000065, 61.430731512000079 ], [ 4.947927280000044, 61.416408596000053 ], [ 5.16342207100007, 61.450832424000055 ], [ 5.180511915000068, 61.472316799000055 ], [ 5.51889082100007, 61.430121161000045 ], [ 5.667246941000087, 61.485337632000039 ], [ 5.80445397200009, 61.457993882000039 ], [ 5.72242272200009, 61.498968817000048 ], [ 5.460948113000086, 61.452826239000046 ], [ 5.441254102000073, 61.47915273600006 ], [ 5.290293816000087, 61.479641018000052 ], [ 5.178233269000089, 61.509751695000034 ], [ 5.138926629000082, 61.524115302000041 ], [ 5.14031009200005, 61.554185289000031 ], [ 5.358164910000085, 61.561021226000037 ], [ 5.146494988000086, 61.595200914000031 ], [ 5.427012566000087, 61.588934637000079 ], [ 5.270030144000089, 61.615668036000045 ], [ 5.340668165000068, 61.643133856000077 ], [ 4.968272332000083, 61.636135158000059 ], [ 4.939626498000052, 61.67837148600006 ], [ 4.988129102000073, 61.746893622000073 ], [ 5.16765384200005, 61.725531317000048 ], [ 5.125987175000091, 61.752183335000041 ], [ 5.190196160000085, 61.768947658000059 ], [ 5.064463738000086, 61.759711005000042 ], [ 5.270030144000089, 61.827948309000078 ], [ 5.256358269000089, 61.83539459800005 ], [ 5.33757571700005, 61.841620184000078 ], [ 5.29037519600007, 61.862127997000073 ], [ 5.394786004000082, 61.911078192000048 ], [ 5.675791863000086, 61.886948960000041 ], [ 5.742930535000085, 61.848456122000073 ], [ 5.619395379000082, 61.814927476000037 ], [ 5.940928582000083, 61.845038153000075 ], [ 5.899261915000068, 61.73859284100007 ], [ 5.992035352000073, 61.83539459800005 ], [ 6.098643425000091, 61.778876044000071 ], [ 6.181162957000083, 61.766546942000048 ], [ 6.057627800000091, 61.83539459800005 ], [ 6.29070071700005, 61.83539459800005 ], [ 6.473806186000047, 61.804632880000042 ], [ 6.521332227000073, 61.814195054000038 ], [ 6.58961022200009, 61.870835679000038 ], [ 6.777679884000065, 61.84125397300005 ], [ 6.818614129000082, 61.87641022300005 ], [ 6.677989129000082, 61.896877346000053 ], [ 6.555511915000068, 61.878322658000059 ], [ 6.47624759200005, 61.825344143000052 ], [ 5.886241082000083, 61.883205471000053 ], [ 5.80445397200009, 61.855861721000053 ], [ 5.729258660000085, 61.889390367000033 ], [ 5.961436394000089, 61.916693427000041 ], [ 5.427012566000087, 61.93781159100007 ], [ 5.155772332000083, 61.896063544000071 ], [ 5.098643425000091, 61.916693427000041 ], [ 5.125987175000091, 61.944037177000041 ], [ 5.14031009200005, 61.97134023600006 ], [ 5.22828209700009, 61.958319403000075 ], [ 5.31031334700009, 62.026556708000044 ], [ 5.40015709700009, 62.020005601000037 ], [ 5.208506707000083, 62.102280992000033 ], [ 5.10914147200009, 62.109116929000038 ], [ 5.091807488000086, 62.122748114000046 ], [ 5.125987175000091, 62.129584052000041 ], [ 5.070648634000065, 62.163763739000046 ], [ 5.091807488000086, 62.170599677000041 ], [ 5.084971550000091, 62.191066799000055 ], [ 5.146494988000086, 62.191066799000055 ], [ 5.16968834700009, 62.214504299000055 ], [ 5.274587436000047, 62.169419664000031 ], [ 5.270030144000089, 62.135809637000079 ], [ 5.317881707000083, 62.106512762000079 ], [ 5.451426629000082, 62.061712958000044 ], [ 5.461680535000085, 62.006740627000056 ], [ 5.536387566000087, 62.079046942000048 ], [ 5.59156334700009, 62.068182684000078 ], [ 5.390961134000065, 62.123236395000049 ], [ 5.454274936000047, 62.191066799000055 ], [ 5.622080925000091, 62.164862372000073 ], [ 5.66146894600007, 62.12140534100007 ], [ 5.74976647200009, 62.088609117000033 ], [ 5.668304884000065, 62.143500067000048 ], [ 5.667246941000087, 62.170599677000041 ], [ 5.857432488000086, 62.204250393000052 ], [ 5.905528191000087, 62.190904039000031 ], [ 5.920583530000044, 62.119696356000077 ], [ 5.84538821700005, 62.019720770000049 ], [ 5.936696811000047, 62.08734772300005 ], [ 5.954600457000083, 62.139960028000075 ], [ 6.04428144600007, 62.099269924000055 ], [ 6.050791863000086, 62.068182684000078 ], [ 6.20834394600007, 62.081244208000044 ], [ 6.366709832000083, 62.061346747000073 ], [ 6.088633660000085, 62.109116929000038 ], [ 5.928721550000091, 62.198919989000046 ], [ 5.926036004000082, 62.225490627000056 ], [ 6.064463738000086, 62.204738674000055 ], [ 5.947764519000089, 62.245672919000071 ], [ 6.027679884000065, 62.305731512000079 ], [ 6.310801629000082, 62.372056382000039 ], [ 6.393402540000068, 62.280462958000044 ], [ 6.55046634200005, 62.170599677000041 ], [ 6.556895379000082, 62.138413804000038 ], [ 6.530528191000087, 62.109116929000038 ], [ 6.592051629000082, 62.135809637000079 ], [ 6.580902540000068, 62.160345770000049 ], [ 6.41765384200005, 62.31118398600006 ], [ 6.38998457100007, 62.36469147300005 ], [ 6.400238477000073, 62.387193101000037 ], [ 6.500254754000082, 62.399318752000056 ], [ 6.564707879000082, 62.355536200000074 ], [ 6.544200066000087, 62.41079336100006 ], [ 6.70875084700009, 62.451727606000077 ], [ 6.879161004000082, 62.417914130000042 ], [ 6.873789910000085, 62.355536200000074 ], [ 6.989268425000091, 62.273016669000071 ], [ 7.00521894600007, 62.194281317000048 ], [ 6.94271894600007, 62.13735586100006 ], [ 6.955821160000085, 62.102280992000033 ], [ 7.02125084700009, 62.090765692000048 ], [ 7.13998457100007, 62.116603908000059 ], [ 7.187836134000065, 62.102280992000033 ], [ 7.149668816000087, 62.130804755000042 ], [ 7.029958530000044, 62.100409247000073 ], [ 6.979340040000068, 62.112860419000071 ], [ 6.973399285000085, 62.129380601000037 ], [ 7.037119988000086, 62.183823960000041 ], [ 7.028086785000085, 62.266017971000053 ], [ 7.112803582000083, 62.280462958000044 ], [ 7.209239129000082, 62.250881252000056 ], [ 7.310720248000052, 62.28156159100007 ], [ 7.415049675000091, 62.239447333000044 ], [ 7.293467644000089, 62.297919012000079 ], [ 7.161306186000047, 62.286607164000031 ], [ 6.957041863000086, 62.325344143000052 ], [ 6.914073113000086, 62.369818427000041 ], [ 6.975596550000091, 62.376654364000046 ], [ 6.851573113000086, 62.454494533000059 ], [ 6.756521030000044, 62.464789130000042 ], [ 6.79070071700005, 62.478420315000051 ], [ 6.397715691000087, 62.425034898000035 ], [ 6.304698113000086, 62.459173895000049 ], [ 6.242930535000085, 62.451117255000042 ], [ 6.222666863000086, 62.459173895000049 ], [ 6.453623894000089, 62.502386786000045 ], [ 6.674571160000085, 62.492743231000077 ], [ 6.613780144000089, 62.52016836100006 ], [ 6.476084832000083, 62.513169664000031 ], [ 6.564707879000082, 62.527492580000057 ], [ 6.53296959700009, 62.536851304000038 ], [ 6.26303144600007, 62.527492580000057 ], [ 6.24935957100007, 62.574652411000045 ], [ 6.319590691000087, 62.608547268000052 ], [ 6.537364129000082, 62.615627346000053 ], [ 6.612559441000087, 62.560980536000045 ], [ 6.621592644000089, 62.619574286000045 ], [ 6.646657748000052, 62.609442450000074 ], [ 6.756114129000082, 62.65460846600007 ], [ 6.917816602000073, 62.574652411000045 ], [ 6.90796959700009, 62.602606512000079 ], [ 6.928477410000085, 62.623032945000034 ], [ 6.887461785000085, 62.643540757000039 ], [ 7.092295769000089, 62.650946356000077 ], [ 7.037771030000044, 62.623032945000034 ], [ 7.096527540000068, 62.612209377000056 ], [ 7.127126498000052, 62.533677476000037 ], [ 7.157481316000087, 62.62921784100007 ], [ 7.36500084700009, 62.592840887000079 ], [ 7.430430535000085, 62.548041083000044 ], [ 7.517425977000073, 62.541083075000074 ], [ 7.542491082000083, 62.503607489000046 ], [ 7.572927280000044, 62.549994208000044 ], [ 7.778168165000068, 62.574652411000045 ], [ 7.50521894600007, 62.566351630000042 ], [ 7.422699415000068, 62.59796784100007 ], [ 7.418223504000082, 62.633002020000049 ], [ 7.477305535000085, 62.639593817000048 ], [ 7.497080925000091, 62.588324286000045 ], [ 7.520192905000044, 62.584662177000041 ], [ 7.52320397200009, 62.674383856000077 ], [ 7.835948113000086, 62.732123114000046 ], [ 8.018809441000087, 62.733587958000044 ], [ 8.147471550000091, 62.691961981000077 ], [ 8.045095248000052, 62.759588934000078 ], [ 8.073008660000085, 62.780096747000073 ], [ 7.646006707000083, 62.728664455000057 ], [ 7.489268425000091, 62.686835028000075 ], [ 7.359711134000065, 62.698187567000048 ], [ 7.403575066000087, 62.711900132000039 ], [ 7.36654707100007, 62.732896226000037 ], [ 7.471527540000068, 62.767238674000055 ], [ 7.68132571700005, 62.79437897300005 ], [ 7.609548373000052, 62.796087958000044 ], [ 7.312510613000086, 62.744045315000051 ], [ 6.97038821700005, 62.725572007000039 ], [ 6.94898522200009, 62.732896226000037 ], [ 6.983083530000044, 62.75336334800005 ], [ 6.961924675000091, 62.784165757000039 ], [ 7.009776238000086, 62.814846096000053 ], [ 7.215830925000091, 62.814846096000053 ], [ 7.133148634000065, 62.848944403000075 ], [ 7.016612175000091, 62.841538804000038 ], [ 6.948008660000085, 62.905462958000044 ], [ 6.880056186000047, 62.911078192000048 ], [ 7.23764082100007, 63.014715887000079 ], [ 7.42123457100007, 62.951402085000041 ], [ 7.441742384000065, 62.917873440000051 ], [ 7.501149936000047, 62.910834052000041 ], [ 7.689952019000089, 62.981146552000041 ], [ 7.780446811000047, 62.972601630000042 ], [ 7.668304884000065, 62.917873440000051 ], [ 7.694346550000091, 62.912095445000034 ], [ 7.939300977000073, 62.977118231000077 ], [ 8.07553144600007, 62.950873114000046 ], [ 8.113291863000086, 62.917873440000051 ], [ 8.154307488000086, 62.814846096000053 ], [ 8.513194207000083, 62.707424221000053 ], [ 8.545258009000065, 62.657171942000048 ], [ 8.567230665000068, 62.68227773600006 ], [ 8.543955925000091, 62.720648505000042 ], [ 8.184092644000089, 62.847723700000074 ], [ 8.171153191000087, 62.891791083000044 ], [ 8.209646030000044, 62.911078192000048 ], [ 8.147471550000091, 62.951402085000041 ], [ 7.983083530000044, 63.027085679000038 ], [ 7.942637566000087, 63.020249742000033 ], [ 7.969981316000087, 63.006659247000073 ], [ 7.877207879000082, 63.01040273600006 ], [ 7.997325066000087, 63.092271226000037 ], [ 8.086680535000085, 63.10968659100007 ], [ 8.133962436000047, 63.080267645000049 ], [ 8.128428582000083, 63.05023834800005 ], [ 8.160411004000082, 63.026434637000079 ], [ 8.330088738000086, 62.973374742000033 ], [ 8.339854363000086, 62.958807684000078 ], [ 8.309336785000085, 62.944566148000035 ], [ 8.336436394000089, 62.912095445000034 ], [ 8.329274936000047, 62.880682684000078 ], [ 8.389414910000085, 62.889878648000035 ], [ 8.538584832000083, 62.852362372000073 ], [ 8.428721550000091, 62.89679596600007 ], [ 8.450694207000083, 62.895656643000052 ], [ 8.57398522200009, 62.875433661000045 ], [ 8.702972852000073, 62.822251695000034 ], [ 8.619883660000085, 62.877915757000039 ], [ 8.479746941000087, 62.907171942000048 ], [ 8.41570071700005, 62.958807684000078 ], [ 8.668793165000068, 62.979315497000073 ], [ 8.521739129000082, 62.989203192000048 ], [ 8.586273634000065, 63.020249742000033 ], [ 8.553721550000091, 63.022650458000044 ], [ 8.374034050000091, 62.973089911000045 ], [ 8.319509311000047, 62.999823309000078 ], [ 8.470225457000083, 63.020249742000033 ], [ 8.238536004000082, 63.025458075000074 ], [ 8.228851759000065, 63.063055731000077 ], [ 8.165537957000083, 63.115301825000074 ], [ 8.219737175000091, 63.134466864000046 ], [ 8.291514519000089, 63.09601471600007 ], [ 8.284678582000083, 63.075506903000075 ], [ 8.326182488000086, 63.088568427000041 ], [ 8.319509311000047, 63.10968659100007 ], [ 8.236175977000073, 63.15070221600007 ], [ 8.640961134000065, 63.10968659100007 ], [ 8.56576582100007, 63.161200262000079 ], [ 8.94312584700009, 63.212062893000052 ], [ 8.623708530000044, 63.20148346600007 ], [ 8.573252800000091, 63.253078518000052 ], [ 8.476410352000073, 63.294012762000079 ], [ 8.764414910000085, 63.349269924000055 ], [ 8.711110873000052, 63.351223049000055 ], [ 8.638926629000082, 63.392075914000031 ], [ 8.672373894000089, 63.421210028000075 ], [ 8.718272332000083, 63.408148505000042 ], [ 8.823415561000047, 63.429388739000046 ], [ 8.881114129000082, 63.397650458000044 ], [ 8.891368035000085, 63.42133209800005 ], [ 8.997243686000047, 63.418158270000049 ], [ 8.967458530000044, 63.433417059000078 ], [ 9.018321160000085, 63.466538804000038 ], [ 9.114512566000087, 63.418158270000049 ], [ 9.148610873000052, 63.375921942000048 ], [ 9.10287519600007, 63.34320709800005 ], [ 9.09343509200005, 63.294012762000079 ], [ 9.143077019000089, 63.330877997000073 ], [ 9.264659050000091, 63.362941799000055 ], [ 9.434580925000091, 63.380438544000071 ], [ 9.476898634000065, 63.403876044000071 ], [ 9.218028191000087, 63.372015692000048 ], [ 9.169118686000047, 63.421210028000075 ], [ 9.481944207000083, 63.473211981000077 ], [ 9.480723504000082, 63.487046617000033 ], [ 9.333018425000091, 63.466538804000038 ], [ 9.257823113000086, 63.500067450000074 ], [ 9.292165561000047, 63.459133205000057 ], [ 9.16732832100007, 63.466864325000074 ], [ 9.148610873000052, 63.485825914000031 ], [ 9.161957227000073, 63.507147528000075 ], [ 9.244313998000052, 63.513739325000074 ], [ 9.237152540000068, 63.534491278000075 ], [ 9.302256707000083, 63.530829169000071 ], [ 9.368011915000068, 63.563299872000073 ], [ 9.388194207000083, 63.562201239000046 ], [ 9.37826582100007, 63.530462958000044 ], [ 9.403330925000091, 63.518459377000056 ], [ 9.495371941000087, 63.576890367000033 ], [ 9.573252800000091, 63.541001695000034 ], [ 9.545909050000091, 63.580552476000037 ], [ 9.490570509000065, 63.589422919000071 ], [ 9.699066602000073, 63.644476630000042 ], [ 9.799978061000047, 63.56313711100006 ], [ 9.805918816000087, 63.513739325000074 ], [ 9.96062259200005, 63.427720445000034 ], [ 9.928477410000085, 63.377183335000041 ], [ 9.833262566000087, 63.328802802000041 ], [ 10.01343834700009, 63.361883856000077 ], [ 10.09929446700005, 63.324896552000041 ], [ 10.242198113000086, 63.326320705000057 ], [ 10.259043816000087, 63.267279364000046 ], [ 10.279551629000082, 63.318264065000051 ], [ 10.265879754000082, 63.331935940000051 ], [ 10.068695509000065, 63.36554596600007 ], [ 10.040863477000073, 63.406398830000057 ], [ 10.094004754000082, 63.438666083000044 ], [ 10.30046634200005, 63.466538804000038 ], [ 10.373057488000086, 63.44171784100007 ], [ 10.447276238000086, 63.456773179000038 ], [ 10.576914910000085, 63.430731512000079 ], [ 10.690440300000091, 63.452337958000044 ], [ 10.797862175000091, 63.417385158000059 ], [ 10.893077019000089, 63.44953034100007 ], [ 10.916351759000065, 63.466538804000038 ], [ 10.777679884000065, 63.487494208000044 ], [ 10.758799675000091, 63.517482815000051 ], [ 10.780772332000083, 63.539007880000042 ], [ 10.922618035000085, 63.554754950000074 ], [ 10.856944207000083, 63.569322007000039 ], [ 10.922618035000085, 63.602484442000048 ], [ 10.656423373000052, 63.554754950000074 ], [ 10.755707227000073, 63.625067450000074 ], [ 10.864268425000091, 63.651516018000052 ], [ 10.905446811000047, 63.684475002000056 ], [ 11.033457879000082, 63.719183661000045 ], [ 11.156748894000089, 63.711127020000049 ], [ 11.265798373000052, 63.774400132000039 ], [ 11.457692905000044, 63.789984442000048 ], [ 11.415212436000047, 63.850083726000037 ], [ 11.27711022200009, 63.867377020000049 ], [ 11.111582879000082, 63.849554755000042 ], [ 11.094493035000085, 63.876857815000051 ], [ 11.223317905000044, 63.945461330000057 ], [ 11.475082529692925, 64.0 ], [ 12.78426836436835, 64.0 ] ] ], [ [ [ 10.962738477000073, 63.947943427000041 ], [ 10.871348504000082, 63.897202867000033 ], [ 10.72006269600007, 63.869818427000041 ], [ 10.573741082000083, 63.809149481000077 ], [ 10.900238477000073, 63.894720770000049 ], [ 11.05600019600007, 63.861273505000042 ], [ 11.07398522200009, 63.835882880000042 ], [ 11.00749759200005, 63.81313711100006 ], [ 10.97787519600007, 63.767564195000034 ], [ 10.910004102000073, 63.731024481000077 ], [ 10.671722852000073, 63.686835028000075 ], [ 10.602305535000085, 63.635931708000044 ], [ 10.080332879000082, 63.507513739000046 ], [ 9.98015384200005, 63.493353583000044 ], [ 9.918223504000082, 63.514715887000079 ], [ 9.887950066000087, 63.575181382000039 ], [ 9.90211022200009, 63.589422919000071 ], [ 9.833262566000087, 63.602484442000048 ], [ 9.810801629000082, 63.627142645000049 ], [ 9.833262566000087, 63.644110419000071 ], [ 9.792246941000087, 63.664536851000037 ], [ 9.799082879000082, 63.691839911000045 ], [ 9.999847852000073, 63.723863023000035 ], [ 10.101410352000073, 63.767564195000034 ], [ 10.00521894600007, 63.746527411000045 ], [ 10.029551629000082, 63.78351471600007 ], [ 9.544118686000047, 63.665594794000071 ], [ 9.567881707000083, 63.706773179000038 ], [ 9.552744988000086, 63.72601959800005 ], [ 9.778086785000085, 63.767564195000034 ], [ 9.545909050000091, 63.774400132000039 ], [ 9.874278191000087, 63.863185940000051 ], [ 9.792246941000087, 63.883693752000056 ], [ 9.892100457000083, 63.902533270000049 ], [ 9.925791863000086, 63.883693752000056 ], [ 10.115977410000085, 63.941107489000046 ], [ 10.19703209700009, 63.938299872000073 ], [ 10.141774936000047, 63.965562242000033 ], [ 9.94312584700009, 63.918402411000045 ], [ 10.128103061000047, 63.986721096000053 ], [ 9.936289910000085, 63.959418036000045 ], [ 9.986227938254116, 64.0 ], [ 11.149884009045133, 64.0 ], [ 10.962738477000073, 63.947943427000041 ] ] ], [ [ [ 5.27898196700005, 59.292547919000071 ], [ 5.317929266000078, 59.256539763000035 ], [ 5.297090544000071, 59.168884398000046 ], [ 5.208550995000053, 59.142885598000078 ], [ 5.166168649000042, 59.195682414000032 ], [ 5.165278478000062, 59.273427630000072 ], [ 5.178721550000091, 59.292222398000035 ], [ 5.22828209700009, 59.285589911000045 ], [ 5.173838738000086, 59.334051825000074 ], [ 5.208506707000083, 59.374945380000042 ], [ 5.185883009000065, 59.414740302000041 ], [ 5.208506707000083, 59.415961005000042 ], [ 5.280284050000091, 59.330267645000049 ], [ 5.27898196700005, 59.292547919000071 ] ] ], [ [ [ 5.15398196700005, 59.874660549000055 ], [ 5.344981316000087, 59.710150458000044 ], [ 5.29078209700009, 59.683539130000042 ], [ 5.270030144000089, 59.682847398000035 ], [ 5.31031334700009, 59.703314520000049 ], [ 5.289317254000082, 59.749823309000078 ], [ 5.194183790000068, 59.744940497000073 ], [ 5.15398196700005, 59.669826565000051 ], [ 5.160166863000086, 59.655218817000048 ], [ 5.208506707000083, 59.682847398000035 ], [ 5.187998894000089, 59.655503648000035 ], [ 5.201670769000089, 59.614569403000075 ], [ 5.152842644000089, 59.591620184000078 ], [ 5.115407748000052, 59.636053778000075 ], [ 5.116709832000083, 59.685695705000057 ], [ 5.187998894000089, 59.758612372000073 ], [ 5.118418816000087, 59.779038804000038 ], [ 5.08952884200005, 59.762274481000077 ], [ 5.070648634000065, 59.782782294000071 ], [ 5.098643425000091, 59.827460028000075 ], [ 5.146494988000086, 59.827460028000075 ], [ 5.10482832100007, 59.868475653000075 ], [ 5.15398196700005, 59.874660549000055 ] ] ], [ [ [ 5.490896030000044, 59.851955471000053 ], [ 5.481700066000087, 59.787909247000073 ], [ 5.421885613000086, 59.758978583000044 ], [ 5.363291863000086, 59.764064846000053 ], [ 5.406504754000082, 59.779038804000038 ], [ 5.314300977000073, 59.789455471000053 ], [ 5.250173373000052, 59.909409898000035 ], [ 5.297536655000044, 59.950995184000078 ], [ 5.28288821700005, 59.966620184000078 ], [ 5.326182488000086, 59.976507880000042 ], [ 5.420664910000085, 59.938381252000056 ], [ 5.490896030000044, 59.851955471000053 ] ] ], [ [ [ 5.646983269000089, 60.080145575000074 ], [ 5.660411004000082, 60.016913153000075 ], [ 5.60523522200009, 59.962225653000075 ], [ 5.639903191000087, 59.915594794000071 ], [ 5.571543816000087, 59.923041083000044 ], [ 5.508067254000082, 59.899115302000041 ], [ 5.476817254000082, 59.962958075000074 ], [ 5.410166863000086, 59.95766836100006 ], [ 5.361827019000089, 59.995347398000035 ], [ 5.449392123000052, 60.005031643000052 ], [ 5.439707879000082, 60.032416083000044 ], [ 5.461680535000085, 60.052801825000074 ], [ 5.646983269000089, 60.080145575000074 ] ] ], [ [ [ 5.10320071700005, 60.190741278000075 ], [ 5.057139519000089, 60.19367096600007 ], [ 5.022959832000083, 60.245184637000079 ], [ 5.017425977000073, 60.220770575000074 ], [ 4.947927280000044, 60.258856512000079 ], [ 4.941416863000086, 60.291245835000041 ], [ 5.022959832000083, 60.286200262000079 ], [ 5.036631707000083, 60.313462632000039 ], [ 4.970957879000082, 60.332831122000073 ], [ 4.94890384200005, 60.439154364000046 ], [ 4.976817254000082, 60.441229559000078 ], [ 5.093760613000086, 60.320217190000051 ], [ 5.082855665000068, 60.285549221000053 ], [ 5.050303582000083, 60.286200262000079 ], [ 5.104258660000085, 60.241685289000031 ], [ 5.10320071700005, 60.190741278000075 ] ] ], [ [ [ 4.960785352000073, 60.559881903000075 ], [ 5.026377800000091, 60.52289459800005 ], [ 5.15015709700009, 60.501369533000059 ], [ 5.194183790000068, 60.471136786000045 ], [ 5.204356316000087, 60.431830145000049 ], [ 5.125010613000086, 60.402411200000074 ], [ 5.132823113000086, 60.443793036000045 ], [ 5.064463738000086, 60.464911200000074 ], [ 5.078135613000086, 60.47797272300005 ], [ 5.053721550000091, 60.502142645000049 ], [ 4.990570509000065, 60.50617096600007 ], [ 4.960785352000073, 60.559881903000075 ] ] ], [ [ [ 5.687673373000052, 60.676581122000073 ], [ 5.68140709700009, 60.481675523000035 ], [ 5.608897332000083, 60.443793036000045 ], [ 5.502126498000052, 60.43695709800005 ], [ 5.32398522200009, 60.546820380000042 ], [ 5.409027540000068, 60.558010158000059 ], [ 5.56967207100007, 60.625067450000074 ], [ 5.608409050000091, 60.688421942000048 ], [ 5.687673373000052, 60.676581122000073 ] ] ], [ [ [ 4.987315300000091, 61.119696356000077 ], [ 4.893809441000087, 61.05609772300005 ], [ 4.858409050000091, 61.101141669000071 ], [ 4.803233269000089, 61.046535549000055 ], [ 4.790212436000047, 61.146144924000055 ], [ 4.830577019000089, 61.163234768000052 ], [ 4.863291863000086, 61.12173086100006 ], [ 4.844737175000091, 61.197333075000074 ], [ 4.862478061000047, 61.20343659100007 ], [ 4.895274285000085, 61.13735586100006 ], [ 4.90007571700005, 61.169989325000074 ], [ 4.943532748000052, 61.190171617000033 ], [ 4.987315300000091, 61.119696356000077 ] ] ], [ [ [ 4.90951582100007, 61.898179429000038 ], [ 4.952972852000073, 61.896958726000037 ], [ 5.222829623000052, 61.848456122000073 ], [ 5.118418816000087, 61.821112372000073 ], [ 5.138682488000086, 61.83734772300005 ], [ 5.125987175000091, 61.855861721000053 ], [ 5.053396030000044, 61.808783270000049 ], [ 4.916270379000082, 61.780951239000046 ], [ 4.87077884200005, 61.813381252000056 ], [ 4.926768425000091, 61.827948309000078 ], [ 4.803233269000089, 61.841620184000078 ], [ 4.90951582100007, 61.898179429000038 ] ] ], [ [ [ 5.696462436000047, 62.301662502000056 ], [ 5.80445397200009, 62.266791083000044 ], [ 5.79070071700005, 62.214992580000057 ], [ 5.701426629000082, 62.191066799000055 ], [ 5.546885613000086, 62.192694403000075 ], [ 5.502126498000052, 62.225816148000035 ], [ 5.605723504000082, 62.225816148000035 ], [ 5.518077019000089, 62.243150132000039 ], [ 5.557302280000044, 62.259955145000049 ], [ 5.543711785000085, 62.273016669000071 ], [ 5.563243035000085, 62.291408596000053 ], [ 5.696462436000047, 62.301662502000056 ] ] ], [ [ [ 5.943858269000089, 62.42804596600007 ], [ 6.078786655000044, 62.341864325000074 ], [ 5.811289910000085, 62.245672919000071 ], [ 5.851573113000086, 62.280462958000044 ], [ 5.80445397200009, 62.362372137000079 ], [ 5.836599155000044, 62.403225002000056 ], [ 5.943858269000089, 62.42804596600007 ] ] ], [ [ [ 6.201670769000089, 62.444891669000071 ], [ 6.332530144000089, 62.41079336100006 ], [ 6.165049675000091, 62.396551825000074 ], [ 6.090668165000068, 62.402411200000074 ], [ 6.023448113000086, 62.437445380000042 ], [ 6.201670769000089, 62.444891669000071 ] ] ], [ [ [ 6.878916863000086, 62.742743231000077 ], [ 6.919444207000083, 62.717189846000053 ], [ 6.914073113000086, 62.698187567000048 ], [ 6.672373894000089, 62.655991929000038 ], [ 6.646657748000052, 62.678290106000077 ], [ 6.703135613000086, 62.73578522300005 ], [ 6.878916863000086, 62.742743231000077 ] ] ], [ [ [ 6.790049675000091, 62.857652085000041 ], [ 6.924327019000089, 62.856594143000052 ], [ 6.942149285000085, 62.825913804000038 ], [ 6.880056186000047, 62.808010158000059 ], [ 6.903819207000083, 62.790350653000075 ], [ 6.886729363000086, 62.775091864000046 ], [ 6.770355665000068, 62.816961981000077 ], [ 6.804209832000083, 62.822251695000034 ], [ 6.777517123000052, 62.839829820000034 ], [ 6.790049675000091, 62.857652085000041 ] ] ], [ [ [ 7.726410352000073, 63.093817450000074 ], [ 7.914724155000044, 63.081732489000046 ], [ 7.873383009000065, 63.045111395000049 ], [ 7.787933790000068, 63.020656643000052 ], [ 7.68132571700005, 63.055080471000053 ], [ 7.726410352000073, 63.093817450000074 ] ] ], [ [ [ 7.65202884200005, 63.051988023000035 ], [ 7.706309441000087, 63.006659247000073 ], [ 7.526540561000047, 62.946030992000033 ], [ 7.36654707100007, 62.99673086100006 ], [ 7.435557488000086, 63.020249742000033 ], [ 7.41732832100007, 63.036037502000056 ], [ 7.435557488000086, 63.047552802000041 ], [ 7.401377800000091, 63.061265367000033 ], [ 7.490244988000086, 63.068060614000046 ], [ 7.476410352000073, 63.055080471000053 ], [ 7.565196160000085, 63.020249742000033 ], [ 7.563161655000044, 63.050604559000078 ], [ 7.606130405000044, 63.07843659100007 ], [ 7.585134311000047, 63.116522528000075 ], [ 7.64779707100007, 63.10968659100007 ], [ 7.65202884200005, 63.051988023000035 ] ] ], [ [ [ 8.132823113000086, 63.229193427000041 ], [ 8.188487175000091, 63.157456773000035 ], [ 8.020192905000044, 63.137925523000035 ], [ 7.928396030000044, 63.177923895000049 ], [ 8.07781009200005, 63.241156317000048 ], [ 8.132823113000086, 63.229193427000041 ] ] ], [ [ [ 8.428721550000091, 63.287787177000041 ], [ 8.574717644000089, 63.199611721000053 ], [ 8.56576582100007, 63.177923895000049 ], [ 8.42318769600007, 63.161078192000048 ], [ 8.344899936000047, 63.176459052000041 ], [ 8.264170769000089, 63.232611395000049 ], [ 8.28842207100007, 63.277167059000078 ], [ 8.353526238000086, 63.267279364000046 ], [ 8.396006707000083, 63.22687409100007 ], [ 8.401377800000091, 63.272040106000077 ], [ 8.428721550000091, 63.287787177000041 ] ] ], [ [ [ 7.914724155000044, 63.342474677000041 ], [ 7.997325066000087, 63.342474677000041 ], [ 7.80632571700005, 63.371283270000049 ], [ 7.778168165000068, 63.411322333000044 ], [ 8.070567254000082, 63.47329336100006 ], [ 8.181651238000086, 63.390204169000071 ], [ 8.086680535000085, 63.328802802000041 ], [ 7.976817254000082, 63.315130927000041 ], [ 7.914724155000044, 63.342474677000041 ] ] ], [ [ [ 9.176036004000082, 63.567775783000059 ], [ 9.10678144600007, 63.533270575000074 ], [ 8.477061394000089, 63.431219794000071 ], [ 8.333018425000091, 63.459133205000057 ], [ 8.299327019000089, 63.445502020000049 ], [ 8.277842644000089, 63.466538804000038 ], [ 8.317230665000068, 63.513169664000031 ], [ 8.413340691000087, 63.557806708000044 ], [ 8.723480665000068, 63.567775783000059 ], [ 8.545258009000065, 63.602484442000048 ], [ 8.788259311000047, 63.640041408000059 ], [ 8.846446160000085, 63.615912177000041 ], [ 8.868174675000091, 63.646185614000046 ], [ 8.965179884000065, 63.656236070000034 ], [ 8.977305535000085, 63.644110419000071 ], [ 8.956879102000073, 63.630438544000071 ], [ 8.988291863000086, 63.592759507000039 ], [ 9.080088738000086, 63.606187242000033 ], [ 9.12671959700009, 63.569077867000033 ], [ 9.176036004000082, 63.567775783000059 ] ] ], [ [ [ 8.335215691000087, 63.668158270000049 ], [ 8.271739129000082, 63.685044664000031 ], [ 8.743418816000087, 63.774400132000039 ], [ 8.675059441000087, 63.767564195000034 ], [ 8.737152540000068, 63.809149481000077 ], [ 8.805430535000085, 63.815375067000048 ], [ 8.791758660000085, 63.794907945000034 ], [ 8.82553144600007, 63.734076239000046 ], [ 8.743418816000087, 63.687933661000045 ], [ 8.335215691000087, 63.668158270000049 ] ] ], [ [ [ 11.075694207000083, 59.080471096000053 ], [ 11.046397332000083, 59.02680084800005 ], [ 10.991465691000087, 59.033596096000053 ], [ 11.00326582100007, 59.086493231000077 ], [ 11.075694207000083, 59.080471096000053 ] ] ], [ [ [ 10.91382897200009, 59.111558335000041 ], [ 10.877452019000089, 59.071234442000048 ], [ 10.829112175000091, 59.099432684000078 ], [ 10.855479363000086, 59.115383205000057 ], [ 10.857269727000073, 59.09906647300005 ], [ 10.91382897200009, 59.111558335000041 ] ] ], [ [ [ 5.298350457000083, 60.059719143000052 ], [ 5.297048373000052, 60.027533270000049 ], [ 5.25367272200009, 59.993109442000048 ], [ 5.171722852000073, 60.04946523600006 ], [ 5.203623894000089, 60.088283596000053 ], [ 5.223887566000087, 60.042303778000075 ], [ 5.246592644000089, 60.051459052000041 ], [ 5.204925977000073, 60.107082424000055 ], [ 5.217539910000085, 60.118475653000075 ], [ 5.298350457000083, 60.059719143000052 ] ] ], [ [ [ 4.928396030000044, 60.864243882000039 ], [ 4.878754102000073, 60.865139065000051 ], [ 4.825205925000091, 60.920477606000077 ], [ 4.776866082000083, 60.92999909100007 ], [ 4.882823113000086, 60.92999909100007 ], [ 4.928396030000044, 60.864243882000039 ] ] ], [ [ [ 4.700043165000068, 61.082220770000049 ], [ 4.739024285000085, 61.013739325000074 ], [ 4.706879102000073, 60.988511460000041 ], [ 4.70866946700005, 61.019720770000049 ], [ 4.680349155000044, 60.997137762000079 ], [ 4.643809441000087, 61.057603257000039 ], [ 4.700043165000068, 61.082220770000049 ] ] ], [ [ [ 5.133555535000085, 62.01984284100007 ], [ 5.148692254000082, 61.98859284100007 ], [ 5.095225457000083, 61.927435614000046 ], [ 5.021494988000086, 61.938869533000059 ], [ 5.05437259200005, 61.972357489000046 ], [ 4.984222852000073, 62.009466864000046 ], [ 4.992930535000085, 62.035060940000051 ], [ 5.07976321700005, 62.006415106000077 ], [ 5.133555535000085, 62.01984284100007 ] ] ], [ [ [ 5.613942905000044, 62.324693101000037 ], [ 5.68531334700009, 62.362046617000033 ], [ 5.741465691000087, 62.360663153000075 ], [ 5.728526238000086, 62.326646226000037 ], [ 5.613942905000044, 62.324693101000037 ] ] ], [ [ [ 5.596364780000044, 62.354478257000039 ], [ 5.521332227000073, 62.334865627000056 ], [ 5.509938998000052, 62.363999742000033 ], [ 5.596364780000044, 62.354478257000039 ] ] ], [ [ [ 8.31812584700009, 63.177801825000074 ], [ 8.209808790000068, 63.161363023000035 ], [ 8.165293816000087, 63.213446356000077 ], [ 8.235118035000085, 63.222235419000071 ], [ 8.31812584700009, 63.177801825000074 ] ] ], [ [ [ 9.167002800000091, 63.647202867000033 ], [ 9.076345248000052, 63.612982489000046 ], [ 9.014008009000065, 63.626695054000038 ], [ 9.057871941000087, 63.661078192000048 ], [ 9.167002800000091, 63.647202867000033 ] ] ], [ [ [ 9.917156337562536, 64.0 ], [ 9.89226321700005, 63.997015692000048 ], [ 9.886208100081538, 64.0 ], [ 9.917156337562536, 64.0 ] ] ], [ [ [ 5.775889519000089, 59.11273834800005 ], [ 5.77475019600007, 59.080552476000037 ], [ 5.750743035000085, 59.072333075000074 ], [ 5.575205925000091, 59.124009507000039 ], [ 5.775889519000089, 59.11273834800005 ] ] ], [ [ [ 5.466319207000083, 59.20453522300005 ], [ 5.443207227000073, 59.158921617000033 ], [ 5.375336134000065, 59.218817450000074 ], [ 5.41382897200009, 59.240790106000077 ], [ 5.466319207000083, 59.20453522300005 ] ] ], [ [ [ 5.95248457100007, 59.283921617000033 ], [ 6.099864129000082, 59.276556708000044 ], [ 6.05632571700005, 59.240708726000037 ], [ 5.958181186000047, 59.227850653000075 ], [ 5.929860873000052, 59.243475653000075 ], [ 5.95248457100007, 59.283921617000033 ] ] ], [ [ [ 4.851573113000086, 60.621079820000034 ], [ 4.836761915000068, 60.586737372000073 ], [ 4.779470248000052, 60.598537502000056 ], [ 4.791270379000082, 60.666083075000074 ], [ 4.851573113000086, 60.621079820000034 ] ] ], [ [ [ 4.831879102000073, 61.681463934000078 ], [ 4.879893425000091, 61.711981512000079 ], [ 4.903493686000047, 61.676174221000053 ], [ 4.902842644000089, 61.652492580000057 ], [ 4.831879102000073, 61.681463934000078 ] ] ] ] } },
{ "type": "Feature", "properties": { "iso3": "SWE", "NAME": "Sweden", "assessed": false }, "geometry": { "type": "MultiPolygon", "coordinates": [ [ [ [ 20.899912957000083, 63.993963934000078 ], [ 20.824961785000085, 63.944728908000059 ], [ 20.777191602000073, 63.869370835000041 ], [ 20.674815300000091, 63.842718817000048 ], [ 20.677907748000052, 63.82257721600007 ], [ 20.708994988000086, 63.822211005000042 ], [ 20.674652540000068, 63.789252020000049 ], [ 20.61264082100007, 63.822211005000042 ], [ 20.54265384200005, 63.775336005000042 ], [ 20.503428582000083, 63.822007554000038 ], [ 20.455821160000085, 63.772202867000033 ], [ 20.413584832000083, 63.767564195000034 ], [ 20.421071811000047, 63.71234772300005 ], [ 20.39429772200009, 63.68109772300005 ], [ 20.354746941000087, 63.689154364000046 ], [ 20.361664259000065, 63.725490627000056 ], [ 20.325450066000087, 63.753973700000074 ], [ 20.30795332100007, 63.654364325000074 ], [ 20.267588738000086, 63.670599677000041 ], [ 20.284434441000087, 63.732855536000045 ], [ 20.246104363000086, 63.698228257000039 ], [ 20.242849155000044, 63.650864976000037 ], [ 20.119883660000085, 63.642482815000051 ], [ 20.07357832100007, 63.666245835000041 ], [ 20.020030144000089, 63.647447007000039 ], [ 20.030528191000087, 63.602484442000048 ], [ 19.937754754000082, 63.619859117000033 ], [ 19.886973504000082, 63.603094794000071 ], [ 19.753184441000087, 63.524318752000056 ], [ 19.772471550000091, 63.464585679000038 ], [ 19.699473504000082, 63.433742580000057 ], [ 19.639496290000068, 63.444891669000071 ], [ 19.637054884000065, 63.478338934000078 ], [ 19.578623894000089, 63.521185614000046 ], [ 19.446299675000091, 63.56085846600007 ], [ 19.420420769000089, 63.548529364000046 ], [ 19.468760613000086, 63.534247137000079 ], [ 19.454600457000083, 63.508937893000052 ], [ 19.523448113000086, 63.485825914000031 ], [ 19.461436394000089, 63.468939520000049 ], [ 19.516612175000091, 63.414740302000041 ], [ 19.346202019000089, 63.485907294000071 ], [ 19.372569207000083, 63.444891669000071 ], [ 19.293223504000082, 63.466538804000038 ], [ 19.259287957000083, 63.329046942000048 ], [ 19.229258660000085, 63.342474677000041 ], [ 19.133067254000082, 63.308294989000046 ], [ 19.153493686000047, 63.294012762000079 ], [ 19.116709832000083, 63.23663971600007 ], [ 19.057383660000085, 63.260484117000033 ], [ 19.039886915000068, 63.238959052000041 ], [ 19.05640709700009, 63.226507880000042 ], [ 19.111989780000044, 63.219549872000073 ], [ 19.052744988000086, 63.178859768000052 ], [ 18.906748894000089, 63.267075914000031 ], [ 18.872894727000073, 63.269191799000055 ], [ 18.866058790000068, 63.249904690000051 ], [ 18.751149936000047, 63.259466864000046 ], [ 18.735199415000068, 63.253078518000052 ], [ 18.913340691000087, 63.212062893000052 ], [ 18.77312259200005, 63.168768622000073 ], [ 18.752940300000091, 63.20766836100006 ], [ 18.82390384200005, 63.219549872000073 ], [ 18.700450066000087, 63.225775458000044 ], [ 18.75562584700009, 63.157456773000035 ], [ 18.564463738000086, 63.177923895000049 ], [ 18.643077019000089, 63.146918036000045 ], [ 18.654633009000065, 63.113714911000045 ], [ 18.556976759000065, 63.116522528000075 ], [ 18.522959832000083, 63.075506903000075 ], [ 18.556976759000065, 63.075506903000075 ], [ 18.499034050000091, 63.055080471000053 ], [ 18.47820071700005, 63.020249742000033 ], [ 18.403819207000083, 63.055650132000039 ], [ 18.372080925000091, 63.047552802000041 ], [ 18.434092644000089, 63.014105536000045 ], [ 18.34310957100007, 63.039536851000037 ], [ 18.324229363000086, 63.014105536000045 ], [ 18.241709832000083, 62.999823309000078 ], [ 18.570648634000065, 62.973089911000045 ], [ 18.56804446700005, 62.95343659100007 ], [ 18.536631707000083, 62.973089911000045 ], [ 18.504893425000091, 62.949204820000034 ], [ 18.403330925000091, 62.964829820000034 ], [ 18.392588738000086, 62.945217190000051 ], [ 18.439626498000052, 62.928168036000045 ], [ 18.522959832000083, 62.924750067000048 ], [ 18.512543165000068, 62.904120184000078 ], [ 18.40007571700005, 62.911078192000048 ], [ 18.474457227000073, 62.876898505000042 ], [ 18.451345248000052, 62.857123114000046 ], [ 18.331065300000091, 62.840073960000041 ], [ 18.248545769000089, 62.883734442000048 ], [ 18.255381707000083, 62.86945221600007 ], [ 18.207041863000086, 62.86945221600007 ], [ 18.207041863000086, 62.835353908000059 ], [ 18.282725457000083, 62.841538804000038 ], [ 18.243662957000083, 62.799017645000049 ], [ 18.19507897200009, 62.777411200000074 ], [ 18.186289910000085, 62.811672268000052 ], [ 18.140472852000073, 62.771918036000045 ], [ 18.077321811000047, 62.773871161000045 ], [ 18.068369988000086, 62.793890692000048 ], [ 18.008962436000047, 62.79437897300005 ], [ 18.14616946700005, 62.822251695000034 ], [ 18.077321811000047, 62.85578034100007 ], [ 17.967784050000091, 62.807806708000044 ], [ 17.93531334700009, 62.81704336100006 ], [ 17.921397332000083, 62.915716864000046 ], [ 17.87867272200009, 62.911078192000048 ], [ 17.809743686000047, 62.979315497000073 ], [ 17.830821160000085, 62.999823309000078 ], [ 17.761973504000082, 62.979315497000073 ], [ 17.693614129000082, 62.99359772300005 ], [ 17.847666863000086, 62.921291408000059 ], [ 17.901866082000083, 62.83930084800005 ], [ 17.885508660000085, 62.814846096000053 ], [ 17.95679772200009, 62.782538153000075 ], [ 18.002696160000085, 62.708970445000034 ], [ 17.993418816000087, 62.659898179000038 ], [ 17.871836785000085, 62.670843817000048 ], [ 18.043223504000082, 62.626166083000044 ], [ 18.06421959700009, 62.595770575000074 ], [ 17.968272332000083, 62.560492255000042 ], [ 17.937022332000083, 62.615627346000053 ], [ 17.909353061000047, 62.549383856000077 ], [ 17.84310957100007, 62.48969147300005 ], [ 17.734629754000082, 62.505764065000051 ], [ 17.658946160000085, 62.478420315000051 ], [ 17.707367384000065, 62.437445380000042 ], [ 17.561778191000087, 62.443752346000053 ], [ 17.426768425000091, 62.541083075000074 ], [ 17.330821160000085, 62.48773834800005 ], [ 17.377452019000089, 62.43390534100007 ], [ 17.378428582000083, 62.41079336100006 ], [ 17.337412957000083, 62.403957424000055 ], [ 17.38062584700009, 62.33266836100006 ], [ 17.454112175000091, 62.321437893000052 ], [ 17.488291863000086, 62.286607164000031 ], [ 17.460215691000087, 62.273016669000071 ], [ 17.652679884000065, 62.232001044000071 ], [ 17.544444207000083, 62.201605536000045 ], [ 17.569509311000047, 62.232001044000071 ], [ 17.508636915000068, 62.218410549000055 ], [ 17.508636915000068, 62.163763739000046 ], [ 17.447276238000086, 62.068182684000078 ], [ 17.469004754000082, 62.062160549000055 ], [ 17.426117384000065, 62.026556708000044 ], [ 17.460459832000083, 62.003322658000059 ], [ 17.392100457000083, 61.992417710000041 ], [ 17.385996941000087, 61.961981512000079 ], [ 17.344574415000068, 61.936672268000052 ], [ 17.36459394600007, 61.886297919000071 ], [ 17.337412957000083, 61.82367584800005 ], [ 17.40560957100007, 61.821112372000073 ], [ 17.371592644000089, 61.800604559000078 ], [ 17.399180535000085, 61.722357489000046 ], [ 17.483083530000044, 61.734564520000049 ], [ 17.514170769000089, 61.713812567000048 ], [ 17.496348504000082, 61.63507721600007 ], [ 17.432871941000087, 61.639390367000033 ], [ 17.330577019000089, 61.718085028000075 ], [ 17.35092207100007, 61.677150783000059 ], [ 17.266612175000091, 61.721625067000048 ], [ 17.13803144600007, 61.725531317000048 ], [ 17.268565300000091, 61.690822658000059 ], [ 17.166188998000052, 61.656683661000045 ], [ 17.193369988000086, 61.642320054000038 ], [ 17.097178582000083, 61.636135158000059 ], [ 17.247894727000073, 61.60883209800005 ], [ 17.083506707000083, 61.615668036000045 ], [ 17.145681186000047, 61.595200914000031 ], [ 17.05632571700005, 61.582180080000057 ], [ 17.186534050000091, 61.561021226000037 ], [ 17.080088738000086, 61.550482489000046 ], [ 17.166188998000052, 61.526922919000071 ], [ 17.124522332000083, 61.513251044000071 ], [ 17.172373894000089, 61.498968817000048 ], [ 17.151866082000083, 61.464829820000034 ], [ 17.16928144600007, 61.441107489000046 ], [ 17.22038821700005, 61.447984117000033 ], [ 17.166188998000052, 61.416408596000053 ], [ 17.136566602000073, 61.437079169000071 ], [ 17.104014519000089, 61.399359442000048 ], [ 17.276052280000044, 61.314032294000071 ], [ 17.151866082000083, 61.328314520000049 ], [ 17.247894727000073, 61.287298895000049 ], [ 17.205088738000086, 61.28851959800005 ], [ 17.097178582000083, 61.320868231000077 ], [ 17.212738477000073, 61.235296942000048 ], [ 17.151866082000083, 61.204169012000079 ], [ 17.186534050000091, 61.191107489000046 ], [ 17.158702019000089, 61.149562893000052 ], [ 17.182790561000047, 61.123236395000049 ], [ 17.145681186000047, 61.114732164000031 ], [ 17.199880405000044, 61.095892645000049 ], [ 17.168711785000085, 61.059312242000033 ], [ 17.186534050000091, 61.032863674000055 ], [ 17.158702019000089, 61.01984284100007 ], [ 17.247894727000073, 61.01235586100006 ], [ 17.16773522200009, 60.992173570000034 ], [ 17.158213738000086, 60.948431708000044 ], [ 17.246267123000052, 60.898016669000071 ], [ 17.282237175000091, 60.841009833000044 ], [ 17.259287957000083, 60.815659898000035 ], [ 17.282237175000091, 60.81313711100006 ], [ 17.283050977000073, 60.781154690000051 ], [ 17.33570397200009, 60.766913153000075 ], [ 17.186696811000047, 60.692368882000039 ], [ 17.257985873000052, 60.694403387000079 ], [ 17.36459394600007, 60.649237372000073 ], [ 17.323741082000083, 60.635646877000056 ], [ 17.33952884200005, 60.622992255000042 ], [ 17.574961785000085, 60.64789459800005 ], [ 17.658946160000085, 60.608303127000056 ], [ 17.603770379000082, 60.584133205000057 ], [ 17.638194207000083, 60.515448309000078 ], [ 17.670583530000044, 60.504095770000049 ], [ 17.741465691000087, 60.498439846000053 ], [ 17.727061394000089, 60.534735419000071 ], [ 17.81609134200005, 60.585272528000075 ], [ 17.974864129000082, 60.587836005000042 ], [ 17.995371941000087, 60.55304596600007 ], [ 17.967458530000044, 60.512111721000053 ], [ 18.098399285000085, 60.464911200000074 ], [ 18.143321160000085, 60.413560289000031 ], [ 18.262217644000089, 60.382391669000071 ], [ 18.207041863000086, 60.355047919000071 ], [ 18.234873894000089, 60.327093817000048 ], [ 18.296397332000083, 60.355047919000071 ], [ 18.427989129000082, 60.348781643000052 ], [ 18.474457227000073, 60.292954820000034 ], [ 18.426768425000091, 60.286200262000079 ], [ 18.60482832100007, 60.238348700000074 ], [ 18.400563998000052, 60.259588934000078 ], [ 18.316905144000089, 60.32094961100006 ], [ 18.330902540000068, 60.285711981000077 ], [ 18.447764519000089, 60.211086330000057 ], [ 18.392588738000086, 60.232163804000038 ], [ 18.419932488000086, 60.193508205000057 ], [ 18.506114129000082, 60.155747789000031 ], [ 18.54851321700005, 60.17413971600007 ], [ 18.578135613000086, 60.073919989000046 ], [ 18.578135613000086, 60.142157294000071 ], [ 18.651377800000091, 60.148260809000078 ], [ 18.735199415000068, 60.114813544000071 ], [ 18.745127800000091, 60.049709377000056 ], [ 18.79664147200009, 60.004950262000079 ], [ 18.753103061000047, 60.082180080000057 ], [ 18.765879754000082, 60.111070054000038 ], [ 18.816905144000089, 60.117580471000053 ], [ 18.824473504000082, 60.068304755000042 ], [ 18.903086785000085, 59.947211005000042 ], [ 19.032074415000068, 59.88149648600006 ], [ 19.03679446700005, 59.902533270000049 ], [ 19.07162519600007, 59.896307684000078 ], [ 19.067881707000083, 59.833685614000046 ], [ 19.034678582000083, 59.835028387000079 ], [ 18.885996941000087, 59.929877020000049 ], [ 18.930674675000091, 59.885484117000033 ], [ 18.924082879000082, 59.852280992000033 ], [ 18.861582879000082, 59.80304596600007 ], [ 18.754567905000044, 59.791164455000057 ], [ 18.733897332000083, 59.768784898000035 ], [ 19.085215691000087, 59.772202867000033 ], [ 19.057790561000047, 59.736151434000078 ], [ 18.975271030000044, 59.71906159100007 ], [ 18.913340691000087, 59.751776434000078 ], [ 18.879893425000091, 59.721584377000056 ], [ 18.714121941000087, 59.673244533000059 ], [ 18.693614129000082, 59.649359442000048 ], [ 18.735606316000087, 59.641506252000056 ], [ 18.700450066000087, 59.62140534100007 ], [ 18.660004102000073, 59.635687567000048 ], [ 18.686534050000091, 59.60578034100007 ], [ 18.63998457100007, 59.583644924000055 ], [ 18.379649285000085, 59.476385809000078 ], [ 18.269053582000083, 59.477443752000056 ], [ 18.303233269000089, 59.456976630000042 ], [ 18.248545769000089, 59.450100002000056 ], [ 18.337901238000086, 59.40851471600007 ], [ 18.307302280000044, 59.39679596600007 ], [ 18.188487175000091, 59.407416083000044 ], [ 18.159190300000091, 59.42218659100007 ], [ 18.207041863000086, 59.42218659100007 ], [ 18.18140709700009, 59.458197333000044 ], [ 18.113291863000086, 59.454657294000071 ], [ 18.084483269000089, 59.438950914000031 ], [ 18.098399285000085, 59.40851471600007 ], [ 18.065440300000091, 59.397162177000041 ], [ 18.008962436000047, 59.40851471600007 ], [ 18.14616946700005, 59.340236721000053 ], [ 18.095144076000054, 59.32680898600006 ], [ 18.220550977000073, 59.31976959800005 ], [ 18.254730665000068, 59.362779039000031 ], [ 18.31812584700009, 59.375921942000048 ], [ 18.47006269600007, 59.337103583000044 ], [ 18.447764519000089, 59.395453192000048 ], [ 18.495616082000083, 59.395453192000048 ], [ 18.426768425000091, 59.436428127000056 ], [ 18.484629754000082, 59.43423086100006 ], [ 18.612315300000091, 59.374945380000042 ], [ 18.543955925000091, 59.368150132000039 ], [ 18.646494988000086, 59.330267645000049 ], [ 18.51929772200009, 59.29828522300005 ], [ 18.364431186000047, 59.306586005000042 ], [ 18.337901238000086, 59.312933661000045 ], [ 18.344737175000091, 59.334051825000074 ], [ 18.291270379000082, 59.322699286000045 ], [ 18.275889519000089, 59.312933661000045 ], [ 18.316905144000089, 59.27875397300005 ], [ 18.279307488000086, 59.261704820000034 ], [ 18.412282748000052, 59.215033270000049 ], [ 18.426768425000091, 59.196844794000071 ], [ 18.313731316000087, 59.234076239000046 ], [ 18.406260613000086, 59.189398505000042 ], [ 18.392588738000086, 59.168890692000048 ], [ 18.429698113000086, 59.174627997000073 ], [ 18.424164259000065, 59.143947658000059 ], [ 18.343760613000086, 59.141750393000052 ], [ 18.290212436000047, 59.12055084800005 ], [ 18.324229363000086, 59.108099677000041 ], [ 18.20085696700005, 59.080755927000041 ], [ 18.255381707000083, 59.101263739000046 ], [ 18.255381707000083, 59.12055084800005 ], [ 18.223643425000091, 59.119533596000053 ], [ 18.096202019000089, 59.058335679000038 ], [ 18.043223504000082, 59.059719143000052 ], [ 18.05054772200009, 59.038560289000031 ], [ 18.013682488000086, 59.044907945000034 ], [ 18.018565300000091, 59.02289459800005 ], [ 17.961192254000082, 58.963446356000077 ], [ 17.961192254000082, 58.92251211100006 ], [ 17.899668816000087, 58.915716864000046 ], [ 17.892832879000082, 58.861029364000046 ], [ 17.861175977000073, 58.919094143000052 ], [ 17.773610873000052, 58.960679429000038 ], [ 17.803477410000085, 58.908270575000074 ], [ 17.774424675000091, 58.886216539000031 ], [ 17.78296959700009, 58.915716864000046 ], [ 17.749278191000087, 58.923814195000034 ], [ 17.741465691000087, 58.983954169000071 ], [ 17.768809441000087, 59.12055084800005 ], [ 17.732758009000065, 59.114447333000044 ], [ 17.710459832000083, 59.052801825000074 ], [ 17.66578209700009, 59.080755927000041 ], [ 17.693614129000082, 59.131415106000077 ], [ 17.658946160000085, 59.168890692000048 ], [ 17.673106316000087, 59.134751695000034 ], [ 17.61109459700009, 59.093817450000074 ], [ 17.631602410000085, 59.018133856000077 ], [ 17.60710696700005, 58.965969143000052 ], [ 17.576914910000085, 58.956691799000055 ], [ 17.62671959700009, 58.917792059000078 ], [ 17.59896894600007, 58.894110419000071 ], [ 17.535980665000068, 58.902044989000046 ], [ 17.590668165000068, 58.861029364000046 ], [ 17.447276238000086, 58.895209052000041 ], [ 17.469086134000065, 58.870428778000075 ], [ 17.449961785000085, 58.81586334800005 ], [ 17.488291863000086, 58.799627997000073 ], [ 17.337412957000083, 58.806463934000078 ], [ 17.371592644000089, 58.778998114000046 ], [ 17.357758009000065, 58.751166083000044 ], [ 17.276052280000044, 58.748846747000073 ], [ 17.276052280000044, 58.730698960000041 ], [ 17.162364129000082, 58.732001044000071 ], [ 17.086924675000091, 58.764837958000044 ], [ 17.028168165000068, 58.751166083000044 ], [ 17.083506707000083, 58.737534898000035 ], [ 17.062510613000086, 58.710191148000035 ], [ 17.145681186000047, 58.696600653000075 ], [ 17.093028191000087, 58.660834052000041 ], [ 16.974945509000065, 58.685370184000078 ], [ 16.953868035000085, 58.669256903000075 ], [ 17.035817905000044, 58.641302802000041 ], [ 16.924164259000065, 58.625433661000045 ], [ 16.23373457100007, 58.669256903000075 ], [ 16.254893425000091, 58.634507554000038 ], [ 16.179209832000083, 58.634507554000038 ], [ 16.285411004000082, 58.615912177000041 ], [ 16.333994988000086, 58.639146226000037 ], [ 16.387705925000091, 58.591620184000078 ], [ 16.439789259000065, 58.648138739000046 ], [ 16.748301629000082, 58.592922268000052 ], [ 16.74154707100007, 58.613999742000033 ], [ 16.789317254000082, 58.607163804000038 ], [ 16.785980665000068, 58.572739976000037 ], [ 16.830332879000082, 58.559393622000073 ], [ 16.816661004000082, 58.546372789000031 ], [ 16.844004754000082, 58.546372789000031 ], [ 16.834157748000052, 58.529527085000041 ], [ 16.940196160000085, 58.491115627000056 ], [ 16.844004754000082, 58.477484442000048 ], [ 16.85287519600007, 58.463080145000049 ], [ 16.748301629000082, 58.429022528000075 ], [ 16.441416863000086, 58.485988674000055 ], [ 16.412608269000089, 58.477484442000048 ], [ 16.705577019000089, 58.407700914000031 ], [ 16.714854363000086, 58.360174872000073 ], [ 16.766612175000091, 58.36859772300005 ], [ 16.77507571700005, 58.339667059000078 ], [ 16.631683790000068, 58.353949286000045 ], [ 16.698496941000087, 58.301703192000048 ], [ 16.799164259000065, 58.323635158000059 ], [ 16.70679772200009, 58.278265692000048 ], [ 16.802989129000082, 58.244696356000077 ], [ 16.789317254000082, 58.237250067000048 ], [ 16.821299675000091, 58.207098700000074 ], [ 16.777191602000073, 58.130519924000055 ], [ 16.617442254000082, 58.203111070000034 ], [ 16.73609459700009, 58.084784247000073 ], [ 16.686289910000085, 58.058539130000042 ], [ 16.754567905000044, 58.024969794000071 ], [ 16.691579623000052, 58.014837958000044 ], [ 16.699961785000085, 57.997707424000055 ], [ 16.644704623000052, 58.038641669000071 ], [ 16.637217644000089, 58.014471747000073 ], [ 16.70639082100007, 57.962103583000044 ], [ 16.735362175000091, 57.971909898000035 ], [ 16.782481316000087, 57.915106512000079 ], [ 16.727305535000085, 57.928778387000079 ], [ 16.76539147200009, 57.898830471000053 ], [ 16.758148634000065, 57.877020575000074 ], [ 16.682871941000087, 57.918890692000048 ], [ 16.670746290000068, 57.891424872000073 ], [ 16.610606316000087, 57.894680080000057 ], [ 16.603770379000082, 57.928778387000079 ], [ 16.644704623000052, 57.92133209800005 ], [ 16.498301629000082, 57.992987372000073 ], [ 16.532074415000068, 57.950262762000079 ], [ 16.590098504000082, 57.935614325000074 ], [ 16.562754754000082, 57.887844143000052 ], [ 16.480804884000065, 57.915106512000079 ], [ 16.487071160000085, 57.894680080000057 ], [ 16.46029707100007, 57.894680080000057 ], [ 16.699961785000085, 57.743841864000046 ], [ 16.419444207000083, 57.894680080000057 ], [ 16.714854363000086, 57.702826239000046 ], [ 16.576996290000068, 57.709662177000041 ], [ 16.619965040000068, 57.66665273600006 ], [ 16.583262566000087, 57.661932684000078 ], [ 16.63054446700005, 57.629095770000049 ], [ 16.562754754000082, 57.592962958000044 ], [ 16.555918816000087, 57.627142645000049 ], [ 16.520518425000091, 57.627142645000049 ], [ 16.542246941000087, 57.607326565000051 ], [ 16.520518425000091, 57.586127020000049 ], [ 16.542246941000087, 57.572495835000041 ], [ 16.51498457100007, 57.566310940000051 ], [ 16.629161004000082, 57.556870835000041 ], [ 16.688975457000083, 57.471747137000079 ], [ 16.65951582100007, 57.476263739000046 ], [ 16.672211134000065, 57.459662177000041 ], [ 16.633311394000089, 57.437079169000071 ], [ 16.672618035000085, 57.41547272300005 ], [ 16.625743035000085, 57.398993231000077 ], [ 16.631683790000068, 57.380764065000051 ], [ 16.547618035000085, 57.382513739000046 ], [ 16.53484134200005, 57.360256252000056 ], [ 16.569590691000087, 57.346584377000056 ], [ 16.547373894000089, 57.328802802000041 ], [ 16.562754754000082, 57.319281317000048 ], [ 16.469086134000065, 57.275376695000034 ], [ 16.494476759000065, 57.242905992000033 ], [ 16.465993686000047, 57.228013414000031 ], [ 16.465017123000052, 57.177313544000071 ], [ 16.55250084700009, 57.110093492000033 ], [ 16.583262566000087, 57.044907945000034 ], [ 16.527679884000065, 57.065375067000048 ], [ 16.500336134000065, 57.039740302000041 ], [ 16.439789259000065, 57.051743882000039 ], [ 16.473399285000085, 57.031236070000034 ], [ 16.43490644600007, 56.997870184000078 ], [ 16.46810957100007, 56.949286200000074 ], [ 16.436371290000068, 56.911118882000039 ], [ 16.40796959700009, 56.79913971600007 ], [ 16.428558790000068, 56.782945054000038 ], [ 16.463389519000089, 56.797837632000039 ], [ 16.471690300000091, 56.777411200000074 ], [ 16.36109459700009, 56.763739325000074 ], [ 16.371592644000089, 56.661322333000044 ], [ 16.246348504000082, 56.642401434000078 ], [ 16.207041863000086, 56.53851959800005 ], [ 16.178721550000091, 56.537054755000042 ], [ 16.095225457000083, 56.41937897300005 ], [ 16.038259311000047, 56.255072333000044 ], [ 15.851735873000052, 56.086371161000045 ], [ 15.78874759200005, 56.106431382000039 ], [ 15.826508009000065, 56.159369208000044 ], [ 15.731211785000085, 56.157212632000039 ], [ 15.64820397200009, 56.194566148000035 ], [ 15.592133009000065, 56.160549221000053 ], [ 15.586436394000089, 56.208889065000051 ], [ 15.492930535000085, 56.176336981000077 ], [ 15.479991082000083, 56.151841539000031 ], [ 15.40398196700005, 56.179754950000074 ], [ 15.365570509000065, 56.141099351000037 ], [ 15.295258009000065, 56.147406317000048 ], [ 15.322601759000065, 56.153631903000075 ], [ 15.295258009000065, 56.188381252000056 ], [ 15.192393425000091, 56.152899481000077 ], [ 15.093028191000087, 56.161078192000048 ], [ 15.07553144600007, 56.188381252000056 ], [ 15.034678582000083, 56.181545315000051 ], [ 15.049001498000052, 56.153631903000075 ], [ 14.953379754000082, 56.172919012000079 ], [ 14.848155144000089, 56.163967190000051 ], [ 14.830251498000052, 56.142645575000074 ], [ 14.774587436000047, 56.167914130000042 ], [ 14.701345248000052, 56.161363023000035 ], [ 14.682302280000044, 56.117132880000042 ], [ 14.767751498000052, 56.03070709800005 ], [ 14.715505405000044, 56.002346096000053 ], [ 14.611501498000052, 56.011135158000059 ], [ 14.60328209700009, 56.05805084800005 ], [ 14.49740644600007, 56.04047272300005 ], [ 14.234711134000065, 55.862697658000059 ], [ 14.195811394000089, 55.725653387000079 ], [ 14.273692254000082, 55.667629299000055 ], [ 14.28451582100007, 55.622951565000051 ], [ 14.367523634000065, 55.545396226000037 ], [ 14.181162957000083, 55.390814520000049 ], [ 14.06421959700009, 55.390773830000057 ], [ 13.897227410000085, 55.434881903000075 ], [ 13.629567905000044, 55.41828034100007 ], [ 13.381358269000089, 55.34601471600007 ], [ 12.979177280000044, 55.403265692000048 ], [ 12.832774285000085, 55.382554429000038 ], [ 12.859385613000086, 55.434881903000075 ], [ 12.929698113000086, 55.418768622000073 ], [ 12.965830925000091, 55.434881903000075 ], [ 12.963226759000065, 55.454250393000052 ], [ 12.98568769600007, 55.44790273600006 ], [ 12.917491082000083, 55.54718659100007 ], [ 12.92937259200005, 55.578924872000073 ], [ 13.038340691000087, 55.635199286000045 ], [ 13.054860873000052, 55.694037177000041 ], [ 12.922618035000085, 55.74945709800005 ], [ 12.926036004000082, 55.834051825000074 ], [ 12.821299675000091, 55.886704820000034 ], [ 12.752289259000065, 55.996568101000037 ], [ 12.602224155000044, 56.123195705000057 ], [ 12.504567905000044, 56.275336005000042 ], [ 12.451426629000082, 56.304429429000038 ], [ 12.64625084700009, 56.25726959800005 ], [ 12.70484459700009, 56.222479559000078 ], [ 12.814463738000086, 56.236151434000078 ], [ 12.82943769600007, 56.278550523000035 ], [ 12.621592644000089, 56.419338283000059 ], [ 12.656911655000044, 56.455267645000049 ], [ 12.713715040000068, 56.467352606000077 ], [ 12.833262566000087, 56.442572333000044 ], [ 12.890147332000083, 56.455267645000049 ], [ 12.93336022200009, 56.506537177000041 ], [ 12.934418165000068, 56.547064520000049 ], [ 12.871755405000044, 56.649481512000079 ], [ 12.73178144600007, 56.647040106000077 ], [ 12.615733269000089, 56.750067450000074 ], [ 12.598317905000044, 56.820990302000041 ], [ 12.469574415000068, 56.89203522300005 ], [ 12.356455925000091, 56.923814195000034 ], [ 12.340993686000047, 57.014064846000053 ], [ 12.218597852000073, 57.092718817000048 ], [ 12.23764082100007, 57.10805898600006 ], [ 12.197438998000052, 57.184881903000075 ], [ 12.149099155000044, 57.188299872000073 ], [ 12.191254102000073, 57.212591864000046 ], [ 12.10132897200009, 57.236721096000053 ], [ 12.156504754000082, 57.242905992000033 ], [ 12.09506269600007, 57.250392971000053 ], [ 12.147227410000085, 57.28546784100007 ], [ 12.144053582000083, 57.310126044000071 ], [ 12.104991082000083, 57.344549872000073 ], [ 12.049815300000091, 57.351141669000071 ], [ 12.10873457100007, 57.394354559000078 ], [ 12.06031334700009, 57.394354559000078 ], [ 12.092051629000082, 57.411363023000035 ], [ 12.059255405000044, 57.458807684000078 ], [ 12.006602410000085, 57.434149481000077 ], [ 11.979014519000089, 57.346584377000056 ], [ 11.933604363000086, 57.360825914000031 ], [ 11.944834832000083, 57.387600002000056 ], [ 11.903330925000091, 57.394354559000078 ], [ 11.907074415000068, 57.465277411000045 ], [ 11.944834832000083, 57.489935614000046 ], [ 11.903330925000091, 57.524115302000041 ], [ 11.916840040000068, 57.620917059000078 ], [ 11.867360873000052, 57.607407945000034 ], [ 11.834971550000091, 57.661932684000078 ], [ 11.844574415000068, 57.683010158000059 ], [ 11.90951582100007, 57.686835028000075 ], [ 11.923675977000073, 57.702826239000046 ], [ 11.705414259000065, 57.698431708000044 ], [ 11.706309441000087, 57.721991278000075 ], [ 11.810394727000073, 57.781398830000057 ], [ 11.751800977000073, 57.784816799000055 ], [ 11.656260613000086, 57.839422919000071 ], [ 11.703949415000068, 57.860500393000052 ], [ 11.707286004000082, 57.891424872000073 ], [ 11.759287957000083, 57.902085679000038 ], [ 11.745616082000083, 57.915106512000079 ], [ 11.766123894000089, 57.928778387000079 ], [ 11.736582879000082, 57.938666083000044 ], [ 11.80014082100007, 58.022284247000073 ], [ 11.793467644000089, 58.100083726000037 ], [ 11.828461134000065, 58.121242580000057 ], [ 11.841319207000083, 58.193793036000045 ], [ 11.889659050000091, 58.216782945000034 ], [ 11.851817254000082, 58.226629950000074 ], [ 11.808929884000065, 58.30219147300005 ], [ 11.882823113000086, 58.332831122000073 ], [ 11.726735873000052, 58.327093817000048 ], [ 11.581065300000091, 58.250921942000048 ], [ 11.505869988000086, 58.243068752000056 ], [ 11.50367272200009, 58.280218817000048 ], [ 11.541758660000085, 58.333563544000071 ], [ 11.669932488000086, 58.42218659100007 ], [ 11.628916863000086, 58.431341864000046 ], [ 11.588633660000085, 58.401109117000033 ], [ 11.553233269000089, 58.46320221600007 ], [ 11.522471550000091, 58.33624909100007 ], [ 11.39616946700005, 58.264593817000048 ], [ 11.443369988000086, 58.305568752000056 ], [ 11.383799675000091, 58.318182684000078 ], [ 11.44857832100007, 58.341742255000042 ], [ 11.424082879000082, 58.38812897300005 ], [ 11.345876498000052, 58.34601471600007 ], [ 11.424082879000082, 58.442694403000075 ], [ 11.334157748000052, 58.367621161000045 ], [ 11.220876498000052, 58.346258856000077 ], [ 11.208994988000086, 58.418931382000039 ], [ 11.259043816000087, 58.42218659100007 ], [ 11.251475457000083, 58.442328192000048 ], [ 11.293711785000085, 58.470038153000075 ], [ 11.238536004000082, 58.507879950000074 ], [ 11.286306186000047, 58.579901434000078 ], [ 11.265798373000052, 58.579901434000078 ], [ 11.259043816000087, 58.634507554000038 ], [ 11.21062259200005, 58.679185289000031 ], [ 11.218028191000087, 58.707953192000048 ], [ 11.17741946700005, 58.718573309000078 ], [ 11.233409050000091, 58.808172919000071 ], [ 11.231700066000087, 58.843695380000042 ], [ 11.197601759000065, 58.864162502000056 ], [ 11.197601759000065, 58.92251211100006 ], [ 11.108164910000085, 58.953558661000045 ], [ 11.183848504000082, 58.991400458000044 ], [ 11.11500084700009, 59.008205471000053 ], [ 11.193614129000082, 59.080145575000074 ], [ 11.320974155000044, 59.099514065000051 ], [ 11.354665561000047, 59.091620184000078 ], [ 11.393809441000087, 59.019435940000051 ], [ 11.438143758000081, 58.991129049000065 ], [ 11.45199304200014, 58.896044414000031 ], [ 11.547077678000079, 58.88472727500006 ], [ 11.66438317900014, 58.920073955000063 ], [ 11.811661011000069, 59.24966624000011 ], [ 11.674925171000012, 59.607112122000032 ], [ 11.828404175000117, 59.659718730000023 ], [ 11.897237183000129, 59.713978984000065 ], [ 11.902094767000051, 59.785137431000109 ], [ 11.842976929000088, 59.83841583300007 ], [ 11.849591512000075, 59.872418925000019 ], [ 11.942195678000132, 59.902029521000074 ], [ 12.143733764000103, 59.898412170000071 ], [ 12.290598185000107, 59.958718567000076 ], [ 12.483247925000057, 60.081243388000061 ], [ 12.52469242300009, 60.161703593000098 ], [ 12.491722860000039, 60.312288717000044 ], [ 12.6053076580001, 60.419155579000076 ], [ 12.594352254000029, 60.51493784600008 ], [ 12.377001180000065, 60.75409637500006 ], [ 12.253287801000056, 61.001704 ], [ 12.511773316000102, 61.049117127000031 ], [ 12.703802938000081, 61.046197409000044 ], [ 12.739149617000066, 61.142444763000086 ], [ 12.839815308000112, 61.226987406000049 ], [ 12.888184448000061, 61.349615581000066 ], [ 12.613782592000121, 61.547045390000036 ], [ 12.416481975000096, 61.582288717 ], [ 12.161717163000077, 61.724838155000029 ], [ 12.317469929000112, 62.234031881000092 ], [ 12.314265991000127, 62.286121725000029 ], [ 12.091230509000127, 62.586310120000107 ], [ 12.156239461000098, 62.73369130500005 ], [ 12.093297567000093, 62.907427471000048 ], [ 12.222695353000063, 63.001478577000015 ], [ 11.992425171000093, 63.288902893000099 ], [ 12.219801472000057, 63.474266256000064 ], [ 12.170295450000111, 63.598134665000018 ], [ 12.293182006000109, 63.656994121000096 ], [ 12.681892131000012, 63.956355693000049 ], [ 12.78426836436835, 64.0 ], [ 20.899912957000083, 63.993963934000078 ] ] ], [ [ [ 17.124522332000083, 57.319281317000048 ], [ 17.042002800000091, 57.270900783000059 ], [ 17.066254102000073, 57.226711330000057 ], [ 17.049489780000044, 57.188299872000073 ], [ 16.96062259200005, 57.063218492000033 ], [ 16.898610873000052, 57.038072007000039 ], [ 16.933929884000065, 57.017564195000034 ], [ 16.871267123000052, 56.969183661000045 ], [ 16.883067254000082, 56.916245835000041 ], [ 16.841807488000086, 56.84406159100007 ], [ 16.768728061000047, 56.796779690000051 ], [ 16.682790561000047, 56.593491929000038 ], [ 16.636973504000082, 56.559719143000052 ], [ 16.566416863000086, 56.346136786000045 ], [ 16.490896030000044, 56.239569403000075 ], [ 16.428477410000085, 56.217962958000044 ], [ 16.398936394000089, 56.298244533000059 ], [ 16.414073113000086, 56.402777411000045 ], [ 16.391449415000068, 56.458685614000046 ], [ 16.419444207000083, 56.585638739000046 ], [ 16.62086022200009, 56.872259833000044 ], [ 16.731293165000068, 56.903998114000046 ], [ 16.88835696700005, 57.118231512000079 ], [ 16.90992272200009, 57.202215887000079 ], [ 16.959239129000082, 57.230698960000041 ], [ 16.96648196700005, 57.304592190000051 ], [ 17.054860873000052, 57.358221747000073 ], [ 17.104014519000089, 57.352769273000035 ], [ 17.124522332000083, 57.319281317000048 ] ] ], [ [ [ 18.99577884200005, 57.912054755000042 ], [ 19.085215691000087, 57.825751044000071 ], [ 18.986582879000082, 57.807440497000073 ], [ 18.981618686000047, 57.770493882000039 ], [ 18.948741082000083, 57.78266022300005 ], [ 18.941254102000073, 57.729559637000079 ], [ 18.807139519000089, 57.734442450000074 ], [ 18.764659050000091, 57.626898505000042 ], [ 18.81031334700009, 57.607326565000051 ], [ 18.76140384200005, 57.507635809000078 ], [ 18.77320397200009, 57.472235419000071 ], [ 18.803477410000085, 57.469427802000041 ], [ 18.789805535000085, 57.448960679000038 ], [ 18.908864780000044, 57.439154364000046 ], [ 18.926280144000089, 57.392645575000074 ], [ 18.801524285000085, 57.376206773000035 ], [ 18.680430535000085, 57.310492255000042 ], [ 18.673675977000073, 57.27765534100007 ], [ 18.710948113000086, 57.274318752000056 ], [ 18.714121941000087, 57.242905992000033 ], [ 18.406423373000052, 57.143011786000045 ], [ 18.385752800000091, 57.127427476000037 ], [ 18.454600457000083, 57.127427476000037 ], [ 18.359873894000089, 57.096136786000045 ], [ 18.337901238000086, 57.031236070000034 ], [ 18.40007571700005, 57.003973700000074 ], [ 18.344737175000091, 57.003973700000074 ], [ 18.358409050000091, 56.98969147300005 ], [ 18.311534050000091, 56.948065497000073 ], [ 18.203949415000068, 56.915187893000052 ], [ 18.138682488000086, 56.922023830000057 ], [ 18.203868035000085, 56.986273505000042 ], [ 18.20085696700005, 57.017564195000034 ], [ 18.265635613000086, 57.041489976000037 ], [ 18.290212436000047, 57.092718817000048 ], [ 18.20085696700005, 57.065375067000048 ], [ 18.228037957000083, 57.133693752000056 ], [ 18.18531334700009, 57.14484284100007 ], [ 18.15984134200005, 57.229803778000075 ], [ 18.09937584700009, 57.258978583000044 ], [ 18.165863477000073, 57.331610419000071 ], [ 18.179209832000083, 57.37954336100006 ], [ 18.113454623000052, 57.487982489000046 ], [ 18.128184441000087, 57.548163153000075 ], [ 18.325043165000068, 57.672593492000033 ], [ 18.463063998000052, 57.803168036000045 ], [ 18.55014082100007, 57.839422919000071 ], [ 18.608653191000087, 57.836330471000053 ], [ 18.677744988000086, 57.913885809000078 ], [ 18.742442254000082, 57.917914130000042 ], [ 18.803477410000085, 57.825751044000071 ], [ 18.85132897200009, 57.915106512000079 ], [ 18.913340691000087, 57.92133209800005 ], [ 18.897959832000083, 57.897650458000044 ], [ 18.917246941000087, 57.88812897300005 ], [ 18.99577884200005, 57.912054755000042 ] ] ], [ [ [ 19.098317905000044, 57.976548570000034 ], [ 19.338552280000044, 57.963568427000041 ], [ 19.161957227000073, 57.925970770000049 ], [ 19.139903191000087, 57.908270575000074 ], [ 19.160329623000052, 57.88031647300005 ], [ 19.129649285000085, 57.846869208000044 ], [ 19.03679446700005, 57.905218817000048 ], [ 19.098317905000044, 57.976548570000034 ] ] ], [ [ [ 11.738454623000052, 58.041489976000037 ], [ 11.731944207000083, 57.997707424000055 ], [ 11.69507897200009, 58.01508209800005 ], [ 11.650645379000082, 57.95538971600007 ], [ 11.594737175000091, 57.935614325000074 ], [ 11.527842644000089, 57.954291083000044 ], [ 11.515635613000086, 58.000799872000073 ], [ 11.567556186000047, 58.003892320000034 ], [ 11.497894727000073, 58.028062242000033 ], [ 11.52475019600007, 58.050726630000042 ], [ 11.71656334700009, 58.064520575000074 ], [ 11.738454623000052, 58.041489976000037 ] ] ], [ [ [ 11.813731316000087, 58.211371161000045 ], [ 11.804698113000086, 58.125718492000033 ], [ 11.708181186000047, 58.098211981000077 ], [ 11.58529707100007, 58.123114325000074 ], [ 11.516286655000044, 58.086004950000074 ], [ 11.463877800000091, 58.10687897300005 ], [ 11.457692905000044, 58.072170315000051 ], [ 11.406586134000065, 58.131089585000041 ], [ 11.527842644000089, 58.212795315000051 ], [ 11.663096550000091, 58.237250067000048 ], [ 11.686371290000068, 58.291205145000049 ], [ 11.738780144000089, 58.285101630000042 ], [ 11.813731316000087, 58.211371161000045 ] ] ], [ [ [ 19.33171634200005, 58.367621161000045 ], [ 19.214121941000087, 58.354681708000044 ], [ 19.187754754000082, 58.394964911000045 ], [ 19.33171634200005, 58.367621161000045 ] ] ], [ [ [ 18.551605665000068, 59.225897528000075 ], [ 18.344737175000091, 59.299261786000045 ], [ 18.461680535000085, 59.298244533000059 ], [ 18.612315300000091, 59.258286851000037 ], [ 18.516123894000089, 59.271307684000078 ], [ 18.532399936000047, 59.241888739000046 ], [ 18.578135613000086, 59.244614976000037 ], [ 18.551605665000068, 59.225897528000075 ] ] ], [ [ [ 18.529795769000089, 60.368109442000048 ], [ 18.566905144000089, 60.307440497000073 ], [ 18.402191602000073, 60.369818427000041 ], [ 18.378754102000073, 60.507798570000034 ], [ 18.466075066000087, 60.442694403000075 ], [ 18.419932488000086, 60.443793036000045 ], [ 18.484629754000082, 60.366400458000044 ], [ 18.529795769000089, 60.368109442000048 ] ] ], [ [ [ 20.86491946700005, 63.796820380000042 ], [ 20.904633009000065, 63.793524481000077 ], [ 20.920420769000089, 63.77374909100007 ], [ 20.873545769000089, 63.753973700000074 ], [ 20.873220248000052, 63.770697333000044 ], [ 20.83920332100007, 63.767564195000034 ], [ 20.86491946700005, 63.796820380000042 ] ] ], [ [ [ 18.488454623000052, 59.095038153000075 ], [ 18.413584832000083, 59.011664130000042 ], [ 18.344411655000044, 59.02570221600007 ], [ 18.37476647200009, 59.078355210000041 ], [ 18.465993686000047, 59.117254950000074 ], [ 18.488454623000052, 59.095038153000075 ] ] ], [ [ [ 18.690928582000083, 59.208807684000078 ], [ 18.73796634200005, 59.197739976000037 ], [ 18.659678582000083, 59.176906643000052 ], [ 18.690928582000083, 59.208807684000078 ] ] ], [ [ [ 18.803233269000089, 59.293931382000039 ], [ 18.77515709700009, 59.252183335000041 ], [ 18.722666863000086, 59.262396552000041 ], [ 18.757660352000073, 59.294582424000055 ], [ 18.803233269000089, 59.293931382000039 ] ] ], [ [ [ 18.67750084700009, 59.299546617000033 ], [ 18.63803144600007, 59.367987372000073 ], [ 18.705902540000068, 59.371242580000057 ], [ 18.747080925000091, 59.331854559000078 ], [ 18.67750084700009, 59.299546617000033 ] ] ], [ [ [ 18.105316602000073, 59.377630927000041 ], [ 18.237478061000047, 59.372788804000038 ], [ 18.249278191000087, 59.366685289000031 ], [ 18.165537957000083, 59.340643622000073 ], [ 18.12281334700009, 59.356756903000075 ], [ 18.105316602000073, 59.377630927000041 ] ] ], [ [ [ 18.854258660000085, 59.402533270000049 ], [ 18.865489129000082, 59.389715887000079 ], [ 18.847666863000086, 59.389349677000041 ], [ 18.854258660000085, 59.402533270000049 ] ] ], [ [ [ 18.92156009200005, 59.405910549000055 ], [ 18.937673373000052, 59.373236395000049 ], [ 18.899424675000091, 59.40070221600007 ], [ 18.92156009200005, 59.405910549000055 ] ] ], [ [ [ 18.925791863000086, 59.434027411000045 ], [ 18.872325066000087, 59.408636786000045 ], [ 18.860606316000087, 59.424505927000041 ], [ 18.91179446700005, 59.447211005000042 ], [ 18.925791863000086, 59.434027411000045 ] ] ], [ [ [ 18.739105665000068, 59.540432033000059 ], [ 18.594411655000044, 59.486883856000077 ], [ 18.601817254000082, 59.456122137000079 ], [ 18.578461134000065, 59.463934637000079 ], [ 18.580902540000068, 59.430731512000079 ], [ 18.55640709700009, 59.422308661000045 ], [ 18.510508660000085, 59.483140367000033 ], [ 18.557383660000085, 59.482001044000071 ], [ 18.577647332000083, 59.495062567000048 ], [ 18.551117384000065, 59.51007721600007 ], [ 18.609711134000065, 59.545640367000033 ], [ 18.739105665000068, 59.540432033000059 ] ] ], [ [ [ 18.98178144600007, 59.632879950000074 ], [ 18.92750084700009, 59.622463283000059 ], [ 18.905284050000091, 59.583238023000035 ], [ 18.858571811000047, 59.595770575000074 ], [ 18.937754754000082, 59.64907461100006 ], [ 18.98178144600007, 59.632879950000074 ] ] ], [ [ [ 18.905284050000091, 59.633612372000073 ], [ 18.756846550000091, 59.572658596000053 ], [ 18.924327019000089, 59.656927802000041 ], [ 18.905284050000091, 59.633612372000073 ] ] ], [ [ [ 18.998708530000044, 59.809027411000045 ], [ 18.97201582100007, 59.786607164000031 ], [ 18.885752800000091, 59.793931382000039 ], [ 18.959157748000052, 59.863714911000045 ], [ 18.98796634200005, 59.850531317000048 ], [ 18.998708530000044, 59.809027411000045 ] ] ], [ [ [ 18.72437584700009, 60.155462958000044 ], [ 18.71225019600007, 60.212144273000035 ], [ 18.753103061000047, 60.209173895000049 ], [ 18.806895379000082, 60.160589911000045 ], [ 18.72437584700009, 60.155462958000044 ] ] ], [ [ [ 15.717784050000091, 56.116603908000059 ], [ 15.696787957000083, 56.074286200000074 ], [ 15.64234459700009, 56.104641018000052 ], [ 15.669118686000047, 56.123928127000056 ], [ 15.717784050000091, 56.116603908000059 ] ] ], [ [ [ 16.877289259000065, 58.299709377000056 ], [ 16.855804884000065, 58.271877346000053 ], [ 16.832530144000089, 58.304185289000031 ], [ 16.844899936000047, 58.310370184000078 ], [ 16.877289259000065, 58.299709377000056 ] ] ], [ [ [ 16.910492384000065, 58.338324286000045 ], [ 16.846039259000065, 58.319810289000031 ], [ 16.785166863000086, 58.380072333000044 ], [ 16.859711134000065, 58.400295315000051 ], [ 16.828786655000044, 58.381537177000041 ], [ 16.847178582000083, 58.372137762000079 ], [ 16.830577019000089, 58.355943101000037 ], [ 16.910492384000065, 58.338324286000045 ] ] ], [ [ [ 18.350840691000087, 58.979681708000044 ], [ 18.289805535000085, 58.941392320000034 ], [ 18.316416863000086, 58.926947333000044 ], [ 18.193614129000082, 58.911322333000044 ], [ 18.226410352000073, 58.944728908000059 ], [ 18.350840691000087, 58.979681708000044 ] ] ], [ [ [ 18.194590691000087, 58.997992255000042 ], [ 18.14812259200005, 59.005275783000059 ], [ 18.144704623000052, 58.96906159100007 ], [ 18.050629102000073, 58.960923570000034 ], [ 18.103526238000086, 59.022650458000044 ], [ 18.21656334700009, 59.024481512000079 ], [ 18.178721550000091, 59.011419989000046 ], [ 18.194590691000087, 58.997992255000042 ] ] ], [ [ [ 17.694102410000085, 59.038967190000051 ], [ 17.684825066000087, 58.900824286000045 ], [ 17.624278191000087, 58.963934637000079 ], [ 17.652191602000073, 59.071519273000035 ], [ 17.694102410000085, 59.038967190000051 ] ] ], [ [ [ 18.12468509200005, 62.687933661000045 ], [ 18.006114129000082, 62.705552476000037 ], [ 18.028330925000091, 62.745184637000079 ], [ 18.15984134200005, 62.747137762000079 ], [ 18.12468509200005, 62.687933661000045 ] ] ], [ [ [ 20.86459394600007, 63.676743882000039 ], [ 20.843028191000087, 63.644191799000055 ], [ 20.82593834700009, 63.643622137000079 ], [ 20.86459394600007, 63.676743882000039 ] ] ], [ [ [ 20.880869988000086, 63.742377020000049 ], [ 20.948496941000087, 63.774603583000044 ], [ 20.923106316000087, 63.703192450000074 ], [ 20.864756707000083, 63.683091539000031 ], [ 20.880869988000086, 63.742377020000049 ] ] ] ] } },
{ "type": "Feature", "properties": { "iso3": "FIN", "NAME": "Finland", "assessed": true }, "geometry": { "type": "MultiPolygon", "coordinates": [ [ [ [ 30.50933109500005, 63.991495667 ], [ 30.32856693500014, 63.895997620000045 ], [ 30.201546265000047, 63.792644756000058 ], [ 29.980784546000052, 63.741536764000088 ], [ 30.461065307000126, 63.472870993000086 ], [ 30.820939982000141, 63.375667624000059 ], [ 30.974935750000043, 63.289161276000058 ], [ 31.203965698000104, 63.212680155 ], [ 31.262773478000042, 63.100593974000034 ], [ 31.48064131700005, 62.986337383 ], [ 31.569524780000108, 62.905928854000038 ], [ 31.441263875000061, 62.788700867 ], [ 31.243756551000104, 62.503343608000066 ], [ 30.980620158000079, 62.358804627 ], [ 30.925636433000079, 62.302115581000081 ], [ 30.647720581000044, 62.192768250000071 ], [ 29.977683960000093, 61.728171286000034 ], [ 29.842240030000085, 61.660165100000071 ], [ 29.779143107000039, 61.593114930000056 ], [ 29.635120891000042, 61.511104432000067 ], [ 29.517040242000064, 61.475060120000066 ], [ 29.463400106000051, 61.413823548000025 ], [ 29.31839603700007, 61.338427633000052 ], [ 29.203157593000071, 61.24590098100002 ], [ 28.797600952000067, 61.096840312 ], [ 28.614563029000124, 60.96193898500006 ], [ 28.480927775000112, 60.933465271 ], [ 27.807871941000087, 60.55304596600007 ], [ 27.739512566000087, 60.574164130000042 ], [ 27.753184441000087, 60.518947658000059 ], [ 27.732676629000082, 60.512111721000053 ], [ 27.753184441000087, 60.505845445000034 ], [ 27.71843509200005, 60.488470770000049 ], [ 27.63648522200009, 60.492254950000074 ], [ 27.691661004000082, 60.518947658000059 ], [ 27.63217207100007, 60.521673895000049 ], [ 27.608246290000068, 60.499945380000042 ], [ 27.629649285000085, 60.471136786000045 ], [ 27.508474155000044, 60.513861395000049 ], [ 27.472666863000086, 60.505845445000034 ], [ 27.493174675000034, 60.492254950000074 ], [ 27.472666863000086, 60.47797272300005 ], [ 27.506683790000068, 60.457464911000045 ], [ 27.45679772200009, 60.463690497000073 ], [ 27.232432488000086, 60.512111721000053 ], [ 27.308116082000083, 60.525783596000053 ], [ 27.211924675000091, 60.559881903000075 ], [ 27.21461022200009, 60.584947007000039 ], [ 27.177744988000086, 60.567328192000048 ], [ 27.200694207000083, 60.523260809000078 ], [ 27.177744988000086, 60.512111721000053 ], [ 27.112559441000087, 60.546820380000042 ], [ 27.088389519000089, 60.525783596000053 ], [ 27.05437259200005, 60.546820380000042 ], [ 26.998220248000052, 60.488023179000038 ], [ 26.93140709700009, 60.485419012000079 ], [ 26.962412957000083, 60.447211005000042 ], [ 26.914724155000044, 60.474554755000042 ], [ 26.793630405000044, 60.457464911000045 ], [ 26.814707879000082, 60.485419012000079 ], [ 26.797048373000052, 60.485907294000071 ], [ 26.687347852000073, 60.418158270000049 ], [ 26.635915561000047, 60.45062897300005 ], [ 26.594411655000044, 60.452297268000052 ], [ 26.553396030000044, 60.433010158000059 ], [ 26.482676629000082, 60.468003648000035 ], [ 26.474864129000082, 60.487250067000048 ], [ 26.563649936000047, 60.543361721000053 ], [ 26.567393425000091, 60.580959377000056 ], [ 26.625010613000086, 60.609605210000041 ], [ 26.753184441000087, 60.574164130000042 ], [ 26.699229363000086, 60.640204169000071 ], [ 26.659190300000091, 60.65180084800005 ], [ 26.591807488000086, 60.628566799000055 ], [ 26.465830925000091, 60.50812409100007 ], [ 26.456228061000047, 60.474554755000042 ], [ 26.48568769600007, 60.443793036000045 ], [ 26.469411655000044, 60.427476304000038 ], [ 26.416351759000065, 60.411932684000078 ], [ 26.424164259000065, 60.395982164000031 ], [ 26.383311394000089, 60.416489976000037 ], [ 26.342051629000082, 60.375555731000077 ], [ 26.245616082000083, 60.450873114000046 ], [ 26.229340040000068, 60.438421942000048 ], [ 26.273448113000086, 60.402167059000078 ], [ 26.142425977000073, 60.395982164000031 ], [ 25.980967644000089, 60.475775458000044 ], [ 25.917246941000087, 60.485419012000079 ], [ 26.02898196700005, 60.433335679000038 ], [ 26.040049675000091, 60.405951239000046 ], [ 26.012217644000089, 60.388576565000051 ], [ 26.108164910000085, 60.335923570000034 ], [ 26.091319207000083, 60.306626695000034 ], [ 26.040049675000091, 60.299790757000039 ], [ 26.005869988000086, 60.368109442000048 ], [ 25.956553582000083, 60.356024481000077 ], [ 25.842051629000082, 60.402167059000078 ], [ 25.917246941000087, 60.361273505000042 ], [ 25.883067254000082, 60.306626695000034 ], [ 25.930186394000089, 60.245184637000079 ], [ 25.753754102000073, 60.320746161000045 ], [ 25.745371941000087, 60.295803127000056 ], [ 25.848887566000087, 60.265692450000074 ], [ 25.735524936000047, 60.247259833000044 ], [ 25.649668816000087, 60.299790757000039 ], [ 25.670583530000044, 60.327460028000075 ], [ 25.649668816000087, 60.341376044000071 ], [ 25.704356316000087, 60.341376044000071 ], [ 25.668630405000044, 60.364650783000059 ], [ 25.526133660000085, 60.327093817000048 ], [ 25.545095248000052, 60.292303778000075 ], [ 25.502777540000068, 60.246161200000074 ], [ 25.361664259000065, 60.245184637000079 ], [ 25.31381269600007, 60.272528387000079 ], [ 25.321299675000091, 60.25141022300005 ], [ 25.156260613000086, 60.232163804000038 ], [ 25.197113477000073, 60.190619208000044 ], [ 25.094737175000091, 60.176336981000077 ], [ 25.101573113000086, 60.190619208000044 ], [ 25.029307488000086, 60.147853908000059 ], [ 24.997894727000073, 60.162665106000077 ], [ 25.025889519000089, 60.199448960000041 ], [ 24.998789910000085, 60.212836005000042 ], [ 24.95093834700009, 60.143459377000056 ], [ 24.845225457000083, 60.143744208000044 ], [ 24.834157748000052, 60.155829169000071 ], [ 24.870941602000073, 60.161688544000071 ], [ 24.86882571700005, 60.179754950000074 ], [ 24.806813998000052, 60.190619208000044 ], [ 24.827321811000047, 60.162665106000077 ], [ 24.679698113000086, 60.130113023000035 ], [ 24.670258009000065, 60.101223049000055 ], [ 24.55404707100007, 60.155951239000046 ], [ 24.596853061000047, 60.12726471600007 ], [ 24.54037519600007, 60.087551174000055 ], [ 24.608164910000085, 60.101223049000055 ], [ 24.57398522200009, 60.073919989000046 ], [ 24.594493035000085, 60.060248114000046 ], [ 24.445648634000065, 59.992254950000074 ], [ 24.416270379000082, 59.991359768000052 ], [ 24.464121941000087, 60.046576239000046 ], [ 24.312673373000052, 59.99750397300005 ], [ 24.367930535000085, 60.073919989000046 ], [ 24.31967207100007, 60.075832424000055 ], [ 24.252452019000089, 60.039740302000041 ], [ 24.158457879000082, 60.043036200000074 ], [ 24.18295332100007, 60.025458075000074 ], [ 24.164235873000052, 60.019435940000051 ], [ 24.105967644000089, 60.031927802000041 ], [ 24.009613477000073, 60.010565497000073 ], [ 24.01921634200005, 60.039740302000041 ], [ 24.000824415000068, 60.038275458000044 ], [ 23.955332879000082, 60.003566799000055 ], [ 23.799489780000044, 59.956610419000071 ], [ 23.607595248000052, 59.956610419000071 ], [ 23.573496941000087, 59.977687893000052 ], [ 23.42945397200009, 59.956610419000071 ], [ 23.483571811000047, 60.011297919000071 ], [ 23.540863477000073, 60.029120184000078 ], [ 23.546153191000087, 60.073919989000046 ], [ 23.498301629000082, 60.063299872000073 ], [ 23.439707879000082, 59.99445221600007 ], [ 23.326426629000082, 59.923041083000044 ], [ 23.237152540000068, 59.898016669000071 ], [ 23.222178582000083, 59.86782461100006 ], [ 23.25131269600007, 59.841131903000075 ], [ 22.905121290000068, 59.811224677000041 ], [ 22.888194207000083, 59.813177802000041 ], [ 22.946136915000068, 59.84796784100007 ], [ 23.247080925000091, 59.922430731000077 ], [ 23.326426629000082, 60.009344794000071 ], [ 23.332855665000068, 60.029852606000077 ], [ 23.223399285000085, 59.929877020000049 ], [ 23.18881269600007, 59.950181382000039 ], [ 23.11068769600007, 59.92328522300005 ], [ 23.111338738000086, 59.974269924000055 ], [ 23.203623894000089, 59.99750397300005 ], [ 23.25757897200009, 60.039740302000041 ], [ 23.035492384000065, 60.044582424000055 ], [ 22.990733269000089, 60.077337958000044 ], [ 23.045909050000091, 60.121649481000077 ], [ 23.025401238000086, 60.135321356000077 ], [ 22.969493035000085, 60.09438711100006 ], [ 22.95866946700005, 60.121568101000037 ], [ 22.87468509200005, 60.149603583000044 ], [ 22.867198113000086, 60.183742580000057 ], [ 23.00757897200009, 60.277004299000055 ], [ 23.080577019000089, 60.355047919000071 ], [ 22.998057488000086, 60.306626695000034 ], [ 22.94117272200009, 60.316473700000074 ], [ 22.736175977000073, 60.238185940000051 ], [ 22.52507571700005, 60.204250393000052 ], [ 22.59343509200005, 60.232163804000038 ], [ 22.57203209700009, 60.242661851000037 ], [ 22.590342644000089, 60.262274481000077 ], [ 22.64812259200005, 60.278713283000059 ], [ 22.449473504000082, 60.245184637000079 ], [ 22.459157748000052, 60.264960028000075 ], [ 22.627614780000044, 60.375392971000053 ], [ 22.624278191000087, 60.39907461100006 ], [ 22.543467644000089, 60.372544664000031 ], [ 22.463063998000052, 60.375555731000077 ], [ 22.483571811000047, 60.402167059000078 ], [ 22.291514519000089, 60.382635809000078 ], [ 22.116709832000083, 60.43695709800005 ], [ 22.101084832000083, 60.462144273000035 ], [ 22.047048373000052, 60.438788153000075 ], [ 21.983897332000083, 60.492254950000074 ], [ 21.935394727000073, 60.492254950000074 ], [ 21.950368686000047, 60.518947658000059 ], [ 21.903168165000068, 60.528876044000071 ], [ 21.843923373000052, 60.515529690000051 ], [ 21.874034050000091, 60.47797272300005 ], [ 21.785329623000052, 60.47797272300005 ], [ 21.807871941000087, 60.575588283000059 ], [ 21.846039259000065, 60.587836005000042 ], [ 21.840505405000044, 60.628729559000078 ], [ 21.66179446700005, 60.567328192000048 ], [ 21.641449415000068, 60.495754299000055 ], [ 21.558116082000083, 60.492254950000074 ], [ 21.58375084700009, 60.505031643000052 ], [ 21.517751498000052, 60.567328192000048 ], [ 21.578623894000089, 60.567328192000048 ], [ 21.408539259000065, 60.58038971600007 ], [ 21.428396030000044, 60.59406159100007 ], [ 21.414805535000085, 60.608303127000056 ], [ 21.469981316000087, 60.608303127000056 ], [ 21.35328209700009, 60.676581122000073 ], [ 21.438975457000083, 60.68032461100006 ], [ 21.422129754000082, 60.725002346000053 ], [ 21.469981316000087, 60.731146552000041 ], [ 21.387380405000044, 60.752346096000053 ], [ 21.422129754000082, 60.759100653000075 ], [ 21.328868035000085, 60.827541408000059 ], [ 21.318532748000052, 60.86469147300005 ], [ 21.428396030000044, 60.875799872000073 ], [ 21.35328209700009, 60.902533270000049 ], [ 21.428396030000044, 60.902533270000049 ], [ 21.318532748000052, 61.01235586100006 ], [ 21.339040561000047, 61.026597398000035 ], [ 21.298675977000073, 61.060126044000071 ], [ 21.387380405000044, 61.040269273000035 ], [ 21.407725457000083, 61.050726630000042 ], [ 21.36695397200009, 61.060126044000071 ], [ 21.482269727000073, 61.060126044000071 ], [ 21.45484459700009, 61.078192450000074 ], [ 21.43523196700005, 61.142726955000057 ], [ 21.469981316000087, 61.149562893000052 ], [ 21.442637566000087, 61.169989325000074 ], [ 21.558116082000083, 61.204169012000079 ], [ 21.476084832000083, 61.245754299000055 ], [ 21.503428582000083, 61.279852606000077 ], [ 21.544444207000083, 61.279852606000077 ], [ 21.524261915000068, 61.37531159100007 ], [ 21.44890384200005, 61.402777411000045 ], [ 21.572438998000052, 61.416408596000053 ], [ 21.422129754000082, 61.485337632000039 ], [ 21.592133009000065, 61.485337632000039 ], [ 21.565603061000047, 61.519476630000042 ], [ 21.510264519000089, 61.519476630000042 ], [ 21.469981316000087, 61.546820380000042 ], [ 21.460134311000047, 61.562404690000051 ], [ 21.482269727000073, 61.567857164000031 ], [ 21.716319207000083, 61.526922919000071 ], [ 21.537608269000089, 61.64984772300005 ], [ 21.517751498000052, 61.71124909100007 ], [ 21.585948113000086, 61.697658596000053 ], [ 21.469981316000087, 61.759711005000042 ], [ 21.48609459700009, 61.81118398600006 ], [ 21.403168165000068, 61.87641022300005 ], [ 21.414073113000086, 61.90688711100006 ], [ 21.236582879000082, 61.98501211100006 ], [ 21.289073113000086, 62.121568101000037 ], [ 21.31226647200009, 62.109116929000038 ], [ 21.32593834700009, 62.163763739000046 ], [ 21.389903191000087, 62.208156643000052 ], [ 21.35328209700009, 62.232001044000071 ], [ 21.374278191000087, 62.266791083000044 ], [ 21.31226647200009, 62.232001044000071 ], [ 21.339040561000047, 62.355536200000074 ], [ 21.270681186000047, 62.349310614000046 ], [ 21.270681186000047, 62.41079336100006 ], [ 21.205088738000086, 62.35968659100007 ], [ 21.216075066000087, 62.335028387000079 ], [ 21.194346550000091, 62.337062893000052 ], [ 21.202403191000087, 62.390326239000046 ], [ 21.18132571700005, 62.396470445000034 ], [ 21.202403191000087, 62.417629299000055 ], [ 21.133555535000085, 62.403957424000055 ], [ 21.154551629000082, 62.464789130000042 ], [ 21.116384311000047, 62.460150458000044 ], [ 21.115570509000065, 62.495794989000046 ], [ 21.154551629000082, 62.527492580000057 ], [ 21.12671959700009, 62.55414459800005 ], [ 21.209239129000082, 62.582098700000074 ], [ 21.106211785000085, 62.623032945000034 ], [ 21.065196160000085, 62.595770575000074 ], [ 21.078949415000068, 62.678290106000077 ], [ 21.160817905000044, 62.719305731000077 ], [ 21.116465691000087, 62.749660549000055 ], [ 21.113536004000082, 62.781195380000042 ], [ 21.18336022200009, 62.782375393000052 ], [ 21.243418816000087, 62.86945221600007 ], [ 21.33570397200009, 62.855454820000034 ], [ 21.390798373000052, 62.88031647300005 ], [ 21.422129754000082, 62.941799221000053 ], [ 21.463145379000082, 62.951402085000041 ], [ 21.44076582100007, 63.037787177000041 ], [ 21.480479363000086, 63.043036200000074 ], [ 21.495127800000091, 63.07172272300005 ], [ 21.625743035000085, 63.023871161000045 ], [ 21.688487175000091, 63.027085679000038 ], [ 21.559580925000091, 63.095119533000059 ], [ 21.572438998000052, 63.12335846600007 ], [ 21.52084394600007, 63.126776434000078 ], [ 21.503428582000083, 63.157456773000035 ], [ 21.551931186000047, 63.177923895000049 ], [ 21.500987175000091, 63.192450262000079 ], [ 21.504893425000091, 63.21743398600006 ], [ 21.558116082000083, 63.232611395000049 ], [ 21.647227410000085, 63.197658596000053 ], [ 21.667979363000086, 63.219549872000073 ], [ 21.742360873000052, 63.199652411000045 ], [ 21.764170769000089, 63.205877997000073 ], [ 21.702647332000083, 63.225775458000044 ], [ 21.894541863000086, 63.260484117000033 ], [ 21.880869988000086, 63.177923895000049 ], [ 21.983897332000083, 63.14321523600006 ], [ 21.955902540000068, 63.184759833000044 ], [ 22.02475019600007, 63.239406643000052 ], [ 22.175059441000087, 63.232611395000049 ], [ 22.278086785000085, 63.301459052000041 ], [ 22.330088738000086, 63.28384023600006 ], [ 22.373708530000044, 63.321356512000079 ], [ 22.195567254000082, 63.431219794000071 ], [ 22.190928582000083, 63.45844147300005 ], [ 22.246755405000044, 63.469631252000056 ], [ 22.401621941000087, 63.418158270000049 ], [ 22.279958530000044, 63.487616278000075 ], [ 22.281423373000052, 63.526190497000073 ], [ 22.337412957000083, 63.523342190000051 ], [ 22.33334394600007, 63.493231512000079 ], [ 22.407399936000047, 63.456935940000051 ], [ 22.497243686000047, 63.585760809000078 ], [ 22.545664910000085, 63.575181382000039 ], [ 22.497243686000047, 63.622992255000042 ], [ 22.52507571700005, 63.657700914000031 ], [ 22.58570397200009, 63.657049872000073 ], [ 22.589040561000047, 63.703314520000049 ], [ 22.637054884000065, 63.683091539000031 ], [ 22.675303582000083, 63.702378648000035 ], [ 22.740489129000082, 63.622992255000042 ], [ 22.829274936000047, 63.646226304000038 ], [ 22.840342644000089, 63.677639065000051 ], [ 22.901866082000083, 63.705511786000045 ], [ 22.833018425000091, 63.72601959800005 ], [ 22.901866082000083, 63.72601959800005 ], [ 22.87468509200005, 63.746527411000045 ], [ 22.928477410000085, 63.748765367000033 ], [ 22.902517123000052, 63.794867255000042 ], [ 22.942881707000083, 63.800482489000046 ], [ 23.000661655000044, 63.763617255000042 ], [ 22.990733269000089, 63.815375067000048 ], [ 23.062836134000065, 63.85297272300005 ], [ 23.41578209700009, 63.924627997000073 ], [ 23.37086022200009, 63.946519273000035 ], [ 23.368560689454167, 64.0 ], [ 30.50933109500005, 63.991495667 ] ] ], [ [ [ 22.401866082000083, 60.075751044000071 ], [ 22.449473504000082, 60.066473700000074 ], [ 22.442637566000087, 59.99750397300005 ], [ 22.382823113000086, 59.992580471000053 ], [ 22.35320071700005, 60.032294012000079 ], [ 22.35482832100007, 60.07562897300005 ], [ 22.382660352000073, 60.07453034100007 ], [ 22.387217644000089, 60.051662502000056 ], [ 22.408376498000052, 60.052801825000074 ], [ 22.401866082000083, 60.075751044000071 ] ] ], [ [ [ 21.496592644000089, 60.135321356000077 ], [ 21.571055535000085, 60.170355536000045 ], [ 21.654307488000086, 60.155829169000071 ], [ 21.613291863000086, 60.129095770000049 ], [ 21.636973504000082, 60.12368398600006 ], [ 21.613129102000073, 60.102118231000077 ], [ 21.482269727000073, 60.114813544000071 ], [ 21.558116082000083, 60.121649481000077 ], [ 21.496592644000089, 60.135321356000077 ] ] ], [ [ [ 21.799571160000085, 60.196600653000075 ], [ 21.887705925000091, 60.176336981000077 ], [ 21.846039259000065, 60.170111395000049 ], [ 21.867849155000044, 60.155829169000071 ], [ 21.791514519000089, 60.155829169000071 ], [ 21.826182488000086, 60.149603583000044 ], [ 21.783213738000086, 60.123236395000049 ], [ 21.695811394000089, 60.121649481000077 ], [ 21.723480665000068, 60.183579820000034 ], [ 21.799571160000085, 60.196600653000075 ] ] ], [ [ [ 21.30640709700009, 60.209702867000033 ], [ 21.44890384200005, 60.183742580000057 ], [ 21.38054446700005, 60.162665106000077 ], [ 21.270681186000047, 60.190619208000044 ], [ 21.30640709700009, 60.209702867000033 ] ] ], [ [ [ 22.07203209700009, 60.196763414000031 ], [ 22.011241082000083, 60.170111395000049 ], [ 22.037852410000085, 60.155829169000071 ], [ 22.009287957000083, 60.137274481000077 ], [ 21.950694207000083, 60.14907461100006 ], [ 21.935394727000073, 60.176336981000077 ], [ 22.041758660000085, 60.211411851000037 ], [ 22.07203209700009, 60.196763414000031 ] ] ], [ [ [ 25.82203209700009, 60.216294664000031 ], [ 25.840586785000085, 60.218817450000074 ], [ 25.876231316000087, 60.217230536000045 ], [ 25.83562259200005, 60.196030992000033 ], [ 25.82203209700009, 60.216294664000031 ] ] ], [ [ [ 22.209239129000082, 60.204250393000052 ], [ 22.271657748000052, 60.252997137000079 ], [ 22.296885613000086, 60.221258856000077 ], [ 22.232269727000073, 60.184963283000059 ], [ 22.209239129000082, 60.204250393000052 ] ] ], [ [ [ 25.622325066000087, 60.238348700000074 ], [ 25.564463738000086, 60.278265692000048 ], [ 25.58171634200005, 60.296372789000031 ], [ 25.684418165000068, 60.245184637000079 ], [ 25.635996941000087, 60.204250393000052 ], [ 25.603363477000073, 60.215399481000077 ], [ 25.622325066000087, 60.238348700000074 ] ] ], [ [ [ 22.814952019000089, 60.226996161000045 ], [ 22.95639082100007, 60.292954820000034 ], [ 22.833506707000083, 60.193060614000046 ], [ 22.840342644000089, 60.170111395000049 ], [ 22.819346550000091, 60.162665106000077 ], [ 22.840342644000089, 60.155829169000071 ], [ 22.846853061000047, 60.111029364000046 ], [ 22.730479363000086, 60.046576239000046 ], [ 22.757985873000052, 60.032294012000079 ], [ 22.72982832100007, 60.004950262000079 ], [ 22.682139519000089, 59.99750397300005 ], [ 22.654958530000044, 60.032294012000079 ], [ 22.600271030000044, 59.984523830000057 ], [ 22.574880405000044, 60.01703522300005 ], [ 22.59343509200005, 60.046576239000046 ], [ 22.469899936000047, 59.99750397300005 ], [ 22.473643425000091, 60.090969143000052 ], [ 22.422129754000082, 60.114813544000071 ], [ 22.600271030000044, 60.142157294000071 ], [ 22.415212436000047, 60.149603583000044 ], [ 22.448090040000068, 60.221380927000041 ], [ 22.477305535000085, 60.224676825000074 ], [ 22.451019727000073, 60.188544012000079 ], [ 22.46648196700005, 60.183742580000057 ], [ 22.566579623000052, 60.193304755000042 ], [ 22.814952019000089, 60.226996161000045 ] ] ], [ [ [ 22.083832227000073, 60.301459052000041 ], [ 22.24976647200009, 60.311468817000048 ], [ 22.33961022200009, 60.286200262000079 ], [ 22.215505405000044, 60.253119208000044 ], [ 22.181162957000083, 60.281317450000074 ], [ 22.140879754000082, 60.278713283000059 ], [ 22.181895379000082, 60.278713283000059 ], [ 22.163340691000087, 60.25922272300005 ], [ 22.080088738000086, 60.269476630000042 ], [ 22.083832227000073, 60.301459052000041 ] ] ], [ [ [ 22.387950066000087, 60.32094961100006 ], [ 22.312836134000065, 60.32094961100006 ], [ 22.39820397200009, 60.355047919000071 ], [ 22.477305535000085, 60.32094961100006 ], [ 22.394786004000082, 60.293158270000049 ], [ 22.367442254000082, 60.292954820000034 ], [ 22.387950066000087, 60.32094961100006 ] ] ], [ [ [ 21.997569207000083, 60.341376044000071 ], [ 21.901377800000091, 60.327093817000048 ], [ 21.794118686000047, 60.373968817000048 ], [ 21.792246941000087, 60.396958726000037 ], [ 21.846039259000065, 60.409654039000031 ], [ 21.798350457000083, 60.443793036000045 ], [ 21.808116082000083, 60.466701565000051 ], [ 21.931976759000065, 60.423325914000031 ], [ 21.950368686000047, 60.395982164000031 ], [ 21.894541863000086, 60.395982164000031 ], [ 21.988617384000065, 60.365912177000041 ], [ 21.963389519000089, 60.347601630000042 ], [ 21.997569207000083, 60.341376044000071 ] ] ], [ [ [ 21.715098504000082, 60.470892645000049 ], [ 21.681651238000086, 60.464911200000074 ], [ 21.71420332100007, 60.508612372000073 ], [ 21.764170769000089, 60.525783596000053 ], [ 21.715098504000082, 60.470892645000049 ] ] ], [ [ [ 21.324880405000044, 60.482082424000055 ], [ 21.250254754000082, 60.498439846000053 ], [ 21.260590040000068, 60.519720770000049 ], [ 21.229177280000044, 60.559881903000075 ], [ 21.278493686000047, 60.542303778000075 ], [ 21.324880405000044, 60.482082424000055 ] ] ], [ [ [ 21.352549675000091, 60.561835028000075 ], [ 21.482269727000073, 60.525783596000053 ], [ 21.463145379000082, 60.525783596000053 ], [ 21.463145379000082, 60.492254950000074 ], [ 21.433604363000086, 60.489081122000073 ], [ 21.442637566000087, 60.471136786000045 ], [ 21.32593834700009, 60.543158270000049 ], [ 21.352549675000091, 60.561835028000075 ] ] ], [ [ [ 21.298675977000073, 60.567328192000048 ], [ 21.213877800000091, 60.616359768000052 ], [ 21.259287957000083, 60.647528387000079 ], [ 21.291188998000052, 60.615139065000051 ], [ 21.278330925000091, 60.586127020000049 ], [ 21.298675977000073, 60.567328192000048 ] ] ], [ [ [ 21.31812584700009, 60.880194403000075 ], [ 21.202403191000087, 60.889471747000073 ], [ 21.298675977000073, 60.895697333000044 ], [ 21.31226647200009, 60.923000393000052 ], [ 21.243418816000087, 60.950873114000046 ], [ 21.270030144000089, 60.967962958000044 ], [ 21.304942254000082, 60.971380927000041 ], [ 21.374278191000087, 60.930405992000033 ], [ 21.32789147200009, 60.910142320000034 ], [ 21.31812584700009, 60.880194403000075 ] ] ], [ [ [ 21.396332227000073, 63.260687567000048 ], [ 21.428396030000044, 63.198431708000044 ], [ 21.362803582000083, 63.206244208000044 ], [ 21.291188998000052, 63.177923895000049 ], [ 21.318532748000052, 63.164943752000056 ], [ 21.301524285000085, 63.156154690000051 ], [ 21.243418816000087, 63.15070221600007 ], [ 21.18881269600007, 63.191595770000049 ], [ 21.147227410000085, 63.182196356000077 ], [ 21.133555535000085, 63.198431708000044 ], [ 21.154551629000082, 63.205877997000073 ], [ 21.102793816000087, 63.235988674000055 ], [ 21.078949415000068, 63.287787177000041 ], [ 21.243418816000087, 63.280991929000038 ], [ 21.19507897200009, 63.239406643000052 ], [ 21.209483269000089, 63.221380927000041 ], [ 21.28679446700005, 63.211371161000045 ], [ 21.291188998000052, 63.239406643000052 ], [ 21.355967644000089, 63.260728257000039 ], [ 21.396332227000073, 63.260687567000048 ] ] ], [ [ [ 21.318532748000052, 63.287787177000041 ], [ 21.277517123000052, 63.301459052000041 ], [ 21.229177280000044, 63.328802802000041 ], [ 21.345957879000082, 63.363755601000037 ], [ 21.374278191000087, 63.349269924000055 ], [ 21.358246290000068, 63.315659898000035 ], [ 21.318532748000052, 63.287787177000041 ] ] ], [ [ [ 23.92351321700005, 59.969305731000077 ], [ 23.88607832100007, 59.947984117000033 ], [ 23.84742272200009, 59.954657294000071 ], [ 23.870290561000047, 59.972805080000057 ], [ 23.92351321700005, 59.969305731000077 ] ] ], [ [ [ 22.91773522200009, 60.06867096600007 ], [ 22.880056186000047, 60.011053778000075 ], [ 22.859548373000052, 60.011419989000046 ], [ 22.855723504000082, 60.04132721600007 ], [ 22.883799675000091, 60.048081773000035 ], [ 22.85515384200005, 60.055568752000056 ], [ 22.91773522200009, 60.06867096600007 ] ] ], [ [ [ 22.961680535000085, 60.104396877000056 ], [ 22.946787957000083, 60.084702867000033 ], [ 22.84546959700009, 60.082220770000049 ], [ 22.917002800000091, 60.125067450000074 ], [ 22.961680535000085, 60.104396877000056 ] ] ], [ [ [ 21.99976647200009, 60.128485419000071 ], [ 21.98764082100007, 60.112046617000033 ], [ 21.929942254000082, 60.124579169000071 ], [ 21.962087436000047, 60.137884833000044 ], [ 21.99976647200009, 60.128485419000071 ] ] ], [ [ [ 22.375010613000086, 60.204046942000048 ], [ 22.367930535000085, 60.177394924000055 ], [ 22.31999759200005, 60.164048570000034 ], [ 22.336924675000091, 60.148504950000074 ], [ 22.288340691000087, 60.14984772300005 ], [ 22.304535352000073, 60.188788153000075 ], [ 22.375010613000086, 60.204046942000048 ] ] ], [ [ [ 21.99577884200005, 60.287298895000049 ], [ 21.972911004000082, 60.285345770000049 ], [ 22.008311394000089, 60.297308661000045 ], [ 21.99577884200005, 60.287298895000049 ] ] ], [ [ [ 21.944590691000087, 60.277085679000038 ], [ 21.884938998000052, 60.289496161000045 ], [ 21.875336134000065, 60.304877020000049 ], [ 21.973806186000047, 60.309312242000033 ], [ 21.944590691000087, 60.277085679000038 ] ] ], [ [ [ 22.289561394000089, 60.357977606000077 ], [ 22.19109134200005, 60.341742255000042 ], [ 22.157074415000068, 60.358303127000056 ], [ 22.28492272200009, 60.374986070000034 ], [ 22.289561394000089, 60.357977606000077 ] ] ], [ [ [ 22.207530144000089, 60.375555731000077 ], [ 22.112478061000047, 60.352932033000059 ], [ 22.104258660000085, 60.35415273600006 ], [ 22.137868686000047, 60.379095770000049 ], [ 22.207530144000089, 60.375555731000077 ] ] ], [ [ [ 21.319834832000083, 60.391506252000056 ], [ 21.355316602000073, 60.351792710000041 ], [ 21.294444207000083, 60.370510158000059 ], [ 21.319834832000083, 60.391506252000056 ] ] ], [ [ [ 26.644053582000083, 60.431870835000041 ], [ 26.54859459700009, 60.37836334800005 ], [ 26.50717207100007, 60.403469143000052 ], [ 26.59343509200005, 60.44594961100006 ], [ 26.644053582000083, 60.431870835000041 ] ] ], [ [ [ 22.00757897200009, 63.324896552000041 ], [ 22.060801629000082, 63.302150783000059 ], [ 22.04664147200009, 63.282171942000048 ], [ 21.97828209700009, 63.280015367000033 ], [ 21.989024285000085, 63.310370184000078 ], [ 22.029958530000044, 63.308417059000078 ], [ 22.00757897200009, 63.324896552000041 ] ] ], [ [ [ 22.13648522200009, 63.250555731000077 ], [ 22.079356316000087, 63.266302802000041 ], [ 22.069183790000068, 63.318548895000049 ], [ 22.195648634000065, 63.309759833000044 ], [ 22.231293165000068, 63.338812567000048 ], [ 22.246267123000052, 63.307074286000045 ], [ 22.20866946700005, 63.273260809000078 ], [ 22.114431186000047, 63.284165757000039 ], [ 22.158539259000065, 63.27407461100006 ], [ 22.13648522200009, 63.250555731000077 ] ] ], [ [ [ 21.94898522200009, 63.333807684000078 ], [ 21.996429884000065, 63.384711005000042 ], [ 22.096039259000065, 63.383490302000041 ], [ 22.076182488000086, 63.360052802000041 ], [ 22.012705925000091, 63.363714911000045 ], [ 21.94898522200009, 63.333807684000078 ] ] ], [ [ [ 22.823415561000047, 63.779242255000042 ], [ 22.80209394600007, 63.738185940000051 ], [ 22.73959394600007, 63.720526434000078 ], [ 22.681488477000073, 63.763413804000038 ], [ 22.763845248000052, 63.791449286000045 ], [ 22.823415561000047, 63.779242255000042 ] ] ], [ [ [ 22.510264519000089, 59.876288153000075 ], [ 22.443695509000065, 59.851467190000051 ], [ 22.41382897200009, 59.861232815000051 ], [ 22.457041863000086, 59.872992255000042 ], [ 22.510264519000089, 59.876288153000075 ] ] ], [ [ [ 21.615896030000044, 60.255194403000075 ], [ 21.601735873000052, 60.222560940000051 ], [ 21.563487175000091, 60.226223049000055 ], [ 21.586924675000091, 60.269354559000078 ], [ 21.615896030000044, 60.255194403000075 ] ] ], [ [ [ 21.26734459700009, 60.851060289000031 ], [ 21.263194207000083, 60.830267645000049 ], [ 21.186289910000085, 60.856512762000079 ], [ 21.206553582000083, 60.863185940000051 ], [ 21.26734459700009, 60.851060289000031 ] ] ], [ [ [ 21.42937259200005, 61.173000393000052 ], [ 21.352386915000068, 61.176011460000041 ], [ 21.342946811000047, 61.190619208000044 ], [ 21.380056186000047, 61.214016018000052 ], [ 21.42937259200005, 61.173000393000052 ] ] ], [ [ [ 21.523936394000089, 61.63312409100007 ], [ 21.507823113000086, 61.618068752000056 ], [ 21.459971550000091, 61.629339911000045 ], [ 21.484548373000052, 61.640448309000078 ], [ 21.523936394000089, 61.63312409100007 ] ] ], [ [ [ 21.221934441000087, 62.951361395000049 ], [ 21.146657748000052, 62.953273830000057 ], [ 21.13648522200009, 62.967230536000045 ], [ 21.159353061000047, 62.975409247000073 ], [ 21.130381707000083, 63.000799872000073 ], [ 21.207367384000065, 62.986151434000078 ], [ 21.221934441000087, 62.951361395000049 ] ] ] ] } },
{ "type": "Feature", "properties": { "iso3": "LUX", "NAME": "Luxembourg", "assessed": false }, "geometry": { "type": "Polygon", "coordinates": [ [ [ 6.110561971000038, 50.105986634000018 ], [ 6.096402629000096, 50.048625794000131 ], [ 6.117176554000139, 50.004390768000107 ], [ 6.222699829000106, 49.887136943000044 ], [ 6.30259159400012, 49.834943747000082 ], [ 6.33442427500006, 49.8402147420001 ], [ 6.397056111000097, 49.808588766000113 ], [ 6.462478475000069, 49.805488180000069 ], [ 6.4972050370001, 49.799442038000038 ], [ 6.502579387000139, 49.795669658000108 ], [ 6.499685506000077, 49.712212219000023 ], [ 6.402740519000133, 49.655781555 ], [ 6.417933390000144, 49.63914174500006 ], [ 6.350754028000097, 49.566588034000048 ], [ 6.345307071000093, 49.455348652000097 ], [ 6.193554321000079, 49.499408672000087 ], [ 6.136090129000081, 49.495274556000069 ], [ 6.078005819000083, 49.45202138300003 ], [ 5.960700317000118, 49.441324362000032 ], [ 5.928144165000077, 49.482303772000066 ], [ 5.8395707600001, 49.499873760000028 ], [ 5.790684855000023, 49.537752585000121 ], [ 5.837400350000109, 49.561110332000069 ], [ 5.829958944000111, 49.582762756000065 ], [ 5.88545943200009, 49.643534241000069 ], [ 5.845771932000105, 49.666581930000021 ], [ 5.850216105000101, 49.714020894000029 ], [ 5.805360961000105, 49.721875713000045 ], [ 5.7784892170001, 49.773035380000053 ], [ 5.727742960000114, 49.800217184000033 ], [ 5.731877075000057, 49.859955139000064 ], [ 5.758128702000079, 49.858198141000074 ], [ 5.718957967000051, 49.891374410000097 ], [ 5.812595662000092, 49.977570700000015 ], [ 5.802673787000089, 50.002478740000086 ], [ 5.836366821000126, 50.018550110000049 ], [ 5.872436971000127, 50.096891581000037 ], [ 5.941063273000083, 50.12831085200007 ], [ 5.961630493000087, 50.165621236000035 ], [ 6.084206991000087, 50.159316712000091 ], [ 6.110561971000038, 50.105986634000018 ] ] ] } },
{ "type": "Feature", "properties": { "iso3": "BEL", "NAME": "Belgium", "assessed": true }, "geometry": { "type": "Polygon", "coordinates": [ [ [ 2.521799927545686, 51.08754088371883 ], [ 3.124847852000073, 51.329657294000071 ], [ 3.349414674000116, 51.375223118000051 ], [ 3.353210897000054, 51.288601787000047 ], [ 3.391658163000102, 51.24676971500007 ], [ 3.501212199000065, 51.240284323000097 ], [ 3.514338012000024, 51.281031188999989 ], [ 3.609526001000091, 51.290436300000053 ], [ 3.776234172000102, 51.254521180000083 ], [ 3.8086869710001, 51.20532521600002 ], [ 3.927026001000058, 51.206255392000074 ], [ 4.168561645000096, 51.296870016000085 ], [ 4.221491455000091, 51.368000603000027 ], [ 4.30836022200009, 51.271226304000038 ], [ 4.330821160000085, 51.296087958000044 ], [ 4.289317254000082, 51.309149481000077 ], [ 4.261067579000098, 51.369379275000071 ], [ 4.411234171000018, 51.356737162000044 ], [ 4.37712772600014, 51.44288177500006 ], [ 4.429424275000059, 51.461976217000043 ], [ 4.525232381000109, 51.475928854000031 ], [ 4.521511678000081, 51.428644917999989 ], [ 4.630135539000094, 51.418206279000046 ], [ 4.778653605000045, 51.495359192000123 ], [ 4.823922159000062, 51.475644633000073 ], [ 4.822681925000012, 51.413684591000035 ], [ 4.762117146000151, 51.413374532000049 ], [ 4.910325154000134, 51.391902975 ], [ 5.027527303000085, 51.476807353000069 ], [ 5.079927205000104, 51.438540955000079 ], [ 5.068144979000095, 51.374539694000092 ], [ 5.122921997000105, 51.313380636000076 ], [ 5.197336059000122, 51.308342183000022 ], [ 5.215422811000025, 51.258732808000033 ], [ 5.389055623000104, 51.258706971000024 ], [ 5.49323531100012, 51.286534729000081 ], [ 5.568372843000134, 51.207650655000052 ], [ 5.829132121000072, 51.156465149000027 ], [ 5.823241007000064, 51.118741354000079 ], [ 5.845978638000048, 51.103393454000113 ], [ 5.804947550000094, 51.096623840000078 ], [ 5.798849731000132, 51.061483866000046 ], [ 5.771461222000113, 51.05812489900002 ], [ 5.777559041000075, 51.02355336600003 ], [ 5.722368612000082, 50.959422913000097 ], [ 5.764019816000086, 50.959422913000097 ], [ 5.622323039000094, 50.852659404000079 ], [ 5.624493448000067, 50.830283509000097 ], [ 5.700457804000109, 50.795556946000076 ], [ 5.688365519000115, 50.760830384000045 ], [ 5.706555623000071, 50.75421580000004 ], [ 5.752444296000135, 50.773439433000064 ], [ 5.793165324000114, 50.752148743000092 ], [ 5.994910116000113, 50.749926656000085 ], [ 6.011549926000043, 50.708533835000125 ], [ 6.100226685000052, 50.701299134000053 ], [ 6.159447876000115, 50.622389222000024 ], [ 6.249054809000086, 50.614431051000068 ], [ 6.160688110000052, 50.543582663 ], [ 6.170816691000113, 50.517951152000037 ], [ 6.207196900000099, 50.486325175000061 ], [ 6.336904744000037, 50.481002502000095 ], [ 6.337731567000077, 50.368089498000032 ], [ 6.374525187000074, 50.31548289100003 ], [ 6.285951782000097, 50.303855692000084 ], [ 6.271792439000137, 50.267423808000089 ], [ 6.15717411300011, 50.222723694000038 ], [ 6.165132284000066, 50.181899312000056 ], [ 6.123171020000058, 50.164897767000028 ], [ 6.11748661300004, 50.120456035000061 ], [ 6.084206991000087, 50.159316712000091 ], [ 5.961630493000087, 50.165621236000035 ], [ 5.941063273000083, 50.12831085200007 ], [ 5.872436971000127, 50.096891581000037 ], [ 5.836366821000126, 50.018550110000049 ], [ 5.802673787000089, 50.002478740000086 ], [ 5.812595662000092, 49.977570700000015 ], [ 5.718957967000051, 49.891374410000097 ], [ 5.758128702000079, 49.858198141000074 ], [ 5.731877075000057, 49.859955139000064 ], [ 5.727742960000114, 49.800217184000033 ], [ 5.7784892170001, 49.773035380000053 ], [ 5.805360961000105, 49.721875713000045 ], [ 5.850216105000101, 49.714020894000029 ], [ 5.845771932000105, 49.666581930000021 ], [ 5.88545943200009, 49.643534241000069 ], [ 5.829958944000111, 49.582762756000065 ], [ 5.837400350000109, 49.561110332000069 ], [ 5.790684855000023, 49.537752585000121 ], [ 5.644647257000145, 49.543798727000066 ], [ 5.60227258300003, 49.513723043000098 ], [ 5.547598918000091, 49.52343821200013 ], [ 5.456131633000041, 49.498943584000088 ], [ 5.450240519000118, 49.545762431000085 ], [ 5.402078084000038, 49.602451477 ], [ 5.334898722000077, 49.625809225000054 ], [ 5.29789839700004, 49.613251852000033 ], [ 5.299448690000048, 49.662499492 ], [ 5.259244425000134, 49.691334941000051 ], [ 5.169430786000135, 49.687200827000126 ], [ 4.970993286000123, 49.797064922000075 ], [ 4.849036906000066, 49.794171041000098 ], [ 4.834877564000124, 49.853030498000081 ], [ 4.860199016000109, 49.913336894000068 ], [ 4.783924601000081, 49.958295390000089 ], [ 4.827229451000051, 50.064077047000026 ], [ 4.86288619000004, 50.084075827000063 ], [ 4.862679484000097, 50.147586162000025 ], [ 4.788575480000134, 50.153373922000085 ], [ 4.681915324000073, 50.083920797000118 ], [ 4.656697225000102, 49.989094544000054 ], [ 4.464770956000081, 49.935609436000036 ], [ 4.131664672000056, 49.974986878000024 ], [ 4.137349080000092, 50.025061341000125 ], [ 4.210006144000147, 50.060149638000055 ], [ 4.180550578000037, 50.127225647000088 ], [ 4.125773559000066, 50.128155823000029 ], [ 4.197603800000081, 50.258483785000053 ], [ 4.162773885000121, 50.272953187000084 ], [ 4.125256795000041, 50.257140198000073 ], [ 4.003300415000098, 50.344059957000084 ], [ 3.895916789000097, 50.32530141300002 ], [ 3.755046834000041, 50.346333721000022 ], [ 3.696859172000131, 50.298222962000054 ], [ 3.661719198000071, 50.319306946000083 ], [ 3.644355916000052, 50.445500793000051 ], [ 3.608285766000051, 50.476506653000072 ], [ 3.499145142000089, 50.486790263000088 ], [ 3.477130982000119, 50.519863180000058 ], [ 3.361065714000091, 50.48978749700008 ], [ 3.27104537000011, 50.526942851000101 ], [ 3.232391398000118, 50.695924785 ], [ 3.129245239000085, 50.779072165000102 ], [ 2.971425415000112, 50.757833150000025 ], [ 2.886882772000149, 50.696648255000085 ], [ 2.786733846000033, 50.723364970000048 ], [ 2.691855916000065, 50.808837789000094 ], [ 2.620439087000136, 50.816485902000053 ], [ 2.586746053000098, 50.845424704000024 ], [ 2.576927531000138, 50.911518860000072 ], [ 2.608450154000082, 50.961128235000061 ], [ 2.547058553000113, 51.020478618000098 ], [ 2.521799927545686, 51.08754088371883 ] ] ] } },
{ "type": "Feature", "properties": { "iso3": "MKD", "NAME": "North Macedonia", "assessed": false }, "geometry": { "type": "Polygon", "coordinates": [ [ [ 20.590298299000096, 41.854733175 ], [ 20.643421672000017, 41.873646749000031 ], [ 20.681455525000047, 41.84401031600008 ], [ 20.723313436000126, 41.866618755000033 ], [ 20.750495240000106, 41.906797180000055 ], [ 20.755352824000028, 42.042783712000087 ], [ 20.784911743000066, 42.082031962000045 ], [ 21.003916463000081, 42.141950786000038 ], [ 21.098484334000148, 42.195952657000092 ], [ 21.23780399600011, 42.097354024000097 ], [ 21.288860311000093, 42.089705912000042 ], [ 21.294958130000055, 42.148978781000054 ], [ 21.353765910000021, 42.215977275000043 ], [ 21.429833618000089, 42.215848084000115 ], [ 21.436344848000147, 42.24687978200005 ], [ 21.676886452000076, 42.234944820000109 ], [ 21.92902795400002, 42.335117289000024 ], [ 22.060906209000052, 42.301088359000076 ], [ 22.268852173000141, 42.370334779000089 ], [ 22.276913696000065, 42.341240947000088 ], [ 22.345023234000053, 42.313439026000125 ], [ 22.531058390000112, 42.129109193000048 ], [ 22.718437134000112, 42.044463196000052 ], [ 22.838223104000065, 42.019477641000051 ], [ 22.880804484000123, 41.872690735000063 ], [ 22.939715617000047, 41.776701762000087 ], [ 22.991185344000115, 41.760992127000023 ], [ 23.00958215300011, 41.716369528000101 ], [ 22.932997681000103, 41.61234486900004 ], [ 22.954598429000072, 41.432407532000056 ], [ 22.94085249800014, 41.349828593000026 ], [ 22.751303345000053, 41.315205384000095 ], [ 22.704897908000135, 41.139660543 ], [ 22.644539835000046, 41.180226543000018 ], [ 22.590176229000065, 41.12513946600005 ], [ 22.451476684000085, 41.113667297000049 ], [ 22.308746379000098, 41.12498443600002 ], [ 22.302648560000137, 41.145499980000082 ], [ 22.205806926000037, 41.161416321000033 ], [ 22.103384237000085, 41.121522115000076 ], [ 22.048193807000104, 41.151856182000117 ], [ 21.909080851000112, 41.097492574000043 ], [ 21.894301391000084, 41.053825989000089 ], [ 21.783713826000053, 40.964167379000017 ], [ 21.765523722000097, 40.923911438000076 ], [ 21.685115194000048, 40.927993877000077 ], [ 21.581555623000014, 40.866292217000122 ], [ 21.509518677000131, 40.900502014000025 ], [ 21.404925577000114, 40.908615214000022 ], [ 21.295371541000065, 40.860866191000056 ], [ 20.965262492000079, 40.849394023000045 ], [ 20.939941040000093, 40.907064921000099 ], [ 20.837414999000117, 40.924066468000021 ], [ 20.766101522000042, 40.893732402000083 ], [ 20.717215617000079, 40.913214417000077 ], [ 20.653860310000141, 41.075271708000017 ], [ 20.576965780000052, 41.093513489000074 ], [ 20.565493611000136, 41.147412008000018 ], [ 20.500071248000069, 41.235520325000053 ], [ 20.481674439000074, 41.341198629000061 ], [ 20.523428995000103, 41.356804912000101 ], [ 20.540172160000054, 41.400678202000037 ], [ 20.452012166000117, 41.493592427000081 ], [ 20.444157349000079, 41.549661356000101 ], [ 20.534694458000075, 41.585266419000064 ], [ 20.500381307000055, 41.734094544000115 ], [ 20.550920858000097, 41.793522441000064 ], [ 20.541722452000073, 41.861580302000064 ], [ 20.567147258000091, 41.873181662000022 ], [ 20.590298299000096, 41.854733175 ] ] ] } },
{ "type": "Feature", "properties": { "iso3": "ALB", "NAME": "Albania", "assessed": false }, "geometry": { "type": "Polygon", "coordinates": [ [ [ 20.541722452000073, 41.861580302000064 ], [ 20.550920858000097, 41.793522441000064 ], [ 20.500381307000055, 41.734094544000115 ], [ 20.534694458000075, 41.585266419000064 ], [ 20.444157349000079, 41.549661356000101 ], [ 20.452012166000117, 41.493592427000081 ], [ 20.540172160000054, 41.400678202000037 ], [ 20.523428995000103, 41.356804912000101 ], [ 20.481674439000074, 41.341198629000061 ], [ 20.500071248000069, 41.235520325000053 ], [ 20.565493611000136, 41.147412008000018 ], [ 20.576965780000052, 41.093513489000074 ], [ 20.653860310000141, 41.075271708000017 ], [ 20.717215617000079, 40.913214417000077 ], [ 20.766101522000042, 40.893732402000083 ], [ 20.837414999000117, 40.924066468000021 ], [ 20.956684204000027, 40.894765931000066 ], [ 20.967019490000041, 40.802006734000074 ], [ 20.943661743000092, 40.765264791000064 ], [ 21.018592570000067, 40.690902405000074 ], [ 21.036679321000065, 40.639742737000077 ], [ 21.013528280000088, 40.548895570000084 ], [ 20.957924439000067, 40.514944153000059 ], [ 20.936840454000048, 40.472517802000041 ], [ 20.839998820000119, 40.471639303000089 ], [ 20.770649048000081, 40.421978251 ], [ 20.770442342000138, 40.362550354000049 ], [ 20.699128866000137, 40.27836944600007 ], [ 20.647555786000055, 40.094039612000088 ], [ 20.577792602000073, 40.067271220000023 ], [ 20.432788533000092, 40.063808899 ], [ 20.376461222000074, 39.993735657000045 ], [ 20.297913045000143, 39.986914368 ], [ 20.317963501000094, 39.918391419000088 ], [ 20.397028442000078, 39.818087463000026 ], [ 20.371603637000078, 39.784291077000049 ], [ 20.280032999000071, 39.803979797000082 ], [ 20.296466105000064, 39.717370097000057 ], [ 20.18412154100011, 39.637013245000034 ], [ 20.089346964000072, 39.682798564000066 ], [ 20.016069784000052, 39.701402080000022 ], [ 19.989024285000085, 39.686712958000044 ], [ 20.002696160000085, 39.748236395000049 ], [ 19.980642123000052, 39.757310289000088 ], [ 20.009776238000086, 39.865668036000045 ], [ 19.906423373000052, 39.906439520000049 ], [ 19.94117272200009, 39.940008856000077 ], [ 19.863454623000052, 40.045355536000045 ], [ 19.777354363000086, 40.077785549000055 ], [ 19.770518425000091, 40.063462632000039 ], [ 19.732676629000082, 40.110256252000056 ], [ 19.47624759200005, 40.213690497000073 ], [ 19.381114129000082, 40.29523346600007 ], [ 19.344248894000089, 40.374335028000075 ], [ 19.289561394000089, 40.420396226000037 ], [ 19.348155144000089, 40.430650132000039 ], [ 19.42359459700009, 40.330023505000042 ], [ 19.474945509000065, 40.34837474200009 ], [ 19.478770379000082, 40.453924872000073 ], [ 19.418793165000068, 40.491888739000046 ], [ 19.391368035000085, 40.52179596600007 ], [ 19.38640384200005, 40.54328034100007 ], [ 19.433604363000086, 40.505926825000074 ], [ 19.454600457000083, 40.553859768000052 ], [ 19.41570071700005, 40.583482164000088 ], [ 19.38640384200005, 40.550726630000042 ], [ 19.30437259200005, 40.653143622000073 ], [ 19.360524936000047, 40.709784247000073 ], [ 19.36882571700005, 40.802150783000059 ], [ 19.406748894000089, 40.820746161000045 ], [ 19.393239780000044, 40.844916083000044 ], [ 19.414235873000052, 40.868841864000046 ], [ 19.381195509000065, 40.908270575000074 ], [ 19.440928582000083, 40.948635158000059 ], [ 19.440928582000083, 40.872259833000044 ], [ 19.523448113000086, 40.920640367000033 ], [ 19.49545332100007, 41.002630927000041 ], [ 19.479665561000047, 40.953924872000073 ], [ 19.447764519000089, 40.934312242000033 ], [ 19.477224155000044, 40.975002346000053 ], [ 19.440603061000047, 41.020656643000052 ], [ 19.441905144000089, 41.143866278000075 ], [ 19.516612175000091, 41.256415106000077 ], [ 19.48804772200009, 41.306463934000078 ], [ 19.418955925000091, 41.32257721600007 ], [ 19.393239780000044, 41.41351959800005 ], [ 19.428721550000091, 41.401312567000048 ], [ 19.516612175000091, 41.513413804000038 ], [ 19.440928582000083, 41.58539459800005 ], [ 19.528086785000085, 41.576564846000053 ], [ 19.565196160000085, 41.585109768000052 ], [ 19.584808790000068, 41.619574286000045 ], [ 19.61296634200005, 41.605292059000078 ], [ 19.557627800000091, 41.660549221000053 ], [ 19.578135613000086, 41.687648830000057 ], [ 19.571299675000091, 41.770412502000056 ], [ 19.59896894600007, 41.778713283000059 ], [ 19.591644727000073, 41.818793036000045 ], [ 19.43295332100007, 41.86859772300005 ], [ 19.365082227000073, 41.852362372000073 ], [ 19.346446574000112, 41.961548361000027 ], [ 19.371044556000101, 41.986559754000027 ], [ 19.35058068900014, 42.027823385000019 ], [ 19.372491496000094, 42.104252828000099 ], [ 19.272032511000106, 42.180682271000066 ], [ 19.400396769000082, 42.325893047000093 ], [ 19.412075643000065, 42.368396912000051 ], [ 19.588085572000068, 42.532857158000056 ], [ 19.621778605000117, 42.604997457000039 ], [ 19.699293254000082, 42.654813538000084 ], [ 19.746008749000083, 42.598899639000095 ], [ 19.7343298750001, 42.524382223000046 ], [ 19.784456014000028, 42.474566143000104 ], [ 19.981756632000042, 42.510765483000043 ], [ 20.039220825000143, 42.557765199000116 ], [ 20.152598918000052, 42.49371226 ], [ 20.237761678000084, 42.319924419000088 ], [ 20.333363078000076, 42.317883200000026 ], [ 20.481674439000074, 42.230705058000055 ], [ 20.538621867000131, 42.150115662000061 ], [ 20.599289998000131, 41.96056650900006 ], [ 20.567147258000091, 41.873181662000022 ], [ 20.541722452000073, 41.861580302000064 ] ] ] } },
{ "type": "Feature", "properties": { "iso3": "KOS", "NAME": "Kosovo", "assessed": false }, "geometry": { "type": "Polygon", "coordinates": [ [ [ 20.064955688000055, 42.546758118000028 ], [ 20.103919718000043, 42.65310821600012 ], [ 20.024751424000016, 42.723414002000126 ], [ 20.034673299000104, 42.751422628000043 ], [ 20.076324503000137, 42.773436789000115 ], [ 20.183398071000113, 42.742508443000091 ], [ 20.226082805000118, 42.806768087000066 ], [ 20.476300089000119, 42.855524801000016 ], [ 20.498831014000132, 42.877874858 ], [ 20.450978637000048, 42.922032369000092 ], [ 20.459453572000115, 42.950015158 ], [ 20.562393026000109, 43.009494731000061 ], [ 20.596396118000143, 43.007091777000099 ], [ 20.664919068000074, 43.085407410000087 ], [ 20.669156535000099, 43.109798686000019 ], [ 20.620580689000121, 43.133337301 ], [ 20.604044230000113, 43.197958679000052 ], [ 20.794420207000144, 43.263070984000038 ], [ 20.864700154000047, 43.217337342000022 ], [ 20.839998820000119, 43.212092184000099 ], [ 20.838551880000125, 43.170466817 ], [ 21.005156698000093, 43.099127502 ], [ 21.092593221000072, 43.090678406 ], [ 21.147887003000079, 42.992622376000057 ], [ 21.209795369000091, 42.995877991000057 ], [ 21.23242964700006, 42.910896098000066 ], [ 21.260541626000105, 42.886556499000037 ], [ 21.408439575000074, 42.846998190000093 ], [ 21.378673951000081, 42.744136251000057 ], [ 21.565225870000091, 42.72018422500004 ], [ 21.629407999000108, 42.672202657000113 ], [ 21.738651977000103, 42.68215037 ], [ 21.772758422000067, 42.6475013230001 ], [ 21.734724569000036, 42.624246928000062 ], [ 21.717671346000088, 42.551150615000026 ], [ 21.618969360000079, 42.449244691000033 ], [ 21.617419068000061, 42.386638692000119 ], [ 21.516029907000103, 42.341938579000058 ], [ 21.564065710000108, 42.246289302000051 ], [ 21.436344848000147, 42.24687978200005 ], [ 21.429833618000089, 42.215848084000115 ], [ 21.366788371000069, 42.223857930000079 ], [ 21.294958130000055, 42.148978781000054 ], [ 21.299298950000036, 42.091411235000109 ], [ 21.23780399600011, 42.097354024000097 ], [ 21.098484334000148, 42.195952657000092 ], [ 21.003916463000081, 42.141950786000038 ], [ 20.784911743000066, 42.082031962000045 ], [ 20.74305383300009, 41.993484395000095 ], [ 20.750495240000106, 41.906797180000055 ], [ 20.681455525000047, 41.84401031600008 ], [ 20.643421672000017, 41.873646749000031 ], [ 20.602390584000062, 41.849875591000071 ], [ 20.567147258000091, 41.873181662000022 ], [ 20.599289998000131, 41.96056650900006 ], [ 20.500794719000055, 42.211223043000061 ], [ 20.333363078000076, 42.317883200000026 ], [ 20.237761678000084, 42.319924419000088 ], [ 20.192803182000091, 42.393692526000038 ], [ 20.199727824000064, 42.427798971000087 ], [ 20.135545695000133, 42.509628601000131 ], [ 20.064955688000055, 42.546758118000028 ] ] ] } },
{ "type": "Feature", "properties": { "iso3": "ESP", "NAME": "Spain", "assessed": false }, "geometry": { "type": "MultiPolygon", "coordinates": [ [ [ [ -5.340728318999936, 35.847357489000046 ], [ -5.398858678999886, 35.924503853000076 ], [ -5.283070441999939, 35.911688544000071 ], [ -5.340728318999936, 35.847357489000046 ] ] ], [ [ [ -2.922027147999927, 35.287990627000056 ], [ -2.943045613999885, 35.267874248000098 ], [ -2.966920125999877, 35.313866272 ], [ -2.947824673999946, 35.329779364000046 ], [ -2.922027147999927, 35.287990627000056 ] ] ], [ [ [ -1.811268683999913, 43.395086981000077 ], [ -1.796914021999953, 43.341128235000056 ], [ -1.747356322999906, 43.291002096000042 ], [ -1.654907185999889, 43.297539164000014 ], [ -1.621885945999907, 43.246999613000085 ], [ -1.559047403999926, 43.284077454000069 ], [ -1.403501342999959, 43.243330587000074 ], [ -1.425773884999927, 43.135275167000131 ], [ -1.487837279999894, 43.081815898000102 ], [ -1.457141478999858, 43.04507395500012 ], [ -1.366139282999939, 43.033317567000026 ], [ -1.348259236999866, 43.093081360000056 ], [ -1.286040811999953, 43.109178569000036 ], [ -1.315082966999853, 43.082875265 ], [ -1.293688923999952, 43.055202535000078 ], [ -1.149925088999879, 43.00572235200012 ], [ -0.943219360999905, 42.947896423000103 ], [ -0.759664672999861, 42.946501160000039 ], [ -0.740286010999881, 42.884799499000067 ], [ -0.648301961999891, 42.849788717000067 ], [ -0.56903031399986, 42.772635804000103 ], [ -0.535647338999894, 42.784211324000054 ], [ -0.533890339999914, 42.80800832200002 ], [ -0.423922892999911, 42.790670878000086 ], [ -0.322792113999952, 42.842502340000081 ], [ -0.235148885999934, 42.78622670500009 ], [ -0.161406615999908, 42.79534759600007 ], [ -0.119031941999879, 42.716851095000052 ], [ -0.038933471999911, 42.685147604000022 ], [ 0.169167521000134, 42.726462911000041 ], [ 0.238362264000045, 42.710365703000079 ], [ 0.275388428000099, 42.668688660000058 ], [ 0.354169148000096, 42.717497050000119 ], [ 0.409282064000081, 42.68225372300013 ], [ 0.656734660000097, 42.687989808000097 ], [ 0.666449829000044, 42.714758200000077 ], [ 0.633480265000088, 42.744782206000124 ], [ 0.656321248000097, 42.838419902000069 ], [ 0.812900838000132, 42.831624451000025 ], [ 0.921111287000116, 42.784366354000085 ], [ 1.089059692000149, 42.771318054000048 ], [ 1.151484823000118, 42.706722514 ], [ 1.342584269000042, 42.708660381000115 ], [ 1.42929732200011, 42.59538564100005 ], [ 1.406456339000101, 42.529239808000071 ], [ 1.449967895000043, 42.504073384000023 ], [ 1.407593221000099, 42.486761780000037 ], [ 1.447900838000066, 42.434646098000073 ], [ 1.516630493000122, 42.429504293000051 ], [ 1.707006470000067, 42.502781474000059 ], [ 1.927458129000058, 42.436894023000079 ], [ 1.963734985000116, 42.367234192000055 ], [ 2.009210245000077, 42.347080383000062 ], [ 2.063263794000079, 42.35790659700011 ], [ 2.136954386000099, 42.416223450000061 ], [ 2.277410930000144, 42.428625794000126 ], [ 2.422518351000065, 42.383693136000019 ], [ 2.514812459000069, 42.325660503000037 ], [ 2.548092081000107, 42.352248027000073 ], [ 2.662193644000098, 42.339018861000071 ], [ 2.640282837000143, 42.372841085000076 ], [ 2.690408976000072, 42.406172384000016 ], [ 2.788594198000055, 42.412011821000092 ], [ 2.933701619000061, 42.470225322000019 ], [ 3.029613077000135, 42.465651957 ], [ 3.086147094000097, 42.427178854000047 ], [ 3.180969656804698, 42.43148414767083 ], [ 3.187347852000073, 42.349514065000051 ], [ 3.31771894600007, 42.322984117000033 ], [ 3.26303144600007, 42.239854234000063 ], [ 3.170176629000082, 42.259670315000051 ], [ 3.11882571700005, 42.218329169000071 ], [ 3.122487826000054, 42.14048899900007 ], [ 3.21449569300006, 42.068333846000087 ], [ 3.195896147000042, 42.033117872000048 ], [ 3.23218834700009, 41.946030992000033 ], [ 3.150165377000064, 41.845350970000084 ], [ 3.078630960000055, 41.826618274000054 ], [ 3.069057555000086, 41.79907611200008 ], [ 2.932990851000056, 41.712464376000071 ], [ 2.840179884000065, 41.694647528000075 ], [ 2.778496578000045, 41.645582261000072 ], [ 2.449473504000082, 41.535223700000074 ], [ 2.26734459700009, 41.448635158000059 ], [ 2.13054446700005, 41.303656317000048 ], [ 2.019704623000052, 41.265855210000041 ], [ 1.539235873000052, 41.187445380000042 ], [ 1.217784050000091, 41.104681708000044 ], [ 1.172943556000064, 41.058661200000074 ], [ 1.097666863000086, 41.070868231000077 ], [ 1.017425977000073, 41.051784572000088 ], [ 0.71420332100007, 40.815212307000081 ], [ 0.694834832000083, 40.785996812000064 ], [ 0.750173373000052, 40.765570380000042 ], [ 0.76693769600007, 40.78502024900007 ], [ 0.873708530000044, 40.727932033000059 ], [ 0.858083530000044, 40.68626536700009 ], [ 0.784027540000068, 40.660956122000073 ], [ 0.67709394600007, 40.56517161700009 ], [ 0.615896030000044, 40.55345286700009 ], [ 0.592458530000044, 40.582098700000074 ], [ 0.663177931000064, 40.574733791000085 ], [ 0.732676629000082, 40.633734442000048 ], [ 0.563487175000091, 40.590033270000049 ], [ 0.350596550000091, 40.284898179000038 ], [ 0.205251498000052, 40.171535549000055 ], [ 0.144541863000086, 40.07884349200009 ], [ 0.06617272200009, 40.031927802000041 ], [ -0.091297980999911, 39.847927151000079 ], [ -0.323353644999941, 39.516221421000068 ], [ -0.301340298999946, 39.322007554000038 ], [ -0.215492823999909, 39.181838544000072 ], [ -0.242182165999907, 39.166275180000071 ], [ -0.226703362999956, 39.111781755000038 ], [ -0.158029751999948, 39.002142645000049 ], [ -0.009755011999914, 38.869696356000077 ], [ 0.15398196700005, 38.831000067000048 ], [ 0.234548373000052, 38.742254950000074 ], [ 0.083018425000091, 38.660956122000073 ], [ 0.080577019000089, 38.631008205000057 ], [ -0.042958136999914, 38.611721096000053 ], [ -0.075428839999915, 38.539943752000056 ], [ -0.329416469999956, 38.470038153000075 ], [ -0.39517167899993, 38.413763739000046 ], [ -0.413685675999943, 38.364813544000071 ], [ -0.509836391999954, 38.338364976000037 ], [ -0.504017706999946, 38.207220770000049 ], [ -0.62368730399993, 38.16242096600007 ], [ -0.65453040299991, 37.989325262000079 ], [ -0.718413865999935, 37.943019924000055 ], [ -0.758615688999953, 37.863348700000074 ], [ -0.760731574999909, 37.796128648000035 ], [ -0.787993943999936, 37.822821356000077 ], [ -0.812408006999931, 37.770086981000077 ], [ -0.85610917899993, 37.74249909100007 ], [ -0.809925910999937, 37.666896877000056 ], [ -0.754790818999936, 37.641302802000041 ], [ -0.726470506999931, 37.651516018000052 ], [ -0.70531165299991, 37.619533596000053 ], [ -0.925160285999937, 37.555894273000035 ], [ -1.087757941999939, 37.580877997000073 ], [ -1.119984503999945, 37.559027411000045 ], [ -1.10576668799996, 37.532134935000045 ], [ -1.242698867999934, 37.57920279700005 ], [ -1.261670586999912, 37.557661268000061 ], [ -1.323735140999929, 37.561990821000052 ], [ -1.470895962999919, 37.482245184000078 ], [ -1.496937628999945, 37.427801825000074 ], [ -1.670887824999909, 37.363308010000083 ], [ -1.81273352799991, 37.207058010000083 ], [ -1.906117316999939, 36.987616278000075 ], [ -1.900339321999923, 36.941188869000086 ], [ -1.98892167899993, 36.900498765000066 ], [ -2.071156378999945, 36.775336005000042 ], [ -2.126698370999918, 36.736395575000074 ], [ -2.203643357999908, 36.737127997000073 ], [ -2.282785610999952, 36.81008535400008 ], [ -2.361683722999942, 36.836778062000064 ], [ -2.56078040299991, 36.818793036000045 ], [ -2.617176886999914, 36.728420315000051 ], [ -2.718251105999911, 36.682033596000053 ], [ -2.820993618999921, 36.713893947000088 ], [ -2.848255988999938, 36.700222072000088 ], [ -2.933257615999935, 36.751654364000046 ], [ -3.329579230999911, 36.744899807000081 ], [ -3.415154668999946, 36.695516287000089 ], [ -3.54983156499992, 36.712372686000037 ], [ -3.601100173999953, 36.742550294000068 ], [ -3.731281329999945, 36.72409732400007 ], [ -3.838541254999939, 36.751969933000055 ], [ -3.960961123999937, 36.72679277900005 ], [ -4.056711391999954, 36.747992255000042 ], [ -4.224720831999946, 36.712388414000088 ], [ -4.403187628999945, 36.723863023000035 ], [ -4.524826052999913, 36.580715264000048 ], [ -4.58779979399992, 36.573817661000078 ], [ -4.659250454999949, 36.507635809000078 ], [ -4.90265865799995, 36.506537177000041 ], [ -4.994166374999907, 36.457093958000087 ], [ -5.186553514999957, 36.411200262000079 ], [ -5.253651495999918, 36.297105210000041 ], [ -5.290598110999952, 36.277411200000074 ], [ -5.338773483242616, 36.141119671999917 ], [ -5.425445115999935, 36.179754950000074 ], [ -5.438628709999932, 36.06281159100007 ], [ -5.611765102999925, 36.006455796000068 ], [ -5.689361131999931, 36.06712474200009 ], [ -5.796050584999932, 36.085516669000071 ], [ -5.917185024999924, 36.184068101000037 ], [ -6.036773240999935, 36.189520575000074 ], [ -6.104725714999915, 36.28070709800005 ], [ -6.159453904999907, 36.304307359000063 ], [ -6.184193488999938, 36.370713609000063 ], [ -6.31000729099992, 36.534125067000048 ], [ -6.257517055999926, 36.513780015000066 ], [ -6.231475389999957, 36.472683010000083 ], [ -6.179351365999935, 36.51353587400007 ], [ -6.224354620999918, 36.51085032800006 ], [ -6.234893357999908, 36.575751044000071 ], [ -6.283192511999914, 36.612372137000079 ], [ -6.394683397999927, 36.636908270000049 ], [ -6.433338995999918, 36.751206773000035 ], [ -6.345611131999931, 36.794989325000074 ], [ -6.33820553299995, 36.883734442000048 ], [ -6.304351365999935, 36.907212632000039 ], [ -6.223255988999938, 36.902329820000034 ], [ -6.194813605999911, 36.932114976000037 ], [ -6.344715949999909, 36.901271877000056 ], [ -6.346669074999909, 36.819891669000071 ], [ -6.388010219999956, 36.808172919000071 ], [ -6.499582485999952, 36.959662177000041 ], [ -6.89289303299995, 37.166571356000077 ], [ -6.917632615999935, 37.215073960000041 ], [ -6.852691209999932, 37.29523346600007 ], [ -6.931141730999911, 37.233872789000088 ], [ -6.962554490999935, 37.23383209800005 ], [ -6.928456183999913, 37.172349351000037 ], [ -7.101040416999922, 37.224250751000056 ], [ -7.127349412999934, 37.214748440000051 ], [ -7.085560675999943, 37.20648834800005 ], [ -7.414418097999942, 37.19281647300005 ], [ -7.468867553999871, 37.475568950000039 ], [ -7.52912227399986, 37.556700948000085 ], [ -7.514342813999946, 37.601401062000051 ], [ -7.471606404999932, 37.636902771000067 ], [ -7.444011189999912, 37.730152893000124 ], [ -7.306861937999969, 37.850765686000088 ], [ -7.272703816999893, 37.9770112100001 ], [ -7.159739135999899, 37.99680328400008 ], [ -7.12325557399987, 38.040004781 ], [ -7.023985148999913, 38.022563985000076 ], [ -6.947504027999912, 38.196636047000069 ], [ -7.103515176999906, 38.173588359000107 ], [ -7.167180541999898, 38.272083639000058 ], [ -7.359210163999876, 38.446362407000024 ], [ -7.27043005399986, 38.61769561800007 ], [ -7.292960977999883, 38.656272074000057 ], [ -7.27043005399986, 38.737507427000125 ], [ -7.056076212999926, 38.855148824000096 ], [ -7.066049764999917, 38.904603170000129 ], [ -6.973290567999925, 39.013950501000025 ], [ -7.015768594999884, 39.096813660000052 ], [ -7.157206990999896, 39.105443624000102 ], [ -7.168059040999935, 39.170633443 ], [ -7.258079386999896, 39.211302795000066 ], [ -7.250844685999937, 39.270627340000075 ], [ -7.326654011999949, 39.341320699000093 ], [ -7.313528197999887, 39.457437643000034 ], [ -7.399414428999904, 39.493662821000086 ], [ -7.515841430999927, 39.593760071000062 ], [ -7.557285929999892, 39.679801331000064 ], [ -7.021142944999923, 39.694012350000023 ], [ -7.000265664999858, 39.802532858000106 ], [ -6.927660278999923, 39.861909078000039 ], [ -6.925231485999888, 39.917926331000061 ], [ -6.879704548999911, 40.009186910000054 ], [ -6.955720581999856, 40.102927959000013 ], [ -7.015768594999884, 40.119051005000088 ], [ -7.043105428999894, 40.181372783000128 ], [ -7.015768594999884, 40.225504456000024 ], [ -6.878050903999849, 40.265243632000121 ], [ -6.794438435999922, 40.35640085900009 ], [ -6.857121948999861, 40.442132060000077 ], [ -6.812525186999949, 40.51463409500009 ], [ -6.850455688999944, 40.582226868000035 ], [ -6.814282185999929, 40.647184143000104 ], [ -6.839138549999888, 40.75751332600008 ], [ -6.836658080999911, 40.840247294000065 ], [ -6.81619421399995, 40.856835429000071 ], [ -6.942491414999949, 41.015998840000108 ], [ -6.90683467599996, 41.056099752000094 ], [ -6.804360310999925, 41.064419658000062 ], [ -6.755216023999878, 41.158832500000116 ], [ -6.646643839999882, 41.267611390000056 ], [ -6.495852010999897, 41.294948222000087 ], [ -6.379166625999915, 41.397319234000108 ], [ -6.321133991999943, 41.411013489000126 ], [ -6.279534463999937, 41.497003072 ], [ -6.205947224999932, 41.570280253000092 ], [ -6.272248087999856, 41.628235372000049 ], [ -6.365937459999913, 41.663607890000051 ], [ -6.46081538999988, 41.676552836000084 ], [ -6.541533976999915, 41.658905335000085 ], [ -6.577397419999954, 41.73972727500005 ], [ -6.524222371999912, 41.867419740000045 ], [ -6.575795450999919, 41.882896831000053 ], [ -6.571661335999892, 41.942608948000057 ], [ -6.609488484999872, 41.962323507000022 ], [ -6.622821003999917, 41.94095530200012 ], [ -6.727982543999872, 41.930852559000087 ], [ -6.824927530999929, 41.983769226000064 ], [ -6.854951537999881, 41.942944845000071 ], [ -6.992359170999919, 41.966380107000035 ], [ -7.051270303999928, 41.942014669000017 ], [ -7.1453730879999, 41.987489929000063 ], [ -7.19994339999991, 41.963718771000103 ], [ -7.19792801899996, 41.90150034600002 ], [ -7.218650268999909, 41.879046937000098 ], [ -7.391921345999975, 41.842046611000043 ], [ -7.442719278999959, 41.805950623000044 ], [ -7.469384318999914, 41.852536926000099 ], [ -7.515841430999927, 41.864990947000067 ], [ -7.546692260999919, 41.832047221000025 ], [ -7.606068480999852, 41.825535991000052 ], [ -7.622811644999899, 41.841736552000057 ], [ -7.607360391999919, 41.873181662000022 ], [ -7.722030395999866, 41.899252421000099 ], [ -7.896593383999885, 41.857937113000062 ], [ -7.906101846999888, 41.913851014000059 ], [ -7.94475581899988, 41.866954652000018 ], [ -7.993641723999872, 41.863673198000029 ], [ -8.048573770999894, 41.816389262000072 ], [ -8.179573526999889, 41.810704854000036 ], [ -8.177041381999885, 41.849849752000054 ], [ -8.220397908999871, 41.86819488600004 ], [ -8.23021643099986, 41.904678447000052 ], [ -8.095082559999923, 42.040923361000083 ], [ -8.137612263999898, 42.072911072000082 ], [ -8.204016479999922, 42.069552104000067 ], [ -8.222361612999919, 42.153629660000021 ], [ -8.346746785999898, 42.101694845000097 ], [ -8.626884724999911, 42.051026103000126 ], [ -8.670809691999864, 41.999814758000113 ], [ -8.881255662999934, 41.893296617000033 ], [ -8.895497199999909, 42.119086005000042 ], [ -8.826527472999942, 42.130519924000055 ], [ -8.846994594999956, 42.160834052000041 ], [ -8.625152147999927, 42.301947333000044 ], [ -8.622710740999935, 42.347479559000078 ], [ -8.674794074999909, 42.299017645000049 ], [ -8.86750240799995, 42.256415106000077 ], [ -8.853260870999918, 42.304836330000057 ], [ -8.827219204999949, 42.296698309000078 ], [ -8.83071855399993, 42.341620184000078 ], [ -8.771962042999917, 42.342718817000048 ], [ -8.655262824999909, 42.441351630000042 ], [ -8.843576626999948, 42.403713283000059 ], [ -8.888010219999956, 42.455633856000077 ], [ -8.942616339999915, 42.469305731000077 ], [ -8.881255662999934, 42.496568101000037 ], [ -8.860829230999911, 42.48501211100006 ], [ -8.874338344999956, 42.469305731000077 ], [ -8.826527472999942, 42.461859442000048 ], [ -8.822987433999913, 42.569525458000044 ], [ -8.775502081999946, 42.604722398000035 ], [ -8.730946417999917, 42.688421942000048 ], [ -8.784982876999948, 42.640570380000042 ], [ -8.839507615999935, 42.682440497000073 ], [ -8.868763800999943, 42.61749909100007 ], [ -8.903431769999941, 42.625474351000037 ], [ -8.98078365799995, 42.551214911000045 ], [ -9.026356574999909, 42.543117580000057 ], [ -9.033355272999927, 42.578111070000034 ], [ -9.070871548999946, 42.596136786000045 ], [ -9.030140753999945, 42.707709052000041 ], [ -8.898264126999948, 42.792303778000075 ], [ -8.887684699999909, 42.831122137000079 ], [ -8.90843665299991, 42.839463609000063 ], [ -8.951039191999939, 42.795111395000049 ], [ -9.048939581999946, 42.794745184000078 ], [ -9.06867428299995, 42.759711005000042 ], [ -9.10024980399993, 42.757513739000046 ], [ -9.13499915299991, 42.812770901000079 ], [ -9.10024980399993, 42.833278713000084 ], [ -9.141224738999938, 42.857448635000083 ], [ -9.134510870999918, 42.917547919000071 ], [ -9.195871548999946, 42.949326890000066 ], [ -9.195790167999917, 42.926581122000073 ], [ -9.224232550999943, 42.940212307000081 ], [ -9.273060675999943, 42.893337307000081 ], [ -9.291981574999909, 42.928778387000079 ], [ -9.250965949999909, 43.016791083000044 ], [ -9.27953040299991, 43.05499909100007 ], [ -9.217600063999953, 43.114447333000044 ], [ -9.189808722999942, 43.102321682000081 ], [ -9.10773678299995, 43.141140041000085 ], [ -9.208363410999937, 43.137884833000044 ], [ -9.217600063999953, 43.155340887000079 ], [ -9.137928839999915, 43.201524156000062 ], [ -9.052398240999935, 43.196356512000079 ], [ -9.011545376999948, 43.238755601000037 ], [ -8.932525193999936, 43.235296942000048 ], [ -8.915272589999915, 43.245021877000056 ], [ -8.988026495999918, 43.283026434000078 ], [ -8.829986131999931, 43.341213283000059 ], [ -8.693104620999918, 43.293402411000045 ], [ -8.592518683999913, 43.324204820000034 ], [ -8.558420376999948, 43.313218492000033 ], [ -8.388295050999943, 43.385891018000052 ], [ -8.353586391999954, 43.348618882000039 ], [ -8.33071855399993, 43.405666408000059 ], [ -8.267201300999943, 43.385931708000044 ], [ -8.210194464999915, 43.313218492000033 ], [ -8.20962480399993, 43.390692450000074 ], [ -8.175404425999943, 43.41632721600007 ], [ -8.305165167999917, 43.451076565000051 ], [ -8.168568488999938, 43.492010809000078 ], [ -8.333119269999941, 43.471502997000073 ], [ -8.292103644999941, 43.532945054000038 ], [ -8.312652147999927, 43.567124742000033 ], [ -8.232248501999948, 43.575506903000075 ], [ -8.086659308999913, 43.656480210000041 ], [ -8.074615037999934, 43.639634507000039 ], [ -8.051869269999941, 43.642808335000041 ], [ -8.073963995999918, 43.678534247000073 ], [ -8.059315558999913, 43.709418036000045 ], [ -7.981190558999913, 43.717840887000079 ], [ -7.908558722999942, 43.766343492000033 ], [ -7.846506313999953, 43.717962958000044 ], [ -7.908558722999942, 43.670152085000041 ], [ -7.858387824999909, 43.668198960000041 ], [ -7.867583787999934, 43.697455145000049 ], [ -7.819162563999953, 43.697455145000049 ], [ -7.812001105999911, 43.723089911000045 ], [ -7.712757941999939, 43.760687567000048 ], [ -7.685536261999914, 43.793443101000037 ], [ -7.668324347999942, 43.772528387000079 ], [ -7.691558397999927, 43.727240302000041 ], [ -7.641021287999934, 43.752671617000033 ], [ -7.615956183999913, 43.688544012000079 ], [ -7.541411912999934, 43.731634833000044 ], [ -7.367054816999939, 43.680080471000053 ], [ -7.304107225999928, 43.598578192000048 ], [ -7.256743943999936, 43.581610419000071 ], [ -7.271066860999952, 43.561143296000068 ], [ -7.044300910999937, 43.559393622000073 ], [ -7.044585740999935, 43.479193427000041 ], [ -7.001372850999928, 43.556667385000083 ], [ -6.943959113999938, 43.565985419000071 ], [ -6.703724738999938, 43.557562567000048 ], [ -6.64867102799991, 43.579046942000048 ], [ -6.510121222999942, 43.547471421000068 ], [ -6.462961391999954, 43.554958401000079 ], [ -6.469105597999942, 43.575384833000044 ], [ -6.314605272999927, 43.568630276000079 ], [ -6.222767706999946, 43.595892645000049 ], [ -6.069162563999953, 43.569688218000067 ], [ -5.907378709999932, 43.588446356000077 ], [ -5.907378709999932, 43.636826890000066 ], [ -5.85220292899993, 43.662949937000064 ], [ -5.677479620999918, 43.561143296000068 ], [ -5.393869594999956, 43.555243231000077 ], [ -5.413929816999939, 43.506537177000041 ], [ -5.356800910999937, 43.53860097900008 ], [ -5.299875454999949, 43.537665106000077 ], [ -5.177886522999927, 43.48936595300006 ], [ -4.975168423999946, 43.458766994000086 ], [ -4.941029425999943, 43.471747137000079 ], [ -4.481678839999915, 43.383612372000073 ], [ -4.432525193999936, 43.402614651000079 ], [ -4.379261847999942, 43.383612372000073 ], [ -4.188588019999941, 43.40538157800006 ], [ -4.012766079999949, 43.452500718000067 ], [ -3.981434699999909, 43.438259182000081 ], [ -3.940052863999938, 43.477118231000077 ], [ -3.826730923999946, 43.497015692000048 ], [ -3.769154425999943, 43.479193427000041 ], [ -3.844309048999946, 43.445095119000086 ], [ -3.81118730399993, 43.425482489000046 ], [ -3.772287563999953, 43.452500718000067 ], [ -3.744984503999945, 43.438259182000081 ], [ -3.755523240999935, 43.471747137000079 ], [ -3.579416469999956, 43.518255927000041 ], [ -3.431507941999939, 43.466864325000074 ], [ -3.428618943999936, 43.446844794000071 ], [ -3.470041469999956, 43.454169012000079 ], [ -3.501698370999918, 43.43077220300006 ], [ -3.461089647999927, 43.412461656000062 ], [ -3.447010870999918, 43.43077220300006 ], [ -3.268950975999928, 43.404120184000078 ], [ -3.13149980399993, 43.35578034100007 ], [ -3.089507615999935, 43.366888739000046 ], [ -3.008168097999942, 43.320908921000068 ], [ -3.029286261999914, 43.376166083000044 ], [ -2.939930792999917, 43.41710032800006 ], [ -2.946685350999928, 43.43077220300006 ], [ -2.768625454999949, 43.452500718000067 ], [ -2.715199347999942, 43.424505927000041 ], [ -2.691029425999943, 43.367539781000062 ], [ -2.661203579999949, 43.411932684000078 ], [ -2.483509894999941, 43.37063222900008 ], [ -2.36742102799991, 43.315700588000084 ], [ -2.196278449999909, 43.31476471600007 ], [ -2.127797003999945, 43.28742096600007 ], [ -1.960357225999928, 43.343085028000075 ], [ -1.918690558999913, 43.320990302000041 ], [ -1.904652472999942, 43.32843659100007 ], [ -1.925689256999931, 43.342637437000064 ], [ -1.811268683999913, 43.395086981000077 ] ] ], [ [ [ 1.99949507600013, 42.443896180000067 ], [ 1.945648233000099, 42.463817445000089 ], [ 1.967972453000073, 42.485702413000027 ], [ 1.99949507600013, 42.443896180000067 ] ] ], [ [ [ -0.754505988999938, 37.774400132000039 ], [ -0.740142381999931, 37.702460028000075 ], [ -0.726470506999931, 37.665187893000052 ], [ -0.746896938999953, 37.683783270000049 ], [ -0.754505988999938, 37.774400132000039 ] ] ], [ [ [ 1.565683815000057, 38.69148550500006 ], [ 1.58139082100007, 38.65306224200009 ], [ 1.523448113000086, 38.649400132000039 ], [ 1.458085631000074, 38.681340739000063 ], [ 1.382950333000053, 38.642060925000067 ], [ 1.382823113000086, 38.71157461100006 ], [ 1.43132571700005, 38.754868882000039 ], [ 1.48609459700009, 38.694566148000035 ], [ 1.52638326400006, 38.677767624000069 ], [ 1.565683815000057, 38.69148550500006 ] ] ], [ [ [ 1.600840691000087, 39.082383531000062 ], [ 1.623057488000086, 39.029201565000051 ], [ 1.509776238000086, 38.930161851000037 ], [ 1.414728475000061, 38.89062173700006 ], [ 1.403104951000046, 38.832277563000048 ], [ 1.216644727000073, 38.88507721600007 ], [ 1.21843509200005, 38.954087632000039 ], [ 1.300954623000052, 38.967759507000039 ], [ 1.292816602000073, 39.033270575000074 ], [ 1.35678144600007, 39.077622789000088 ], [ 1.522715691000087, 39.118882554000038 ], [ 1.600840691000087, 39.082383531000062 ] ] ], [ [ [ 3.383148634000065, 39.777940171000068 ], [ 3.47437584700009, 39.749701239000046 ], [ 3.453868035000085, 39.65969472900008 ], [ 3.323252800000091, 39.523871161000045 ], [ 3.252614780000044, 39.38617584800005 ], [ 3.060801629000082, 39.26906972900008 ], [ 2.958832227000073, 39.363226630000042 ], [ 2.786631707000083, 39.375921942000048 ], [ 2.736582879000082, 39.462103583000044 ], [ 2.74350019600007, 39.523382880000042 ], [ 2.681651238000086, 39.558661200000074 ], [ 2.569102410000085, 39.531520901000079 ], [ 2.520192905000044, 39.472845770000049 ], [ 2.492686394000089, 39.47024160400008 ], [ 2.453949415000068, 39.53742096600007 ], [ 2.391856316000087, 39.52374909100007 ], [ 2.350759311000047, 39.57648346600007 ], [ 2.357676629000082, 39.611883856000077 ], [ 2.56967207100007, 39.713080145000049 ], [ 2.813243035000085, 39.87258535400008 ], [ 3.17945397200009, 39.968776760000083 ], [ 3.21420332100007, 39.955104885000083 ], [ 3.096934441000087, 39.91351959800005 ], [ 3.094737175000091, 39.881211656000062 ], [ 3.20679772200009, 39.893011786000045 ], [ 3.18718509200005, 39.854356187000064 ], [ 3.12631269600007, 39.831854559000078 ], [ 3.13648522200009, 39.788763739000046 ], [ 3.223887566000087, 39.749701239000046 ], [ 3.383148634000065, 39.777940171000068 ] ] ], [ [ [ 4.298024936000047, 39.941961981000077 ], [ 4.337087436000047, 39.867173570000034 ], [ 4.302907748000052, 39.887600002000056 ], [ 4.300059441000087, 39.821763414000088 ], [ 4.248138868000069, 39.816473700000074 ], [ 3.981374545000051, 39.936061916000085 ], [ 3.830658399000072, 39.936061916000085 ], [ 3.850515170000051, 39.983872789000088 ], [ 3.803151889000048, 40.018133856000077 ], [ 3.821869337000066, 40.047634182000081 ], [ 4.052012566000087, 40.058172919000071 ], [ 4.105072462000066, 40.079413153000075 ], [ 4.135427280000044, 40.028225002000056 ], [ 4.170502149000072, 40.064601955000057 ], [ 4.178640170000051, 40.038845119000086 ], [ 4.254567905000044, 39.997463283000059 ], [ 4.273366733000046, 39.969956773000035 ], [ 4.254567905000044, 39.949693101000037 ], [ 4.298024936000047, 39.941961981000077 ] ] ], [ [ [ 2.982307966000064, 39.139183508000087 ], [ 2.930866760000072, 39.118175889000042 ], [ 2.913614193000058, 39.15196267500005 ], [ 2.980582428000048, 39.185560431000056 ], [ 2.982307966000064, 39.139183508000087 ] ] ], [ [ [ -4.30105408299994, 35.172901879000051 ], [ -4.296899558999939, 35.172249026000088 ], [ -4.301884987999927, 35.172664478000058 ], [ -4.30105408299994, 35.172901879000051 ] ] ], [ [ [ -3.902962458999923, 35.215309632000071 ], [ -3.90253257899991, 35.214787124000054 ], [ -3.903131789999918, 35.215038701000083 ], [ -3.902962458999923, 35.215309632000071 ] ] ], [ [ [ -3.901274259999923, 35.217623866000054 ], [ -3.899818006999908, 35.217285203000074 ], [ -3.901308126999936, 35.217319069000041 ], [ -3.901274259999923, 35.217623866000054 ] ] ], [ [ [ -2.434242513999948, 35.185230367000088 ], [ -2.426501991999942, 35.182113679000054 ], [ -2.435858709999934, 35.181189878000055 ], [ -2.434242513999948, 35.185230367000088 ] ] ], [ [ [ -5.418773795999925, 35.915597312000045 ], [ -5.417888241999947, 35.910874356000079 ], [ -5.420840089999956, 35.914268981000077 ], [ -5.418773795999925, 35.915597312000045 ] ] ] ] } },
{ "type": "Feature", "properties": { "iso3": "DNK", "NAME": "Denmark", "assessed": true }, "geometry": { "type": "MultiPolygon", "coordinates": [ [ [ [ 8.660775934000071, 54.896311156000067 ], [ 8.640961134000065, 55.023382880000042 ], [ 8.681895379000082, 55.133205471000053 ], [ 8.563649936000047, 55.143377997000073 ], [ 8.557383660000085, 55.096380927000041 ], [ 8.49935957100007, 55.065578518000052 ], [ 8.458832227000073, 55.103461005000042 ], [ 8.488942905000044, 55.197170315000051 ], [ 8.593760613000086, 55.180975653000075 ], [ 8.555186394000089, 55.149359442000048 ], [ 8.689463738000086, 55.141587632000039 ], [ 8.617686394000089, 55.437933661000045 ], [ 8.441905144000089, 55.463934637000079 ], [ 8.310394727000073, 55.562689520000049 ], [ 8.332367384000065, 55.572007554000038 ], [ 8.313161655000044, 55.582709052000041 ], [ 8.239024285000085, 55.557928778000075 ], [ 8.271739129000082, 55.530462958000044 ], [ 8.243662957000083, 55.516791083000044 ], [ 8.316742384000065, 55.489406643000052 ], [ 8.313324415000068, 55.469305731000077 ], [ 8.095225457000083, 55.549058335000041 ], [ 8.181651238000086, 55.729071356000077 ], [ 8.127777540000068, 55.987616278000075 ], [ 8.193369988000086, 55.873846747000073 ], [ 8.193614129000082, 55.811835028000075 ], [ 8.347829623000052, 55.869330145000049 ], [ 8.393321160000085, 55.909165757000039 ], [ 8.319509311000047, 55.986029364000046 ], [ 8.308116082000083, 56.052923895000049 ], [ 8.282399936000047, 56.075873114000046 ], [ 8.149668816000087, 56.111151434000078 ], [ 8.134776238000086, 55.993963934000078 ], [ 8.107920769000089, 56.024318752000056 ], [ 8.133799675000091, 56.205471096000053 ], [ 8.12240644600007, 56.551662502000056 ], [ 8.178721550000091, 56.672064520000049 ], [ 8.219981316000087, 56.709173895000049 ], [ 8.232432488000086, 56.688381252000056 ], [ 8.202159050000091, 56.640204169000071 ], [ 8.305918816000087, 56.597805080000057 ], [ 8.307383660000085, 56.554348049000055 ], [ 8.312022332000083, 56.578802802000041 ], [ 8.392100457000083, 56.585272528000075 ], [ 8.514659050000091, 56.544663804000038 ], [ 8.56576582100007, 56.578802802000041 ], [ 8.601084832000083, 56.501125393000052 ], [ 8.636973504000082, 56.479722398000035 ], [ 8.726573113000086, 56.483221747000073 ], [ 8.762543165000068, 56.563381252000056 ], [ 8.681895379000082, 56.626532294000071 ], [ 8.740896030000044, 56.634955145000049 ], [ 8.805430535000085, 56.695461330000057 ], [ 8.916758660000085, 56.708807684000078 ], [ 8.840830925000091, 56.722357489000046 ], [ 8.955739780000044, 56.802964585000041 ], [ 9.063161655000044, 56.812567450000074 ], [ 9.105967644000089, 56.800116278000075 ], [ 9.176036004000082, 56.708563544000071 ], [ 9.09343509200005, 56.674994208000044 ], [ 9.059336785000085, 56.633978583000044 ], [ 9.060557488000086, 56.565741278000075 ], [ 9.10678144600007, 56.61078522300005 ], [ 9.155446811000047, 56.612941799000055 ], [ 9.121348504000082, 56.620347398000035 ], [ 9.155446811000047, 56.661322333000044 ], [ 9.149424675000091, 56.638861395000049 ], [ 9.276215040000068, 56.632961330000057 ], [ 9.282399936000047, 56.610541083000044 ], [ 9.250336134000065, 56.578802802000041 ], [ 9.326182488000086, 56.530340887000079 ], [ 9.37273196700005, 56.565375067000048 ], [ 9.293711785000085, 56.561021226000037 ], [ 9.326019727000073, 56.669419664000031 ], [ 9.305674675000091, 56.695461330000057 ], [ 9.169118686000047, 56.688666083000044 ], [ 9.242523634000065, 56.747056382000039 ], [ 9.174978061000047, 56.806057033000059 ], [ 9.21062259200005, 56.863104559000078 ], [ 9.162852410000085, 56.894110419000071 ], [ 9.200205925000091, 56.93891022300005 ], [ 9.28874759200005, 56.997137762000079 ], [ 9.437022332000083, 57.024400132000039 ], [ 9.586761915000068, 56.997137762000079 ], [ 9.573090040000068, 56.97882721600007 ], [ 9.607920769000089, 56.969875393000052 ], [ 9.688975457000083, 57.039129950000074 ], [ 9.91578209700009, 57.058579820000034 ], [ 9.795664910000085, 57.106390692000048 ], [ 9.711924675000091, 57.061265367000033 ], [ 9.67514082100007, 57.079169012000079 ], [ 9.245371941000087, 57.002346096000053 ], [ 9.114512566000087, 57.058579820000034 ], [ 9.112803582000083, 57.038641669000071 ], [ 9.04265384200005, 57.017726955000057 ], [ 8.996755405000044, 57.028062242000033 ], [ 8.901621941000087, 56.986273505000042 ], [ 8.850433790000068, 57.003485419000071 ], [ 8.811696811000047, 56.969875393000052 ], [ 8.679535352000073, 56.952541408000059 ], [ 8.607920769000089, 56.849676825000074 ], [ 8.491384311000047, 56.794256903000075 ], [ 8.476410352000073, 56.715969143000052 ], [ 8.525563998000052, 56.715969143000052 ], [ 8.52702884200005, 56.695298570000034 ], [ 8.408213738000086, 56.688666083000044 ], [ 8.586273634000065, 56.688666083000044 ], [ 8.608083530000044, 56.631048895000049 ], [ 8.54664147200009, 56.601711330000057 ], [ 8.559580925000091, 56.593003648000035 ], [ 8.352224155000044, 56.692938544000071 ], [ 8.302012566000087, 56.763739325000074 ], [ 8.243662957000083, 56.777411200000074 ], [ 8.263194207000083, 56.718939520000049 ], [ 8.24586022200009, 56.704006252000056 ], [ 8.236175977000073, 56.771185614000046 ], [ 8.247894727000073, 56.812445380000042 ], [ 8.449717644000089, 57.003973700000074 ], [ 8.618011915000068, 57.122870184000078 ], [ 8.783946160000085, 57.104803778000075 ], [ 8.980479363000086, 57.161037502000056 ], [ 9.230642123000052, 57.141099351000037 ], [ 9.412119988000086, 57.165432033000059 ], [ 9.573252800000091, 57.242905992000033 ], [ 9.78842207100007, 57.45929596600007 ], [ 9.966970248000052, 57.591376044000071 ], [ 10.197601759000065, 57.601223049000055 ], [ 10.539073113000086, 57.743841864000046 ], [ 10.648936394000089, 57.737005927000041 ], [ 10.542491082000083, 57.698919989000046 ], [ 10.460459832000083, 57.630560614000046 ], [ 10.430430535000085, 57.570542710000041 ], [ 10.54656009200005, 57.435288804000038 ], [ 10.517425977000073, 57.391302802000041 ], [ 10.539073113000086, 57.236721096000053 ], [ 10.41146894600007, 57.144435940000051 ], [ 10.347178582000083, 57.010199286000045 ], [ 10.239756707000083, 56.99282461100006 ], [ 9.994639519000089, 57.092718817000048 ], [ 9.926931186000047, 57.058579820000034 ], [ 10.001963738000086, 57.083889065000051 ], [ 10.192393425000091, 56.994045315000051 ], [ 10.313731316000087, 56.982855536000045 ], [ 10.265879754000082, 56.907700914000031 ], [ 10.295420769000089, 56.778876044000071 ], [ 10.340586785000085, 56.717352606000077 ], [ 10.203868035000085, 56.702337958000044 ], [ 10.146494988000086, 56.722357489000046 ], [ 9.945567254000082, 56.658148505000042 ], [ 9.805918816000087, 56.640204169000071 ], [ 10.001475457000083, 56.661322333000044 ], [ 10.062836134000065, 56.688666083000044 ], [ 10.10132897200009, 56.682684637000079 ], [ 10.150563998000052, 56.714422919000071 ], [ 10.24195397200009, 56.688381252000056 ], [ 10.334239129000082, 56.703843492000033 ], [ 10.357676629000082, 56.64874909100007 ], [ 10.340342644000089, 56.620347398000035 ], [ 10.214366082000083, 56.558294989000046 ], [ 10.20679772200009, 56.490952867000033 ], [ 10.18336022200009, 56.469549872000073 ], [ 10.225596550000091, 56.475734768000052 ], [ 10.23764082100007, 56.554388739000046 ], [ 10.330332879000082, 56.603216864000046 ], [ 10.365244988000086, 56.558417059000078 ], [ 10.469899936000047, 56.520900783000059 ], [ 10.822276238000086, 56.534247137000079 ], [ 10.964121941000087, 56.448431708000044 ], [ 10.911631707000083, 56.334051825000074 ], [ 10.755381707000083, 56.229315497000073 ], [ 10.738617384000065, 56.154527085000041 ], [ 10.672211134000065, 56.165187893000052 ], [ 10.648936394000089, 56.188381252000056 ], [ 10.68523196700005, 56.196234442000048 ], [ 10.687673373000052, 56.222235419000071 ], [ 10.62859134200005, 56.237534898000035 ], [ 10.549164259000065, 56.178208726000037 ], [ 10.573741082000083, 56.112616278000075 ], [ 10.548024936000047, 56.101263739000046 ], [ 10.518565300000091, 56.102728583000044 ], [ 10.491221550000091, 56.139960028000075 ], [ 10.525401238000086, 56.153631903000075 ], [ 10.50945071700005, 56.170111395000049 ], [ 10.408702019000089, 56.164862372000073 ], [ 10.354665561000047, 56.202053127000056 ], [ 10.491221550000091, 56.216294664000031 ], [ 10.475433790000068, 56.244696356000077 ], [ 10.504730665000068, 56.277777411000045 ], [ 10.403005405000044, 56.298244533000059 ], [ 10.220225457000083, 56.14789459800005 ], [ 10.265635613000086, 56.073716539000031 ], [ 10.231130405000044, 56.01703522300005 ], [ 10.277517123000052, 56.017767645000049 ], [ 10.245371941000087, 55.914618231000077 ], [ 10.18336022200009, 55.873724677000041 ], [ 10.199392123000052, 55.850734768000052 ], [ 10.182139519000089, 55.833685614000046 ], [ 10.101817254000082, 55.882391669000071 ], [ 9.867442254000082, 55.851996161000045 ], [ 10.045746290000068, 55.813950914000031 ], [ 10.01734459700009, 55.765570380000042 ], [ 10.059825066000087, 55.749497789000031 ], [ 10.018809441000087, 55.736273505000042 ], [ 10.00521894600007, 55.701117255000042 ], [ 9.792246941000087, 55.67446523600006 ], [ 9.686534050000091, 55.708563544000071 ], [ 9.55640709700009, 55.71157461100006 ], [ 9.658539259000065, 55.690375067000048 ], [ 9.738291863000086, 55.629706122000073 ], [ 9.853770379000082, 55.626654364000046 ], [ 9.712412957000083, 55.560288804000038 ], [ 9.706879102000073, 55.537298895000049 ], [ 9.559580925000091, 55.523627020000049 ], [ 9.498057488000086, 55.489447333000044 ], [ 9.660166863000086, 55.47797272300005 ], [ 9.648936394000089, 55.441066799000055 ], [ 9.586761915000068, 55.427435614000046 ], [ 9.600840691000087, 55.365912177000041 ], [ 9.645274285000085, 55.342718817000048 ], [ 9.634613477000073, 55.317572333000044 ], [ 9.71029707100007, 55.24868398600006 ], [ 9.684418165000068, 55.19757721600007 ], [ 9.569834832000083, 55.192531643000052 ], [ 9.486338738000086, 55.156236070000034 ], [ 9.511892123000052, 55.133205471000053 ], [ 9.456553582000083, 55.125718492000033 ], [ 9.559580925000091, 55.08539459800005 ], [ 9.434336785000085, 55.037543036000045 ], [ 9.455251498000052, 55.023179429000038 ], [ 9.579925977000073, 55.050685940000051 ], [ 9.730967644000089, 54.995428778000075 ], [ 9.763194207000083, 54.900458075000074 ], [ 9.703461134000065, 54.88617584800005 ], [ 9.744476759000065, 54.866278387000079 ], [ 9.745941602000073, 54.836004950000074 ], [ 9.623301629000082, 54.865301825000074 ], [ 9.634613477000073, 54.879339911000045 ], [ 9.610362175000091, 54.903225002000056 ], [ 9.64421634200005, 54.913275458000044 ], [ 9.61500084700009, 54.932684637000079 ], [ 9.45639082100007, 54.843817450000074 ], [ 9.436922241000048, 54.810143942000067 ], [ 9.317032918000052, 54.801617330000042 ], [ 9.226392456000042, 54.805906474000025 ], [ 9.194766480000055, 54.850399882000019 ], [ 8.824246459000079, 54.905900370000083 ], [ 8.695882202000092, 54.889984029000047 ], [ 8.660775934000071, 54.896311156000067 ] ] ], [ [ [ 11.855479363000086, 54.74359772300005 ], [ 11.806976759000065, 54.707993882000039 ], [ 11.846446160000085, 54.697821356000077 ], [ 11.842621290000068, 54.676214911000045 ], [ 11.810720248000052, 54.655096747000073 ], [ 11.610524936000047, 54.666408596000053 ], [ 11.47437584700009, 54.626125393000052 ], [ 10.999196811000047, 54.786769924000055 ], [ 11.108164910000085, 54.831529039000031 ], [ 11.018809441000087, 54.88617584800005 ], [ 11.032399936000047, 54.919256903000075 ], [ 11.07398522200009, 54.948187567000048 ], [ 11.231700066000087, 54.96124909100007 ], [ 11.338877800000091, 54.919134833000044 ], [ 11.36890709700009, 54.881089585000041 ], [ 11.594737175000091, 54.811102606000077 ], [ 11.572764519000089, 54.84796784100007 ], [ 11.656260613000086, 54.866278387000079 ], [ 11.649424675000091, 54.91351959800005 ], [ 11.848643425000091, 54.773179429000038 ], [ 11.855479363000086, 54.74359772300005 ] ] ], [ [ [ 10.450205925000091, 54.899807033000059 ], [ 10.518565300000091, 54.851996161000045 ], [ 10.383474155000044, 54.830755927000041 ], [ 10.211436394000089, 54.939357815000051 ], [ 10.18921959700009, 54.977484442000048 ], [ 10.349619988000086, 54.896714585000041 ], [ 10.391368035000085, 54.895453192000048 ], [ 10.388845248000052, 54.920314846000053 ], [ 10.426036004000082, 54.87250397300005 ], [ 10.460948113000086, 54.874497789000031 ], [ 10.450205925000091, 54.899807033000059 ] ] ], [ [ [ 12.33529707100007, 55.033270575000074 ], [ 12.537608269000089, 55.002386786000045 ], [ 12.54265384200005, 54.951157945000034 ], [ 12.348399285000085, 54.960028387000079 ], [ 12.207774285000085, 54.88617584800005 ], [ 12.11500084700009, 54.907294012000079 ], [ 12.149099155000044, 54.940822658000059 ], [ 12.129161004000082, 54.954413153000075 ], [ 12.177012566000087, 54.968085028000075 ], [ 12.177012566000087, 54.989203192000048 ], [ 12.28687584700009, 54.989203192000048 ], [ 12.294200066000087, 55.023382880000042 ], [ 12.252696160000085, 55.043850002000056 ], [ 12.261973504000082, 55.064276434000078 ], [ 12.33529707100007, 55.033270575000074 ] ] ], [ [ [ 10.025889519000089, 54.959784247000073 ], [ 10.064463738000086, 54.881008205000057 ], [ 9.953623894000089, 54.862616278000075 ], [ 9.874278191000087, 54.893011786000045 ], [ 9.99154707100007, 54.879339911000045 ], [ 9.898285352000073, 54.912990627000056 ], [ 9.78093509200005, 54.916815497000073 ], [ 9.758148634000065, 54.981756903000075 ], [ 9.847504102000073, 54.948187567000048 ], [ 9.78679446700005, 55.000148830000057 ], [ 9.799082879000082, 55.016546942000048 ], [ 9.674164259000065, 55.021063544000071 ], [ 9.69662519600007, 55.050685940000051 ], [ 9.628428582000083, 55.05805084800005 ], [ 9.793467644000089, 55.080755927000041 ], [ 9.853037957000083, 55.040106512000079 ], [ 9.960948113000086, 55.015041408000059 ], [ 10.025889519000089, 54.959784247000073 ] ] ], [ [ [ 10.854991082000083, 55.043850002000056 ], [ 10.934255405000044, 55.159654039000031 ], [ 10.95671634200005, 55.153713283000059 ], [ 10.908946160000085, 55.030218817000048 ], [ 10.741058790000068, 54.752386786000045 ], [ 10.693858269000089, 54.735296942000048 ], [ 10.656423373000052, 54.803656317000048 ], [ 10.601084832000083, 54.838324286000045 ], [ 10.640879754000082, 54.84320709800005 ], [ 10.684418165000068, 54.887844143000052 ], [ 10.724457227000073, 54.88617584800005 ], [ 10.717784050000091, 54.907294012000079 ], [ 10.68295332100007, 54.907294012000079 ], [ 10.69703209700009, 54.931341864000046 ], [ 10.854991082000083, 55.043850002000056 ] ] ], [ [ [ 15.146657748000052, 55.128241278000075 ], [ 15.113242231000072, 55.018294874000048 ], [ 15.072666226000081, 54.991638006000073 ], [ 14.780832726000085, 55.051128327000072 ], [ 14.684172687000057, 55.101346808000073 ], [ 14.709239129000082, 55.235825914000031 ], [ 14.760915561000047, 55.309271552000041 ], [ 14.851422204000073, 55.248199851000038 ], [ 14.973399285000085, 55.216131903000075 ], [ 15.146657748000052, 55.128241278000075 ] ] ], [ [ [ 8.451670769000089, 55.339748440000051 ], [ 8.370941602000073, 55.427435614000046 ], [ 8.37435957100007, 55.463283596000053 ], [ 8.408213738000086, 55.468410549000055 ], [ 8.411957227000073, 55.438706773000035 ], [ 8.463389519000089, 55.427435614000046 ], [ 8.450205925000091, 55.393377997000073 ], [ 8.476410352000073, 55.345445054000038 ], [ 8.451670769000089, 55.339748440000051 ] ] ], [ [ [ 10.621429884000065, 55.064276434000078 ], [ 10.538259311000047, 55.029730536000045 ], [ 10.234222852000073, 55.092230536000045 ], [ 10.205251498000052, 55.093695380000042 ], [ 10.19703209700009, 55.064276434000078 ], [ 10.141774936000047, 55.092230536000045 ], [ 10.083506707000083, 55.086981512000079 ], [ 10.065928582000083, 55.092230536000045 ], [ 10.15601647200009, 55.14008209800005 ], [ 10.094004754000082, 55.188421942000048 ], [ 10.00359134200005, 55.197333075000074 ], [ 9.994476759000065, 55.172796942000048 ], [ 10.025645379000082, 55.125718492000033 ], [ 9.985524936000047, 55.127752997000073 ], [ 9.979502800000091, 55.212836005000042 ], [ 9.883962436000047, 55.253485419000071 ], [ 9.884776238000086, 55.348863023000035 ], [ 9.80241946700005, 55.362372137000079 ], [ 9.778086785000085, 55.380275783000059 ], [ 9.840098504000082, 55.400091864000046 ], [ 9.703461134000065, 55.468410549000055 ], [ 9.81218509200005, 55.441066799000055 ], [ 9.676280144000089, 55.495672919000071 ], [ 9.755137566000087, 55.544134833000044 ], [ 9.827403191000087, 55.548407294000071 ], [ 9.888194207000083, 55.508693752000056 ], [ 10.237315300000091, 55.605536200000074 ], [ 10.293630405000044, 55.588080145000049 ], [ 10.307627800000091, 55.618231512000079 ], [ 10.518809441000087, 55.533433335000041 ], [ 10.475271030000044, 55.531968492000033 ], [ 10.48601321700005, 55.49477773600006 ], [ 10.41960696700005, 55.458807684000078 ], [ 10.471527540000068, 55.443060614000046 ], [ 10.60914147200009, 55.492580471000053 ], [ 10.566905144000089, 55.523627020000049 ], [ 10.613780144000089, 55.527899481000077 ], [ 10.594248894000089, 55.578273830000057 ], [ 10.61459394600007, 55.564601955000057 ], [ 10.608571811000047, 55.612982489000046 ], [ 10.627614780000044, 55.61359284100007 ], [ 10.742360873000052, 55.487494208000044 ], [ 10.571299675000091, 55.46124909100007 ], [ 10.55404707100007, 55.442572333000044 ], [ 10.594248894000089, 55.441066799000055 ], [ 10.595957879000082, 55.459662177000041 ], [ 10.697927280000044, 55.440252997000073 ], [ 10.79664147200009, 55.358547268000052 ], [ 10.834320509000065, 55.290269273000035 ], [ 10.796885613000086, 55.307684637000079 ], [ 10.772959832000083, 55.287095445000034 ], [ 10.815196160000085, 55.214056708000044 ], [ 10.783376498000052, 55.124212958000044 ], [ 10.717784050000091, 55.064276434000078 ], [ 10.621429884000065, 55.064276434000078 ] ] ], [ [ [ 12.673838738000086, 55.605536200000074 ], [ 12.55632571700005, 55.550482489000046 ], [ 12.520192905000044, 55.619208075000074 ], [ 12.608409050000091, 55.701117255000042 ], [ 12.673838738000086, 55.605536200000074 ] ] ], [ [ [ 10.573090040000068, 55.878851630000042 ], [ 10.566905144000089, 55.928290106000077 ], [ 10.51539147200009, 55.951239325000074 ], [ 10.543955925000091, 55.997992255000042 ], [ 10.580251498000052, 55.936509507000039 ], [ 10.62826582100007, 55.920843817000048 ], [ 10.621429884000065, 55.879868882000039 ], [ 10.66928144600007, 55.880031643000052 ], [ 10.62826582100007, 55.845770575000074 ], [ 10.61459394600007, 55.776841539000031 ], [ 10.582204623000052, 55.759751695000034 ], [ 10.520274285000085, 55.788560289000031 ], [ 10.511566602000073, 55.825262762000079 ], [ 10.573090040000068, 55.878851630000042 ] ] ], [ [ [ 12.058929884000065, 54.894354559000078 ], [ 12.096446160000085, 54.898098049000055 ], [ 12.170176629000082, 54.838324286000045 ], [ 12.067149285000085, 54.786810614000046 ], [ 11.96070397200009, 54.694077867000033 ], [ 11.969004754000082, 54.56976959800005 ], [ 11.949066602000073, 54.568589585000041 ], [ 11.869151238000086, 54.65961334800005 ], [ 11.910166863000086, 54.721665757000039 ], [ 11.875824415000068, 54.729722398000035 ], [ 11.882823113000086, 54.756415106000077 ], [ 11.809092644000089, 54.804917710000041 ], [ 11.74968509200005, 54.873114325000074 ], [ 11.742035352000073, 54.925441799000055 ], [ 11.711436394000089, 54.940822658000059 ], [ 11.759287957000083, 54.968085028000075 ], [ 11.803965691000087, 54.948187567000048 ], [ 11.882823113000086, 54.981756903000075 ], [ 11.841807488000086, 55.030218817000048 ], [ 11.615896030000044, 55.092230536000045 ], [ 11.82748457100007, 55.050685940000051 ], [ 11.717621290000068, 55.125718492000033 ], [ 11.806976759000065, 55.146877346000053 ], [ 11.728526238000086, 55.154771226000037 ], [ 11.717621290000068, 55.208319403000075 ], [ 11.649424675000091, 55.180975653000075 ], [ 11.42318769600007, 55.221909898000035 ], [ 11.260996941000087, 55.200588283000059 ], [ 11.238536004000082, 55.242417710000041 ], [ 11.267832879000082, 55.235907294000071 ], [ 11.286306186000047, 55.256089585000041 ], [ 11.24195397200009, 55.24868398600006 ], [ 11.24154707100007, 55.278509833000044 ], [ 11.152842644000089, 55.32843659100007 ], [ 11.190114780000044, 55.345445054000038 ], [ 11.108164910000085, 55.331854559000078 ], [ 11.087738477000073, 55.358547268000052 ], [ 11.21420332100007, 55.403794664000031 ], [ 11.163910352000073, 55.501898505000042 ], [ 11.080902540000068, 55.513088283000059 ], [ 11.137950066000087, 55.542914130000042 ], [ 11.145681186000047, 55.576117255000042 ], [ 11.087901238000086, 55.626939195000034 ], [ 10.929942254000082, 55.667629299000055 ], [ 11.087738477000073, 55.660142320000034 ], [ 10.875498894000089, 55.742743231000077 ], [ 11.033050977000073, 55.729071356000077 ], [ 11.162771030000044, 55.749497789000031 ], [ 11.121836785000085, 55.736517645000049 ], [ 11.192637566000087, 55.700344143000052 ], [ 11.218028191000087, 55.708563544000071 ], [ 11.176442905000044, 55.729071356000077 ], [ 11.190114780000044, 55.736517645000049 ], [ 11.252207879000082, 55.729071356000077 ], [ 11.364024285000085, 55.765122789000031 ], [ 11.375661655000044, 55.807928778000075 ], [ 11.348399285000085, 55.838324286000045 ], [ 11.477549675000091, 55.841538804000038 ], [ 11.50521894600007, 55.868719794000071 ], [ 11.510508660000085, 55.908270575000074 ], [ 11.477386915000068, 55.941351630000042 ], [ 11.304535352000073, 55.967840887000079 ], [ 11.272634311000047, 55.996568101000037 ], [ 11.59937584700009, 55.942084052000041 ], [ 11.768321160000085, 55.970526434000078 ], [ 11.743988477000073, 55.90375397300005 ], [ 11.717621290000068, 55.920843817000048 ], [ 11.663096550000091, 55.907171942000048 ], [ 11.731618686000047, 55.83071523600006 ], [ 11.717621290000068, 55.810980536000045 ], [ 11.656260613000086, 55.810980536000045 ], [ 11.607758009000065, 55.783026434000078 ], [ 11.738780144000089, 55.797349351000037 ], [ 11.762705925000091, 55.749497789000031 ], [ 11.657237175000091, 55.730861721000053 ], [ 11.746348504000082, 55.731024481000077 ], [ 11.794444207000083, 55.687933661000045 ], [ 11.779795769000089, 55.660142320000034 ], [ 11.855479363000086, 55.732814846000053 ], [ 11.841807488000086, 55.756415106000077 ], [ 11.869151238000086, 55.804754950000074 ], [ 11.937347852000073, 55.825262762000079 ], [ 11.953623894000089, 55.853501695000034 ], [ 11.90951582100007, 55.91547272300005 ], [ 11.934743686000047, 55.933661200000074 ], [ 11.998220248000052, 55.902818101000037 ], [ 12.051931186000047, 55.73663971600007 ], [ 12.026133660000085, 55.715399481000077 ], [ 11.972666863000086, 55.721421617000033 ], [ 11.910166863000086, 55.660142320000034 ], [ 12.001149936000047, 55.69867584800005 ], [ 12.04037519600007, 55.67446523600006 ], [ 12.01140384200005, 55.669012762000079 ], [ 12.06031334700009, 55.653998114000046 ], [ 12.09506269600007, 55.729071356000077 ], [ 12.026133660000085, 55.941351630000042 ], [ 11.992442254000082, 55.960598049000055 ], [ 11.865489129000082, 55.939357815000051 ], [ 11.848643425000091, 55.948187567000048 ], [ 11.865570509000065, 55.972723700000074 ], [ 12.245127800000091, 56.128729559000078 ], [ 12.48609459700009, 56.099025783000059 ], [ 12.621918165000068, 56.043768622000073 ], [ 12.512705925000091, 55.928290106000077 ], [ 12.602224155000044, 55.797349351000037 ], [ 12.602224155000044, 55.708563544000071 ], [ 12.487152540000068, 55.609849351000037 ], [ 12.403575066000087, 55.619208075000074 ], [ 12.331309441000087, 55.595404364000046 ], [ 12.198090040000068, 55.487494208000044 ], [ 12.224864129000082, 55.434881903000075 ], [ 12.434743686000047, 55.363674221000053 ], [ 12.465017123000052, 55.290269273000035 ], [ 12.392425977000073, 55.25531647300005 ], [ 12.182790561000047, 55.22719961100006 ], [ 12.121104363000086, 55.191066799000055 ], [ 12.09896894600007, 55.141424872000073 ], [ 12.076670769000089, 55.18195221600007 ], [ 12.014659050000091, 55.167466539000031 ], [ 12.04664147200009, 55.14008209800005 ], [ 12.168630405000044, 55.128485419000071 ], [ 12.171397332000083, 55.095445054000038 ], [ 12.11850019600007, 55.073553778000075 ], [ 12.162282748000052, 55.004380601000037 ], [ 12.03296959700009, 54.968085028000075 ], [ 11.910166863000086, 55.009711005000042 ], [ 11.882823113000086, 54.940822658000059 ], [ 11.918467644000089, 54.921942450000074 ], [ 11.957855665000068, 54.948187567000048 ], [ 12.058929884000065, 54.894354559000078 ] ] ], [ [ [ 11.56421959700009, 56.677435614000046 ], [ 11.52084394600007, 56.715399481000077 ], [ 11.649424675000091, 56.729641018000052 ], [ 11.56421959700009, 56.677435614000046 ] ] ], [ [ [ 8.881114129000082, 56.805365302000041 ], [ 8.766123894000089, 56.698716539000031 ], [ 8.658376498000052, 56.678127346000053 ], [ 8.586273634000065, 56.736476955000057 ], [ 8.514659050000091, 56.738226630000042 ], [ 8.553233269000089, 56.768133856000077 ], [ 8.545258009000065, 56.791083075000074 ], [ 8.668793165000068, 56.825832424000055 ], [ 8.621104363000086, 56.832017320000034 ], [ 8.655121290000068, 56.866848049000055 ], [ 8.651621941000087, 56.894191799000055 ], [ 8.813649936000047, 56.910345770000049 ], [ 8.867442254000082, 56.962958075000074 ], [ 8.928884311000047, 56.976629950000074 ], [ 8.900401238000086, 56.874823309000078 ], [ 8.867442254000082, 56.894110419000071 ], [ 8.83961022200009, 56.879828192000048 ], [ 8.85515384200005, 56.81976959800005 ], [ 8.881114129000082, 56.805365302000041 ] ] ], [ [ [ 11.169932488000086, 57.332709052000041 ], [ 11.197276238000086, 57.313381252000056 ], [ 11.189113397000085, 57.294282642000042 ], [ 11.066579623000052, 57.29132721600007 ], [ 11.09110071300006, 57.252784057000042 ], [ 11.028835411000045, 57.201914301000045 ], [ 10.854991082000083, 57.264634507000039 ], [ 10.94660123500006, 57.304643287000033 ], [ 11.169932488000086, 57.332709052000041 ] ] ] ] } },
{ "type": "Feature", "properties": { "iso3": "ROU", "NAME": "Romania", "assessed": false }, "geometry": { "type": "Polygon", "coordinates": [ [ [ 22.897857706000053, 47.950976055000083 ], [ 22.924109334000093, 48.004822896000022 ], [ 23.004414510000117, 47.983067119000012 ], [ 23.06311893700007, 48.007458395000029 ], [ 23.139083292000095, 48.098124695000067 ], [ 23.231377401000088, 48.079727886000072 ], [ 23.360051717000147, 47.993144023000056 ], [ 23.460820760000018, 47.971336569000115 ], [ 23.56324344900014, 48.005753072000076 ], [ 23.780077759000079, 47.987511291000018 ], [ 23.855215291000093, 47.934232890000047 ], [ 24.008797648000012, 47.961207988000055 ], [ 24.231006307000087, 47.897025859000038 ], [ 24.409186646000109, 47.952061259000075 ], [ 24.542098429000106, 47.943818868000037 ], [ 24.633669067000085, 47.908291321 ], [ 24.679144328000064, 47.840130107000064 ], [ 24.808232056000122, 47.795740052 ], [ 24.896598755000127, 47.710060527000039 ], [ 25.079946737000057, 47.742926738000065 ], [ 25.261744426000064, 47.898576152000047 ], [ 26.173058309000055, 47.993144023000056 ], [ 26.270726766000081, 48.093603007000027 ], [ 26.303489624000093, 48.212045390000114 ], [ 26.68853072100012, 48.274832256000067 ], [ 26.821907593000049, 48.252533875000026 ], [ 26.908000529000049, 48.184527690000053 ], [ 26.938127889000043, 48.204810689000041 ], [ 26.997607463000094, 48.16657012900005 ], [ 26.966601603000072, 48.143367412000046 ], [ 27.048043661000094, 48.122231751000115 ], [ 27.041739136000075, 48.077273254000019 ], [ 27.109331910000066, 48.033503317000012 ], [ 27.09579268400006, 48.00559804300012 ], [ 27.168759806000082, 47.983067119000012 ], [ 27.15098311300008, 47.957797343000053 ], [ 27.178268270000075, 47.937927755000047 ], [ 27.160698283000102, 47.921727193000052 ], [ 27.212374715000038, 47.889506938000082 ], [ 27.212374715000038, 47.847933248000075 ], [ 27.253405802000088, 47.828089498000097 ], [ 27.219196004000111, 47.81377512600001 ], [ 27.287512247000052, 47.7523318490001 ], [ 27.281104370000037, 47.693007304000091 ], [ 27.428382202000137, 47.581024475000063 ], [ 27.473133992000101, 47.49177927700002 ], [ 27.575866739000105, 47.4604116820001 ], [ 27.572352743000067, 47.375197245000052 ], [ 27.636948283000095, 47.306674296000025 ], [ 27.733273153000084, 47.275616761 ], [ 27.788308553000036, 47.204277446 ], [ 27.794664754000053, 47.155830791000042 ], [ 27.843757365000101, 47.114386291000088 ], [ 27.938738647000093, 47.046638489000074 ], [ 28.028035522000067, 47.032970073000044 ], [ 28.069066609000117, 46.988502503000078 ], [ 28.121518188000067, 46.834300029000062 ], [ 28.234121134000077, 46.662424215000087 ], [ 28.247143595000097, 46.607156270000061 ], [ 28.219031616000052, 46.503725891000059 ], [ 28.245800008000032, 46.475510559 ], [ 28.246058390000115, 46.427864889000048 ], [ 28.190351197000069, 46.351073711000069 ], [ 28.177793824000048, 46.287046611000093 ], [ 28.108960816000064, 46.234129944000088 ], [ 28.14472090600006, 46.183228659000079 ], [ 28.082709188000109, 46.014711812000073 ], [ 28.124980510000114, 45.918386943000101 ], [ 28.113301636000131, 45.825369364000053 ], [ 28.154952840000135, 45.761807353000066 ], [ 28.167975302000087, 45.632461243000122 ], [ 28.062141968000049, 45.593600566000063 ], [ 28.140948527000063, 45.560217591000097 ], [ 28.165908244000036, 45.494588522000058 ], [ 28.21293379700009, 45.450198466000089 ], [ 28.286417684000071, 45.42172475200006 ], [ 28.330239298000066, 45.322919413000122 ], [ 28.710061076000073, 45.226956279000049 ], [ 28.802665243000035, 45.244164531000123 ], [ 28.759670451000147, 45.274188538 ], [ 28.790159545000051, 45.292068583000045 ], [ 28.78974613400004, 45.321420797000101 ], [ 28.92989261800011, 45.279097799000013 ], [ 28.973662557000097, 45.32369456000005 ], [ 29.32211674000007, 45.443842265000072 ], [ 29.569698527000071, 45.39495636 ], [ 29.650262085000122, 45.346122132000019 ], [ 29.66648848400007, 45.23062530600005 ], [ 29.623871290000068, 45.210272528000075 ], [ 29.667002800000034, 45.164211330000057 ], [ 29.699554884000065, 45.161810614000046 ], [ 29.664398634000065, 45.116929429000038 ], [ 29.630381707000083, 44.90766022300005 ], [ 29.60515384200005, 44.880031643000052 ], [ 29.617849155000044, 44.861476955000057 ], [ 29.561778191000087, 44.820257880000042 ], [ 29.156097852000073, 44.784409898000035 ], [ 29.000743035000085, 44.68891022300005 ], [ 28.974945509000065, 44.744940497000073 ], [ 29.138682488000086, 44.804022528000075 ], [ 29.138845248000052, 44.839178778000075 ], [ 29.096364780000044, 44.875067450000074 ], [ 29.103770379000082, 44.840277411000045 ], [ 29.06031334700009, 44.83234284100007 ], [ 29.044118686000047, 44.86554596600007 ], [ 29.05209394600007, 44.944647528000075 ], [ 29.110606316000087, 44.970038153000075 ], [ 28.983246290000068, 45.012274481000077 ], [ 28.869395379000082, 44.943345445000034 ], [ 28.866465691000087, 44.882635809000078 ], [ 28.952403191000087, 44.826646226000037 ], [ 28.924978061000047, 44.813055731000077 ], [ 28.946136915000068, 44.765204169000071 ], [ 28.798350457000083, 44.720200914000088 ], [ 28.784027540000068, 44.649237372000073 ], [ 28.869476759000065, 44.661810614000046 ], [ 28.911957227000073, 44.696356512000079 ], [ 28.897715691000087, 44.716782945000034 ], [ 28.967458530000044, 44.700995184000078 ], [ 28.987559441000087, 44.675279039000088 ], [ 28.938731316000087, 44.634263414000088 ], [ 28.975352410000085, 44.686835028000075 ], [ 28.918223504000082, 44.682684637000079 ], [ 28.774180535000085, 44.600775458000044 ], [ 28.79468834700009, 44.634263414000088 ], [ 28.757823113000086, 44.626776434000078 ], [ 28.764414910000085, 44.595892645000049 ], [ 28.787852410000085, 44.586493231000077 ], [ 28.732676629000082, 44.567857164000088 ], [ 28.774180535000085, 44.552313544000071 ], [ 28.745616082000083, 44.486151434000078 ], [ 28.758474155000044, 44.465277411000045 ], [ 28.778330925000034, 44.507391669000071 ], [ 28.924978061000047, 44.62055084800005 ], [ 28.844004754000082, 44.493719794000071 ], [ 28.635101759000065, 44.316392320000034 ], [ 28.631032748000052, 44.264349677000041 ], [ 28.671722852000073, 44.168687242000033 ], [ 28.630869988000086, 44.154486395000049 ], [ 28.671722852000073, 43.997381903000075 ], [ 28.609385613000086, 43.874497789000088 ], [ 28.578379754000082, 43.741278387000079 ], [ 28.221253703000059, 43.761981100000114 ], [ 27.981009969000098, 43.849340109000039 ], [ 27.912073608000071, 43.993336487000064 ], [ 27.72169763100004, 43.948739726000056 ], [ 27.633434285000135, 44.029768372000078 ], [ 27.383837117000041, 44.015092265000064 ], [ 27.285341838000079, 44.072453105000065 ], [ 27.251132039000083, 44.122372539000125 ], [ 27.027476441000118, 44.177046204000092 ], [ 26.884126017000142, 44.15653066 ], [ 26.753694702000104, 44.108109843000065 ], [ 26.150734091000089, 44.012405090000058 ], [ 25.93400313300009, 43.870320740000054 ], [ 25.781144246000082, 43.732008769000075 ], [ 25.403131144000071, 43.650049948000103 ], [ 25.252339315000086, 43.704646098000026 ], [ 24.963674764000075, 43.749604594000047 ], [ 24.705602661000057, 43.743765158000045 ], [ 24.46634077900012, 43.802417908000095 ], [ 24.35823368400014, 43.760017395000077 ], [ 24.159382772000129, 43.752937724000063 ], [ 23.742870727000053, 43.842699687000035 ], [ 23.592699016000068, 43.837428691000113 ], [ 23.484695272000096, 43.880604350000041 ], [ 23.325150732000054, 43.886592281000063 ], [ 23.13184859200004, 43.847944845000072 ], [ 22.888762655000079, 43.839521587000078 ], [ 22.850522095000088, 43.896985779 ], [ 22.885868774000102, 43.994525045000088 ], [ 23.023018025000084, 44.031628723000082 ], [ 23.03097619600004, 44.093072002000056 ], [ 22.906435995000095, 44.122889303000065 ], [ 22.690738566000078, 44.22887766500007 ], [ 22.6815401610001, 44.305307109000026 ], [ 22.549351847000082, 44.348973694000094 ], [ 22.477004842000014, 44.463953756000038 ], [ 22.484136189000139, 44.499765524000068 ], [ 22.548421672000103, 44.511702779000117 ], [ 22.580461059000129, 44.565497946000036 ], [ 22.700143676000039, 44.541830140000101 ], [ 22.765152628000095, 44.582809550000022 ], [ 22.700143676000039, 44.630610251000022 ], [ 22.587489054000031, 44.649368795000029 ], [ 22.483722778000129, 44.723989563000075 ], [ 22.426051880000074, 44.733653056000023 ], [ 22.304922323000142, 44.677377422000021 ], [ 22.185136352000114, 44.515113424000035 ], [ 22.126638631000105, 44.502659403000067 ], [ 22.045196574000101, 44.569218649000035 ], [ 21.994346964000073, 44.6585672 ], [ 21.855440715000043, 44.69846140500006 ], [ 21.756842081000059, 44.677274069000092 ], [ 21.65627974500012, 44.687661032000037 ], [ 21.578041626000072, 44.777681377000064 ], [ 21.395933879000069, 44.790238749000096 ], [ 21.342810506000149, 44.831941631000021 ], [ 21.355522908000097, 44.856591288000018 ], [ 21.536287068000036, 44.889302470000089 ], [ 21.516339966000089, 44.93389923200003 ], [ 21.408439575000074, 44.958342183000056 ], [ 21.351388794000087, 44.998236389000013 ], [ 21.421875447000048, 45.031412659000026 ], [ 21.442442667000108, 45.092907613000122 ], [ 21.494119100000148, 45.119314270000089 ], [ 21.493292277000137, 45.145100810000102 ], [ 21.405545695000086, 45.199671122000026 ], [ 21.239250936000104, 45.229385071000095 ], [ 21.139412069000088, 45.303695781 ], [ 21.091559692000089, 45.288089498000048 ], [ 20.981488891000083, 45.332789612000013 ], [ 20.767135050000036, 45.479343974000031 ], [ 20.800207967000119, 45.530503642000028 ], [ 20.754422648000087, 45.605589499000033 ], [ 20.785738566000077, 45.752557272000061 ], [ 20.765171346000102, 45.76676829100002 ], [ 20.726827433000068, 45.736175842000094 ], [ 20.688070109000137, 45.743100484000095 ], [ 20.572108195000055, 45.887691142000065 ], [ 20.353930298000051, 45.976677959000043 ], [ 20.24282596900008, 46.108091126000048 ], [ 20.283236938000044, 46.143799540000074 ], [ 20.444157349000079, 46.146900126 ], [ 20.468548625000096, 46.174133606000012 ], [ 20.600116821000142, 46.129640198000018 ], [ 20.663988892000106, 46.1377533980001 ], [ 20.710290975000078, 46.188086243 ], [ 20.744707479000056, 46.192272034000027 ], [ 20.739333130000091, 46.237488913000035 ], [ 20.798657675000101, 46.267616272000012 ], [ 21.033475382000091, 46.231339417000058 ], [ 21.144476359000066, 46.283739320000095 ], [ 21.178789510000087, 46.384456686000064 ], [ 21.28069543400008, 46.416392721000122 ], [ 21.245142049, 46.476879985000053 ], [ 21.300952596000087, 46.603926494000078 ], [ 21.396037231, 46.626354066000076 ], [ 21.501767212000033, 46.703506979000039 ], [ 21.470451294000043, 46.74301361100008 ], [ 21.502904094000144, 46.805309551 ], [ 21.583415975000037, 46.847942607000093 ], [ 21.589927206000084, 46.908869120000034 ], [ 21.648528279000118, 46.942975566000101 ], [ 21.671369262000013, 46.993360087 ], [ 21.632818644000054, 47.022686463000056 ], [ 21.763766724000021, 47.105213726000088 ], [ 21.819887329000068, 47.172728984000045 ], [ 21.862158651000072, 47.297424215000021 ], [ 22.001581665000032, 47.393826599000093 ], [ 21.988869263000083, 47.492941997000045 ], [ 22.007886189000146, 47.517410787000088 ], [ 22.162088663000134, 47.586243795000073 ], [ 22.207873982000081, 47.673731995000068 ], [ 22.273089640000109, 47.723754782000057 ], [ 22.395872843000063, 47.735692037 ], [ 22.423674764000111, 47.782562562000024 ], [ 22.454370565000147, 47.787394308000032 ], [ 22.562994426000074, 47.757215272000039 ], [ 22.637718547000077, 47.77155548100005 ], [ 22.751820109000079, 47.827676086000068 ], [ 22.763602335000087, 47.874753317000071 ], [ 22.897857706000053, 47.950976055000083 ] ] ] } },
{ "type": "Feature", "properties": { "iso3": "HUN", "NAME": "Hungary", "assessed": true }, "geometry": { "type": "Polygon", "coordinates": [ [ [ 22.877600546000053, 47.946738587000127 ], [ 22.763602335000087, 47.874753317000071 ], [ 22.751820109000079, 47.827676086000068 ], [ 22.637718547000077, 47.77155548100005 ], [ 22.562994426000074, 47.757215272000039 ], [ 22.454370565000147, 47.787394308000032 ], [ 22.423674764000111, 47.782562562000024 ], [ 22.395872843000063, 47.735692037 ], [ 22.273089640000109, 47.723754782000057 ], [ 22.207873982000081, 47.673731995000068 ], [ 22.162088663000134, 47.586243795000073 ], [ 22.007886189000146, 47.517410787000088 ], [ 21.988869263000083, 47.492941997000045 ], [ 22.001581665000032, 47.393826599000093 ], [ 21.862158651000072, 47.297424215000021 ], [ 21.819887329000068, 47.172728984000045 ], [ 21.763766724000021, 47.105213726000088 ], [ 21.632818644000054, 47.022686463000056 ], [ 21.671369262000013, 46.993360087 ], [ 21.648528279000118, 46.942975566000101 ], [ 21.589927206000084, 46.908869120000034 ], [ 21.583415975000037, 46.847942607000093 ], [ 21.502904094000144, 46.805309551 ], [ 21.470451294000043, 46.74301361100008 ], [ 21.501767212000033, 46.703506979000039 ], [ 21.396037231, 46.626354066000076 ], [ 21.300952596000087, 46.603926494000078 ], [ 21.245142049, 46.476879985000053 ], [ 21.28069543400008, 46.416392721000122 ], [ 21.195636027000148, 46.398099264000066 ], [ 21.144476359000066, 46.283739320000095 ], [ 21.051458781000093, 46.23609364900004 ], [ 20.819638306000087, 46.271698710000109 ], [ 20.739333130000091, 46.237488913000035 ], [ 20.744707479000056, 46.192272034000027 ], [ 20.710290975000078, 46.188086243 ], [ 20.663988892000106, 46.1377533980001 ], [ 20.600116821000142, 46.129640198000018 ], [ 20.468548625000096, 46.174133606000012 ], [ 20.444157349000079, 46.146900126 ], [ 20.283236938000044, 46.143799540000074 ], [ 20.24282596900008, 46.108091126000048 ], [ 20.098442017000139, 46.154961650000089 ], [ 20.034983357000101, 46.142972718000053 ], [ 19.929150024000137, 46.163539938000028 ], [ 19.790450480000061, 46.129071758000052 ], [ 19.669320923000043, 46.173100077000029 ], [ 19.549948364000102, 46.164160055000096 ], [ 19.487523234000065, 46.134239401000073 ], [ 19.499305461000063, 46.108607890000101 ], [ 19.45372684700007, 46.077550355000071 ], [ 19.378899373000138, 46.033677064000031 ], [ 19.30696577900008, 46.026649069000129 ], [ 19.263454223000082, 45.981432190000035 ], [ 19.1480090740001, 45.984067688000053 ], [ 19.088477824000023, 46.0188459270001 ], [ 19.049720500000092, 45.993111064000018 ], [ 19.048583618000094, 45.963448792000051 ], [ 18.981817668000133, 45.950788066000101 ], [ 18.981817668000133, 45.921849264000045 ], [ 18.88652632700007, 45.930427552000097 ], [ 18.804877563000076, 45.913632711000034 ], [ 18.775525350000095, 45.882833557000069 ], [ 18.655636027000128, 45.90758656800007 ], [ 18.573470499000109, 45.81668772400009 ], [ 18.404385213000069, 45.741808574000046 ], [ 18.211218709000065, 45.785371806000072 ], [ 18.08047733500004, 45.771729228000069 ], [ 17.889791300000127, 45.792141418000099 ], [ 17.858061971000012, 45.771729228000069 ], [ 17.809176066000134, 45.814413961000056 ], [ 17.65652388500007, 45.845419820000089 ], [ 17.64577518700014, 45.891825256000104 ], [ 17.59110152100007, 45.936215312000073 ], [ 17.345328410000093, 45.955697327000067 ], [ 17.337887003000077, 45.984636129000123 ], [ 17.290137980000111, 45.984636129000123 ], [ 17.316803019000048, 45.997658590000057 ], [ 17.275875285000041, 46.012024638000057 ], [ 17.208592570000064, 46.116566060000068 ], [ 17.101208943000074, 46.128193258000024 ], [ 16.974808390000135, 46.210565491000111 ], [ 16.889232218000075, 46.29216257800006 ], [ 16.837659139000067, 46.381872864000044 ], [ 16.755080200000123, 46.381872864000044 ], [ 16.659272095000091, 46.464193421000019 ], [ 16.515301554000075, 46.501710510000109 ], [ 16.500832153000147, 46.544808655000011 ], [ 16.368437133000072, 46.642993876 ], [ 16.410501749000105, 46.668367005000093 ], [ 16.31417687900003, 46.743323670000066 ], [ 16.298157186000083, 46.775802308000081 ], [ 16.325338989000073, 46.839441834000084 ], [ 16.272008911000086, 46.863962301000029 ], [ 16.094035278000121, 46.862773743 ], [ 16.223949829000105, 46.941063538 ], [ 16.274902791000073, 47.004315491000071 ], [ 16.486362752000105, 46.998553569000094 ], [ 16.424661092000065, 47.024081726000034 ], [ 16.493184041000063, 47.04914479600005 ], [ 16.454323364000118, 47.081700949 ], [ 16.50951379300011, 47.137537334000072 ], [ 16.433652792000089, 47.145753886000094 ], [ 16.441817667000123, 47.177121480000025 ], [ 16.41277551200011, 47.187172546000042 ], [ 16.421353800000048, 47.243138123000065 ], [ 16.473236938000042, 47.276805319000104 ], [ 16.424351034000068, 47.345199077000089 ], [ 16.433962850000086, 47.396849671000027 ], [ 16.456597128000027, 47.411835836000094 ], [ 16.481918579000109, 47.392302145000073 ], [ 16.640875284000089, 47.452918600000046 ], [ 16.636844523000093, 47.493200378 ], [ 16.689141072000012, 47.538029684 ], [ 16.650590454000053, 47.56655507400005 ], [ 16.630229940000106, 47.622003886000087 ], [ 16.407814575000089, 47.661329651000088 ], [ 16.567804810000041, 47.75419220000002 ], [ 16.689864543000112, 47.729568380000032 ], [ 16.730378866000109, 47.685901795000049 ], [ 16.797454874000039, 47.675463156000021 ], [ 16.850164836000147, 47.712928569 ], [ 16.864737589000129, 47.686728617000071 ], [ 16.902668091000123, 47.68202606200002 ], [ 17.075370728000053, 47.708484396000088 ], [ 17.05056604000012, 47.730989482000027 ], [ 17.055630330000099, 47.812354025000033 ], [ 17.004057251000091, 47.86328114800007 ], [ 17.067619262000051, 47.881626282000056 ], [ 17.085602661000053, 47.970148011000092 ], [ 17.184821411000087, 48.02027415000002 ], [ 17.337887003000077, 47.99872507700006 ], [ 17.572601359000146, 47.82953643800009 ], [ 17.825712524000039, 47.750006409000079 ], [ 18.235920044000096, 47.753882141000034 ], [ 18.552593221000024, 47.792846172000012 ], [ 18.692843058000051, 47.777963359000083 ], [ 18.81645308500012, 47.832559509000092 ], [ 18.748756958000115, 47.870722555000086 ], [ 18.743175903000093, 47.971052348000043 ], [ 18.8384672440001, 48.040014547000069 ], [ 19.428198690000045, 48.085851543000032 ], [ 19.481735473000072, 48.111328023000041 ], [ 19.513981567000144, 48.20395802900002 ], [ 19.623225545000111, 48.227005717000068 ], [ 19.686994263000145, 48.196904195000101 ], [ 19.756550740000137, 48.200314840000047 ], [ 19.776084432000061, 48.149516907000034 ], [ 19.928633260000112, 48.130086568000038 ], [ 20.105263305000108, 48.202795309000109 ], [ 20.134512167000139, 48.24666860000012 ], [ 20.229080037000131, 48.270904847000011 ], [ 20.27238488800009, 48.252456360000096 ], [ 20.324268026000112, 48.279948223000062 ], [ 20.420592895000084, 48.429241435000037 ], [ 20.481674439000074, 48.478747457000068 ], [ 20.481674439000074, 48.526083069000052 ], [ 20.800311320000048, 48.569232890000066 ], [ 21.10933638500012, 48.4891085820001 ], [ 21.219923950000066, 48.518719177000051 ], [ 21.261781861000117, 48.503190410000016 ], [ 21.321829874000059, 48.547580465000081 ], [ 21.424562622000053, 48.5612747200001 ], [ 21.499390096000099, 48.535074769000076 ], [ 21.521817667000079, 48.500089824000085 ], [ 21.591684204000074, 48.493010153000071 ], [ 21.677570434000103, 48.372345683000063 ], [ 21.759012492000124, 48.333769226000086 ], [ 21.929338012000102, 48.372914124000019 ], [ 22.077856079000071, 48.37580800400012 ], [ 22.201982869000091, 48.418156840000037 ], [ 22.271849406000086, 48.403454895000024 ], [ 22.256759888000062, 48.357282003000066 ], [ 22.291279744000065, 48.357566224000053 ], [ 22.308126261000041, 48.293694153 ], [ 22.363626749000105, 48.238710429000051 ], [ 22.481449015000123, 48.242586162000023 ], [ 22.605472453000118, 48.097039490000057 ], [ 22.745722290000117, 48.116288961000109 ], [ 22.830988403000106, 48.072441508000097 ], [ 22.861580851000099, 48.028387350000017 ], [ 22.8324353430001, 47.978933004000069 ], [ 22.877600546000053, 47.946738587000127 ] ] ] } },
{ "type": "Feature", "properties": { "iso3": "SVK", "NAME": "Slovakia", "assessed": false }, "geometry": { "type": "Polygon", "coordinates": [ [ [ 22.539636678000136, 49.072199606000126 ], [ 22.520516398000041, 48.992927958000095 ], [ 22.448996216000097, 48.971430562000037 ], [ 22.411789184000099, 48.887766419000016 ], [ 22.36889774600013, 48.856450501000026 ], [ 22.365693807000071, 48.794387106000059 ], [ 22.310296671000117, 48.68168080700012 ], [ 22.1387309160001, 48.569594625000079 ], [ 22.13283980300011, 48.404798483 ], [ 22.096459595000113, 48.379425354 ], [ 21.727696574000021, 48.340900574000031 ], [ 21.621553182000071, 48.429654846000048 ], [ 21.591684204000074, 48.493010153000071 ], [ 21.521817667000079, 48.500089824000085 ], [ 21.499390096000099, 48.535074769000076 ], [ 21.424562622000053, 48.5612747200001 ], [ 21.321829874000059, 48.547580465000081 ], [ 21.261781861000117, 48.503190410000016 ], [ 21.219923950000066, 48.518719177000051 ], [ 21.10933638500012, 48.4891085820001 ], [ 20.800311320000048, 48.569232890000066 ], [ 20.510509888000115, 48.533782858000038 ], [ 20.481674439000074, 48.526083069000052 ], [ 20.481674439000074, 48.478747457000068 ], [ 20.420592895000084, 48.429241435000037 ], [ 20.324268026000112, 48.279948223000062 ], [ 20.27238488800009, 48.252456360000096 ], [ 20.229080037000131, 48.270904847000011 ], [ 20.134512167000139, 48.24666860000012 ], [ 20.105263305000108, 48.202795309000109 ], [ 19.928633260000112, 48.130086568000038 ], [ 19.776084432000061, 48.149516907000034 ], [ 19.756550740000137, 48.200314840000047 ], [ 19.686994263000145, 48.196904195000101 ], [ 19.623225545000111, 48.227005717000068 ], [ 19.513981567000144, 48.20395802900002 ], [ 19.481735473000072, 48.111328023000041 ], [ 19.428198690000045, 48.085851543000032 ], [ 18.8384672440001, 48.040014547000069 ], [ 18.743175903000093, 47.971052348000043 ], [ 18.748756958000115, 47.870722555000086 ], [ 18.81645308500012, 47.832559509000092 ], [ 18.692843058000051, 47.777963359000083 ], [ 18.552593221000024, 47.792846172000012 ], [ 18.235920044000096, 47.753882141000034 ], [ 17.741996704000087, 47.765380148000062 ], [ 17.61911014800009, 47.829226380000094 ], [ 17.572601359000146, 47.82953643800009 ], [ 17.337887003000077, 47.99872507700006 ], [ 17.184821411000087, 48.02027415000002 ], [ 17.148337850000075, 48.005443014 ], [ 17.069686320000102, 48.035673726000098 ], [ 17.080228312000088, 48.097607931000127 ], [ 16.981939738000079, 48.161299134000032 ], [ 16.95434452300006, 48.273126933000114 ], [ 16.916620727000122, 48.290800273000016 ], [ 16.901944621000041, 48.339401958000039 ], [ 16.844480428000111, 48.365601909000034 ], [ 16.864944295000072, 48.458076885000068 ], [ 16.946903117000147, 48.539725647000054 ], [ 16.947523234000101, 48.623157247000037 ], [ 17.025347941000064, 48.746328024 ], [ 17.167458130000085, 48.859757792000025 ], [ 17.260269002000086, 48.857794088000063 ], [ 17.374370565000106, 48.819605205000087 ], [ 17.453332153000133, 48.842756247000082 ], [ 17.535084269000066, 48.812990621 ], [ 17.727217244000059, 48.862910054000068 ], [ 17.795533488000046, 48.920580953000027 ], [ 17.87873254400003, 48.933551738000048 ], [ 17.914079223000044, 49.010497946000058 ], [ 18.075516398000104, 49.047188212000023 ], [ 18.117787719000091, 49.202579245000052 ], [ 18.160575806000111, 49.258699850000099 ], [ 18.385161580000045, 49.34226064100001 ], [ 18.387642049000107, 49.389751282000091 ], [ 18.514662719000114, 49.44060089100013 ], [ 18.535643351000118, 49.481683655 ], [ 18.932208293000059, 49.504317932000035 ], [ 18.96114709500003, 49.492794088000025 ], [ 18.962283977000141, 49.38918284100005 ], [ 19.141704549000082, 49.39419545600002 ], [ 19.208987264000086, 49.444993388000015 ], [ 19.2341020100001, 49.507211813000126 ], [ 19.339521931000036, 49.528760885000068 ], [ 19.443391561000055, 49.601779684000022 ], [ 19.505196574000138, 49.563384095000075 ], [ 19.556769654000078, 49.453881735000024 ], [ 19.63480106600008, 49.441324362000032 ], [ 19.627043767000117, 49.40186758800003 ], [ 19.769263143000103, 49.393110250000021 ], [ 19.779701783000036, 49.293374735000029 ], [ 19.808640585000092, 49.270895488000022 ], [ 19.747765747000074, 49.205886536000051 ], [ 19.785902954000022, 49.188161520000037 ], [ 19.937935018000132, 49.225110168000086 ], [ 20.050486287000098, 49.173227031000081 ], [ 20.135855754000119, 49.308877665000026 ], [ 20.28437382000007, 49.338643291000025 ], [ 20.317653443000097, 49.391611633000096 ], [ 20.422143188000092, 49.382981670000063 ], [ 20.437542765000074, 49.402515361000084 ], [ 20.543996215000107, 49.370837708000082 ], [ 20.60528446400005, 49.400034892000107 ], [ 20.689517049000131, 49.400499980000021 ], [ 20.778297160000079, 49.331201884 ], [ 20.918960408000089, 49.290325826000085 ], [ 21.017248983000087, 49.352440898000069 ], [ 21.072542766000112, 49.357195130000051 ], [ 21.033268677000137, 49.399673157 ], [ 21.053525838000041, 49.41445261600002 ], [ 21.124942667000141, 49.423651022000016 ], [ 21.194085734000055, 49.400603333000063 ], [ 21.260541626000105, 49.449437561000124 ], [ 21.427869913000052, 49.40980173800007 ], [ 21.619899536000048, 49.42334096300003 ], [ 21.691729777000148, 49.402153626000072 ], [ 21.757565552000131, 49.348926901000098 ], [ 21.819577270000082, 49.377245586000114 ], [ 21.964477986000048, 49.308567607000057 ], [ 22.012433716000089, 49.211054180000062 ], [ 22.040752401000077, 49.197463278000058 ], [ 22.197952108000095, 49.171986796000041 ], [ 22.215935506000079, 49.139999085000042 ], [ 22.339442179000031, 49.126459860000082 ], [ 22.390085083000088, 49.093025208000071 ], [ 22.505013469000119, 49.083413392000082 ], [ 22.539636678000136, 49.072199606000126 ] ] ] } },
{ "type": "Feature", "properties": { "iso3": "POL", "NAME": "Poland", "assessed": false }, "geometry": { "type": "Polygon", "coordinates": [ [ [ 18.833196249000082, 49.510260722000041 ], [ 18.7884444580001, 49.668597311000084 ], [ 18.727672974000086, 49.668907369000053 ], [ 18.617705526000123, 49.713865866000063 ], [ 18.566752564000069, 49.804764710000072 ], [ 18.593831014000045, 49.852203675000069 ], [ 18.567269328000123, 49.861453756000074 ], [ 18.559207804000039, 49.90718739800009 ], [ 18.481796509000077, 49.896645407000037 ], [ 18.368831827000093, 49.932043763000067 ], [ 18.292454061000058, 49.907807516000062 ], [ 18.255867147000089, 49.946048076000054 ], [ 18.098150675000056, 49.989042867000038 ], [ 18.091639445000084, 50.017206523000098 ], [ 18.002445923000039, 50.046765442000023 ], [ 18.032418253000088, 50.002840475000099 ], [ 17.839355102000127, 49.973643291000045 ], [ 17.763287394000059, 50.025216370000081 ], [ 17.719465780000064, 50.08087188800009 ], [ 17.731971476000069, 50.094876201 ], [ 17.632752726000092, 50.106348369000031 ], [ 17.589447876000122, 50.163244120000073 ], [ 17.675334106000065, 50.174716289000074 ], [ 17.747577759000109, 50.217504374000029 ], [ 17.719155721000078, 50.252799378000091 ], [ 17.734451945000046, 50.289489645000074 ], [ 17.707993611000035, 50.31103871700013 ], [ 17.629548787000118, 50.262101136000027 ], [ 17.469351847000098, 50.265563456000066 ], [ 17.424186645000134, 50.240552063000067 ], [ 17.388013143000109, 50.272643128000098 ], [ 17.341711060000108, 50.259724020000093 ], [ 17.319076782000081, 50.308248190000072 ], [ 17.337473592000066, 50.313002422000054 ], [ 17.21086633300007, 50.336411845000029 ], [ 17.187611939000135, 50.378476461000062 ], [ 16.892952921000102, 50.432943421000047 ], [ 16.865874471000041, 50.408448792000101 ], [ 16.926542602000012, 50.319255270000056 ], [ 16.987830851000069, 50.284942119000036 ], [ 17.014805949000106, 50.218486227000071 ], [ 16.960338989000093, 50.231973775000043 ], [ 16.955274699000114, 50.213473613000119 ], [ 16.817712036000046, 50.186756897000052 ], [ 16.701233357000092, 50.094927877000018 ], [ 16.660615682000071, 50.0930158500001 ], [ 16.566667928000129, 50.14221181200007 ], [ 16.535041952000142, 50.207737529000056 ], [ 16.437786906000014, 50.297964580000084 ], [ 16.371020956000081, 50.318376770000029 ], [ 16.343735799000058, 50.369949850000026 ], [ 16.262500448000083, 50.364420472000049 ], [ 16.199558553000088, 50.406278381 ], [ 16.211237427000071, 50.451288554000129 ], [ 16.287718547000054, 50.492784729 ], [ 16.352624145000078, 50.492784729 ], [ 16.391174764000141, 50.521826884000106 ], [ 16.394482056000044, 50.5593439740001 ], [ 16.425901326000087, 50.567560527000026 ], [ 16.331643514000092, 50.644041647 ], [ 16.232011352000114, 50.66088816400007 ], [ 16.175477335000039, 50.624094544000073 ], [ 16.08649051900008, 50.646780498000041 ], [ 15.982000773000067, 50.603630677000027 ], [ 15.9986405840001, 50.635566712000113 ], [ 15.971458781000109, 50.678613180000085 ], [ 15.848158813000111, 50.675150859000055 ], [ 15.792244914000037, 50.74269195600003 ], [ 15.684344523000107, 50.731426494000047 ], [ 15.441775350000086, 50.800207825000044 ], [ 15.356095825000125, 50.775454814000014 ], [ 15.341006306000111, 50.831730449000091 ], [ 15.287779581000052, 50.854881490000096 ], [ 15.256050252000136, 50.89989166300002 ], [ 15.269796183000068, 50.952653300000051 ], [ 15.170164022000108, 50.977974752000037 ], [ 15.144429158000094, 51.011564433000061 ], [ 15.107945597000082, 50.981023662000055 ], [ 15.003972616000055, 51.020685323000052 ], [ 14.960977824000054, 50.992650859000022 ], [ 14.996634562000054, 50.95921620700004 ], [ 14.982061808000083, 50.859067282000026 ], [ 14.810392700000136, 50.858447164000054 ], [ 14.955293417000121, 51.064041850000123 ], [ 15.019475545000148, 51.271677755000056 ], [ 14.963768352000017, 51.328392639000057 ], [ 14.945061483000131, 51.449186300000079 ], [ 14.710037068000076, 51.5302407840001 ], [ 14.743936808000086, 51.606644390000056 ], [ 14.732464640000074, 51.658346659000088 ], [ 14.648438761000136, 51.717206116000099 ], [ 14.634176066000066, 51.769011739000078 ], [ 14.585806925000043, 51.803893332000044 ], [ 14.595935507000064, 51.842418112000118 ], [ 14.687092733000043, 51.911897074000095 ], [ 14.699081665000108, 51.992512309000105 ], [ 14.76140344300012, 52.076667379000057 ], [ 14.686369263000131, 52.121031596000122 ], [ 14.712414184000124, 52.235908305000024 ], [ 14.584153280000066, 52.291227926000047 ], [ 14.54539595600005, 52.382152608000055 ], [ 14.539814901000113, 52.421865947000057 ], [ 14.632315715000061, 52.49674509800009 ], [ 14.609061320000137, 52.517803243000017 ], [ 14.644821411000066, 52.576921082000084 ], [ 14.431914510000098, 52.686087546000053 ], [ 14.382201782000095, 52.738151551 ], [ 14.12392297300002, 52.850651144000054 ], [ 14.164954061000088, 52.895661317000091 ], [ 14.144490193000109, 52.959920960000048 ], [ 14.343341105000036, 53.048623555000049 ], [ 14.389539835000107, 53.131667583000095 ], [ 14.380651489000087, 53.189855245000032 ], [ 14.441629680000062, 53.251841126000059 ], [ 14.403285767000028, 53.278790385 ], [ 14.359877564000044, 53.444077454000094 ], [ 14.304170370000094, 53.508517965000109 ], [ 14.263900720257396, 53.699976159680759 ], [ 14.304860873000052, 53.712551174000055 ], [ 14.294200066000087, 53.749090887000079 ], [ 14.414561394000089, 53.682359117000033 ], [ 14.53101647200009, 53.657782294000071 ], [ 14.590586785000085, 53.598374742000033 ], [ 14.623789910000085, 53.652818101000037 ], [ 14.57593834700009, 53.659654039000031 ], [ 14.544932488000086, 53.704046942000048 ], [ 14.57593834700009, 53.769517320000034 ], [ 14.623789910000085, 53.769517320000034 ], [ 14.63062584700009, 53.851507880000042 ], [ 14.587087436000047, 53.812648830000057 ], [ 14.57585696700005, 53.854803778000075 ], [ 14.44117272200009, 53.869614976000037 ], [ 14.431895379000082, 53.906154690000051 ], [ 14.36304772200009, 53.879380601000037 ], [ 14.41765384200005, 53.865139065000051 ], [ 14.405284050000091, 53.844183661000045 ], [ 14.318858269000089, 53.818182684000078 ], [ 14.175289348000092, 53.906478170000028 ], [ 14.210052931000064, 53.938462632000039 ], [ 14.406748894000089, 53.921820380000042 ], [ 14.781911655000044, 54.03461334800005 ], [ 15.859711134000065, 54.249986070000034 ], [ 16.131521030000044, 54.28351471600007 ], [ 16.069346550000091, 54.263006903000075 ], [ 16.179209832000083, 54.263006903000075 ], [ 16.172373894000089, 54.276597398000035 ], [ 16.22006269600007, 54.276597398000035 ], [ 16.215179884000065, 54.299627997000073 ], [ 16.137705925000091, 54.290269273000035 ], [ 16.275401238000086, 54.358587958000044 ], [ 16.23178144600007, 54.32257721600007 ], [ 16.32390384200005, 54.34992096600007 ], [ 16.324880405000044, 54.373114325000074 ], [ 16.281586134000065, 54.358587958000044 ], [ 16.439789259000065, 54.488267320000034 ], [ 16.444509311000047, 54.469875393000052 ], [ 16.473399285000085, 54.482123114000046 ], [ 16.473887566000087, 54.499660549000055 ], [ 16.446055535000085, 54.488267320000034 ], [ 16.46656334700009, 54.512152411000045 ], [ 16.569590691000087, 54.557196356000077 ], [ 16.939952019000089, 54.606024481000077 ], [ 17.035817905000044, 54.667059637000079 ], [ 17.337412957000083, 54.749009507000039 ], [ 18.152354363000086, 54.838324286000045 ], [ 18.33952884200005, 54.833482164000031 ], [ 18.75171959700009, 54.69009023600006 ], [ 18.83529707100007, 54.603094794000071 ], [ 18.784027540000068, 54.623521226000037 ], [ 18.707774285000085, 54.701239325000074 ], [ 18.456309441000087, 54.787665106000077 ], [ 18.413096550000091, 54.746527411000045 ], [ 18.474457227000073, 54.687567450000074 ], [ 18.47592207100007, 54.64008209800005 ], [ 18.522959832000083, 54.646551825000074 ], [ 18.570648634000065, 54.550360419000071 ], [ 18.588063998000052, 54.433661200000074 ], [ 18.885915561000047, 54.350165106000077 ], [ 19.377207879000082, 54.377630927000041 ], [ 19.609548373000052, 54.456732489000046 ], [ 19.680276326000126, 54.436678365 ], [ 22.698386678000077, 54.34293731800004 ], [ 22.837602986000093, 54.40091827500008 ], [ 22.96265995300007, 54.381694642000056 ], [ 23.041621542000115, 54.340973613000088 ], [ 23.032113078000037, 54.309554342000055 ], [ 23.050096476000135, 54.294826559000043 ], [ 23.11706913200004, 54.303456523000094 ], [ 23.316023397000095, 54.236277161000046 ], [ 23.449038534000124, 54.154938457000057 ], [ 23.496167440000136, 54.044557597000065 ], [ 23.458650350000141, 53.98161570300006 ], [ 23.490379679000057, 53.950609843000038 ], [ 23.529860474000088, 53.7841600550001 ], [ 23.564793742000063, 53.742405498000053 ], [ 23.590942016000071, 53.611250712000114 ], [ 23.80064497900014, 53.242461854000013 ], [ 23.893662557000113, 53.151950582000026 ], [ 23.859349406, 53.067976380000104 ], [ 23.911335897000129, 53.005060324000013 ], [ 23.922498006000069, 52.742595724000083 ], [ 23.86896122200011, 52.670042013000071 ], [ 23.736152792000041, 52.614903259000087 ], [ 23.569031209000116, 52.585886943000034 ], [ 23.392297810000116, 52.509638367000022 ], [ 23.165644979000035, 52.28939341300007 ], [ 23.194480428000048, 52.271461690000095 ], [ 23.189726196000066, 52.240533346000078 ], [ 23.395811808000076, 52.199579773000053 ], [ 23.391367635000051, 52.182500712000021 ], [ 23.487692505000041, 52.181622213000068 ], [ 23.512497192000069, 52.12444224100004 ], [ 23.579366496000119, 52.121548361000052 ], [ 23.637450806000118, 52.084470521000085 ], [ 23.676414835000088, 51.994088440000027 ], [ 23.628665812000122, 51.946339417000061 ], [ 23.621844523000078, 51.877428894000033 ], [ 23.594559367000073, 51.843296611000042 ], [ 23.628665812000122, 51.809758606000045 ], [ 23.617503703000096, 51.786504212000025 ], [ 23.552288045000068, 51.736636455000067 ], [ 23.560349569000067, 51.6719634 ], [ 23.53244429500009, 51.65896677700006 ], [ 23.543399699000076, 51.592743429000066 ], [ 23.614816528000063, 51.497219544000117 ], [ 23.662772258000103, 51.480192159000083 ], [ 23.648716268000072, 51.45396637000006 ], [ 23.697602173000064, 51.404434509000012 ], [ 23.634040161000087, 51.339296367000102 ], [ 23.635177043000084, 51.304698996000113 ], [ 23.687266886000145, 51.292400005000061 ], [ 23.742664022000099, 51.216254780999989 ], [ 23.863586873000145, 51.148274434000101 ], [ 23.854491821000096, 51.121531881000053 ], [ 23.904204549000099, 51.062724101000057 ], [ 23.91174930800014, 51.006810201000079 ], [ 23.979342081000112, 50.937512106000057 ], [ 24.143156372000107, 50.856431783000019 ], [ 24.130857381000084, 50.839068502000018 ], [ 23.99288130700009, 50.836226298000028 ], [ 23.957637980000101, 50.808010967000072 ], [ 23.974277791000134, 50.776178284000096 ], [ 24.025850871000046, 50.767031555000031 ], [ 24.026884400000114, 50.72801584900013 ], [ 24.081041301000141, 50.712978007000046 ], [ 24.107706340000078, 50.540843811000073 ], [ 24.010657999000017, 50.492784729 ], [ 23.981305786000036, 50.4047797650001 ], [ 23.682202596000081, 50.368244528000062 ], [ 23.644168741000044, 50.312692363000068 ], [ 23.101462850000075, 49.957106832000065 ], [ 22.665830526000036, 49.567363180000072 ], [ 22.640922485000146, 49.528760885000068 ], [ 22.679576456000063, 49.41894846700005 ], [ 22.719780721000092, 49.382981670000063 ], [ 22.737764120000065, 49.275391338000034 ], [ 22.681746867000129, 49.161238098000027 ], [ 22.705724731000146, 49.168834534000084 ], [ 22.853415975000075, 49.084756979000034 ], [ 22.85527632600008, 48.994013164000094 ], [ 22.755334106000134, 49.044707743000046 ], [ 22.642886190000098, 49.043157451000027 ], [ 22.560720663000069, 49.085532125000057 ], [ 22.390085083000088, 49.093025208000071 ], [ 22.339442179000031, 49.126459860000082 ], [ 22.215935506000079, 49.139999085000042 ], [ 22.197952108000095, 49.171986796000041 ], [ 22.040752401000077, 49.197463278000058 ], [ 22.012433716000089, 49.211054180000062 ], [ 21.993210083000065, 49.278181865000093 ], [ 21.928407836000048, 49.330788472000094 ], [ 21.819577270000082, 49.377245586000114 ], [ 21.757565552000131, 49.348926901000098 ], [ 21.691729777000148, 49.402153626000072 ], [ 21.601192668000067, 49.42649322600009 ], [ 21.427869913000052, 49.40980173800007 ], [ 21.260541626000105, 49.449437561000124 ], [ 21.194085734000055, 49.400603333000063 ], [ 21.068822062000095, 49.41920684800003 ], [ 21.033268677000137, 49.399673157 ], [ 21.072542766000112, 49.357195130000051 ], [ 21.017248983000087, 49.352440898000069 ], [ 20.918960408000089, 49.290325826000085 ], [ 20.778297160000079, 49.331201884 ], [ 20.689517049000131, 49.400499980000021 ], [ 20.60528446400005, 49.400034892000107 ], [ 20.543996215000107, 49.370837708000082 ], [ 20.437542765000074, 49.402515361000084 ], [ 20.422143188000092, 49.382981670000063 ], [ 20.317653443000097, 49.391611633000096 ], [ 20.28437382000007, 49.338643291000025 ], [ 20.135855754000119, 49.308877665000026 ], [ 20.050486287000098, 49.173227031000081 ], [ 19.937935018000132, 49.225110168000086 ], [ 19.83199833200004, 49.185887756000014 ], [ 19.760684855000079, 49.194207663000086 ], [ 19.751796508000069, 49.219064026000027 ], [ 19.808640585000092, 49.270895488000022 ], [ 19.779701783000036, 49.293374735000029 ], [ 19.769263143000103, 49.393110250000021 ], [ 19.627043767000117, 49.40186758800003 ], [ 19.63480106600008, 49.441324362000032 ], [ 19.556769654000078, 49.453881735000024 ], [ 19.505196574000138, 49.563384095000075 ], [ 19.457344197000054, 49.598058981000108 ], [ 19.339521931000036, 49.528760885000068 ], [ 19.248674764000071, 49.516255189000091 ], [ 19.172503703000075, 49.402256978000096 ], [ 19.116589803000068, 49.39093984000003 ], [ 19.067600545000062, 49.406132711000069 ], [ 18.962283977000141, 49.38918284100005 ], [ 18.96114709500003, 49.492794088000025 ], [ 18.833196249000082, 49.510260722000041 ] ] ] } },
{ "type": "Feature", "properties": { "iso3": "IRL", "NAME": "Ireland", "assessed": false }, "geometry": { "type": "MultiPolygon", "coordinates": [ [ [ [ -7.266502644999889, 55.065167135000067 ], [ -7.405253865999896, 55.003568827000024 ], [ -7.455069945999924, 54.863008932000028 ], [ -7.543384968999931, 54.793090719000034 ], [ -7.543074910999849, 54.741672669000067 ], [ -7.649683390999911, 54.744876608000126 ], [ -7.770502888999943, 54.706015931000067 ], [ -7.845898803999916, 54.731027323000077 ], [ -7.929666300999884, 54.696714173000046 ], [ -7.846415567999969, 54.631446838000031 ], [ -7.710558227999854, 54.624263815000049 ], [ -7.707871052999906, 54.6041616830001 ], [ -7.887136596999937, 54.532124736000029 ], [ -8.002194172999879, 54.543441875 ], [ -8.072448282999886, 54.487062887 ], [ -8.173837442999911, 54.461741435000093 ], [ -8.056480265999937, 54.365881654000063 ], [ -8.002194172999879, 54.357923483 ], [ -7.950801961999929, 54.300872702000092 ], [ -7.880263631999867, 54.287023417000043 ], [ -7.856440796999891, 54.211420797000088 ], [ -7.704770466999889, 54.200362041000076 ], [ -7.609014037999941, 54.139900615000059 ], [ -7.502302204999864, 54.125121155000031 ], [ -7.414658976999959, 54.145688376000024 ], [ -7.394660197999912, 54.121917217000075 ], [ -7.326964069999917, 54.11359731 ], [ -7.310324259999902, 54.114682516000087 ], [ -7.325982218999854, 54.154576722000044 ], [ -7.295544799999988, 54.165118714000116 ], [ -7.297353474999881, 54.125896302000044 ], [ -7.280041870999867, 54.126154683000024 ], [ -7.245780395999873, 54.16697906500012 ], [ -7.249087686999871, 54.197416484000073 ], [ -7.153331257999952, 54.224236553000068 ], [ -7.145889851999925, 54.25209014900004 ], [ -7.209038452999891, 54.293431296000065 ], [ -7.192450316999981, 54.334720764000096 ], [ -7.01783565299985, 54.413165588000098 ], [ -6.879704548999911, 54.341593730000071 ], [ -6.856656860999948, 54.292811178000093 ], [ -6.882185017999888, 54.27725657200007 ], [ -6.78782385299985, 54.202997539000094 ], [ -6.74477738499985, 54.184187317000081 ], [ -6.694651244999932, 54.197984925000029 ], [ -6.640339314999949, 54.168012594000103 ], [ -6.672533732999909, 54.068432109000028 ], [ -6.630624144999928, 54.041818746 ], [ -6.377512980999938, 54.063264466000035 ], [ -6.354827025999896, 54.110651754000017 ], [ -6.284650430999932, 54.105225728000036 ], [ -6.107289191999939, 54.013617255000042 ], [ -6.160755988999938, 53.974432684000078 ], [ -6.359852667999917, 54.016017971000053 ], [ -6.378285285999937, 53.934881903000075 ], [ -6.350819464999915, 53.881415106000077 ], [ -6.243234829999949, 53.865139065000051 ], [ -6.254994269999941, 53.822211005000042 ], [ -6.222767706999946, 53.796291408000059 ], [ -6.248443162999934, 53.755764065000051 ], [ -6.229888475999928, 53.65656159100007 ], [ -6.077300584999932, 53.554632880000042 ], [ -6.133371548999946, 53.461086330000057 ], [ -6.194813605999911, 53.461086330000057 ], [ -6.130604620999918, 53.442613023000035 ], [ -6.126535610999952, 53.398993231000077 ], [ -6.050852016999954, 53.38540273600006 ], [ -6.062001105999911, 53.367377020000049 ], [ -6.132313605999911, 53.391587632000039 ], [ -6.218169725999928, 53.347154039000031 ], [ -6.096994594999956, 53.285549221000053 ], [ -6.104888475999928, 53.229437567000048 ], [ -6.030384894999941, 53.111029364000046 ], [ -6.051625128999945, 53.009263414000031 ], [ -5.993519660999937, 52.957424221000053 ], [ -6.130116339999915, 52.815985419000071 ], [ -6.147857225999928, 52.746161200000074 ], [ -6.215321417999917, 52.665961005000042 ], [ -6.209095831999946, 52.545843817000048 ], [ -6.356190558999913, 52.409002997000073 ], [ -6.366118943999936, 52.344427802000041 ], [ -6.468861456999946, 52.36001211100006 ], [ -6.462961391999954, 52.377997137000079 ], [ -6.496490037999934, 52.364325262000079 ], [ -6.409169074999909, 52.289252020000049 ], [ -6.372954881999931, 52.322699286000045 ], [ -6.389759894999941, 52.295599677000041 ], [ -6.318348761999914, 52.240790106000077 ], [ -6.347035285999937, 52.197251695000034 ], [ -6.377064581999946, 52.178208726000037 ], [ -6.399484829999949, 52.185492255000042 ], [ -6.382313605999911, 52.211981512000079 ], [ -6.425607876999948, 52.193793036000045 ], [ -6.472564256999931, 52.206976630000042 ], [ -6.579741990999935, 52.178208726000037 ], [ -6.715565558999913, 52.216620184000078 ], [ -6.805572068999936, 52.212836005000042 ], [ -6.764027472999942, 52.261297919000071 ], [ -6.83226477799991, 52.240790106000077 ], [ -6.81859290299991, 52.18618398600006 ], [ -6.932118292999917, 52.124660549000055 ], [ -6.948963995999918, 52.130926825000074 ], [ -6.903716600999928, 52.17218659100007 ], [ -6.997385219999956, 52.289211330000057 ], [ -6.969471808999913, 52.220363674000055 ], [ -6.979969855999911, 52.185939846000053 ], [ -6.955148891999954, 52.179348049000055 ], [ -7.017201300999943, 52.138373114000046 ], [ -7.106027798999946, 52.130926825000074 ], [ -7.071848110999952, 52.165716864000046 ], [ -7.106353318999936, 52.173000393000052 ], [ -7.106027798999946, 52.152044989000046 ], [ -7.187367316999939, 52.132757880000042 ], [ -7.435454881999931, 52.125677802000041 ], [ -7.565297003999945, 52.083726304000038 ], [ -7.599964972999942, 52.10101959800005 ], [ -7.627349412999934, 52.062689520000049 ], [ -7.54515540299991, 52.05499909100007 ], [ -7.582630988999938, 52.028509833000044 ], [ -7.589914516999954, 51.991156317000048 ], [ -7.70929928299995, 51.973863023000035 ], [ -7.72329667899993, 51.944566148000035 ], [ -7.829335089999915, 51.95343659100007 ], [ -7.84984290299991, 51.980129299000055 ], [ -7.869862433999913, 51.929510809000078 ], [ -7.922230597999942, 51.911810614000046 ], [ -7.891468878999945, 51.881903387000079 ], [ -8.008168097999942, 51.85578034100007 ], [ -8.020578579999949, 51.823919989000046 ], [ -8.246205206999946, 51.802720445000034 ], [ -8.230091925999943, 51.836737372000073 ], [ -8.175404425999943, 51.857163804000038 ], [ -8.202788865999935, 51.863999742000033 ], [ -8.187082485999952, 51.893133856000077 ], [ -8.40884355399993, 51.891791083000044 ], [ -8.429351365999935, 51.884507554000038 ], [ -8.329253709999932, 51.861314195000034 ], [ -8.347401495999918, 51.829901434000078 ], [ -8.298329230999911, 51.829901434000078 ], [ -8.292103644999941, 51.81000397300005 ], [ -8.319488084999932, 51.802557684000078 ], [ -8.284657355999911, 51.802557684000078 ], [ -8.297352667999917, 51.766017971000053 ], [ -8.435536261999914, 51.692694403000075 ], [ -8.483957485999952, 51.713812567000048 ], [ -8.464182094999956, 51.695013739000046 ], [ -8.483957485999952, 51.678412177000041 ], [ -8.491118943999936, 51.69867584800005 ], [ -8.512440558999913, 51.706040757000039 ], [ -8.558420376999948, 51.706366278000075 ], [ -8.497547980999911, 51.692694403000075 ], [ -8.539173956999946, 51.648382880000042 ], [ -8.531727667999917, 51.61078522300005 ], [ -8.572661912999934, 51.644964911000045 ], [ -8.757639126999948, 51.644964911000045 ], [ -8.690012173999946, 51.631293036000045 ], [ -8.696156378999945, 51.576646226000037 ], [ -8.853871222999942, 51.595933335000041 ], [ -8.933176235999952, 51.535345770000049 ], [ -8.991118943999936, 51.562974351000037 ], [ -9.120757615999935, 51.562974351000037 ], [ -9.115712042999917, 51.537909247000073 ], [ -9.192534959999932, 51.524603583000044 ], [ -9.223784959999932, 51.487290757000039 ], [ -9.264759894999941, 51.487290757000039 ], [ -9.27212480399993, 51.508368231000077 ], [ -9.381418423999946, 51.473618882000039 ], [ -9.319935675999943, 51.535060940000051 ], [ -9.401844855999911, 51.500921942000048 ], [ -9.401844855999911, 51.545965887000079 ], [ -9.443267381999931, 51.559515692000048 ], [ -9.611317511999914, 51.493841864000046 ], [ -9.655913865999935, 51.52016836100006 ], [ -9.717193162999934, 51.480414130000042 ], [ -9.703521287999934, 51.473618882000039 ], [ -9.820220506999931, 51.445705471000053 ], [ -9.813384568999936, 51.473618882000039 ], [ -9.833892381999931, 51.487290757000039 ], [ -9.545887824999909, 51.61078522300005 ], [ -9.847523566999939, 51.549383856000077 ], [ -9.594553188999953, 51.655503648000035 ], [ -9.458607550999943, 51.683986721000053 ], [ -9.442941860999952, 51.720038153000075 ], [ -9.525461391999954, 51.72687409100007 ], [ -9.560210740999935, 51.761623440000051 ], [ -9.545887824999909, 51.720038153000075 ], [ -9.626820441999939, 51.685044664000088 ], [ -9.874134894999941, 51.656195380000042 ], [ -10.028797980999911, 51.596502997000073 ], [ -10.156076626999948, 51.582831122000073 ], [ -10.149240688999953, 51.61078522300005 ], [ -10.059803839999915, 51.631293036000045 ], [ -10.070668097999942, 51.657049872000073 ], [ -10.100819464999915, 51.659247137000079 ], [ -10.08812415299991, 51.671616929000038 ], [ -10.003773566999939, 51.67804596600007 ], [ -9.956857876999948, 51.706366278000075 ], [ -9.997792120999918, 51.713812567000048 ], [ -9.98070227799991, 51.73187897300005 ], [ -9.888539191999939, 51.761623440000051 ], [ -9.902251756999931, 51.741156317000048 ], [ -9.867909308999913, 51.748602606000077 ], [ -9.854400193999936, 51.775295315000051 ], [ -9.785511847999942, 51.768500067000048 ], [ -9.813384568999936, 51.788275458000044 ], [ -9.737660285999937, 51.836737372000073 ], [ -9.58071855399993, 51.877671617000033 ], [ -9.863840298999946, 51.804266669000071 ], [ -9.882191535999937, 51.82367584800005 ], [ -10.135609503999945, 51.741156317000048 ], [ -10.224354620999918, 51.782131252000056 ], [ -10.177072719999956, 51.813666083000044 ], [ -10.23460852799991, 51.85101959800005 ], [ -10.341053839999915, 51.788275458000044 ], [ -10.341053839999915, 51.843573309000078 ], [ -10.38890540299991, 51.846177476000037 ], [ -10.395619269999941, 51.884507554000038 ], [ -10.25413977799991, 51.908677476000037 ], [ -10.30687415299991, 51.95343659100007 ], [ -10.25845292899993, 51.973863023000035 ], [ -10.266224738999938, 51.988470770000049 ], [ -10.033273891999954, 52.041083075000074 ], [ -9.971058722999942, 52.089911200000074 ], [ -9.926380988999938, 52.062689520000049 ], [ -9.90843665299991, 52.130926825000074 ], [ -9.771839972999942, 52.124701239000046 ], [ -9.792958136999914, 52.138373114000046 ], [ -9.758168097999942, 52.152044989000046 ], [ -9.956857876999948, 52.145209052000041 ], [ -9.954660610999952, 52.108791408000059 ], [ -9.997792120999918, 52.138373114000046 ], [ -10.186268683999913, 52.109442450000074 ], [ -10.278920050999943, 52.136379299000055 ], [ -10.30687415299991, 52.124701239000046 ], [ -10.272084113999938, 52.111721096000053 ], [ -10.368316209999932, 52.124701239000046 ], [ -10.354074673999946, 52.111721096000053 ], [ -10.436594204999949, 52.097398179000038 ], [ -10.467518683999913, 52.115139065000051 ], [ -10.461293097999942, 52.17999909100007 ], [ -10.409291144999941, 52.199774481000077 ], [ -10.41665605399993, 52.18618398600006 ], [ -10.372059699999909, 52.175604559000078 ], [ -10.366566535999937, 52.228216864000046 ], [ -10.171864386999914, 52.286810614000046 ], [ -10.16624915299991, 52.234564520000049 ], [ -10.100819464999915, 52.240790106000077 ], [ -10.044911261999914, 52.269273179000038 ], [ -10.036040818999936, 52.290350653000075 ], [ -10.059803839999915, 52.309637762000079 ], [ -10.013539191999939, 52.306341864000046 ], [ -10.008778449999909, 52.25336334800005 ], [ -9.94749915299991, 52.237616278000075 ], [ -9.737660285999937, 52.248236395000049 ], [ -9.86937415299991, 52.273138739000046 ], [ -9.88109290299991, 52.296047268000052 ], [ -9.849232550999943, 52.284735419000071 ], [ -9.833892381999931, 52.289211330000057 ], [ -9.861887173999946, 52.303452867000033 ], [ -9.82648678299995, 52.309637762000079 ], [ -9.834462042999917, 52.375230210000041 ], [ -9.949940558999913, 52.412095445000034 ], [ -9.703521287999934, 52.483547268000052 ], [ -9.634632941999939, 52.473578192000048 ], [ -9.683094855999911, 52.494614976000037 ], [ -9.648304816999939, 52.570379950000074 ], [ -9.27212480399993, 52.577215887000079 ], [ -9.052398240999935, 52.631822007000039 ], [ -9.005604620999918, 52.620835679000038 ], [ -8.959950324999909, 52.652289130000042 ], [ -8.751169399999924, 52.67295970300006 ], [ -8.960845506999931, 52.69367096600007 ], [ -8.952056443999936, 52.734320380000042 ], [ -8.969878709999932, 52.748480536000045 ], [ -8.942616339999915, 52.775213934000078 ], [ -9.023589647999927, 52.747137762000079 ], [ -9.14679928299995, 52.623765367000033 ], [ -9.28579667899993, 52.590806382000039 ], [ -9.333078579999949, 52.597723700000074 ], [ -9.278960740999935, 52.63930898600006 ], [ -9.434478318999936, 52.612005927000041 ], [ -9.58071855399993, 52.665961005000042 ], [ -9.552805141999954, 52.63930898600006 ], [ -9.694406704999949, 52.605617580000057 ], [ -9.706857876999948, 52.580226955000057 ], [ -9.936350063999953, 52.556708075000074 ], [ -9.824086066999939, 52.59516022300005 ], [ -9.621652798999946, 52.713771877000056 ], [ -9.628407355999911, 52.727443752000056 ], [ -9.498646613999938, 52.752508856000077 ], [ -9.491281704999949, 52.803168036000045 ], [ -9.354074673999946, 52.933498440000051 ], [ -9.477650519999941, 52.940334377000056 ], [ -9.387603318999936, 53.008612372000073 ], [ -9.272206183999913, 53.146673895000049 ], [ -9.158599412999934, 53.111029364000046 ], [ -9.072865363999938, 53.118475653000075 ], [ -9.128163214999915, 53.159409898000035 ], [ -9.004058397999927, 53.145738023000035 ], [ -9.045643683999913, 53.173732815000051 ], [ -8.986683722999942, 53.176988023000035 ], [ -8.936390753999945, 53.145738023000035 ], [ -8.956857876999948, 53.179877020000049 ], [ -8.89484615799995, 53.220892645000049 ], [ -9.045643683999913, 53.220892645000049 ], [ -8.96312415299991, 53.235174872000073 ], [ -8.991118943999936, 53.248195705000057 ], [ -8.942616339999915, 53.261786200000074 ], [ -9.022084113999938, 53.275458075000074 ], [ -9.511708136999914, 53.228338934000078 ], [ -9.566395636999914, 53.261786200000074 ], [ -9.554554816999939, 53.290716864000046 ], [ -9.612294074999909, 53.236151434000078 ], [ -9.628407355999911, 53.248195705000057 ], [ -9.617298956999946, 53.321478583000044 ], [ -9.56078040299991, 53.341213283000059 ], [ -9.601144985999952, 53.364894924000055 ], [ -9.552805141999954, 53.38540273600006 ], [ -9.621652798999946, 53.378485419000071 ], [ -9.606597459999932, 53.349351304000038 ], [ -9.634632941999939, 53.330064195000034 ], [ -9.65265865799995, 53.392808335000041 ], [ -9.743072068999936, 53.314398505000042 ], [ -9.806711391999954, 53.301581122000073 ], [ -9.902251756999931, 53.323919989000046 ], [ -9.887196417999917, 53.359198309000078 ], [ -9.785511847999942, 53.392767645000049 ], [ -9.820220506999931, 53.398993231000077 ], [ -9.799183722999942, 53.419501044000071 ], [ -9.860178188999953, 53.394232489000046 ], [ -9.88109290299991, 53.406439520000049 ], [ -9.847523566999939, 53.433742580000057 ], [ -9.911447719999956, 53.425970770000049 ], [ -9.922352667999917, 53.389227606000077 ], [ -9.961415167999917, 53.379584052000041 ], [ -10.063221808999913, 53.412665106000077 ], [ -10.176503058999913, 53.412665106000077 ], [ -10.142241990999935, 53.445705471000053 ], [ -10.05296790299991, 53.453599351000037 ], [ -10.087147589999915, 53.481512762000079 ], [ -10.020578579999949, 53.470445054000038 ], [ -10.012074347999942, 53.481512762000079 ], [ -10.107289191999939, 53.49445221600007 ], [ -10.15265865799995, 53.54360586100006 ], [ -10.203236456999946, 53.54360586100006 ], [ -10.180287238999938, 53.555487372000073 ], [ -10.10765540299991, 53.549790757000039 ], [ -10.115101691999939, 53.570298570000034 ], [ -10.070668097999942, 53.570013739000046 ], [ -10.005238410999937, 53.54360586100006 ], [ -9.971058722999942, 53.562892971000053 ], [ -10.046783006999931, 53.599269924000055 ], [ -9.867909308999913, 53.617377020000049 ], [ -9.822865363999938, 53.606431382000039 ], [ -9.696766730999911, 53.598211981000077 ], [ -9.90843665299991, 53.646063544000071 ], [ -9.90843665299991, 53.762111721000053 ], [ -9.566395636999914, 53.796291408000059 ], [ -9.621652798999946, 53.817328192000048 ], [ -9.560210740999935, 53.865139065000051 ], [ -9.586903449999909, 53.871975002000056 ], [ -9.566395636999914, 53.899318752000056 ], [ -9.758168097999942, 53.899318752000056 ], [ -9.910755988999938, 53.858710028000075 ], [ -9.943755662999934, 53.879380601000037 ], [ -9.90843665299991, 53.920355536000045 ], [ -9.915882941999939, 53.953843492000033 ], [ -9.868031378999945, 53.961371161000045 ], [ -9.787505662999934, 53.916083075000074 ], [ -9.785511847999942, 53.947088934000078 ], [ -9.831695115999935, 53.956284898000035 ], [ -9.849598761999914, 53.99750397300005 ], [ -9.898915167999917, 54.025336005000042 ], [ -9.897694464999915, 54.055121161000045 ], [ -9.833892381999931, 54.112127997000073 ], [ -9.88109290299991, 54.112127997000073 ], [ -9.917388475999928, 54.069728908000059 ], [ -9.970692511999914, 54.078558661000045 ], [ -9.990956183999913, 54.104681708000044 ], [ -9.90843665299991, 54.118353583000044 ], [ -9.977284308999913, 54.180487372000073 ], [ -9.936350063999953, 54.187323309000078 ], [ -10.010894334999932, 54.218329169000071 ], [ -10.016997850999928, 54.188666083000044 ], [ -10.05296790299991, 54.187323309000078 ], [ -10.03937740799995, 54.166815497000073 ], [ -10.087147589999915, 54.159328518000052 ], [ -10.06663977799991, 54.125189520000049 ], [ -10.094593878999945, 54.118353583000044 ], [ -10.066883917999917, 54.094916083000044 ], [ -10.11742102799991, 54.095892645000049 ], [ -10.128163214999915, 54.125189520000049 ], [ -10.059803839999915, 54.222072658000059 ], [ -10.115101691999939, 54.235052802000041 ], [ -9.997792120999918, 54.303941148000035 ], [ -9.971791144999941, 54.277248440000051 ], [ -9.88109290299991, 54.263006903000075 ], [ -9.927154100999928, 54.226752020000049 ], [ -9.977284308999913, 54.24249909100007 ], [ -9.983631964999915, 54.22296784100007 ], [ -9.909901495999918, 54.204413153000075 ], [ -9.843861456999946, 54.276597398000035 ], [ -9.765004035999937, 54.255560614000046 ], [ -9.799183722999942, 54.28351471600007 ], [ -9.758168097999942, 54.28351471600007 ], [ -9.829213019999941, 54.296861070000034 ], [ -9.84601803299995, 54.321437893000052 ], [ -9.785511847999942, 54.338080145000049 ], [ -9.706939256999931, 54.317613023000035 ], [ -9.268422003999945, 54.303941148000035 ], [ -9.247670050999943, 54.276597398000035 ], [ -9.211008266999954, 54.275620835000041 ], [ -9.210357225999928, 54.217840887000079 ], [ -9.149322068999936, 54.180609442000048 ], [ -9.141224738999938, 54.145697333000044 ], [ -9.13499915299991, 54.207749742000033 ], [ -9.090199347999942, 54.226629950000074 ], [ -9.051258917999917, 54.289496161000045 ], [ -8.939035610999952, 54.289984442000048 ], [ -8.856597459999932, 54.263006903000075 ], [ -8.67642167899993, 54.271307684000078 ], [ -8.572661912999934, 54.200344143000052 ], [ -8.511219855999911, 54.207749742000033 ], [ -8.621001756999931, 54.255560614000046 ], [ -8.593739386999914, 54.28351471600007 ], [ -8.470285610999952, 54.276597398000035 ], [ -8.572661912999934, 54.31391022300005 ], [ -8.519154425999943, 54.326727606000077 ], [ -8.661366339999915, 54.338039455000057 ], [ -8.663889126999948, 54.359279690000051 ], [ -8.474110480999911, 54.42999909100007 ], [ -8.466704881999931, 54.475002346000053 ], [ -8.443023240999935, 54.447333075000074 ], [ -8.210194464999915, 54.501939195000034 ], [ -8.270985480999911, 54.523667710000041 ], [ -8.216379360999952, 54.550360419000071 ], [ -8.218861456999946, 54.56976959800005 ], [ -8.17251542899993, 54.594468492000033 ], [ -8.175404425999943, 54.619289455000057 ], [ -8.137562628999945, 54.605617580000057 ], [ -8.120838995999918, 54.646551825000074 ], [ -8.292103644999941, 54.605617580000057 ], [ -8.280344204999949, 54.629624742000033 ], [ -8.301747199999909, 54.639797268000052 ], [ -8.456613735999952, 54.564642645000049 ], [ -8.387684699999909, 54.619859117000033 ], [ -8.421864386999914, 54.619289455000057 ], [ -8.431630011999914, 54.641302802000041 ], [ -8.461537238999938, 54.602850653000075 ], [ -8.494130011999914, 54.632961330000057 ], [ -8.564035610999952, 54.60883209800005 ], [ -8.672596808999913, 54.61945221600007 ], [ -8.791818813999953, 54.65961334800005 ], [ -8.778146938999953, 54.680080471000053 ], [ -8.797759568999936, 54.691961981000077 ], [ -8.636586066999939, 54.768459377000056 ], [ -8.456613735999952, 54.756415106000077 ], [ -8.545399542999917, 54.783758856000077 ], [ -8.529896613999938, 54.788072007000039 ], [ -8.408192511999914, 54.762640692000048 ], [ -8.558420376999948, 54.817857164000031 ], [ -8.490712042999917, 54.851996161000045 ], [ -8.325672980999911, 54.831529039000031 ], [ -8.381337042999917, 54.855943101000037 ], [ -8.366688605999911, 54.881089585000041 ], [ -8.312652147999927, 54.879339911000045 ], [ -8.337025519999941, 54.903631903000075 ], [ -8.409291144999941, 54.88703034100007 ], [ -8.450795050999943, 54.922064520000049 ], [ -8.450428839999915, 54.946275132000039 ], [ -8.366566535999937, 54.948187567000048 ], [ -8.456613735999952, 55.002875067000048 ], [ -8.415028449999909, 55.002875067000048 ], [ -8.347401495999918, 55.064276434000078 ], [ -8.319976365999935, 55.034328518000052 ], [ -8.320423956999946, 55.10492584800005 ], [ -8.278472459999932, 55.160549221000053 ], [ -8.14126542899993, 55.160549221000053 ], [ -8.15648352799991, 55.124497789000031 ], [ -7.97679602799991, 55.221909898000035 ], [ -7.950184699999909, 55.210272528000075 ], [ -8.00413977799991, 55.17413971600007 ], [ -7.908558722999942, 55.188421942000048 ], [ -7.898793097999942, 55.156398830000057 ], [ -7.860096808999913, 55.167914130000042 ], [ -7.894886847999942, 55.14008209800005 ], [ -7.856434699999909, 55.13898346600007 ], [ -7.834706183999913, 55.164984442000048 ], [ -7.866118943999936, 55.214911200000074 ], [ -7.798695441999939, 55.256089585000041 ], [ -7.815744594999956, 55.194647528000075 ], [ -7.717600063999953, 55.166571356000077 ], [ -7.702504035999937, 55.09906647300005 ], [ -7.66820227799991, 55.147202867000033 ], [ -7.695057745999918, 55.207464911000045 ], [ -7.723947719999956, 55.214585679000038 ], [ -7.723133917999917, 55.175726630000042 ], [ -7.788156704999949, 55.218573309000078 ], [ -7.760853644999941, 55.256089585000041 ], [ -7.643950975999928, 55.272772528000075 ], [ -7.611398891999954, 55.241400458000044 ], [ -7.614491339999915, 55.195990302000041 ], [ -7.572743292999917, 55.180975653000075 ], [ -7.525786912999934, 55.116156317000048 ], [ -7.641021287999934, 55.050685940000051 ], [ -7.561838344999956, 55.044501044000071 ], [ -7.681385870999918, 54.954413153000075 ], [ -7.456166144999941, 55.056138414000031 ], [ -7.454416469999956, 55.08624909100007 ], [ -7.477528449999909, 55.096380927000041 ], [ -7.462880011999914, 55.143459377000056 ], [ -7.549549933999913, 55.215399481000077 ], [ -7.516224738999938, 55.254136460000041 ], [ -7.524322068999936, 55.290269273000035 ], [ -7.478586391999954, 55.283921617000033 ], [ -7.469105597999942, 55.303900458000044 ], [ -7.405913865999935, 55.286932684000078 ], [ -7.347523566999939, 55.314276434000078 ], [ -7.320871548999946, 55.282171942000048 ], [ -7.256743943999936, 55.284002997000073 ], [ -7.350697394999941, 55.335191148000035 ], [ -7.353016730999911, 55.358547268000052 ], [ -7.400217251999948, 55.380275783000059 ], [ -7.384429490999935, 55.386379299000055 ], [ -7.208851691999939, 55.345119533000059 ], [ -7.129058397999927, 55.285834052000041 ], [ -6.939564581999946, 55.239081122000073 ], [ -6.942779100999928, 55.218573309000078 ], [ -7.159494594999956, 55.150783596000053 ], [ -7.266502644999889, 55.065167135000067 ] ] ], [ [ [ -9.638335740999935, 53.251044012000079 ], [ -9.692372199999909, 53.226385809000078 ], [ -9.720082160999937, 53.266058661000045 ], [ -9.671457485999952, 53.280747789000031 ], [ -9.638335740999935, 53.251044012000079 ] ] ], [ [ [ -9.95181230399993, 53.957831122000073 ], [ -9.922678188999953, 53.947088934000078 ], [ -9.957997199999909, 53.880601304000038 ], [ -10.055531378999945, 53.913723049000055 ], [ -10.06663977799991, 53.967596747000073 ], [ -10.26593990799995, 53.981838283000059 ], [ -10.218495245999918, 53.986029364000046 ], [ -10.189564581999946, 54.016017971000053 ], [ -10.134429490999935, 54.00031159100007 ], [ -9.975900844999956, 54.021144924000055 ], [ -9.936350063999953, 53.989243882000039 ], [ -9.956857876999948, 53.989243882000039 ], [ -9.95181230399993, 53.957831122000073 ] ] ], [ [ [ -8.543527798999946, 55.015326239000046 ], [ -8.483957485999952, 54.975531317000048 ], [ -8.565825975999928, 54.975531317000048 ], [ -8.543527798999946, 55.015326239000046 ] ] ], [ [ [ -9.807199673999946, 51.640285549000055 ], [ -9.892160610999952, 51.611273505000042 ], [ -9.917876756999931, 51.619370835000041 ], [ -9.881662563999953, 51.641058661000045 ], [ -9.807199673999946, 51.640285549000055 ] ] ], [ [ [ -10.301625128999945, 51.924790757000039 ], [ -10.36156165299991, 51.89203522300005 ], [ -10.429025844999956, 51.889837958000044 ], [ -10.351673956999946, 51.931138414000088 ], [ -10.301625128999945, 51.924790757000039 ] ] ], [ [ [ -9.645090298999946, 53.102606512000079 ], [ -9.660511847999942, 53.090643622000073 ], [ -9.811431443999936, 53.137600002000056 ], [ -9.696685350999928, 53.136542059000078 ], [ -9.645090298999946, 53.102606512000079 ] ] ] ] } },
{ "type": "Feature", "properties": { "iso3": "GBR", "NAME": "United Kingdom", "assessed": true }, "geometry": { "type": "MultiPolygon", "coordinates": [ [ [ [ -7.256743943999936, 55.050685940000051 ], [ -7.053700324999909, 55.048732815000051 ], [ -6.97492428299995, 55.135443427000041 ], [ -6.962554490999935, 55.194647528000075 ], [ -6.754505988999938, 55.177801825000074 ], [ -6.475941535999937, 55.24868398600006 ], [ -6.239816860999952, 55.208319403000075 ], [ -6.100982225999928, 55.212388414000031 ], [ -6.037098761999914, 55.167914130000042 ], [ -6.062082485999952, 55.074123440000051 ], [ -5.968251105999911, 55.043850002000056 ], [ -5.986236131999931, 54.981756903000075 ], [ -5.886341925999943, 54.940822658000059 ], [ -5.800526495999918, 54.820746161000045 ], [ -5.715646938999953, 54.783758856000077 ], [ -5.797596808999913, 54.844549872000073 ], [ -5.751616990999935, 54.85687897300005 ], [ -5.689849412999934, 54.793117580000057 ], [ -5.729318813999953, 54.728501695000034 ], [ -5.890736456999946, 54.672308661000045 ], [ -5.927235480999911, 54.632961330000057 ], [ -5.907378709999932, 54.605617580000057 ], [ -5.747954881999931, 54.680405992000033 ], [ -5.574696417999917, 54.680080471000053 ], [ -5.478911912999934, 54.569484768000052 ], [ -5.43382727799991, 54.461004950000074 ], [ -5.489125128999945, 54.369574286000045 ], [ -5.47484290299991, 54.358587958000044 ], [ -5.515777147999927, 54.338080145000049 ], [ -5.576649542999917, 54.402777411000045 ], [ -5.543690558999913, 54.457831122000073 ], [ -5.558013475999928, 54.511908270000049 ], [ -5.701975063999953, 54.577704169000071 ], [ -5.715646938999953, 54.536688544000071 ], [ -5.625599738999938, 54.51626211100006 ], [ -5.670318162999934, 54.505682684000078 ], [ -5.639963344999956, 54.495754299000055 ], [ -5.625599738999938, 54.441107489000046 ], [ -5.661447719999956, 54.379584052000041 ], [ -5.708851691999939, 54.351752020000049 ], [ -5.579701300999943, 54.383693752000056 ], [ -5.550526495999918, 54.365423895000049 ], [ -5.55304928299995, 54.298529364000046 ], [ -5.655751105999911, 54.229681708000044 ], [ -5.736887173999946, 54.249090887000079 ], [ -5.862049933999913, 54.230536200000074 ], [ -5.893788214999915, 54.104681708000044 ], [ -6.079579230999911, 54.034572658000059 ], [ -6.112904425999943, 54.043890692000048 ], [ -6.084950324999909, 54.05695221600007 ], [ -6.18586178299995, 54.092678127000056 ], [ -6.354827025999896, 54.110651754000017 ], [ -6.377512980999938, 54.063264466000035 ], [ -6.630624144999928, 54.041818746 ], [ -6.672533732999909, 54.068432109000028 ], [ -6.640339314999949, 54.168012594000103 ], [ -6.694651244999932, 54.197984925000029 ], [ -6.74477738499985, 54.184187317000081 ], [ -6.78782385299985, 54.202997539000094 ], [ -6.882185017999888, 54.27725657200007 ], [ -6.856656860999948, 54.292811178000093 ], [ -6.879704548999911, 54.341593730000071 ], [ -7.01783565299985, 54.413165588000098 ], [ -7.192450316999981, 54.334720764000096 ], [ -7.209038452999891, 54.293431296000065 ], [ -7.145889851999925, 54.25209014900004 ], [ -7.153331257999952, 54.224236553000068 ], [ -7.249087686999871, 54.197416484000073 ], [ -7.245780395999873, 54.16697906500012 ], [ -7.280041870999867, 54.126154683000024 ], [ -7.297353474999881, 54.125896302000044 ], [ -7.295544799999988, 54.165118714000116 ], [ -7.333165242999911, 54.149409079000051 ], [ -7.310324259999902, 54.114682516000087 ], [ -7.394660197999912, 54.121917217000075 ], [ -7.414658976999959, 54.145688376000024 ], [ -7.502302204999864, 54.125121155000031 ], [ -7.609014037999941, 54.139900615000059 ], [ -7.704770466999889, 54.200362041000076 ], [ -7.856440796999891, 54.211420797000088 ], [ -7.880263631999867, 54.287023417000043 ], [ -7.950801961999929, 54.300872702000092 ], [ -8.002194172999879, 54.357923483 ], [ -8.056480265999937, 54.365881654000063 ], [ -8.173837442999911, 54.461741435000093 ], [ -8.072448282999886, 54.487062887 ], [ -8.002194172999879, 54.543441875 ], [ -7.887136596999937, 54.532124736000029 ], [ -7.707871052999906, 54.6041616830001 ], [ -7.710558227999854, 54.624263815000049 ], [ -7.846415567999969, 54.631446838000031 ], [ -7.929666300999884, 54.696714173000046 ], [ -7.845898803999916, 54.731027323000077 ], [ -7.770502888999943, 54.706015931000067 ], [ -7.649683390999911, 54.744876608000126 ], [ -7.543074910999849, 54.741672669000067 ], [ -7.543384968999931, 54.793090719000034 ], [ -7.455069945999924, 54.863008932000028 ], [ -7.405253865999896, 55.003568827000024 ], [ -7.355024372999935, 55.040930888000062 ], [ -7.247100389999957, 55.069322007000039 ], [ -7.256743943999936, 55.050685940000051 ] ] ], [ [ [ -2.693755662999934, 51.596177476000037 ], [ -2.858713344999956, 51.546128648000035 ], [ -2.943348761999914, 51.542547919000071 ], [ -2.974680141999954, 51.562974351000037 ], [ -3.172718878999945, 51.453111070000034 ], [ -3.160064256999931, 51.431830145000049 ], [ -3.184803839999915, 51.397609768000052 ], [ -3.539173956999946, 51.398504950000074 ], [ -3.663197394999941, 51.476223049000055 ], [ -3.737619594999956, 51.49087148600006 ], [ -3.770130988999938, 51.563299872000073 ], [ -3.841623501999948, 51.621527411000045 ], [ -3.976633266999954, 51.611883856000077 ], [ -3.999908006999931, 51.590887762000079 ], [ -3.974598761999914, 51.562974351000037 ], [ -4.026519334999932, 51.554022528000075 ], [ -4.121652798999946, 51.565985419000071 ], [ -4.200550910999937, 51.538763739000046 ], [ -4.289906378999945, 51.555568752000056 ], [ -4.289906378999945, 51.617010809000078 ], [ -4.234730597999942, 51.644964911000045 ], [ -4.22101803299995, 51.623846747000073 ], [ -4.091297980999911, 51.639878648000035 ], [ -4.07054602799991, 51.675970770000049 ], [ -4.315297003999945, 51.677476304000038 ], [ -4.379261847999942, 51.72687409100007 ], [ -4.310454881999931, 51.733710028000075 ], [ -4.362538214999915, 51.742865302000041 ], [ -4.365101691999939, 51.789048570000034 ], [ -4.399159308999913, 51.761623440000051 ], [ -4.445790167999917, 51.773260809000078 ], [ -4.426503058999913, 51.747300523000035 ], [ -4.460764126999948, 51.73578522300005 ], [ -4.645375128999945, 51.732123114000046 ], [ -4.678212042999917, 51.71743398600006 ], [ -4.712310350999928, 51.650091864000046 ], [ -4.86351477799991, 51.644110419000071 ], [ -4.941029425999943, 51.596502997000073 ], [ -5.045765753999945, 51.626898505000042 ], [ -5.051177537999934, 51.656927802000041 ], [ -5.119740363999938, 51.678412177000041 ], [ -4.844838019999941, 51.713812567000048 ], [ -4.879017706999946, 51.76203034100007 ], [ -4.824330206999946, 51.795721747000073 ], [ -4.933583136999914, 51.775295315000051 ], [ -4.900542772999927, 51.762111721000053 ], [ -4.910552537999934, 51.71820709800005 ], [ -5.149240688999953, 51.718085028000075 ], [ -5.182850714999915, 51.689276434000078 ], [ -5.180653449999909, 51.706366278000075 ], [ -5.249501105999911, 51.733710028000075 ], [ -5.110259568999936, 51.778509833000044 ], [ -5.125884568999936, 51.856024481000077 ], [ -5.221587693999936, 51.877671617000033 ], [ -5.310943162999934, 51.863999742000033 ], [ -5.298329230999911, 51.910956122000073 ], [ -5.119536912999934, 51.958929755000042 ], [ -5.088042772999927, 51.97601959800005 ], [ -5.070220506999931, 52.026353257000039 ], [ -4.841420050999943, 52.014837958000044 ], [ -4.838002081999946, 52.049017645000049 ], [ -4.77757727799991, 52.064886786000045 ], [ -4.720285610999952, 52.113348700000074 ], [ -4.673451300999943, 52.097398179000038 ], [ -4.675689256999931, 52.126939195000034 ], [ -4.637521938999953, 52.138495184000078 ], [ -4.50226803299995, 52.138373114000046 ], [ -4.385568813999953, 52.20343659100007 ], [ -4.315825975999928, 52.216294664000031 ], [ -4.197132941999939, 52.279282945000034 ], [ -4.10960852799991, 52.365301825000074 ], [ -4.056548631999931, 52.529445705000057 ], [ -3.947336391999954, 52.549261786000045 ], [ -4.053130662999934, 52.54242584800005 ], [ -4.125477667999917, 52.603908596000053 ], [ -4.056548631999931, 52.700669664000031 ], [ -3.988270636999914, 52.734279690000051 ], [ -4.048817511999914, 52.721584377000056 ], [ -4.149037238999938, 52.812079169000071 ], [ -4.117339647999927, 52.830755927000041 ], [ -4.129872199999909, 52.889227606000077 ], [ -4.064035610999952, 52.919175523000035 ], [ -4.077626105999911, 52.926662502000056 ], [ -4.406605597999942, 52.892523505000042 ], [ -4.481678839999915, 52.850897528000075 ], [ -4.500965949999909, 52.82680898600006 ], [ -4.489125128999945, 52.803168036000045 ], [ -4.516468878999945, 52.789496161000045 ], [ -4.594634568999936, 52.816799221000053 ], [ -4.762847459999932, 52.789496161000045 ], [ -4.596058722999942, 52.928412177000041 ], [ -4.358225063999953, 53.028469143000052 ], [ -4.340891079999949, 53.11273834800005 ], [ -4.320668097999942, 53.101507880000042 ], [ -4.17796790299991, 53.217596747000073 ], [ -3.831288214999915, 53.289129950000074 ], [ -3.878407355999911, 53.337591864000046 ], [ -3.768869594999956, 53.319159247000073 ], [ -3.716297980999911, 53.286932684000078 ], [ -3.60220292899993, 53.288885809000078 ], [ -3.33031165299991, 53.351792710000041 ], [ -3.087757941999939, 53.23468659100007 ], [ -3.084543423999946, 53.275458075000074 ], [ -3.186350063999953, 53.392767645000049 ], [ -3.058257615999935, 53.434759833000044 ], [ -3.012196417999917, 53.416693427000041 ], [ -2.952951626999948, 53.323919989000046 ], [ -2.88149980399993, 53.288397528000075 ], [ -2.775502081999946, 53.299872137000079 ], [ -2.699777798999946, 53.351792710000041 ], [ -2.799794074999909, 53.321030992000033 ], [ -2.924956834999932, 53.350002346000053 ], [ -3.101918097999942, 53.55805084800005 ], [ -3.021839972999942, 53.652818101000037 ], [ -2.899037238999938, 53.735419012000079 ], [ -2.984852667999917, 53.736070054000038 ], [ -3.049183722999942, 53.769517320000034 ], [ -3.056630011999914, 53.906154690000051 ], [ -2.857980923999946, 53.967596747000073 ], [ -2.869252081999946, 53.97882721600007 ], [ -2.830067511999914, 54.016017971000053 ], [ -2.895497199999909, 54.002346096000053 ], [ -2.91820227799991, 54.034328518000052 ], [ -2.795969204999949, 54.125189520000049 ], [ -2.854237433999913, 54.194077867000033 ], [ -2.810292120999918, 54.211900132000039 ], [ -2.795969204999949, 54.248724677000041 ], [ -2.939198370999918, 54.155096747000073 ], [ -2.997710740999935, 54.159572658000059 ], [ -3.015370245999918, 54.211900132000039 ], [ -3.049183722999942, 54.222072658000059 ], [ -3.061024542999917, 54.161932684000078 ], [ -3.145253058999913, 54.100043036000045 ], [ -3.145375128999945, 54.063788153000075 ], [ -3.240956183999913, 54.112127997000073 ], [ -3.248402472999942, 54.173651434000078 ], [ -3.215199347999942, 54.179836330000057 ], [ -3.207386847999942, 54.263006903000075 ], [ -3.231353318999936, 54.247219143000052 ], [ -3.232167120999918, 54.202541408000059 ], [ -3.306792772999927, 54.191880601000037 ], [ -3.407378709999932, 54.277736721000053 ], [ -3.413441535999937, 54.342962958000044 ], [ -3.634185350999928, 54.512884833000044 ], [ -3.509185350999928, 54.721665757000039 ], [ -3.439564581999946, 54.761460679000038 ], [ -3.387928839999915, 54.883368231000077 ], [ -3.254628058999913, 54.899807033000059 ], [ -3.317290818999936, 54.920314846000053 ], [ -3.276519334999932, 54.943426825000074 ], [ -3.213612433999913, 54.954413153000075 ], [ -3.122792120999918, 54.932684637000079 ], [ -3.021839972999942, 54.954413153000075 ], [ -3.090728318999936, 54.954413153000075 ], [ -3.021839972999942, 54.975531317000048 ], [ -3.501047329999949, 54.99249909100007 ], [ -3.52603105399993, 54.977118231000077 ], [ -3.57054602799991, 54.995428778000075 ], [ -3.581695115999935, 54.883612372000073 ], [ -3.812367316999939, 54.855169989000046 ], [ -3.831288214999915, 54.866278387000079 ], [ -3.816965298999946, 54.88617584800005 ], [ -3.857899542999917, 54.844549872000073 ], [ -3.823841925999943, 54.824693101000037 ], [ -4.011708136999914, 54.76821523600006 ], [ -4.055775519999941, 54.782538153000075 ], [ -4.064035610999952, 54.831529039000031 ], [ -4.09007727799991, 54.809759833000044 ], [ -4.083851691999939, 54.776922919000071 ], [ -4.122954881999931, 54.773016669000071 ], [ -4.209136522999927, 54.826239325000074 ], [ -4.200550910999937, 54.866278387000079 ], [ -4.270741339999915, 54.839422919000071 ], [ -4.356922980999911, 54.86554596600007 ], [ -4.402902798999946, 54.907294012000079 ], [ -4.417225714999915, 54.845933335000041 ], [ -4.344471808999913, 54.794501044000071 ], [ -4.348133917999917, 54.701971747000073 ], [ -4.382394985999952, 54.680080471000053 ], [ -4.49673417899993, 54.70062897300005 ], [ -4.596669074999909, 54.775295315000051 ], [ -4.859120245999918, 54.866278387000079 ], [ -4.954823370999918, 54.804754950000074 ], [ -4.867258266999954, 54.690130927000041 ], [ -4.859120245999918, 54.632961330000057 ], [ -4.953684048999946, 54.659735419000071 ], [ -4.954701300999943, 54.728501695000034 ], [ -5.157134568999936, 54.879095770000049 ], [ -5.180653449999909, 54.954413153000075 ], [ -5.170806443999936, 55.008693752000056 ], [ -5.115142381999931, 55.03156159100007 ], [ -5.069488084999932, 54.986029364000046 ], [ -5.06086178299995, 54.931138414000031 ], [ -4.995594855999911, 54.920314846000053 ], [ -5.050282355999911, 55.02680084800005 ], [ -5.007801886999914, 55.141180731000077 ], [ -4.867258266999954, 55.222479559000078 ], [ -4.832508917999917, 55.331122137000079 ], [ -4.749256964999915, 55.413763739000046 ], [ -4.650502081999946, 55.448472398000035 ], [ -4.617787238999938, 55.495591539000031 ], [ -4.650786912999934, 55.537054755000042 ], [ -4.687163865999935, 55.544134833000044 ], [ -4.66624915299991, 55.562201239000046 ], [ -4.692738410999937, 55.605210679000038 ], [ -4.818104620999918, 55.637193101000037 ], [ -4.810617641999954, 55.653998114000046 ], [ -4.920521613999938, 55.708563544000071 ], [ -4.861073370999918, 55.756740627000056 ], [ -4.886463995999918, 55.919663804000038 ], [ -4.799387173999946, 55.957912502000056 ], [ -4.481678839999915, 55.928290106000077 ], [ -4.673451300999943, 55.961859442000048 ], [ -4.78343665299991, 56.017645575000074 ], [ -4.824330206999946, 56.078517971000053 ], [ -4.844309048999946, 56.072984117000033 ], [ -4.837554490999935, 56.050604559000078 ], [ -4.778920050999943, 55.992092190000051 ], [ -4.851551886999914, 55.988023179000038 ], [ -4.865386522999927, 56.06671784100007 ], [ -4.755523240999935, 56.206529039000031 ], [ -4.851673956999946, 56.112616278000075 ], [ -4.880604620999918, 56.119859117000033 ], [ -4.893544074999909, 56.174261786000045 ], [ -4.920521613999938, 56.167914130000042 ], [ -4.886219855999911, 56.08038971600007 ], [ -4.904367641999954, 56.054348049000055 ], [ -4.892648891999954, 55.989732164000031 ], [ -4.954701300999943, 55.996568101000037 ], [ -4.913685675999943, 55.961859442000048 ], [ -4.983143683999913, 55.871039130000042 ], [ -5.042469855999911, 55.884751695000034 ], [ -5.070790167999917, 55.958685614000046 ], [ -5.123605923999946, 56.009914455000057 ], [ -5.139637824999909, 56.002752997000073 ], [ -5.086537238999938, 55.901271877000056 ], [ -5.171538865999935, 55.935532945000034 ], [ -5.180653449999909, 55.969305731000077 ], [ -5.242054816999939, 55.89288971600007 ], [ -5.201079881999931, 55.83148834800005 ], [ -5.296701626999948, 55.852687893000052 ], [ -5.338286912999934, 55.90375397300005 ], [ -5.338286912999934, 55.996568101000037 ], [ -5.204497850999928, 56.11945221600007 ], [ -5.104603644999941, 56.151516018000052 ], [ -5.043446417999917, 56.216294664000031 ], [ -4.94009355399993, 56.25141022300005 ], [ -4.920521613999938, 56.277777411000045 ], [ -5.064564581999946, 56.229315497000073 ], [ -5.108876105999911, 56.174709377000056 ], [ -5.345692511999914, 56.051214911000045 ], [ -5.368641730999911, 56.009426174000055 ], [ -5.444406704999949, 56.027573960000041 ], [ -5.454986131999931, 55.955633856000077 ], [ -5.400380011999914, 55.89288971600007 ], [ -5.407215949999909, 55.866278387000079 ], [ -5.317779100999928, 55.783026434000078 ], [ -5.433461066999939, 55.72101471600007 ], [ -5.490101691999939, 55.644598700000074 ], [ -5.454986131999931, 55.591945705000057 ], [ -5.488758917999917, 55.569077867000033 ], [ -5.510975714999915, 55.484442450000074 ], [ -5.58462480399993, 55.427435614000046 ], [ -5.543690558999913, 55.406927802000041 ], [ -5.525054490999935, 55.358628648000035 ], [ -5.616281704999949, 55.306586005000042 ], [ -5.782866990999935, 55.313544012000079 ], [ -5.791411912999934, 55.398627020000049 ], [ -5.715646938999953, 55.44790273600006 ], [ -5.721831834999932, 55.564601955000057 ], [ -5.673329230999911, 55.640611070000034 ], [ -5.680897589999915, 55.67446523600006 ], [ -5.454986131999931, 55.845770575000074 ], [ -5.599436001999948, 55.764227606000077 ], [ -5.66038977799991, 55.797349351000037 ], [ -5.67406165299991, 55.845770575000074 ], [ -5.571034308999913, 55.934515692000048 ], [ -5.671701626999948, 55.886908270000049 ], [ -5.696400519999941, 55.915961005000042 ], [ -5.571034308999913, 56.037543036000045 ], [ -5.625599738999938, 56.024481512000079 ], [ -5.690785285999937, 55.937648830000057 ], [ -5.707508917999917, 55.942572333000044 ], [ -5.696441209999932, 55.982163804000038 ], [ -5.577463344999956, 56.096991278000075 ], [ -5.531605597999942, 56.086330471000053 ], [ -5.558705206999946, 56.130804755000042 ], [ -5.509632941999939, 56.188381252000056 ], [ -5.60578365799995, 56.139960028000075 ], [ -5.559437628999945, 56.229559637000079 ], [ -5.49282792899993, 56.26040273600006 ], [ -5.592152472999942, 56.249823309000078 ], [ -5.57258053299995, 56.328070380000042 ], [ -5.543690558999913, 56.352850653000075 ], [ -5.448109503999945, 56.35968659100007 ], [ -5.537505662999934, 56.35968659100007 ], [ -5.457020636999914, 56.44086334800005 ], [ -5.208729620999918, 56.446844794000071 ], [ -5.118519660999937, 56.507757880000042 ], [ -5.064564581999946, 56.565130927000041 ], [ -5.201079881999931, 56.462103583000044 ], [ -5.378081834999932, 56.458970445000034 ], [ -5.410552537999934, 56.503648179000038 ], [ -5.468617316999939, 56.475734768000052 ], [ -5.427642381999931, 56.537827867000033 ], [ -5.356678839999915, 56.519680080000057 ], [ -5.242054816999939, 56.565130927000041 ], [ -5.372425910999937, 56.530340887000079 ], [ -5.413929816999939, 56.544663804000038 ], [ -5.298451300999943, 56.646429755000042 ], [ -5.317779100999928, 56.661322333000044 ], [ -4.995594855999911, 56.715969143000052 ], [ -5.160552537999934, 56.695868231000077 ], [ -5.238270636999914, 56.716620184000078 ], [ -5.119740363999938, 56.818426825000074 ], [ -5.233469204999949, 56.760687567000048 ], [ -5.268462693999936, 56.713080145000049 ], [ -5.434396938999953, 56.64288971600007 ], [ -5.67406165299991, 56.496893622000073 ], [ -5.770253058999913, 56.537827867000033 ], [ -5.749134894999941, 56.571966864000046 ], [ -5.793853318999936, 56.54328034100007 ], [ -5.854359503999945, 56.550482489000046 ], [ -6.003407355999911, 56.618719794000071 ], [ -6.008168097999942, 56.642279364000046 ], [ -5.933583136999914, 56.654730536000045 ], [ -5.839182094999956, 56.626532294000071 ], [ -5.865834113999938, 56.661322333000044 ], [ -5.75999915299991, 56.700751044000071 ], [ -5.647368943999936, 56.681219794000071 ], [ -5.543690558999913, 56.695461330000057 ], [ -5.636545376999948, 56.688666083000044 ], [ -5.749989386999914, 56.714544989000046 ], [ -5.89679928299995, 56.675116278000075 ], [ -6.098622199999909, 56.696966864000046 ], [ -6.161732550999943, 56.678208726000037 ], [ -6.222767706999946, 56.695461330000057 ], [ -6.234486456999946, 56.728583075000074 ], [ -5.965199347999942, 56.784857489000046 ], [ -5.85220292899993, 56.746975002000056 ], [ -5.886341925999943, 56.784857489000046 ], [ -5.756662563999953, 56.784857489000046 ], [ -5.851185675999943, 56.828924872000073 ], [ -5.733876105999911, 56.844794012000079 ], [ -5.66038977799991, 56.872992255000042 ], [ -5.744496222999942, 56.85415273600006 ], [ -5.783924933999913, 56.859930731000077 ], [ -5.735503709999932, 56.894110419000071 ], [ -5.921131964999915, 56.894110419000071 ], [ -5.85220292899993, 56.900336005000042 ], [ -5.880116339999915, 56.922023830000057 ], [ -5.831695115999935, 56.997137762000079 ], [ -5.755238410999937, 57.026556708000044 ], [ -5.658558722999942, 56.979478257000039 ], [ -5.571278449999909, 56.98383209800005 ], [ -5.523264126999948, 57.003973700000074 ], [ -5.628814256999931, 56.991888739000046 ], [ -5.685536261999914, 57.009588934000078 ], [ -5.680043097999942, 57.036200262000079 ], [ -5.701975063999953, 57.044907945000034 ], [ -5.780181443999936, 57.051743882000039 ], [ -5.776193813999953, 57.075832424000055 ], [ -5.715646938999953, 57.120062567000048 ], [ -5.645863410999937, 57.129461981000077 ], [ -5.558257615999935, 57.100409247000073 ], [ -5.400380011999914, 57.106390692000048 ], [ -5.540638800999943, 57.106390692000048 ], [ -5.680897589999915, 57.157904364000046 ], [ -5.625599738999938, 57.21625397300005 ], [ -5.644154425999943, 57.233221747000073 ], [ -5.578236456999946, 57.266750393000052 ], [ -5.407215949999909, 57.22992584800005 ], [ -5.501942511999914, 57.27765534100007 ], [ -5.440663214999915, 57.319281317000048 ], [ -5.57843990799995, 57.27765534100007 ], [ -5.729318813999953, 57.298163153000075 ], [ -5.654367641999954, 57.353949286000045 ], [ -5.613189256999931, 57.341986395000049 ], [ -5.501291469999956, 57.370998440000051 ], [ -5.448109503999945, 57.421698309000078 ], [ -5.563465949999909, 57.363104559000078 ], [ -5.639963344999956, 57.373928127000056 ], [ -5.607085740999935, 57.389105536000045 ], [ -5.619618292999917, 57.416693427000041 ], [ -5.707183397999927, 57.359767971000053 ], [ -5.807769334999932, 57.35492584800005 ], [ -5.82485917899993, 57.394354559000078 ], [ -5.81118730399993, 57.442206122000073 ], [ -5.859038865999935, 57.452704169000071 ], [ -5.872670050999943, 57.493719794000071 ], [ -5.839182094999956, 57.579291083000044 ], [ -5.639963344999956, 57.511053778000075 ], [ -5.653553839999915, 57.53156159100007 ], [ -5.512684699999909, 57.541489976000037 ], [ -5.588368292999917, 57.561021226000037 ], [ -5.66038977799991, 57.544582424000055 ], [ -5.694488084999932, 57.566310940000051 ], [ -5.680897589999915, 57.579291083000044 ], [ -5.805897589999915, 57.642645575000074 ], [ -5.790760870999918, 57.695990302000041 ], [ -5.692494269999941, 57.691066799000055 ], [ -5.67406165299991, 57.709662177000041 ], [ -5.803822394999941, 57.743841864000046 ], [ -5.81118730399993, 57.833197333000044 ], [ -5.776519334999932, 57.867905992000033 ], [ -5.698638475999928, 57.869086005000042 ], [ -5.67406165299991, 57.860500393000052 ], [ -5.66038977799991, 57.792222398000035 ], [ -5.60578365799995, 57.770493882000039 ], [ -5.625599738999938, 57.792222398000035 ], [ -5.58462480399993, 57.784816799000055 ], [ -5.585275844999956, 57.831447658000059 ], [ -5.653553839999915, 57.894680080000057 ], [ -5.612619594999956, 57.928778387000079 ], [ -5.550526495999918, 57.915106512000079 ], [ -5.556263800999943, 57.887762762000079 ], [ -5.487049933999913, 57.855861721000053 ], [ -5.454986131999931, 57.853705145000049 ], [ -5.414906378999945, 57.908148505000042 ], [ -5.221587693999936, 57.846869208000044 ], [ -5.39289303299995, 57.918198960000041 ], [ -5.366200324999909, 57.943060614000046 ], [ -5.297352667999917, 57.908270575000074 ], [ -5.198801235999952, 57.897772528000075 ], [ -5.070790167999917, 57.833197333000044 ], [ -5.097157355999911, 57.870917059000078 ], [ -5.221587693999936, 57.92133209800005 ], [ -5.193959113999938, 57.935980536000045 ], [ -5.204497850999928, 57.960150458000044 ], [ -5.292632615999935, 57.980617580000057 ], [ -5.366932745999918, 58.028876044000071 ], [ -5.427642381999931, 58.031195380000042 ], [ -5.413929816999939, 58.052313544000071 ], [ -5.447010870999918, 58.084377346000053 ], [ -5.428089972999942, 58.09796784100007 ], [ -5.366200324999909, 58.065985419000071 ], [ -5.300770636999914, 58.070135809000078 ], [ -5.276763475999928, 58.086411851000037 ], [ -5.276763475999928, 58.127386786000045 ], [ -5.297352667999917, 58.134833075000074 ], [ -5.242054816999939, 58.14789459800005 ], [ -5.331450975999928, 58.182033596000053 ], [ -5.323963995999918, 58.203111070000034 ], [ -5.392079230999911, 58.261379299000055 ], [ -5.293853318999936, 58.240912177000041 ], [ -5.129383917999917, 58.271389065000051 ], [ -4.933583136999914, 58.223049221000053 ], [ -4.982004360999952, 58.250921942000048 ], [ -4.926747199999909, 58.264593817000048 ], [ -5.050119594999956, 58.259914455000057 ], [ -5.136219855999911, 58.305568752000056 ], [ -5.173207160999937, 58.353949286000045 ], [ -5.153309699999909, 58.353949286000045 ], [ -5.143055792999917, 58.414780992000033 ], [ -5.016184048999946, 58.38812897300005 ], [ -5.057036912999934, 58.42218659100007 ], [ -5.098052537999934, 58.414780992000033 ], [ -5.085031704999949, 58.429022528000075 ], [ -5.105539516999954, 58.436509507000039 ], [ -5.050119594999956, 58.453802802000041 ], [ -4.995594855999911, 58.436509507000039 ], [ -5.105539516999954, 58.487372137000079 ], [ -5.105620897999927, 58.505560614000046 ], [ -5.02798417899993, 58.544094143000052 ], [ -4.988189256999931, 58.628322658000059 ], [ -4.835926886999914, 58.605047919000071 ], [ -4.803822394999941, 58.559393622000073 ], [ -4.818104620999918, 58.524644273000035 ], [ -4.791818813999953, 58.54165273600006 ], [ -4.776519334999932, 58.607163804000038 ], [ -4.660023566999939, 58.555853583000044 ], [ -4.760975714999915, 58.447984117000033 ], [ -4.612131313999953, 58.524644273000035 ], [ -4.584950324999909, 58.574164130000042 ], [ -4.426503058999913, 58.546372789000031 ], [ -4.495350714999915, 58.44953034100007 ], [ -4.343861456999946, 58.538885809000078 ], [ -4.234730597999942, 58.524644273000035 ], [ -4.248931443999936, 58.532049872000073 ], [ -4.22101803299995, 58.551947333000044 ], [ -4.081450975999928, 58.561835028000075 ], [ -4.029042120999918, 58.59516022300005 ], [ -4.003773566999939, 58.57062409100007 ], [ -3.895741339999915, 58.565619208000044 ], [ -3.597564256999931, 58.627142645000049 ], [ -3.532053188999953, 58.602118231000077 ], [ -3.364084438999953, 58.600816148000035 ], [ -3.350819464999915, 58.620835679000038 ], [ -3.412912563999953, 58.655585028000075 ], [ -3.374867316999939, 58.677069403000075 ], [ -3.340565558999913, 58.648138739000046 ], [ -3.204090949999909, 58.661118882000039 ], [ -3.019113735999952, 58.640326239000046 ], [ -3.129261847999942, 58.512640692000048 ], [ -3.118723110999952, 58.484442450000074 ], [ -3.053334113999938, 58.465765692000048 ], [ -3.129790818999936, 58.369289455000057 ], [ -3.220529751999948, 58.305568752000056 ], [ -3.38499915299991, 58.264593817000048 ], [ -3.515288865999935, 58.168402411000045 ], [ -3.809193488999938, 58.051906643000052 ], [ -3.851714647999927, 58.003892320000034 ], [ -3.990956183999913, 57.96039459800005 ], [ -4.001942511999914, 57.935614325000074 ], [ -4.084380662999934, 57.964178778000075 ], [ -3.988270636999914, 57.908270575000074 ], [ -4.009348110999952, 57.867905992000033 ], [ -4.298898891999954, 57.862779039000031 ], [ -4.392404751999948, 57.908270575000074 ], [ -4.307728644999941, 57.851467190000051 ], [ -4.208241339999915, 57.859198309000078 ], [ -4.039906378999945, 57.818182684000078 ], [ -3.983509894999941, 57.842352606000077 ], [ -3.914784308999913, 57.807684637000079 ], [ -3.798451300999943, 57.866522528000075 ], [ -3.779449022999927, 57.855658270000049 ], [ -3.988270636999914, 57.695990302000041 ], [ -4.02367102799991, 57.697821356000077 ], [ -4.016184048999946, 57.723334052000041 ], [ -4.042958136999914, 57.737290757000039 ], [ -4.168568488999938, 57.689439195000034 ], [ -4.294789191999939, 57.680161851000037 ], [ -4.428456183999913, 57.577541408000059 ], [ -4.201893683999913, 57.674994208000044 ], [ -4.096791144999941, 57.658107815000051 ], [ -4.009348110999952, 57.688544012000079 ], [ -4.118560350999928, 57.592962958000044 ], [ -4.104969855999911, 57.579291083000044 ], [ -4.170643683999913, 57.570746161000045 ], [ -4.184925910999937, 57.548163153000075 ], [ -4.262603318999936, 57.552069403000075 ], [ -4.207997199999909, 57.538397528000075 ], [ -4.248931443999936, 57.497463283000059 ], [ -4.194813605999911, 57.491603908000059 ], [ -4.034982876999948, 57.556870835000041 ], [ -4.083851691999939, 57.586127020000049 ], [ -3.837473110999952, 57.592962958000044 ], [ -3.625152147999927, 57.661932684000078 ], [ -3.645619269999941, 57.641424872000073 ], [ -3.590972459999932, 57.641424872000073 ], [ -3.61156165299991, 57.668117580000057 ], [ -3.535755988999938, 57.661932684000078 ], [ -3.491851365999935, 57.713120835000041 ], [ -3.409169074999909, 57.723334052000041 ], [ -3.284738735999952, 57.720445054000038 ], [ -3.034901495999918, 57.66860586100006 ], [ -2.916086391999954, 57.702826239000046 ], [ -2.432850714999915, 57.668117580000057 ], [ -2.295643683999913, 57.695990302000041 ], [ -2.209950324999909, 57.675523179000038 ], [ -2.108143683999913, 57.704982815000051 ], [ -1.997670050999943, 57.702826239000046 ], [ -1.829457160999937, 57.613470770000049 ], [ -1.800038214999915, 57.525864976000037 ], [ -1.761138475999928, 57.497463283000059 ], [ -1.781239386999914, 57.480414130000042 ], [ -1.759348110999952, 57.473578192000048 ], [ -1.980295376999948, 57.319281317000048 ], [ -2.068511522999927, 57.174627997000073 ], [ -2.071400519999941, 57.135565497000073 ], [ -2.049305792999917, 57.118841864000046 ], [ -2.186919725999928, 56.98468659100007 ], [ -2.186390753999945, 56.914536851000037 ], [ -2.319813605999911, 56.801581122000073 ], [ -2.42642167899993, 56.751288153000075 ], [ -2.514556443999936, 56.591498114000046 ], [ -2.699777798999946, 56.503648179000038 ], [ -2.727650519999941, 56.469549872000073 ], [ -3.060617641999954, 56.451727606000077 ], [ -3.238189256999931, 56.367743231000077 ], [ -3.323475714999915, 56.365912177000041 ], [ -3.230620897999927, 56.356024481000077 ], [ -2.88499915299991, 56.457993882000039 ], [ -2.802805141999954, 56.427964585000041 ], [ -2.837554490999935, 56.365912177000041 ], [ -2.802805141999954, 56.345404364000046 ], [ -2.655262824999909, 56.322170315000051 ], [ -2.57681230399993, 56.277777411000045 ], [ -2.648345506999931, 56.228705145000049 ], [ -2.783599412999934, 56.191961981000077 ], [ -2.964344855999911, 56.205633856000077 ], [ -3.127552863999938, 56.122870184000078 ], [ -3.163563605999911, 56.063869533000059 ], [ -3.342681443999936, 56.027167059000078 ], [ -3.671498175999943, 56.050848700000074 ], [ -3.837473110999952, 56.106431382000039 ], [ -3.656239386999914, 56.010199286000045 ], [ -3.331044074999909, 55.994086005000042 ], [ -3.078236456999946, 55.946844794000071 ], [ -2.939930792999917, 55.969305731000077 ], [ -2.857980923999946, 56.010199286000045 ], [ -2.870961066999939, 56.03070709800005 ], [ -2.823150193999936, 56.059759833000044 ], [ -2.635121222999942, 56.05805084800005 ], [ -2.569406704999949, 56.024481512000079 ], [ -2.583648240999935, 56.002752997000073 ], [ -2.507923956999946, 56.010199286000045 ], [ -2.307769334999932, 55.93500397300005 ], [ -2.138010219999956, 55.914618231000077 ], [ -1.816477016999954, 55.632879950000074 ], [ -1.781402147999927, 55.645656643000052 ], [ -1.747670050999943, 55.619208075000074 ], [ -1.767974412999934, 55.612982489000046 ], [ -1.630848761999914, 55.585109768000052 ], [ -1.630848761999914, 55.537298895000049 ], [ -1.584950324999909, 55.483710028000075 ], [ -1.568226691999939, 55.27960846600007 ], [ -1.507964647999927, 55.194647528000075 ], [ -1.517933722999942, 55.157131252000056 ], [ -1.412912563999953, 55.00031159100007 ], [ -1.362660285999937, 54.964789130000042 ], [ -1.355824347999942, 54.904282945000034 ], [ -1.275461391999954, 54.748439846000053 ], [ -1.172230597999942, 54.701239325000074 ], [ -1.192453579999949, 54.689276434000078 ], [ -1.16470292899993, 54.652777411000045 ], [ -1.203724738999938, 54.625718492000033 ], [ -1.15265865799995, 54.613185940000051 ], [ -1.138050910999937, 54.646551825000074 ], [ -0.787912563999953, 54.560777085000041 ], [ -0.562977667999917, 54.477362372000073 ], [ -0.447743292999917, 54.373195705000057 ], [ -0.370472785999937, 54.247707424000055 ], [ -0.277088995999918, 54.217759507000039 ], [ -0.233876105999911, 54.16046784100007 ], [ -0.075510219999956, 54.112127997000073 ], [ -0.163929816999939, 54.083400783000059 ], [ -0.219471808999913, 54.022772528000075 ], [ -0.151112433999913, 53.899318752000056 ], [ 0.133474155000044, 53.642645575000074 ], [ 0.149261915000068, 53.609605210000041 ], [ 0.131195509000065, 53.573431708000044 ], [ 0.109629754000082, 53.562892971000053 ], [ 0.135996941000087, 53.610663153000075 ], [ 0.120209181000064, 53.618109442000048 ], [ 0.03451582100007, 53.646063544000071 ], [ -0.092274542999917, 53.631048895000049 ], [ -0.260365363999938, 53.735419012000079 ], [ -0.544422980999911, 53.709458726000037 ], [ -0.63703365799995, 53.732001044000071 ], [ -0.726470506999931, 53.70062897300005 ], [ -0.692453579999949, 53.686997789000031 ], [ -0.619536912999934, 53.711859442000048 ], [ -0.52993730399993, 53.677679755000042 ], [ -0.279367641999954, 53.707098700000074 ], [ -0.188628709999932, 53.620428778000075 ], [ 0.151866082000083, 53.475816148000035 ], [ 0.219493035000085, 53.419501044000071 ], [ 0.342133009000065, 53.226304429000038 ], [ 0.356618686000047, 53.145738023000035 ], [ 0.32984459700009, 53.086493231000077 ], [ 0.160817905000044, 53.008978583000044 ], [ 0.010264519000089, 52.886460679000038 ], [ 0.105642123000052, 52.889349677000041 ], [ 0.246755405000044, 52.795721747000073 ], [ 0.32553144600007, 52.803168036000045 ], [ 0.38453209700009, 52.768377997000073 ], [ 0.379242384000065, 52.790838934000078 ], [ 0.438649936000047, 52.840725002000056 ], [ 0.48568769600007, 52.933498440000051 ], [ 0.569590691000087, 52.969305731000077 ], [ 0.684743686000047, 52.986395575000074 ], [ 0.96843509200005, 52.947495835000041 ], [ 1.013926629000082, 52.960150458000044 ], [ 0.966075066000087, 52.974432684000078 ], [ 1.274668816000087, 52.929185289000031 ], [ 1.64421634200005, 52.775824286000045 ], [ 1.69703209700009, 52.731024481000077 ], [ 1.747243686000047, 52.625189520000049 ], [ 1.747569207000083, 52.532782294000071 ], [ 1.77116946700005, 52.485907294000071 ], [ 1.63054446700005, 52.270453192000048 ], [ 1.630869988000086, 52.199774481000077 ], [ 1.582286004000082, 52.08148834800005 ], [ 1.47201582100007, 52.056219794000071 ], [ 1.332286004000082, 51.94009023600006 ], [ 1.264414910000085, 51.994370835000041 ], [ 1.15788821700005, 52.028509833000044 ], [ 1.270762566000087, 51.981512762000079 ], [ 1.274424675000091, 51.960882880000042 ], [ 1.069102410000085, 51.95343659100007 ], [ 1.281993035000085, 51.946600653000075 ], [ 1.199554884000065, 51.877671617000033 ], [ 1.264414910000085, 51.863999742000033 ], [ 1.286631707000083, 51.881659247000073 ], [ 1.276377800000091, 51.844794012000079 ], [ 1.167816602000073, 51.790228583000044 ], [ 1.065440300000091, 51.775295315000051 ], [ 0.97982832100007, 51.843573309000078 ], [ 0.962087436000047, 51.813788153000075 ], [ 0.886973504000082, 51.782131252000056 ], [ 0.873708530000044, 51.747300523000035 ], [ 0.69857832100007, 51.720038153000075 ], [ 0.760752800000091, 51.692694403000075 ], [ 0.930023634000065, 51.74359772300005 ], [ 0.951833530000044, 51.678412177000041 ], [ 0.91146894600007, 51.623846747000073 ], [ 0.951833530000044, 51.617010809000078 ], [ 0.924489780000044, 51.588324286000045 ], [ 0.77125084700009, 51.528265692000048 ], [ 0.650563998000052, 51.53579336100006 ], [ 0.456065300000091, 51.505560614000046 ], [ 0.38453209700009, 51.453111070000034 ], [ 0.53484134200005, 51.491685289000088 ], [ 0.694834832000083, 51.477036851000037 ], [ 0.723155144000089, 51.44672272300005 ], [ 0.554535352000073, 51.412176825000074 ], [ 0.585948113000086, 51.391058661000045 ], [ 0.712901238000086, 51.38422272300005 ], [ 0.700368686000047, 51.409816799000055 ], [ 0.726410352000073, 51.419012762000079 ], [ 0.764414910000085, 51.364406643000052 ], [ 0.977224155000044, 51.349188544000071 ], [ 1.10092207100007, 51.373236395000049 ], [ 1.448252800000091, 51.382879950000074 ], [ 1.42514082100007, 51.332953192000048 ], [ 1.377614780000044, 51.326239325000074 ], [ 1.413096550000091, 51.221747137000079 ], [ 1.38445071700005, 51.151678778000075 ], [ 1.192067905000044, 51.082586981000077 ], [ 1.066905144000089, 51.064398505000042 ], [ 0.96648196700005, 50.98273346600007 ], [ 0.97982832100007, 50.918158270000049 ], [ 0.762461785000085, 50.930894273000035 ], [ 0.624196811000047, 50.858710028000075 ], [ 0.365244988000086, 50.81899648600006 ], [ 0.271006707000083, 50.747381903000075 ], [ -0.269683397999927, 50.831284898000035 ], [ -0.758208787999934, 50.777085679000038 ], [ -0.789947068999936, 50.730047919000071 ], [ -0.904123501999948, 50.771877346000053 ], [ -0.863636847999942, 50.808254299000055 ], [ -0.939198370999918, 50.843247789000088 ], [ -1.020741339999915, 50.843654690000051 ], [ -1.056223110999952, 50.783026434000078 ], [ -1.082753058999913, 50.780951239000046 ], [ -1.103016730999911, 50.795477606000077 ], [ -1.069162563999953, 50.843654690000051 ], [ -1.16470292899993, 50.843654690000051 ], [ -1.123768683999913, 50.818793036000045 ], [ -1.124908006999931, 50.788723049000055 ], [ -1.151112433999913, 50.781398830000057 ], [ -1.466420050999943, 50.918158270000049 ], [ -1.323068813999953, 50.825751044000071 ], [ -1.317290818999936, 50.80023834800005 ], [ -1.524728969999956, 50.761053778000075 ], [ -1.56118730399993, 50.718980210000041 ], [ -1.693023240999935, 50.739935614000046 ], [ -1.857411261999914, 50.726955471000053 ], [ -1.940012173999946, 50.690822658000059 ], [ -1.949289516999954, 50.713324286000045 ], [ -2.038970506999931, 50.739935614000046 ], [ -2.08267167899993, 50.698960679000038 ], [ -2.035633917999917, 50.713324286000045 ], [ -2.002512173999946, 50.681301174000055 ], [ -1.952788865999935, 50.676581122000073 ], [ -1.932484503999945, 50.644435940000051 ], [ -1.965199347999942, 50.60219961100006 ], [ -2.065174933999913, 50.595526434000078 ], [ -2.398345506999931, 50.645575262000079 ], [ -2.460072394999941, 50.606512762000079 ], [ -2.465646938999953, 50.585150458000044 ], [ -2.428700324999909, 50.557562567000048 ], [ -2.45335852799991, 50.52765534100007 ], [ -2.483509894999941, 50.590399481000077 ], [ -2.692941860999952, 50.69281647300005 ], [ -2.864816860999952, 50.733791408000059 ], [ -3.259836391999954, 50.674546617000033 ], [ -3.29556230399993, 50.637518622000073 ], [ -3.368153449999909, 50.617092190000051 ], [ -3.420969204999949, 50.629461981000077 ], [ -3.464426235999952, 50.678534247000073 ], [ -3.433338995999918, 50.610256252000056 ], [ -3.505970831999946, 50.520819403000075 ], [ -3.487456834999932, 50.459418036000045 ], [ -3.556263800999943, 50.432114976000037 ], [ -3.487456834999932, 50.404771226000037 ], [ -3.526926235999952, 50.349798895000049 ], [ -3.57054602799991, 50.356390692000048 ], [ -3.631988084999932, 50.312323309000078 ], [ -3.660633917999917, 50.22101471600007 ], [ -3.788970506999931, 50.212388414000088 ], [ -3.961008266999954, 50.322251695000034 ], [ -4.054351365999935, 50.300360419000071 ], [ -4.108265753999945, 50.336615302000041 ], [ -4.104969855999911, 50.370672919000071 ], [ -4.171457485999952, 50.382798570000034 ], [ -4.191477016999954, 50.417629299000055 ], [ -4.159535285999937, 50.459418036000045 ], [ -4.200550910999937, 50.459418036000045 ], [ -4.234730597999942, 50.438299872000073 ], [ -4.228505011999914, 50.397365627000056 ], [ -4.289906378999945, 50.397365627000056 ], [ -4.193755662999934, 50.376898505000042 ], [ -4.228505011999914, 50.370672919000071 ], [ -4.180043097999942, 50.356390692000048 ], [ -4.193755662999934, 50.322251695000034 ], [ -4.337717251999948, 50.370672919000071 ], [ -4.495350714999915, 50.32843659100007 ], [ -4.673451300999943, 50.315415757000039 ], [ -4.694325324999909, 50.343451239000046 ], [ -4.763295050999943, 50.322088934000078 ], [ -4.800160285999937, 50.229559637000079 ], [ -4.947255011999914, 50.199367580000057 ], [ -5.002430792999917, 50.144110419000071 ], [ -5.020375128999945, 50.191961981000077 ], [ -5.05296790299991, 50.195786851000037 ], [ -5.064564581999946, 50.158392645000049 ], [ -5.043446417999917, 50.144110419000071 ], [ -5.125965949999909, 50.09634023600006 ], [ -5.070790167999917, 50.089504299000055 ], [ -5.056507941999939, 50.060614325000074 ], [ -5.191151495999918, 49.959133205000057 ], [ -5.245228644999941, 49.993109442000048 ], [ -5.304351365999935, 50.080267645000049 ], [ -5.47484290299991, 50.130438544000071 ], [ -5.540923631999931, 50.113470770000049 ], [ -5.534657355999911, 50.08234284100007 ], [ -5.563465949999909, 50.059637762000079 ], [ -5.705148891999954, 50.052313544000071 ], [ -5.70921790299991, 50.132635809000078 ], [ -5.684641079999949, 50.161525783000059 ], [ -5.510975714999915, 50.219468492000033 ], [ -5.437977667999917, 50.194322007000039 ], [ -5.387562628999945, 50.240301825000074 ], [ -5.314849412999934, 50.253607489000046 ], [ -5.149891730999911, 50.350165106000077 ], [ -5.153675910999937, 50.399481512000079 ], [ -5.050282355999911, 50.428697007000039 ], [ -5.015614386999914, 50.538031317000048 ], [ -4.947255011999914, 50.562445380000042 ], [ -4.933583136999914, 50.520249742000033 ], [ -4.844838019999941, 50.514064846000053 ], [ -4.921864386999914, 50.554877020000049 ], [ -4.920521613999938, 50.589178778000075 ], [ -4.792469855999911, 50.595200914000088 ], [ -4.751942511999914, 50.670070705000057 ], [ -4.577259894999941, 50.774725653000075 ], [ -4.550119594999956, 50.809556382000039 ], [ -4.526437954999949, 51.014960028000075 ], [ -4.337717251999948, 50.996649481000077 ], [ -4.207997199999909, 51.076361395000049 ], [ -4.255767381999931, 51.151516018000052 ], [ -4.214833136999914, 51.151516018000052 ], [ -4.228505011999914, 51.192450262000079 ], [ -3.769154425999943, 51.247707424000055 ], [ -3.434193488999938, 51.209784247000073 ], [ -3.38499915299991, 51.186224677000041 ], [ -3.029286261999914, 51.220404364000046 ], [ -3.021839972999942, 51.192450262000079 ], [ -2.999582485999952, 51.233221747000073 ], [ -3.021839972999942, 51.322821356000077 ], [ -2.992176886999914, 51.321926174000055 ], [ -2.959584113999938, 51.374253648000035 ], [ -2.974680141999954, 51.38422272300005 ], [ -2.921009894999941, 51.394435940000051 ], [ -2.798573370999918, 51.482611395000049 ], [ -2.696156378999945, 51.512640692000048 ], [ -2.556385870999918, 51.659247137000079 ], [ -2.388539191999939, 51.750433661000045 ], [ -2.383371548999946, 51.773260809000078 ], [ -2.482085740999935, 51.742865302000041 ], [ -2.693755662999934, 51.596177476000037 ] ] ], [ [ [ -1.062326626999948, 50.69281647300005 ], [ -1.162220831999946, 50.645982164000088 ], [ -1.168446417999917, 50.603461005000042 ], [ -1.279204881999931, 50.582505601000037 ], [ -1.485951300999943, 50.669338283000059 ], [ -1.569488084999932, 50.658026434000078 ], [ -1.505930141999954, 50.707709052000041 ], [ -1.400868292999917, 50.721991278000075 ], [ -1.318511522999927, 50.772162177000041 ], [ -1.109120245999918, 50.732855536000045 ], [ -1.062326626999948, 50.69281647300005 ] ] ], [ [ [ -0.950306769999941, 50.823797919000071 ], [ -0.938832160999937, 50.780951239000046 ], [ -1.020741339999915, 50.788397528000075 ], [ -0.972564256999931, 50.829779364000046 ], [ -0.950306769999941, 50.823797919000071 ] ] ], [ [ [ 0.932465040000068, 51.397691148000035 ], [ 0.936371290000068, 51.371039130000042 ], [ 0.91146894600007, 51.364406643000052 ], [ 0.794769727000073, 51.37055084800005 ], [ 0.733897332000083, 51.412176825000074 ], [ 0.76693769600007, 51.447943427000041 ], [ 0.932465040000068, 51.397691148000035 ] ] ], [ [ [ -4.626291469999956, 53.320868231000077 ], [ -4.571888800999943, 53.239488023000035 ], [ -4.693959113999938, 53.309637762000079 ], [ -4.626291469999956, 53.320868231000077 ] ] ], [ [ [ -4.203236456999946, 53.298488674000055 ], [ -4.042876756999931, 53.302801825000074 ], [ -4.098052537999934, 53.250148830000057 ], [ -4.19554602799991, 53.220282294000071 ], [ -4.222035285999937, 53.182114976000037 ], [ -4.343861456999946, 53.132066148000035 ], [ -4.406605597999942, 53.130601304000038 ], [ -4.385121222999942, 53.182440497000073 ], [ -4.44758053299995, 53.159409898000035 ], [ -4.495350714999915, 53.179877020000049 ], [ -4.499623175999943, 53.21124909100007 ], [ -4.571034308999913, 53.275458075000074 ], [ -4.571034308999913, 53.392767645000049 ], [ -4.425363735999952, 53.426703192000048 ], [ -4.324696417999917, 53.419501044000071 ], [ -4.276722785999937, 53.40102773600006 ], [ -4.203236456999946, 53.298488674000055 ] ] ], [ [ [ -6.184803839999915, 55.306830145000049 ], [ -6.171864386999914, 55.293198960000041 ], [ -6.194813605999911, 55.262925523000035 ], [ -6.187977667999917, 55.284002997000073 ], [ -6.211089647999927, 55.295314846000053 ], [ -6.283558722999942, 55.297064520000049 ], [ -6.184803839999915, 55.306830145000049 ] ] ], [ [ [ -5.093006964999915, 55.500433661000045 ], [ -5.078236456999946, 55.455308335000041 ], [ -5.117787238999938, 55.43976471600007 ], [ -5.304676886999914, 55.462144273000035 ], [ -5.345692511999914, 55.482652085000041 ], [ -5.345692511999914, 55.550279039000031 ], [ -5.389068162999934, 55.590236721000053 ], [ -5.39289303299995, 55.646551825000074 ], [ -5.355213995999918, 55.689601955000057 ], [ -5.290516730999911, 55.708563544000071 ], [ -5.297352667999917, 55.722845770000049 ], [ -5.198312954999949, 55.704331773000035 ], [ -5.145985480999911, 55.654974677000041 ], [ -5.137440558999913, 55.592027085000041 ], [ -5.094227667999917, 55.566555080000057 ], [ -5.091867641999954, 55.544134833000044 ], [ -5.12523352799991, 55.536932684000078 ], [ -5.070790167999917, 55.509344794000071 ], [ -5.093006964999915, 55.500433661000045 ] ] ], [ [ [ -5.021839972999942, 55.805609442000048 ], [ -5.009388800999943, 55.729315497000073 ], [ -5.028797980999911, 55.723334052000041 ], [ -5.115589972999942, 55.784369208000044 ], [ -5.19953365799995, 55.911078192000048 ], [ -5.166900193999936, 55.920843817000048 ], [ -5.080922003999945, 55.879584052000041 ], [ -5.021839972999942, 55.805609442000048 ] ] ], [ [ [ -6.058257615999935, 55.742743231000077 ], [ -6.023508266999954, 55.681870835000041 ], [ -6.058257615999935, 55.660142320000034 ], [ -6.215321417999917, 55.626654364000046 ], [ -6.28734290299991, 55.57843659100007 ], [ -6.31118730399993, 55.583238023000035 ], [ -6.319243943999936, 55.628241278000075 ], [ -6.243234829999949, 55.660142320000034 ], [ -6.277088995999918, 55.704006252000056 ], [ -6.325184699999909, 55.715399481000077 ], [ -6.249989386999914, 55.776841539000031 ], [ -6.328724738999938, 55.783148505000042 ], [ -6.462961391999954, 55.67446523600006 ], [ -6.503529425999943, 55.681341864000046 ], [ -6.503895636999914, 55.722845770000049 ], [ -6.448638475999928, 55.776841539000031 ], [ -6.482167120999918, 55.79047272300005 ], [ -6.445220506999931, 55.848822333000044 ], [ -6.331369594999956, 55.889960028000075 ], [ -6.33820553299995, 55.845770575000074 ], [ -6.310902472999942, 55.818426825000074 ], [ -6.296986456999946, 55.867173570000034 ], [ -6.140126105999911, 55.941351630000042 ], [ -6.120228644999941, 55.929429429000038 ], [ -6.099232550999943, 55.801011460000041 ], [ -6.049794074999909, 55.766343492000033 ], [ -6.058257615999935, 55.742743231000077 ] ] ], [ [ [ -6.198231574999909, 56.106268622000073 ], [ -6.133371548999946, 56.112616278000075 ], [ -6.174305792999917, 56.043768622000073 ], [ -6.269886847999942, 56.037543036000045 ], [ -6.198231574999909, 56.106268622000073 ] ] ], [ [ [ -5.924427863999938, 56.055975653000075 ], [ -5.694488084999932, 56.147406317000048 ], [ -5.689320441999939, 56.111761786000045 ], [ -5.740223761999914, 56.07648346600007 ], [ -5.886341925999943, 55.886704820000034 ], [ -5.945423956999946, 55.858587958000044 ], [ -5.962066209999932, 55.804754950000074 ], [ -6.062408006999931, 55.809475002000056 ], [ -6.086903449999909, 55.882961330000057 ], [ -6.075184699999909, 55.915961005000042 ], [ -5.886341925999943, 55.976141669000071 ], [ -5.995594855999911, 55.986029364000046 ], [ -5.924427863999938, 56.055975653000075 ] ] ], [ [ [ -5.680897589999915, 56.194566148000035 ], [ -5.694203253999945, 56.16860586100006 ], [ -5.749134894999941, 56.161078192000048 ], [ -5.722238735999952, 56.187079169000071 ], [ -5.680897589999915, 56.194566148000035 ] ] ], [ [ [ -5.627837693999936, 56.259995835000041 ], [ -5.610585089999915, 56.249416408000059 ], [ -5.637440558999913, 56.189276434000078 ], [ -5.66665605399993, 56.222479559000078 ], [ -5.627837693999936, 56.259995835000041 ] ] ], [ [ [ -5.64671790299991, 56.298773505000042 ], [ -5.58462480399993, 56.325588283000059 ], [ -5.621693488999938, 56.276068427000041 ], [ -5.64671790299991, 56.298773505000042 ] ] ], [ [ [ -5.557972785999937, 56.414292710000041 ], [ -5.502756313999953, 56.421128648000035 ], [ -5.58462480399993, 56.38703034100007 ], [ -5.557972785999937, 56.414292710000041 ] ] ], [ [ [ -6.160023566999939, 56.469549872000073 ], [ -6.237456834999932, 56.470038153000075 ], [ -6.263661261999914, 56.483221747000073 ], [ -6.215321417999917, 56.503648179000038 ], [ -6.160023566999939, 56.469549872000073 ] ] ], [ [ [ -6.767201300999943, 56.548570054000038 ], [ -6.729237433999913, 56.530340887000079 ], [ -6.869292772999927, 56.479641018000052 ], [ -6.881581183999913, 56.444281317000048 ], [ -6.965199347999942, 56.459865627000056 ], [ -6.989898240999935, 56.503648179000038 ], [ -6.767201300999943, 56.548570054000038 ] ] ], [ [ [ -5.679554816999939, 56.427964585000041 ], [ -5.657622850999928, 56.400091864000046 ], [ -5.742339647999927, 56.414292710000041 ], [ -5.783924933999913, 56.365912177000041 ], [ -5.712228969999956, 56.380194403000075 ], [ -5.702707485999952, 56.364569403000075 ], [ -5.808705206999946, 56.318915106000077 ], [ -5.880116339999915, 56.325588283000059 ], [ -5.853505011999914, 56.343695380000042 ], [ -5.872670050999943, 56.35773346600007 ], [ -6.065988735999952, 56.289211330000057 ], [ -6.239816860999952, 56.283921617000033 ], [ -6.266835089999915, 56.263495184000078 ], [ -6.327504035999937, 56.277248440000051 ], [ -6.366118943999936, 56.322170315000051 ], [ -6.310292120999918, 56.347357489000046 ], [ -6.247222459999932, 56.311672268000052 ], [ -6.228911912999934, 56.325588283000059 ], [ -6.249989386999914, 56.33234284100007 ], [ -6.020822719999956, 56.382025458000044 ], [ -6.154042120999918, 56.358954169000071 ], [ -6.203236456999946, 56.38031647300005 ], [ -6.126535610999952, 56.448431708000044 ], [ -6.009836391999954, 56.469549872000073 ], [ -6.016672329999949, 56.503648179000038 ], [ -6.127430792999917, 56.474351304000038 ], [ -6.174305792999917, 56.516669012000079 ], [ -6.33820553299995, 56.552069403000075 ], [ -6.290394660999937, 56.571966864000046 ], [ -6.325184699999909, 56.60610586100006 ], [ -6.230213995999918, 56.608587958000044 ], [ -6.220285610999952, 56.63226959800005 ], [ -6.151275193999936, 56.65180084800005 ], [ -6.058257615999935, 56.640204169000071 ], [ -6.064442511999914, 56.620347398000035 ], [ -6.008778449999909, 56.598700262000079 ], [ -5.962554490999935, 56.526109117000033 ], [ -5.794341600999928, 56.516669012000079 ], [ -5.710357225999928, 56.484849351000037 ], [ -5.648426886999914, 56.447739976000037 ], [ -5.679554816999939, 56.427964585000041 ] ] ], [ [ [ -6.452544725999928, 56.688421942000048 ], [ -6.616322394999941, 56.575181382000039 ], [ -6.668934699999909, 56.577785549000055 ], [ -6.677886522999927, 56.558254299000055 ], [ -6.701893683999913, 56.585638739000046 ], [ -6.505848761999914, 56.685370184000078 ], [ -6.452544725999928, 56.688421942000048 ] ] ], [ [ [ -7.434966600999928, 57.023830471000053 ], [ -7.373524542999917, 56.982855536000045 ], [ -7.445301886999914, 56.947088934000078 ], [ -7.556752081999946, 56.953070380000042 ], [ -7.516509568999936, 56.981187242000033 ], [ -7.524322068999936, 57.010199286000045 ], [ -7.457102016999954, 57.03156159100007 ], [ -7.449208136999914, 57.058579820000034 ], [ -7.414418097999942, 57.044907945000034 ], [ -7.434966600999928, 57.023830471000053 ] ] ], [ [ [ -6.364247199999909, 57.055650132000039 ], [ -6.250965949999909, 57.026556708000044 ], [ -6.269886847999942, 57.010199286000045 ], [ -6.243234829999949, 57.010199286000045 ], [ -6.303618943999936, 56.94399648600006 ], [ -6.359771287999934, 56.947333075000074 ], [ -6.455474412999934, 57.003973700000074 ], [ -6.364247199999909, 57.055650132000039 ] ] ], [ [ [ -6.606353318999936, 57.051743882000039 ], [ -6.537464972999942, 57.072821356000077 ], [ -6.489654100999928, 57.058579820000034 ], [ -6.606353318999936, 57.051743882000039 ] ] ], [ [ [ -5.984852667999917, 57.290432033000059 ], [ -6.01390540299991, 57.317450262000079 ], [ -5.95571855399993, 57.321600653000075 ], [ -5.925445115999935, 57.291693427000041 ], [ -5.984852667999917, 57.290432033000059 ] ] ], [ [ [ -7.370472785999937, 57.355129299000055 ], [ -7.195423956999946, 57.305609442000048 ], [ -7.256743943999936, 57.236721096000053 ], [ -7.353016730999911, 57.242905992000033 ], [ -7.271066860999952, 57.21625397300005 ], [ -7.259917772999927, 57.159816799000055 ], [ -7.346180792999917, 57.147935289000031 ], [ -7.277251756999931, 57.147935289000031 ], [ -7.215891079999949, 57.113836981000077 ], [ -7.353016730999911, 57.099554755000042 ], [ -7.390695766999954, 57.129055080000057 ], [ -7.414418097999942, 57.21625397300005 ], [ -7.455433722999942, 57.236721096000053 ], [ -7.389719204999949, 57.31195709800005 ], [ -7.428130662999934, 57.387600002000056 ], [ -7.353016730999911, 57.408026434000078 ], [ -7.222645636999914, 57.339789130000042 ], [ -7.393950975999928, 57.380764065000051 ], [ -7.370472785999937, 57.355129299000055 ] ] ], [ [ [ -7.369618292999917, 57.489325262000079 ], [ -7.202137824999909, 57.462632554000038 ], [ -7.263579881999931, 57.448960679000038 ], [ -7.205433722999942, 57.41860586100006 ], [ -7.318267381999931, 57.408026434000078 ], [ -7.407622850999928, 57.44562409100007 ], [ -7.369618292999917, 57.489325262000079 ] ] ], [ [ [ -6.075428839999915, 57.355047919000071 ], [ -6.061634894999941, 57.452704169000071 ], [ -6.016672329999949, 57.462632554000038 ], [ -6.037098761999914, 57.489935614000046 ], [ -5.995594855999911, 57.489935614000046 ], [ -6.009836391999954, 57.511053778000075 ], [ -5.993316209999932, 57.507025458000044 ], [ -5.982533331999946, 57.497463283000059 ], [ -6.017648891999954, 57.418198960000041 ], [ -5.989491339999915, 57.347316799000055 ], [ -6.054798956999946, 57.326402085000041 ], [ -6.075428839999915, 57.355047919000071 ] ] ], [ [ [ -5.968251105999911, 57.51788971600007 ], [ -5.982533331999946, 57.566310940000051 ], [ -5.961903449999909, 57.577297268000052 ], [ -5.968251105999911, 57.51788971600007 ] ] ], [ [ [ -7.189116990999935, 57.655096747000073 ], [ -7.065052863999938, 57.633978583000044 ], [ -7.099191860999952, 57.607326565000051 ], [ -7.215891079999949, 57.641424872000073 ], [ -7.154286261999914, 57.58734772300005 ], [ -7.106027798999946, 57.592962958000044 ], [ -7.125599738999938, 57.571112372000073 ], [ -7.312082485999952, 57.552069403000075 ], [ -7.144154425999943, 57.548529364000046 ], [ -7.157541469999956, 57.511053778000075 ], [ -7.305287238999938, 57.511053778000075 ], [ -7.346180792999917, 57.544582424000055 ], [ -7.318267381999931, 57.552069403000075 ], [ -7.544829881999931, 57.592962958000044 ], [ -7.476551886999914, 57.661932684000078 ], [ -7.387115037999934, 57.661932684000078 ], [ -7.414418097999942, 57.648260809000078 ], [ -7.396555141999954, 57.635321356000077 ], [ -7.312082485999952, 57.688544012000079 ], [ -7.332508917999917, 57.661932684000078 ], [ -7.256743943999936, 57.648260809000078 ], [ -7.277251756999931, 57.661932684000078 ], [ -7.181711391999954, 57.688544012000079 ], [ -7.165394660999937, 57.669867255000042 ], [ -7.189116990999935, 57.655096747000073 ] ] ], [ [ [ -6.580555792999917, 57.338812567000048 ], [ -6.69595292899993, 57.364406643000052 ], [ -6.78384355399993, 57.456447658000059 ], [ -6.722401495999918, 57.456447658000059 ], [ -6.747141079999949, 57.487941799000055 ], [ -6.715931769999941, 57.514227606000077 ], [ -6.606800910999937, 57.443915106000077 ], [ -6.599476691999939, 57.469427802000041 ], [ -6.630604620999918, 57.501776434000078 ], [ -6.564116990999935, 57.503607489000046 ], [ -6.654774542999917, 57.552069403000075 ], [ -6.631011522999927, 57.57680898600006 ], [ -6.640451626999948, 57.607326565000051 ], [ -6.464914516999954, 57.512518622000073 ], [ -6.420765753999945, 57.51788971600007 ], [ -6.443470831999946, 57.488104559000078 ], [ -6.400257941999939, 57.520982164000031 ], [ -6.310902472999942, 57.462632554000038 ], [ -6.389556443999936, 57.552476304000038 ], [ -6.359852667999917, 57.592962958000044 ], [ -6.400257941999939, 57.599798895000049 ], [ -6.415679490999935, 57.645819403000075 ], [ -6.310902472999942, 57.702826239000046 ], [ -6.153879360999952, 57.589544989000046 ], [ -6.133371548999946, 57.476263739000046 ], [ -6.146962042999917, 57.425116278000075 ], [ -6.187977667999917, 57.394354559000078 ], [ -6.126535610999952, 57.408026434000078 ], [ -6.135243292999917, 57.357367255000042 ], [ -6.099232550999943, 57.33234284100007 ], [ -6.153879360999952, 57.305609442000048 ], [ -6.045399542999917, 57.308294989000046 ], [ -6.078114386999914, 57.27765534100007 ], [ -6.00845292899993, 57.286769924000055 ], [ -5.90062415299991, 57.242905992000033 ], [ -5.76789303299995, 57.277411200000074 ], [ -5.647368943999936, 57.264634507000039 ], [ -5.690907355999911, 57.189520575000074 ], [ -5.782053188999953, 57.166245835000041 ], [ -5.800363735999952, 57.123724677000041 ], [ -5.934925910999937, 57.041205145000049 ], [ -6.006743943999936, 57.028387762000079 ], [ -6.027251756999931, 57.062160549000055 ], [ -5.986927863999938, 57.118231512000079 ], [ -5.845366990999935, 57.188299872000073 ], [ -5.986236131999931, 57.174627997000073 ], [ -6.044016079999949, 57.22992584800005 ], [ -6.023508266999954, 57.195746161000045 ], [ -6.088612433999913, 57.127427476000037 ], [ -6.112904425999943, 57.188299872000073 ], [ -6.164458787999934, 57.201361395000049 ], [ -6.177154100999928, 57.181219794000071 ], [ -6.318348761999914, 57.161037502000056 ], [ -6.276722785999937, 57.201971747000073 ], [ -6.345611131999931, 57.188299872000073 ], [ -6.379790818999936, 57.223089911000045 ], [ -6.345611131999931, 57.242905992000033 ], [ -6.408192511999914, 57.243353583000044 ], [ -6.482167120999918, 57.311835028000075 ], [ -6.416411912999934, 57.334540106000077 ], [ -6.310902472999942, 57.298163153000075 ], [ -6.323882615999935, 57.311428127000056 ], [ -6.406158006999931, 57.351548570000034 ], [ -6.462961391999954, 57.346584377000056 ], [ -6.448638475999928, 57.360256252000056 ], [ -6.475941535999937, 57.367092190000051 ], [ -6.475941535999937, 57.401190497000073 ], [ -6.523793097999942, 57.380764065000051 ], [ -6.530629035999937, 57.41547272300005 ], [ -6.571522589999915, 57.387600002000056 ], [ -6.580555792999917, 57.338812567000048 ] ] ], [ [ [ -7.180165167999917, 57.73468659100007 ], [ -7.152007615999935, 57.726304429000038 ], [ -7.222645636999914, 57.709662177000041 ], [ -7.180165167999917, 57.73468659100007 ] ] ], [ [ [ -8.621001756999931, 57.833197333000044 ], [ -8.569081183999913, 57.82367584800005 ], [ -8.552235480999911, 57.818915106000077 ], [ -8.590891079999949, 57.804754950000074 ], [ -8.621001756999931, 57.833197333000044 ] ] ], [ [ [ -6.997059699999909, 57.893540757000039 ], [ -7.079335089999915, 57.88031647300005 ], [ -7.03774980399993, 57.91632721600007 ], [ -6.997385219999956, 57.915106512000079 ], [ -6.997059699999909, 57.893540757000039 ] ] ], [ [ [ -6.87328040299991, 58.209947007000039 ], [ -6.880034959999932, 58.257757880000042 ], [ -6.79124915299991, 58.209947007000039 ], [ -6.87328040299991, 58.209947007000039 ] ] ], [ [ [ -6.973500128999945, 57.733343817000048 ], [ -7.125070766999954, 57.836900132000039 ], [ -7.079335089999915, 57.812689520000049 ], [ -6.984852667999917, 57.864894924000055 ], [ -6.914173956999946, 57.867905992000033 ], [ -6.962554490999935, 57.894680080000057 ], [ -6.83226477799991, 57.902085679000038 ], [ -6.865834113999938, 57.92133209800005 ], [ -6.839100714999915, 57.935614325000074 ], [ -7.112782355999911, 57.990220445000034 ], [ -6.934641079999949, 58.052313544000071 ], [ -7.058216925999943, 58.038641669000071 ], [ -7.024037238999938, 58.052313544000071 ], [ -7.051909959999932, 58.058539130000042 ], [ -7.024037238999938, 58.079575914000031 ], [ -7.075550910999937, 58.062241929000038 ], [ -7.112782355999911, 58.100083726000037 ], [ -7.123402472999942, 58.136664130000042 ], [ -7.093006964999915, 58.168402411000045 ], [ -7.112782355999911, 58.182033596000053 ], [ -7.017201300999943, 58.189439195000034 ], [ -7.058216925999943, 58.213364976000037 ], [ -7.030873175999943, 58.244696356000077 ], [ -6.907338019999941, 58.216782945000034 ], [ -6.937082485999952, 58.211004950000074 ], [ -6.85960852799991, 58.10687897300005 ], [ -6.887521938999953, 58.168402411000045 ], [ -6.869496222999942, 58.189439195000034 ], [ -6.798451300999943, 58.202378648000035 ], [ -6.736683722999942, 58.168402411000045 ], [ -6.709380662999934, 58.189439195000034 ], [ -6.78384355399993, 58.230414130000042 ], [ -6.811838344999956, 58.264593817000048 ], [ -6.79124915299991, 58.271389065000051 ], [ -6.81859290299991, 58.285101630000042 ], [ -6.715565558999913, 58.339667059000078 ], [ -6.557484503999945, 58.368557033000059 ], [ -6.267404751999948, 58.51203034100007 ], [ -6.223052537999934, 58.499212958000044 ], [ -6.166859503999945, 58.419501044000071 ], [ -6.215321417999917, 58.367621161000045 ], [ -6.167469855999911, 58.346502997000073 ], [ -6.317860480999911, 58.268296617000033 ], [ -6.318348761999914, 58.244696356000077 ], [ -6.366118943999936, 58.237250067000048 ], [ -6.270904100999928, 58.216498114000046 ], [ -6.15070553299995, 58.258368231000077 ], [ -6.160023566999939, 58.216782945000034 ], [ -6.233550584999932, 58.184271552000041 ], [ -6.400257941999939, 58.209947007000039 ], [ -6.372954881999931, 58.141058661000045 ], [ -6.61937415299991, 58.086411851000037 ], [ -6.407093878999945, 58.10687897300005 ], [ -6.366118943999936, 58.058539130000042 ], [ -6.400257941999939, 58.045477606000077 ], [ -6.352447068999936, 58.038641669000071 ], [ -6.42446855399993, 58.003892320000034 ], [ -6.544911261999914, 58.017523505000042 ], [ -6.455474412999934, 57.976548570000034 ], [ -6.507557745999918, 57.935980536000045 ], [ -6.55109615799995, 57.943060614000046 ], [ -6.537464972999942, 57.92133209800005 ], [ -6.57843990799995, 57.917222398000035 ], [ -6.629872199999909, 57.956732489000046 ], [ -6.61937415299991, 57.915106512000079 ], [ -6.660959438999953, 57.928778387000079 ], [ -6.709380662999934, 58.003892320000034 ], [ -6.665842251999948, 58.044663804000038 ], [ -6.59203040299991, 58.058539130000042 ], [ -6.688303188999953, 58.058539130000042 ], [ -6.764027472999942, 58.003892320000034 ], [ -6.673980272999927, 57.928778387000079 ], [ -6.695668097999942, 57.92133209800005 ], [ -6.660959438999953, 57.88031647300005 ], [ -6.787017381999931, 57.898830471000053 ], [ -6.805572068999936, 57.88031647300005 ], [ -6.764027472999942, 57.867905992000033 ], [ -6.741932745999918, 57.83148834800005 ], [ -6.79124915299991, 57.825751044000071 ], [ -6.78384355399993, 57.812689520000049 ], [ -6.852691209999932, 57.833197333000044 ], [ -6.839100714999915, 57.812689520000049 ], [ -6.887521938999953, 57.784816799000055 ], [ -6.87328040299991, 57.77798086100006 ], [ -6.973500128999945, 57.733343817000048 ] ] ], [ [ [ -2.906971808999913, 58.838080145000049 ], [ -2.885365363999938, 58.820054429000038 ], [ -2.919422980999911, 58.806463934000078 ], [ -2.911040818999936, 58.74868398600006 ], [ -2.939930792999917, 58.730698960000041 ], [ -2.987782355999911, 58.757391669000071 ], [ -2.974354620999918, 58.772040106000077 ], [ -3.015695766999954, 58.812648830000057 ], [ -2.967193162999934, 58.820054429000038 ], [ -3.035552537999934, 58.820054429000038 ], [ -2.906971808999913, 58.838080145000049 ] ] ], [ [ [ -3.248402472999942, 58.792181708000044 ], [ -3.131703253999945, 58.806463934000078 ], [ -3.156320766999954, 58.786769924000055 ], [ -3.299305792999917, 58.779120184000078 ], [ -3.378773566999939, 58.874090887000079 ], [ -3.433338995999918, 58.884955145000049 ], [ -3.349354620999918, 58.928534247000073 ], [ -3.246083136999914, 58.896185614000046 ], [ -3.172718878999945, 58.826320705000057 ], [ -3.248402472999942, 58.792181708000044 ] ] ], [ [ [ -2.713612433999913, 58.966864325000074 ], [ -2.714751756999931, 58.925482489000046 ], [ -2.839344855999911, 58.882635809000078 ], [ -2.926828579999949, 58.904852606000077 ], [ -2.981190558999913, 58.960109768000052 ], [ -3.084543423999946, 58.943019924000055 ], [ -3.070301886999914, 58.928697007000039 ], [ -3.118031378999945, 58.915716864000046 ], [ -3.202788865999935, 58.915920315000051 ], [ -3.23851477799991, 58.950913804000038 ], [ -3.207386847999942, 59.005072333000044 ], [ -3.227894660999937, 59.038560289000031 ], [ -3.240956183999913, 59.011297919000071 ], [ -3.275786912999934, 59.011297919000071 ], [ -3.256988084999932, 58.978338934000078 ], [ -3.289418097999942, 58.950384833000044 ], [ -3.323231574999909, 58.957180080000057 ], [ -3.366688605999911, 59.016099351000037 ], [ -3.323801235999952, 59.127427476000037 ], [ -3.182728644999941, 59.147162177000041 ], [ -3.084543423999946, 59.127997137000079 ], [ -3.049183722999942, 59.108099677000041 ], [ -3.070301886999914, 59.101263739000046 ], [ -2.994496222999942, 59.073309637000079 ], [ -3.131703253999945, 59.005072333000044 ], [ -3.116688605999911, 58.998195705000057 ], [ -3.059722459999932, 58.991400458000044 ], [ -3.01195227799991, 59.017401434000078 ], [ -2.878407355999911, 58.998236395000049 ], [ -2.885365363999938, 58.977118231000077 ], [ -2.780629035999937, 58.990301825000074 ], [ -2.837554490999935, 58.950384833000044 ], [ -2.794789191999939, 58.92609284100007 ], [ -2.775380011999914, 58.928697007000039 ], [ -2.795969204999949, 58.956691799000055 ], [ -2.713612433999913, 58.966864325000074 ] ] ], [ [ [ -2.548451300999943, 59.109035549000055 ], [ -2.514759894999941, 59.093817450000074 ], [ -2.597320115999935, 59.073309637000079 ], [ -2.614369269999941, 59.107245184000078 ], [ -2.686105923999946, 59.089178778000075 ], [ -2.622425910999937, 59.116441148000035 ], [ -2.665516730999911, 59.155218817000048 ], [ -2.62564042899993, 59.16242096600007 ], [ -2.569406704999949, 59.142238674000055 ], [ -2.592884894999941, 59.138576565000051 ], [ -2.583648240999935, 59.12055084800005 ], [ -2.535267706999946, 59.127997137000079 ], [ -2.548451300999943, 59.109035549000055 ] ] ], [ [ [ -2.97524980399993, 59.133775132000039 ], [ -3.091786261999914, 59.142808335000041 ], [ -3.120432094999956, 59.176581122000073 ], [ -3.074208136999914, 59.197495835000041 ], [ -2.952951626999948, 59.183172919000071 ], [ -2.97524980399993, 59.133775132000039 ] ] ], [ [ [ -2.830067511999914, 59.175767320000034 ], [ -2.785959438999953, 59.196844794000071 ], [ -2.777455206999946, 59.252915757000039 ], [ -2.727650519999941, 59.224188544000071 ], [ -2.761097785999937, 59.193101304000038 ], [ -2.734486456999946, 59.148423570000034 ], [ -2.789133266999954, 59.145331122000073 ], [ -2.830067511999914, 59.175767320000034 ] ] ], [ [ [ -2.563221808999913, 59.26508209800005 ], [ -2.404896613999938, 59.316351630000042 ], [ -2.392486131999931, 59.28546784100007 ], [ -2.458973761999914, 59.279120184000078 ], [ -2.514759894999941, 59.230414130000042 ], [ -2.51626542899993, 59.252142645000049 ], [ -2.57681230399993, 59.224188544000071 ], [ -2.569406704999949, 59.244614976000037 ], [ -2.60415605399993, 59.244614976000037 ], [ -2.692616339999915, 59.192287502000056 ], [ -2.687977667999917, 59.217962958000044 ], [ -2.595570441999939, 59.264837958000044 ], [ -2.61156165299991, 59.293036200000074 ], [ -2.52212480399993, 59.306708075000074 ], [ -2.563221808999913, 59.26508209800005 ] ] ], [ [ [ -3.008168097999942, 59.271307684000078 ], [ -3.077056443999936, 59.334051825000074 ], [ -3.008168097999942, 59.334051825000074 ], [ -2.965199347999942, 59.360907294000071 ], [ -2.946359829999949, 59.349554755000042 ], [ -2.987782355999911, 59.31976959800005 ], [ -2.895497199999909, 59.302964585000041 ], [ -2.830067511999914, 59.252101955000057 ], [ -2.885365363999938, 59.230414130000042 ], [ -2.870961066999939, 59.258286851000037 ], [ -2.947417772999927, 59.291205145000049 ], [ -3.008168097999942, 59.271307684000078 ] ] ], [ [ [ -1.645497199999909, 59.514105536000045 ], [ -1.62523352799991, 59.555812893000052 ], [ -1.583119269999941, 59.559963283000059 ], [ -1.645497199999909, 59.514105536000045 ] ] ], [ [ [ -0.769154425999943, 60.613185940000051 ], [ -0.760731574999909, 60.587836005000042 ], [ -0.870472785999937, 60.587836005000042 ], [ -0.856190558999913, 60.567328192000048 ], [ -0.938832160999937, 60.628729559000078 ], [ -0.769154425999943, 60.613185940000051 ] ] ], [ [ [ -1.144276495999918, 60.388576565000051 ], [ -1.034413214999915, 60.45062897300005 ], [ -1.125070766999954, 60.383734442000048 ], [ -1.068267381999931, 60.396307684000078 ], [ -1.070423956999946, 60.359523830000057 ], [ -1.172230597999942, 60.347601630000042 ], [ -1.075306769999941, 60.32094961100006 ], [ -1.137928839999915, 60.290716864000046 ], [ -1.089751756999931, 60.272528387000079 ], [ -1.147857225999928, 60.248846747000073 ], [ -1.192616339999915, 60.272528387000079 ], [ -1.185170050999943, 60.245184637000079 ], [ -1.21939042899993, 60.238348700000074 ], [ -1.179025844999956, 60.232163804000038 ], [ -1.19945227799991, 60.204250393000052 ], [ -1.157866990999935, 60.224676825000074 ], [ -1.192616339999915, 60.176336981000077 ], [ -1.155140753999945, 60.192572333000044 ], [ -1.157866990999935, 60.170111395000049 ], [ -1.123768683999913, 60.149603583000044 ], [ -1.21320553299995, 60.107367255000042 ], [ -1.16470292899993, 60.060248114000046 ], [ -1.21939042899993, 60.039740302000041 ], [ -1.201242641999954, 59.986395575000074 ], [ -1.247303839999915, 59.99750397300005 ], [ -1.274566209999932, 59.854193427000041 ], [ -1.311105923999946, 59.86554596600007 ], [ -1.30142167899993, 59.888902085000041 ], [ -1.375965949999909, 59.908636786000045 ], [ -1.35570227799991, 59.945461330000057 ], [ -1.322987433999913, 59.950995184000078 ], [ -1.349720831999946, 59.977687893000052 ], [ -1.322987433999913, 59.977687893000052 ], [ -1.262603318999936, 60.115057684000078 ], [ -1.288889126999948, 60.155829169000071 ], [ -1.269357876999948, 60.185451565000051 ], [ -1.312408006999931, 60.180650132000039 ], [ -1.267730272999927, 60.245184637000079 ], [ -1.329253709999932, 60.204250393000052 ], [ -1.35765540299991, 60.244330145000049 ], [ -1.411122199999909, 60.258856512000079 ], [ -1.349720831999946, 60.211086330000057 ], [ -1.398101365999935, 60.211086330000057 ], [ -1.40461178299995, 60.179510809000078 ], [ -1.418690558999913, 60.190619208000044 ], [ -1.455433722999942, 60.156195380000042 ], [ -1.527251756999931, 60.192938544000071 ], [ -1.466420050999943, 60.217230536000045 ], [ -1.503651495999918, 60.243353583000044 ], [ -1.525054490999935, 60.21234772300005 ], [ -1.548247850999928, 60.229722398000035 ], [ -1.624663865999935, 60.217230536000045 ], [ -1.669748501999948, 60.239569403000075 ], [ -1.690174933999913, 60.285142320000034 ], [ -1.638742641999954, 60.311468817000048 ], [ -1.548410610999952, 60.292954820000034 ], [ -1.555816209999932, 60.306626695000034 ], [ -1.481434699999909, 60.316473700000074 ], [ -1.466420050999943, 60.278713283000059 ], [ -1.422759568999936, 60.326117255000042 ], [ -1.364003058999913, 60.286200262000079 ], [ -1.336089647999927, 60.306626695000034 ], [ -1.364003058999913, 60.32094961100006 ], [ -1.343495245999918, 60.347601630000042 ], [ -1.260365363999938, 60.355047919000071 ], [ -1.337554490999935, 60.37445709800005 ], [ -1.343495245999918, 60.395982164000031 ], [ -1.395008917999917, 60.389960028000075 ], [ -1.384429490999935, 60.423325914000031 ], [ -1.439035610999952, 60.430812893000052 ], [ -1.44595292899993, 60.492254950000074 ], [ -1.480091925999943, 60.457464911000045 ], [ -1.499094204999949, 60.46906159100007 ], [ -1.480091925999943, 60.485419012000079 ], [ -1.609364386999914, 60.483343817000048 ], [ -1.526966925999943, 60.556830145000049 ], [ -1.455067511999914, 60.508856512000079 ], [ -1.384429490999935, 60.512111721000053 ], [ -1.480091925999943, 60.53937409100007 ], [ -1.411122199999909, 60.58038971600007 ], [ -1.418690558999913, 60.608303127000056 ], [ -1.315541144999941, 60.59406159100007 ], [ -1.323963995999918, 60.621323960000041 ], [ -1.30142167899993, 60.643052476000037 ], [ -1.292103644999941, 60.599595445000034 ], [ -1.336089647999927, 60.533189195000034 ], [ -1.315541144999941, 60.533189195000034 ], [ -1.336089647999927, 60.525783596000053 ], [ -1.315541144999941, 60.518947658000059 ], [ -1.336089647999927, 60.485419012000079 ], [ -1.295033331999946, 60.492254950000074 ], [ -1.370228644999941, 60.402167059000078 ], [ -1.233631964999915, 60.443793036000045 ], [ -1.295033331999946, 60.471136786000045 ], [ -1.271962042999917, 60.484279690000051 ], [ -1.260365363999938, 60.464911200000074 ], [ -1.217518683999913, 60.497992255000042 ], [ -1.151722785999937, 60.430812893000052 ], [ -1.220773891999954, 60.409125067000048 ], [ -1.165435350999928, 60.412054755000042 ], [ -1.144276495999918, 60.388576565000051 ] ] ], [ [ [ -0.993478969999956, 60.731146552000041 ], [ -0.979725714999915, 60.656683661000045 ], [ -0.993478969999956, 60.635646877000056 ], [ -1.062326626999948, 60.662909247000073 ], [ -1.01390540299991, 60.615139065000051 ], [ -1.069162563999953, 60.615139065000051 ], [ -1.011057094999956, 60.577704169000071 ], [ -1.041859503999945, 60.55304596600007 ], [ -1.023793097999942, 60.502997137000079 ], [ -1.153879360999952, 60.508368231000077 ], [ -1.180043097999942, 60.624660549000055 ], [ -1.138050910999937, 60.649237372000073 ], [ -1.130116339999915, 60.619330145000049 ], [ -1.103423631999931, 60.615139065000051 ], [ -1.123768683999913, 60.659816799000055 ], [ -1.11392167899993, 60.714748440000051 ], [ -1.09211178299995, 60.735337632000039 ], [ -1.069162563999953, 60.718166408000059 ], [ -0.993478969999956, 60.731146552000041 ] ] ], [ [ [ -0.821888800999943, 60.68500397300005 ], [ -0.966175910999937, 60.690171617000033 ], [ -0.952463344999956, 60.752346096000053 ], [ -0.926136847999942, 60.769598700000074 ], [ -0.938832160999937, 60.800116278000075 ], [ -0.88149980399993, 60.845038153000075 ], [ -0.856190558999913, 60.823960679000038 ], [ -0.888335740999935, 60.789740302000041 ], [ -0.822132941999939, 60.847886460000041 ], [ -0.76390540299991, 60.825425523000035 ], [ -0.787993943999936, 60.80695221600007 ], [ -0.760731574999909, 60.800116278000075 ], [ -0.821400519999941, 60.758530992000033 ], [ -0.801665818999936, 60.744818427000041 ], [ -0.850005662999934, 60.718166408000059 ], [ -0.821888800999943, 60.68500397300005 ] ] ], [ [ [ -6.307443813999953, 49.927435614000046 ], [ -6.287505662999934, 49.914007880000042 ], [ -6.309152798999946, 49.913641669000071 ], [ -6.307443813999953, 49.927435614000046 ] ] ], [ [ [ -6.341786261999914, 49.963609117000033 ], [ -6.341216600999928, 49.94476959800005 ], [ -6.348947719999956, 49.964341539000088 ], [ -6.341786261999914, 49.963609117000033 ] ] ], [ [ [ -4.671213344999956, 51.195054429000038 ], [ -4.670480923999946, 51.160101630000042 ], [ -4.67642167899993, 51.193101304000038 ], [ -4.671213344999956, 51.195054429000038 ] ] ], [ [ [ -13.688588019999941, 57.596258856000077 ], [ -13.690419074999909, 57.597805080000057 ], [ -13.687652147999927, 57.597154039000031 ], [ -13.688588019999941, 57.596258856000077 ] ] ], [ [ [ -1.308257615999935, 60.094142971000053 ], [ -1.333566860999952, 60.04360586100006 ], [ -1.33462480399993, 60.076320705000057 ], [ -1.367909308999913, 60.044826565000051 ], [ -1.345692511999914, 60.108954169000071 ], [ -1.315825975999928, 60.115464585000041 ], [ -1.323353644999941, 60.08820221600007 ], [ -1.308257615999935, 60.094142971000053 ] ] ], [ [ [ -2.048898891999954, 60.14712148600006 ], [ -2.062977667999917, 60.117987372000073 ], [ -2.112294074999909, 60.138006903000075 ], [ -2.087880011999914, 60.155462958000044 ], [ -2.048898891999954, 60.14712148600006 ] ] ], [ [ [ -1.050526495999918, 60.169623114000046 ], [ -1.073801235999952, 60.10773346600007 ], [ -1.122222459999932, 60.123114325000074 ], [ -1.119252081999946, 60.155585028000075 ], [ -1.134917772999927, 60.178697007000039 ], [ -1.079457160999937, 60.188299872000073 ], [ -1.069935675999943, 60.164211330000057 ], [ -1.050526495999918, 60.169623114000046 ] ] ], [ [ [ -0.912668423999946, 60.386786200000074 ], [ -0.975982225999928, 60.340318101000037 ], [ -1.034087693999936, 60.34015534100007 ], [ -1.006418423999946, 60.368963934000078 ], [ -0.912668423999946, 60.386786200000074 ] ] ] ] } },
{ "type": "Feature", "properties": { "iso3": "GRC", "NAME": "Greece", "assessed": false }, "geometry": { "type": "MultiPolygon", "coordinates": [ [ [ [ 20.965262492000079, 40.849394023000045 ], [ 21.329271281000075, 40.866292217000122 ], [ 21.404925577000114, 40.908615214000022 ], [ 21.509518677000131, 40.900502014000025 ], [ 21.581555623000014, 40.866292217000122 ], [ 21.685115194000048, 40.927993877000077 ], [ 21.765523722000097, 40.923911438000076 ], [ 21.783713826000053, 40.964167379000017 ], [ 21.894301391000084, 41.053825989000089 ], [ 21.909080851000112, 41.097492574000043 ], [ 22.048193807000104, 41.151856182000117 ], [ 22.103384237000085, 41.121522115000076 ], [ 22.205806926000037, 41.161416321000033 ], [ 22.302648560000137, 41.145499980000082 ], [ 22.308746379000098, 41.12498443600002 ], [ 22.451476684000085, 41.113667297000049 ], [ 22.590176229000065, 41.12513946600005 ], [ 22.644539835000046, 41.180226543000018 ], [ 22.704897908000135, 41.139660543 ], [ 22.751303345000053, 41.315205384000095 ], [ 22.780965616000088, 41.334894104000043 ], [ 23.157170043000121, 41.316342265000017 ], [ 23.19954471900013, 41.332982076000022 ], [ 23.224246053000059, 41.379025778000042 ], [ 23.287704712000078, 41.39819773400005 ], [ 23.326048625000112, 41.369310608000021 ], [ 23.414518677000046, 41.399903056000099 ], [ 23.612439412000128, 41.371015931000059 ], [ 23.672177368000064, 41.402951965000042 ], [ 23.754446248000107, 41.400678202000037 ], [ 23.777080526000049, 41.429048564000126 ], [ 23.894799438000035, 41.464343567000029 ], [ 23.949886515000117, 41.437575175000049 ], [ 24.000736125000117, 41.464136861000057 ], [ 24.034739217000066, 41.451321106000094 ], [ 24.051999146000043, 41.462999980000049 ], [ 24.047348267000075, 41.5257351690001 ], [ 24.116491333000084, 41.533383280000081 ], [ 24.170234823000072, 41.511575826000055 ], [ 24.23328007, 41.561805318 ], [ 24.296118612000072, 41.515244853000056 ], [ 24.438848917000144, 41.527698873000034 ], [ 24.510162395000123, 41.56165028900007 ], [ 24.58044234200014, 41.440520732000053 ], [ 24.69919478300011, 41.408946432000064 ], [ 24.774435669000127, 41.348071595000036 ], [ 24.794279419000134, 41.347399801000037 ], [ 24.803271118000083, 41.392668355000055 ], [ 24.88636682200007, 41.400626526000011 ], [ 25.101857544000097, 41.336651103000023 ], [ 25.219679810000116, 41.249731344000011 ], [ 25.285722290000052, 41.239396057000093 ], [ 25.50508874500008, 41.280582174000088 ], [ 25.551494182000084, 41.315670471000132 ], [ 25.679961792000086, 41.297170309000094 ], [ 25.811013224000078, 41.34104360000002 ], [ 25.882016642000082, 41.30404327400008 ], [ 26.120865112000075, 41.357786764000068 ], [ 26.175642130000142, 41.431890767000098 ], [ 26.145876506000064, 41.478037822000047 ], [ 26.163136434000052, 41.529145813000028 ], [ 26.13120039800009, 41.552658590000121 ], [ 26.115284057000054, 41.616634013000109 ], [ 26.055029337000093, 41.648750916000026 ], [ 26.048104695000092, 41.689084371 ], [ 26.108359415000081, 41.727893372000025 ], [ 26.226181681000099, 41.749674988000052 ], [ 26.273930705000055, 41.714896749 ], [ 26.359610230000044, 41.714896749 ], [ 26.476192260000118, 41.675726013000045 ], [ 26.46441003400011, 41.648518372000055 ], [ 26.576444540000068, 41.591002503000041 ], [ 26.595461466000131, 41.612448222000054 ], [ 26.636389201000043, 41.399592998000045 ], [ 26.609724162000106, 41.330708313000017 ], [ 26.540167684000096, 41.351792298000035 ], [ 26.412113484000116, 41.265699361000046 ], [ 26.320542846000137, 41.246217347000069 ], [ 26.336045776000049, 41.152579651000011 ], [ 26.317338908000067, 41.122297262000089 ], [ 26.339456421000079, 41.114494121000078 ], [ 26.32509037300008, 41.074083151000096 ], [ 26.374182983000111, 41.031140035000121 ], [ 26.333151896000061, 40.990729065000053 ], [ 26.359093465000115, 40.964684143000071 ], [ 26.294394572000044, 40.926650289000023 ], [ 26.304006389000051, 40.909028626000051 ], [ 26.260391480000095, 40.920449118000036 ], [ 26.239204142000119, 40.885670878 ], [ 26.226181681000099, 40.899313457000105 ], [ 26.212022338000054, 40.847430319000111 ], [ 26.08159102400009, 40.735550842000109 ], [ 26.043955925000091, 40.738470770000049 ], [ 26.005869988000086, 40.803941148000035 ], [ 26.053965691000087, 40.830959377000056 ], [ 25.998383009000065, 40.838771877000056 ], [ 25.998383009000065, 40.81704336100006 ], [ 25.918630405000044, 40.85297272300005 ], [ 25.537771030000044, 40.870428778000075 ], [ 25.299652540000068, 40.951849677000041 ], [ 25.266123894000089, 40.926906643000052 ], [ 25.180674675000091, 40.942694403000075 ], [ 25.134043816000087, 40.962876695000034 ], [ 25.169932488000086, 40.995794989000046 ], [ 25.13843834700009, 41.01007721600007 ], [ 25.039073113000086, 41.006048895000049 ], [ 24.989756707000083, 40.942124742000033 ], [ 24.892100457000083, 40.920640367000033 ], [ 24.802012566000087, 40.853461005000042 ], [ 24.70875084700009, 40.851752020000049 ], [ 24.662771030000044, 40.879706122000073 ], [ 24.62867272200009, 40.858587958000044 ], [ 24.566661004000082, 40.951727606000077 ], [ 24.505137566000087, 40.961615302000041 ], [ 24.391774936000047, 40.936468817000048 ], [ 24.312673373000052, 40.879706122000073 ], [ 24.331309441000087, 40.855047919000071 ], [ 24.305674675000091, 40.841742255000042 ], [ 24.340668165000068, 40.831284898000035 ], [ 24.110118035000085, 40.727850653000075 ], [ 23.986338738000086, 40.732163804000038 ], [ 23.842051629000082, 40.783351955000057 ], [ 23.731700066000087, 40.751857815000051 ], [ 23.69703209700009, 40.72142161700009 ], [ 23.700205925000091, 40.673651434000078 ], [ 23.75562584700009, 40.645656643000052 ], [ 23.79265384200005, 40.587958075000074 ], [ 23.914886915000068, 40.538885809000078 ], [ 23.823008660000085, 40.506984768000052 ], [ 23.826670769000089, 40.461371161000045 ], [ 23.868174675000091, 40.41351959800005 ], [ 24.002452019000089, 40.386379299000055 ], [ 23.991221550000091, 40.447699286000045 ], [ 24.01140384200005, 40.449164130000042 ], [ 24.085785352000073, 40.366034247000073 ], [ 24.179860873000052, 40.351507880000042 ], [ 24.203949415000068, 40.317368882000039 ], [ 24.233409050000091, 40.316880601000037 ], [ 24.393809441000087, 40.152492580000057 ], [ 24.299978061000047, 40.128078518000052 ], [ 24.168955925000091, 40.275295315000051 ], [ 24.01921634200005, 40.310492255000042 ], [ 23.936534050000091, 40.365179755000042 ], [ 23.730479363000086, 40.358954169000071 ], [ 23.693614129000082, 40.30923086100006 ], [ 23.716319207000083, 40.25531647300005 ], [ 23.778575066000087, 40.202704169000071 ], [ 23.991221550000091, 40.118719794000071 ], [ 23.977549675000091, 40.090806382000039 ], [ 24.004893425000091, 40.067206122000073 ], [ 23.986827019000089, 40.042181708000044 ], [ 24.011729363000086, 40.043646552000041 ], [ 24.01921634200005, 40.016302802000041 ], [ 23.98804772200009, 39.989976304000038 ], [ 23.998708530000044, 39.974758205000057 ], [ 23.969899936000047, 39.968085028000075 ], [ 23.991221550000091, 39.953599351000037 ], [ 23.91968834700009, 39.956366278000075 ], [ 23.922862175000091, 39.974758205000057 ], [ 23.844899936000047, 40.024115302000041 ], [ 23.826670769000089, 40.008856512000079 ], [ 23.785166863000086, 40.067206122000073 ], [ 23.793304884000065, 40.093817450000074 ], [ 23.67546634200005, 40.217922268000052 ], [ 23.438487175000091, 40.279201565000051 ], [ 23.36500084700009, 40.261704820000034 ], [ 23.340098504000082, 40.22797272300005 ], [ 23.363617384000065, 40.150458075000074 ], [ 23.400645379000082, 40.14398834800005 ], [ 23.498871290000068, 40.042303778000075 ], [ 23.670258009000065, 39.986070054000038 ], [ 23.697276238000086, 39.940497137000079 ], [ 23.747894727000073, 39.930487372000073 ], [ 23.703135613000086, 39.912665106000077 ], [ 23.470957879000082, 39.971625067000048 ], [ 23.360606316000087, 39.961086330000057 ], [ 23.381602410000085, 40.00267161700009 ], [ 23.305918816000087, 40.104478257000039 ], [ 23.324554884000065, 40.174953518000052 ], [ 23.299082879000082, 40.235419012000079 ], [ 23.029144727000073, 40.325751044000071 ], [ 22.963877800000091, 40.379461981000077 ], [ 22.888194207000083, 40.386297919000071 ], [ 22.889659050000091, 40.418361721000053 ], [ 22.82162519600007, 40.502142645000049 ], [ 22.941579623000052, 40.517157294000071 ], [ 22.983164910000085, 40.552679755000042 ], [ 22.910492384000065, 40.644598700000074 ], [ 22.854014519000089, 40.639471747000073 ], [ 22.850596550000091, 40.593410549000055 ], [ 22.758555535000085, 40.567775783000059 ], [ 22.736664259000065, 40.515326239000046 ], [ 22.67351321700005, 40.526841539000088 ], [ 22.650726759000065, 40.472805080000057 ], [ 22.579112175000091, 40.46820709800005 ], [ 22.661143425000091, 40.369045315000051 ], [ 22.55250084700009, 40.166571356000077 ], [ 22.571299675000091, 40.054266669000071 ], [ 22.600271030000044, 40.016302802000041 ], [ 22.707855665000068, 39.961371161000045 ], [ 22.730479363000086, 39.88540273600006 ], [ 22.850271030000044, 39.790513414000088 ], [ 22.939463738000086, 39.580633856000077 ], [ 23.09742272200009, 39.501776434000078 ], [ 23.271332227000073, 39.322943427000041 ], [ 23.343760613000086, 39.179632880000042 ], [ 23.209727410000085, 39.131822007000039 ], [ 23.23023522200009, 39.118150132000039 ], [ 23.203623894000089, 39.104559637000079 ], [ 23.052012566000087, 39.097723700000074 ], [ 23.081065300000091, 39.14720286700009 ], [ 23.114105665000068, 39.159125067000048 ], [ 23.100596550000091, 39.104559637000079 ], [ 23.217133009000065, 39.179632880000042 ], [ 23.134613477000073, 39.296942450000074 ], [ 23.020518425000091, 39.317531643000052 ], [ 22.998057488000086, 39.357123114000046 ], [ 22.935883009000065, 39.360581773000035 ], [ 22.942881707000083, 39.303168036000045 ], [ 22.842539910000085, 39.288478908000059 ], [ 22.826182488000086, 39.221258856000077 ], [ 22.854014519000089, 39.159125067000048 ], [ 22.876963738000086, 39.190375067000048 ], [ 22.901866082000083, 39.179632880000042 ], [ 22.920583530000044, 39.125148830000057 ], [ 22.961110873000052, 39.119045315000051 ], [ 22.998057488000086, 39.06976959800005 ], [ 22.963877800000091, 39.008978583000044 ], [ 23.073090040000068, 39.036281643000052 ], [ 22.984548373000052, 38.954331773000035 ], [ 22.898448113000086, 38.919623114000046 ], [ 22.846527540000068, 38.92641836100006 ], [ 22.836680535000085, 38.896470445000034 ], [ 22.792002800000091, 38.877997137000079 ], [ 22.688975457000083, 38.877997137000079 ], [ 22.621592644000089, 38.914496161000045 ], [ 22.52507571700005, 38.885443427000041 ], [ 22.52507571700005, 38.85814036700009 ], [ 22.572927280000044, 38.864325262000079 ], [ 22.553884311000047, 38.848089911000045 ], [ 22.600271030000044, 38.84446849200009 ], [ 22.59343509200005, 38.830226955000057 ], [ 22.702647332000083, 38.850653387000079 ], [ 22.778330925000091, 38.781724351000037 ], [ 23.042002800000091, 38.74673086100006 ], [ 23.104502800000091, 38.638413804000038 ], [ 23.182465040000068, 38.65375397300005 ], [ 23.196055535000085, 38.66632721600007 ], [ 23.168142123000052, 38.679388739000046 ], [ 23.186778191000087, 38.685980536000045 ], [ 23.305918816000087, 38.65265534100007 ], [ 23.333262566000087, 38.60423411700009 ], [ 23.293304884000065, 38.579087632000039 ], [ 23.285411004000082, 38.556463934000078 ], [ 23.307383660000085, 38.568548895000049 ], [ 23.381602410000085, 38.535345770000049 ], [ 23.334971550000091, 38.503607489000046 ], [ 23.567230665000068, 38.501125393000052 ], [ 23.60132897200009, 38.473944403000075 ], [ 23.573496941000087, 38.45343659100007 ], [ 23.672862175000091, 38.356431382000039 ], [ 23.951019727000073, 38.290920315000051 ], [ 24.069021030000044, 38.204738674000055 ], [ 24.080577019000089, 38.166001695000034 ], [ 24.059418165000068, 38.131293036000045 ], [ 24.037771030000044, 38.143744208000044 ], [ 23.989024285000085, 38.122626044000071 ], [ 24.032725457000083, 38.007757880000042 ], [ 24.011729363000086, 37.92523834800005 ], [ 24.046397332000083, 37.905991929000038 ], [ 24.011729363000086, 37.891750393000052 ], [ 24.066905144000089, 37.864406643000052 ], [ 24.053233269000089, 37.822821356000077 ], [ 24.087412957000083, 37.785223700000074 ], [ 24.059418165000068, 37.733465887000079 ], [ 24.072113477000073, 37.689520575000074 ], [ 24.032725457000083, 37.651516018000052 ], [ 23.949717644000089, 37.677435614000046 ], [ 23.943369988000086, 37.727240302000041 ], [ 23.922699415000068, 37.721177476000037 ], [ 23.902517123000052, 37.78188711100006 ], [ 23.865570509000065, 37.807684637000079 ], [ 23.812998894000089, 37.829657294000071 ], [ 23.77898196700005, 37.802313544000071 ], [ 23.69703209700009, 37.939520575000074 ], [ 23.628103061000047, 37.932684637000079 ], [ 23.641774936000047, 37.952541408000059 ], [ 23.560801629000082, 37.972805080000057 ], [ 23.597911004000082, 38.021144924000055 ], [ 23.574554884000065, 38.046779690000051 ], [ 23.449961785000085, 38.021429755000042 ], [ 23.395274285000085, 37.987941799000055 ], [ 23.42945397200009, 37.980454820000034 ], [ 23.408946160000085, 37.974310614000046 ], [ 23.226817254000082, 37.973618882000039 ], [ 23.094086134000065, 37.911037502000056 ], [ 23.015147332000083, 37.92523834800005 ], [ 22.995127800000091, 37.882147528000075 ], [ 23.012543165000068, 37.847560940000051 ], [ 23.114105665000068, 37.850775458000044 ], [ 23.182383660000085, 37.809149481000077 ], [ 23.182383660000085, 37.774400132000039 ], [ 23.120941602000073, 37.740912177000041 ], [ 23.17554772200009, 37.719794012000079 ], [ 23.168630405000044, 37.614162502000056 ], [ 23.336680535000085, 37.53546784100007 ], [ 23.35914147200009, 37.574286200000074 ], [ 23.31218509200005, 37.617377020000049 ], [ 23.398692254000082, 37.637884833000044 ], [ 23.404307488000086, 37.599269924000055 ], [ 23.374278191000087, 37.555894273000035 ], [ 23.422048373000052, 37.528021552000041 ], [ 23.395274285000085, 37.514960028000075 ], [ 23.479177280000044, 37.490668036000045 ], [ 23.525645379000082, 37.439195054000038 ], [ 23.262705925000091, 37.40102773600006 ], [ 23.229991082000083, 37.374945380000042 ], [ 23.278005405000044, 37.349839585000041 ], [ 23.186045769000089, 37.340643622000073 ], [ 23.203623894000089, 37.302679755000042 ], [ 23.168630405000044, 37.299505927000041 ], [ 23.141449415000068, 37.309515692000048 ], [ 23.16187584700009, 37.323146877000056 ], [ 23.073090040000068, 37.355210679000038 ], [ 23.072601759000065, 37.40110911700009 ], [ 23.094981316000087, 37.389553127000056 ], [ 23.114105665000068, 37.425604559000078 ], [ 23.141449415000068, 37.411932684000078 ], [ 23.132009311000047, 37.448635158000059 ], [ 23.045909050000091, 37.45970286700009 ], [ 23.045909050000091, 37.487005927000041 ], [ 23.004893425000091, 37.45970286700009 ], [ 22.980723504000082, 37.508775132000039 ], [ 22.92156009200005, 37.540350653000075 ], [ 22.854014519000089, 37.514960028000075 ], [ 22.778330925000091, 37.596869208000044 ], [ 22.726410352000073, 37.566351630000042 ], [ 22.757985873000052, 37.398260809000078 ], [ 22.819346550000091, 37.343695380000042 ], [ 22.906586134000065, 37.193915106000077 ], [ 22.903168165000068, 37.121283270000049 ], [ 22.95639082100007, 37.123968817000048 ], [ 22.981700066000087, 37.082709052000041 ], [ 22.963877800000091, 37.082953192000048 ], [ 22.999847852000073, 37.033270575000074 ], [ 23.011729363000086, 36.93891022300005 ], [ 23.093272332000083, 36.818264065000051 ], [ 23.080577019000089, 36.788763739000046 ], [ 23.114105665000068, 36.781317450000074 ], [ 23.088633660000085, 36.732896226000037 ], [ 23.052012566000087, 36.747137762000079 ], [ 23.03093509200005, 36.725572007000039 ], [ 23.032237175000091, 36.692572333000044 ], [ 23.059418165000068, 36.692572333000044 ], [ 23.035655144000089, 36.64907461100006 ], [ 23.080577019000089, 36.579291083000044 ], [ 23.155039910000085, 36.541083075000074 ], [ 23.134613477000073, 36.507554429000038 ], [ 23.203623894000089, 36.456122137000079 ], [ 23.196055535000085, 36.432521877000056 ], [ 23.094737175000091, 36.443182684000078 ], [ 23.051036004000082, 36.522447007000039 ], [ 22.97242272200009, 36.520209052000041 ], [ 22.929209832000083, 36.59634023600006 ], [ 22.87468509200005, 36.630519924000055 ], [ 22.884287957000083, 36.654242255000042 ], [ 22.837168816000087, 36.686509507000039 ], [ 22.814952019000089, 36.67055898600006 ], [ 22.78687584700009, 36.793443101000037 ], [ 22.685557488000086, 36.809475002000056 ], [ 22.577403191000087, 36.783026434000078 ], [ 22.579112175000091, 36.740383205000057 ], [ 22.52507571700005, 36.685126044000071 ], [ 22.549815300000091, 36.678290106000077 ], [ 22.55250084700009, 36.650946356000077 ], [ 22.516774936000047, 36.666164455000057 ], [ 22.526052280000044, 36.612372137000079 ], [ 22.48406009200005, 36.606634833000044 ], [ 22.51148522200009, 36.466620184000078 ], [ 22.490977410000085, 36.39093659100007 ], [ 22.469899936000047, 36.452337958000044 ], [ 22.381358269000089, 36.480454820000034 ], [ 22.354502800000091, 36.511908270000049 ], [ 22.388194207000083, 36.556057033000059 ], [ 22.387950066000087, 36.602525132000039 ], [ 22.367442254000082, 36.602525132000039 ], [ 22.387950066000087, 36.706203518000052 ], [ 22.358571811000047, 36.702093817000048 ], [ 22.221527540000068, 36.897528387000079 ], [ 22.175059441000087, 36.891180731000077 ], [ 22.137868686000047, 36.917141018000052 ], [ 22.153168165000068, 37.021185614000046 ], [ 22.048106316000087, 37.035142320000034 ], [ 21.94312584700009, 36.993312893000052 ], [ 21.921722852000073, 36.863226630000042 ], [ 21.928558790000068, 36.822251695000034 ], [ 21.970225457000083, 36.794989325000074 ], [ 21.88257897200009, 36.726548570000034 ], [ 21.822764519000089, 36.808579820000034 ], [ 21.764170769000089, 36.794989325000074 ], [ 21.707367384000065, 36.818019924000055 ], [ 21.688487175000091, 36.891180731000077 ], [ 21.709971550000091, 36.942694403000075 ], [ 21.667979363000086, 36.959418036000045 ], [ 21.681651238000086, 36.973089911000045 ], [ 21.66179446700005, 36.959418036000045 ], [ 21.56967207100007, 37.116197007000039 ], [ 21.574392123000052, 37.192368882000039 ], [ 21.695811394000089, 37.316351630000042 ], [ 21.674815300000091, 37.395982164000088 ], [ 21.549978061000047, 37.561468817000048 ], [ 21.402191602000073, 37.655422268000052 ], [ 21.343272332000083, 37.669338283000059 ], [ 21.31226647200009, 37.637884833000044 ], [ 21.31185957100007, 37.726304429000038 ], [ 21.28492272200009, 37.785101630000042 ], [ 21.122080925000091, 37.837388414000088 ], [ 21.106211785000085, 37.878078518000052 ], [ 21.133555535000085, 37.946356512000079 ], [ 21.164398634000065, 37.929632880000042 ], [ 21.207774285000085, 37.94603099200009 ], [ 21.32593834700009, 38.021429755000042 ], [ 21.284353061000047, 38.015285549000055 ], [ 21.367035352000073, 38.121079820000034 ], [ 21.374278191000087, 38.220648505000042 ], [ 21.408539259000065, 38.185939846000053 ], [ 21.400889519000089, 38.214789130000042 ], [ 21.622325066000087, 38.154771226000037 ], [ 21.701345248000052, 38.205267645000049 ], [ 21.764170769000089, 38.295803127000056 ], [ 21.849457227000073, 38.341294664000088 ], [ 22.020355665000068, 38.31321849200009 ], [ 22.048838738000086, 38.274807033000059 ], [ 22.113617384000065, 38.267808335000041 ], [ 22.21851647200009, 38.188177802000041 ], [ 22.331228061000047, 38.178900458000044 ], [ 22.680430535000085, 38.066595770000049 ], [ 22.867198113000086, 37.939520575000074 ], [ 22.946299675000091, 37.946234442000048 ], [ 22.975352410000085, 37.978989976000037 ], [ 22.854014519000089, 38.035101630000042 ], [ 22.875498894000089, 38.049302476000037 ], [ 22.942881707000083, 38.083482164000088 ], [ 23.068614129000082, 38.05890534100007 ], [ 23.172862175000091, 38.079494533000059 ], [ 23.216644727000073, 38.103338934000078 ], [ 23.17554772200009, 38.144964911000045 ], [ 23.223399285000085, 38.159247137000079 ], [ 23.128428582000083, 38.172267971000053 ], [ 23.148936394000089, 38.185939846000053 ], [ 23.12273196700005, 38.208075262000079 ], [ 23.066661004000082, 38.183172919000071 ], [ 23.032237175000091, 38.185939846000053 ], [ 23.052012566000087, 38.192775783000059 ], [ 23.02507571700005, 38.216620184000078 ], [ 22.951914910000085, 38.225287177000041 ], [ 22.922373894000089, 38.207017320000034 ], [ 22.969493035000085, 38.192775783000059 ], [ 22.908702019000089, 38.192775783000059 ], [ 22.895030144000089, 38.241156317000048 ], [ 22.805674675000091, 38.226955471000053 ], [ 22.764821811000047, 38.247992255000042 ], [ 22.798838738000086, 38.282131252000056 ], [ 22.696462436000047, 38.316880601000037 ], [ 22.646494988000086, 38.389960028000075 ], [ 22.626800977000073, 38.371527411000045 ], [ 22.64616946700005, 38.361802476000037 ], [ 22.612315300000091, 38.363836981000077 ], [ 22.587168816000087, 38.336737372000073 ], [ 22.600271030000044, 38.302639065000051 ], [ 22.562510613000086, 38.293524481000077 ], [ 22.46843509200005, 38.421128648000035 ], [ 22.401621941000087, 38.45343659100007 ], [ 22.408376498000052, 38.415594794000071 ], [ 22.373708530000044, 38.39203522300005 ], [ 22.398610873000052, 38.375921942000048 ], [ 22.382334832000083, 38.342678127000056 ], [ 22.224864129000082, 38.360052802000041 ], [ 22.18921959700009, 38.323065497000073 ], [ 22.13257897200009, 38.372748114000046 ], [ 21.957855665000068, 38.411688544000071 ], [ 21.879242384000065, 38.377997137000079 ], [ 21.831228061000047, 38.396673895000049 ], [ 21.762543165000068, 38.328355210000041 ], [ 21.716319207000083, 38.357855536000045 ], [ 21.599619988000086, 38.35101959800005 ], [ 21.517751498000052, 38.295803127000056 ], [ 21.428396030000044, 38.330511786000045 ], [ 21.489756707000083, 38.309475002000056 ], [ 21.489756707000083, 38.357855536000045 ], [ 21.422129754000082, 38.364081122000073 ], [ 21.416270379000082, 38.394110419000071 ], [ 21.377452019000089, 38.398871161000045 ], [ 21.360118035000085, 38.467718817000048 ], [ 21.322520379000082, 38.496283270000049 ], [ 21.35328209700009, 38.432928778000075 ], [ 21.336599155000044, 38.395697333000044 ], [ 21.239268425000091, 38.331122137000079 ], [ 21.189626498000052, 38.341376044000071 ], [ 21.199961785000085, 38.323065497000073 ], [ 21.15560957100007, 38.303900458000044 ], [ 21.14039147200009, 38.336737372000073 ], [ 21.085215691000087, 38.343573309000078 ], [ 21.14039147200009, 38.398871161000045 ], [ 21.086761915000068, 38.41046784100007 ], [ 21.085215691000087, 38.440375067000048 ], [ 21.10678144600007, 38.425441799000055 ], [ 21.119883660000085, 38.440375067000048 ], [ 21.106211785000085, 38.432928778000075 ], [ 21.106211785000085, 38.481390692000048 ], [ 21.078949415000068, 38.487534898000035 ], [ 21.09937584700009, 38.494370835000041 ], [ 21.095957879000082, 38.531927802000041 ], [ 21.030528191000087, 38.511419989000046 ], [ 21.024668816000087, 38.608465887000079 ], [ 20.988129102000073, 38.664007880000042 ], [ 20.914398634000065, 38.686224677000041 ], [ 20.859873894000089, 38.803534247000073 ], [ 20.811371290000068, 38.762518622000073 ], [ 20.773285352000073, 38.760931708000044 ], [ 20.729340040000068, 38.809759833000044 ], [ 20.74935957100007, 38.857245184000078 ], [ 20.805186394000089, 38.867743231000077 ], [ 20.756032748000052, 38.90688711100006 ], [ 20.769786004000082, 38.958970445000034 ], [ 20.817067905000044, 38.921372789000088 ], [ 20.859873894000089, 38.960516669000071 ], [ 20.866709832000083, 38.92641836100006 ], [ 20.903819207000083, 38.92804596600007 ], [ 20.920664910000085, 38.954331773000035 ], [ 21.027354363000086, 38.932603257000039 ], [ 21.025563998000052, 38.898016669000071 ], [ 21.085215691000087, 38.864325262000079 ], [ 21.102305535000085, 38.910834052000041 ], [ 21.17741946700005, 38.876044012000079 ], [ 21.140147332000083, 38.941310940000051 ], [ 21.15992272200009, 38.997748114000046 ], [ 21.085215691000087, 39.062933661000045 ], [ 21.078949415000068, 39.036281643000052 ], [ 21.037364129000082, 39.021958726000037 ], [ 21.05836022200009, 39.008978583000044 ], [ 20.953786655000044, 39.034165757000039 ], [ 20.934825066000087, 39.056708075000074 ], [ 20.948496941000087, 39.06976959800005 ], [ 20.901377800000091, 39.077215887000079 ], [ 20.866709832000083, 39.05304596600007 ], [ 20.88648522200009, 39.036444403000075 ], [ 20.844899936000047, 39.036932684000078 ], [ 20.857758009000065, 39.05890534100007 ], [ 20.825694207000083, 39.06976959800005 ], [ 20.822438998000052, 39.114488023000035 ], [ 20.777191602000073, 39.090887762000079 ], [ 20.784027540000068, 39.049261786000045 ], [ 20.743174675000091, 39.029486395000049 ], [ 20.83179772200009, 38.963690497000073 ], [ 20.766368035000085, 38.977606512000079 ], [ 20.735118035000085, 38.950100002000056 ], [ 20.686534050000091, 39.072455145000049 ], [ 20.478851759000065, 39.225165106000077 ], [ 20.482432488000086, 39.28266022300005 ], [ 20.324880405000044, 39.303778387000079 ], [ 20.269704623000052, 39.38735586100006 ], [ 20.23601321700005, 39.399359442000048 ], [ 20.215586785000085, 39.440334377000056 ], [ 20.26734459700009, 39.446926174000055 ], [ 20.215586785000085, 39.494940497000073 ], [ 20.263926629000082, 39.508612372000073 ], [ 20.133555535000085, 39.529730536000045 ], [ 20.146657748000052, 39.570705471000053 ], [ 20.174571160000085, 39.576849677000041 ], [ 20.181813998000052, 39.62445709800005 ], [ 19.999847852000073, 39.693508205000057 ], [ 20.199934530000121, 39.640062154000063 ], [ 20.296466105000064, 39.717370097000057 ], [ 20.280032999000071, 39.803979797000082 ], [ 20.388966919000069, 39.798140361000023 ], [ 20.392997680000065, 39.835450745000045 ], [ 20.317963501000094, 39.918391419000088 ], [ 20.297913045000143, 39.986914368 ], [ 20.376461222000074, 39.993735657000045 ], [ 20.432788533000092, 40.063808899 ], [ 20.577792602000073, 40.067271220000023 ], [ 20.647555786000055, 40.094039612000088 ], [ 20.699128866000137, 40.27836944600007 ], [ 20.770442342000138, 40.362550354000049 ], [ 20.770649048000081, 40.421978251 ], [ 20.839998820000119, 40.471639303000089 ], [ 20.936840454000048, 40.472517802000041 ], [ 21.01879927600001, 40.558972473000026 ], [ 21.035335734000114, 40.659379781000027 ], [ 20.943661743000092, 40.765264791000064 ], [ 20.965262492000079, 40.849394023000045 ] ] ], [ [ [ 24.128428582000083, 34.86273834800005 ], [ 24.135264519000089, 34.815008856000077 ], [ 24.046397332000083, 34.855292059000078 ], [ 24.09310957100007, 34.869533596000053 ], [ 24.128428582000083, 34.86273834800005 ] ] ], [ [ [ 27.002452019000089, 35.43695709800005 ], [ 27.007090691000087, 35.397772528000075 ], [ 26.87671959700009, 35.349351304000038 ], [ 26.848399285000085, 35.372381903000075 ], [ 26.900238477000073, 35.424505927000041 ], [ 27.002452019000089, 35.43695709800005 ] ] ], [ [ [ 26.312347852000073, 35.296942450000074 ], [ 26.265961134000065, 35.259995835000041 ], [ 26.299489780000044, 35.185532945000034 ], [ 26.321136915000068, 35.197943427000041 ], [ 26.277517123000052, 35.100043036000045 ], [ 26.235362175000091, 35.034084377000056 ], [ 26.147227410000085, 35.00226471600007 ], [ 25.984873894000089, 35.039129950000074 ], [ 25.808116082000083, 35.005764065000051 ], [ 25.347666863000086, 34.991522528000075 ], [ 25.107758009000065, 34.937892971000053 ], [ 24.738536004000082, 34.931626695000034 ], [ 24.758962436000047, 35.041489976000037 ], [ 24.71810957100007, 35.093980210000041 ], [ 24.564626498000052, 35.106146552000041 ], [ 24.40211022200009, 35.191107489000046 ], [ 24.049815300000091, 35.191107489000046 ], [ 23.98764082100007, 35.233303127000056 ], [ 23.826670769000089, 35.25259023600006 ], [ 23.68336022200009, 35.225816148000035 ], [ 23.610524936000047, 35.234930731000077 ], [ 23.518239780000044, 35.307766018000052 ], [ 23.552989129000082, 35.321478583000044 ], [ 23.538584832000083, 35.374090887000079 ], [ 23.573496941000087, 35.434759833000044 ], [ 23.580332879000082, 35.575913804000038 ], [ 23.604746941000087, 35.612616278000075 ], [ 23.619883660000085, 35.52407461100006 ], [ 23.659434441000087, 35.501206773000035 ], [ 23.71843509200005, 35.512844143000052 ], [ 23.711192254000082, 35.648871161000045 ], [ 23.74154707100007, 35.68695709800005 ], [ 23.77898196700005, 35.671535549000055 ], [ 23.77898196700005, 35.575913804000038 ], [ 23.817149285000085, 35.534816799000055 ], [ 24.025401238000086, 35.520697333000044 ], [ 24.094086134000065, 35.554185289000088 ], [ 24.08179772200009, 35.589911200000074 ], [ 24.18295332100007, 35.585598049000055 ], [ 24.203298373000052, 35.541815497000073 ], [ 24.18295332100007, 35.513251044000071 ], [ 24.081228061000047, 35.514960028000075 ], [ 24.07195071700005, 35.49835846600007 ], [ 24.186696811000047, 35.45180898600006 ], [ 24.252452019000089, 35.479071356000077 ], [ 24.265472852000073, 35.36985911700009 ], [ 24.340098504000082, 35.348334052000041 ], [ 24.720957879000082, 35.427232164000088 ], [ 24.840830925000091, 35.403998114000046 ], [ 24.895518425000091, 35.424505927000041 ], [ 24.957530144000089, 35.403998114000046 ], [ 24.971202019000089, 35.424505927000041 ], [ 25.053233269000089, 35.403998114000046 ], [ 25.055349155000044, 35.355210679000038 ], [ 25.076996290000068, 35.34446849200009 ], [ 25.375987175000091, 35.343166408000059 ], [ 25.453623894000089, 35.294134833000044 ], [ 25.65992272200009, 35.349351304000038 ], [ 25.766368035000085, 35.335679429000038 ], [ 25.724782748000052, 35.294134833000044 ], [ 25.729258660000085, 35.264553127000056 ], [ 25.750987175000091, 35.284125067000048 ], [ 25.758962436000047, 35.259995835000041 ], [ 25.73218834700009, 35.246323960000041 ], [ 25.712738477000073, 35.182847398000035 ], [ 25.728526238000086, 35.133368231000077 ], [ 25.795258009000065, 35.115139065000051 ], [ 25.896657748000052, 35.184881903000075 ], [ 26.060557488000086, 35.233303127000056 ], [ 26.155121290000068, 35.197943427000041 ], [ 26.25953209700009, 35.284491278000075 ], [ 26.293955925000091, 35.287909247000073 ], [ 26.293955925000091, 35.315252997000073 ], [ 26.321136915000068, 35.315252997000073 ], [ 26.312347852000073, 35.296942450000074 ] ] ], [ [ [ 27.233164910000085, 35.504095770000049 ], [ 27.232432488000086, 35.472235419000071 ], [ 27.180918816000087, 35.468939520000049 ], [ 27.136241082000083, 35.403998114000046 ], [ 27.143077019000089, 35.420396226000037 ], [ 27.093028191000087, 35.451849677000041 ], [ 27.11882571700005, 35.482652085000041 ], [ 27.113780144000089, 35.550970770000049 ], [ 27.067881707000083, 35.588934637000079 ], [ 27.154144727000073, 35.717962958000044 ], [ 27.156748894000089, 35.801214911000045 ], [ 27.220957879000082, 35.829250393000052 ], [ 27.218760613000086, 35.726141669000071 ], [ 27.156504754000082, 35.618801174000055 ], [ 27.220876498000052, 35.551011460000041 ], [ 27.203786655000044, 35.527167059000078 ], [ 27.233164910000085, 35.504095770000049 ] ] ], [ [ [ 23.271739129000082, 35.904242255000042 ], [ 23.330739780000044, 35.864935614000046 ], [ 23.333262566000087, 35.829169012000079 ], [ 23.271739129000082, 35.904242255000042 ] ] ], [ [ [ 23.011729363000086, 36.308294989000046 ], [ 23.103851759000065, 36.237209377000056 ], [ 23.058441602000073, 36.216457424000055 ], [ 23.052012566000087, 36.14484284100007 ], [ 22.990733269000089, 36.13703034100007 ], [ 22.908702019000089, 36.205959377000056 ], [ 22.901621941000087, 36.338324286000045 ], [ 22.944590691000087, 36.38939036700009 ], [ 23.011729363000086, 36.308294989000046 ] ] ], [ [ [ 25.73023522200009, 36.380113023000035 ], [ 25.767832879000082, 36.401597398000035 ], [ 25.85515384200005, 36.36359284100007 ], [ 25.746429884000065, 36.357977606000077 ], [ 25.73023522200009, 36.380113023000035 ] ] ], [ [ [ 28.239756707000083, 36.438666083000044 ], [ 28.236338738000086, 36.373032945000034 ], [ 28.16342207100007, 36.237697658000059 ], [ 28.061696811000047, 36.116522528000075 ], [ 28.096446160000085, 36.103501695000034 ], [ 28.07593834700009, 36.075588283000059 ], [ 28.08961022200009, 36.055121161000045 ], [ 27.993418816000087, 36.06195709800005 ], [ 27.827403191000087, 35.913763739000046 ], [ 27.780446811000047, 35.890041408000059 ], [ 27.732676629000082, 35.915106512000079 ], [ 27.71225019600007, 35.952704169000071 ], [ 27.757090691000087, 36.084377346000053 ], [ 27.684255405000044, 36.158148505000042 ], [ 27.771983269000089, 36.197821356000077 ], [ 27.803233269000089, 36.270209052000041 ], [ 27.899668816000087, 36.34015534100007 ], [ 28.118418816000087, 36.427679755000042 ], [ 28.183929884000065, 36.42446523600006 ], [ 28.213877800000034, 36.455471096000053 ], [ 28.239756707000083, 36.438666083000044 ] ] ], [ [ [ 25.417979363000086, 36.470404364000046 ], [ 25.491384311000047, 36.397691148000035 ], [ 25.44662519600007, 36.336330471000053 ], [ 25.361664259000065, 36.356756903000075 ], [ 25.436778191000087, 36.39093659100007 ], [ 25.421885613000086, 36.451117255000042 ], [ 25.36850019600007, 36.466620184000078 ], [ 25.417979363000086, 36.470404364000046 ] ] ], [ [ [ 27.387461785000085, 36.420843817000048 ], [ 27.44467207100007, 36.404527085000041 ], [ 27.399261915000068, 36.378729559000078 ], [ 27.364756707000083, 36.393377997000073 ], [ 27.349619988000086, 36.431219794000071 ], [ 27.314952019000089, 36.411363023000035 ], [ 27.300629102000073, 36.473456122000073 ], [ 27.31023196700005, 36.457709052000041 ], [ 27.36850019600007, 36.472398179000038 ], [ 27.387461785000085, 36.420843817000048 ] ] ], [ [ [ 26.393321160000085, 36.636542059000078 ], [ 26.465993686000047, 36.582709052000041 ], [ 26.373301629000082, 36.572414455000057 ], [ 26.341644727000073, 36.509344794000071 ], [ 26.265961134000065, 36.547919012000079 ], [ 26.266449415000068, 36.595933335000041 ], [ 26.341644727000073, 36.569037177000041 ], [ 26.403819207000083, 36.589504299000055 ], [ 26.362152540000068, 36.630519924000055 ], [ 26.393321160000085, 36.636542059000078 ] ] ], [ [ [ 27.869883660000085, 36.624253648000035 ], [ 27.87671959700009, 36.541083075000074 ], [ 27.843028191000087, 36.527899481000077 ], [ 27.828298373000052, 36.534247137000079 ], [ 27.84937584700009, 36.547919012000079 ], [ 27.792491082000083, 36.566961981000077 ], [ 27.807871941000087, 36.575873114000046 ], [ 27.760020379000082, 36.575873114000046 ], [ 27.787852410000085, 36.616848049000055 ], [ 27.86101321700005, 36.646714585000041 ], [ 27.815277540000068, 36.61001211100006 ], [ 27.869883660000085, 36.624253648000035 ] ] ], [ [ [ 24.868174675000091, 36.665228583000044 ], [ 24.963715040000068, 36.59634023600006 ], [ 24.840830925000091, 36.665228583000044 ], [ 24.868174675000091, 36.665228583000044 ] ] ], [ [ [ 25.185801629000082, 36.719142971000053 ], [ 25.129567905000044, 36.660345770000049 ], [ 25.067393425000091, 36.637884833000044 ], [ 25.104665561000047, 36.699367580000057 ], [ 25.185801629000082, 36.719142971000053 ] ] ], [ [ [ 21.75953209700009, 36.751898505000042 ], [ 21.781586134000065, 36.736395575000074 ], [ 21.777842644000089, 36.699367580000057 ], [ 21.750498894000089, 36.712388414000088 ], [ 21.75953209700009, 36.751898505000042 ] ] ], [ [ [ 24.47437584700009, 36.747137762000079 ], [ 24.546071811000047, 36.753973700000074 ], [ 24.537608269000089, 36.681382554000038 ], [ 24.326996290000068, 36.650946356000077 ], [ 24.326996290000068, 36.719875393000052 ], [ 24.354258660000085, 36.753973700000074 ], [ 24.407237175000091, 36.707261460000041 ], [ 24.46070397200009, 36.699367580000057 ], [ 24.459157748000052, 36.726711330000057 ], [ 24.408864780000044, 36.760809637000079 ], [ 24.47437584700009, 36.747137762000079 ] ] ], [ [ [ 24.608164910000085, 36.781317450000074 ], [ 24.66773522200009, 36.76398346600007 ], [ 24.644786004000082, 36.747259833000044 ], [ 24.608164910000085, 36.781317450000074 ] ] ], [ [ [ 25.373220248000052, 36.653713283000059 ], [ 25.251800977000073, 36.726711330000057 ], [ 25.262705925000091, 36.767645575000074 ], [ 25.306976759000065, 36.794989325000074 ], [ 25.409434441000087, 36.712388414000088 ], [ 25.373220248000052, 36.653713283000059 ] ] ], [ [ [ 21.695811394000089, 36.740383205000057 ], [ 21.709483269000089, 36.801743882000039 ], [ 21.729340040000068, 36.794989325000074 ], [ 21.695811394000089, 36.740383205000057 ] ] ], [ [ [ 24.608164910000085, 36.829087632000039 ], [ 24.572764519000089, 36.781927802000041 ], [ 24.539805535000085, 36.784491278000075 ], [ 24.52116946700005, 36.817368882000039 ], [ 24.561778191000087, 36.845648505000042 ], [ 24.608164910000085, 36.829087632000039 ] ] ], [ [ [ 25.434418165000068, 36.822658596000053 ], [ 25.44695071700005, 36.857407945000034 ], [ 25.478363477000073, 36.870672919000071 ], [ 25.477793816000087, 36.835150458000044 ], [ 25.434418165000068, 36.822658596000053 ] ] ], [ [ [ 27.28093509200005, 36.907904364000046 ], [ 27.355804884000065, 36.863226630000042 ], [ 27.21420332100007, 36.823879299000055 ], [ 27.129893425000091, 36.760809637000079 ], [ 27.047536655000044, 36.775091864000046 ], [ 26.992035352000073, 36.753607489000046 ], [ 26.972911004000082, 36.678900458000044 ], [ 26.91773522200009, 36.716131903000075 ], [ 26.926280144000089, 36.765611070000034 ], [ 26.98601321700005, 36.767645575000074 ], [ 27.061208530000044, 36.839341539000088 ], [ 27.164235873000052, 36.891180731000077 ], [ 27.28093509200005, 36.907904364000046 ] ] ], [ [ [ 25.61459394600007, 36.893744208000044 ], [ 25.649668816000087, 36.911607164000088 ], [ 25.684418165000068, 36.891180731000077 ], [ 25.654633009000065, 36.878892320000034 ], [ 25.61459394600007, 36.893744208000044 ] ] ], [ [ [ 25.998383009000065, 36.93891022300005 ], [ 26.074717644000089, 36.89329661700009 ], [ 26.005869988000086, 36.891180731000077 ], [ 25.879649285000085, 36.794989325000074 ], [ 25.75554446700005, 36.769964911000045 ], [ 25.739024285000085, 36.794989325000074 ], [ 25.84546959700009, 36.808579820000034 ], [ 25.863129102000073, 36.835923570000034 ], [ 25.84546959700009, 36.849554755000042 ], [ 25.971853061000047, 36.898016669000071 ], [ 25.950694207000083, 36.918443101000037 ], [ 25.998383009000065, 36.93891022300005 ] ] ], [ [ [ 25.066661004000082, 36.955145575000074 ], [ 25.025889519000089, 37.007879950000074 ], [ 25.087901238000086, 37.041978257000039 ], [ 25.05990644600007, 36.973089911000045 ], [ 25.081065300000091, 36.952622789000088 ], [ 25.066661004000082, 36.955145575000074 ] ] ], [ [ [ 24.71615644600007, 37.020086981000077 ], [ 24.765798373000052, 36.949204820000034 ], [ 24.71062259200005, 36.904201565000051 ], [ 24.64226321700005, 37.048814195000034 ], [ 24.71615644600007, 37.020086981000077 ] ] ], [ [ [ 26.920258009000065, 36.958807684000078 ], [ 26.953868035000085, 37.027899481000077 ], [ 26.917165561000047, 37.04165273600006 ], [ 26.889821811000047, 37.089789130000042 ], [ 26.98601321700005, 37.048814195000034 ], [ 27.007090691000087, 37.000433661000045 ], [ 27.04428144600007, 36.996242580000057 ], [ 27.04037519600007, 36.945054429000038 ], [ 26.993418816000087, 36.952622789000088 ], [ 26.983409050000091, 36.929510809000078 ], [ 26.94507897200009, 36.925930080000057 ], [ 26.920258009000065, 36.958807684000078 ] ] ], [ [ [ 25.836761915000068, 37.102362372000073 ], [ 25.780528191000087, 37.123968817000048 ], [ 25.834646030000044, 37.137600002000056 ], [ 25.836761915000068, 37.102362372000073 ] ] ], [ [ [ 25.268809441000087, 37.046128648000035 ], [ 25.188487175000091, 36.985296942000048 ], [ 25.103363477000073, 37.012884833000044 ], [ 25.15007571700005, 37.110541083000044 ], [ 25.238780144000089, 37.151841539000088 ], [ 25.22396894600007, 37.134344794000071 ], [ 25.259287957000083, 37.123968817000048 ], [ 25.266123894000089, 37.151841539000088 ], [ 25.293304884000065, 37.151841539000088 ], [ 25.262950066000087, 37.089829820000034 ], [ 25.268809441000087, 37.046128648000035 ] ] ], [ [ [ 25.533702019000089, 37.200669664000088 ], [ 25.592458530000044, 37.142523505000042 ], [ 25.580821160000085, 37.017767645000049 ], [ 25.55250084700009, 36.968939520000049 ], [ 25.449880405000044, 36.918443101000037 ], [ 25.341807488000086, 37.082953192000048 ], [ 25.533702019000089, 37.200669664000088 ] ] ], [ [ [ 24.436208530000044, 37.185370184000078 ], [ 24.520518425000091, 37.203924872000073 ], [ 24.532399936000047, 37.130113023000035 ], [ 24.518809441000087, 37.144435940000051 ], [ 24.498301629000082, 37.110296942000048 ], [ 24.459483269000089, 37.137193101000037 ], [ 24.422536655000044, 37.123968817000048 ], [ 24.436208530000044, 37.185370184000078 ] ] ], [ [ [ 23.094411655000044, 37.274725653000075 ], [ 23.158457879000082, 37.271389065000051 ], [ 23.162364129000082, 37.244208075000074 ], [ 23.094411655000044, 37.274725653000075 ] ] ], [ [ [ 23.587168816000087, 37.370917059000078 ], [ 23.505137566000087, 37.349839585000041 ], [ 23.496836785000085, 37.320013739000046 ], [ 23.374278191000087, 37.302679755000042 ], [ 23.463633660000085, 37.357326565000051 ], [ 23.587168816000087, 37.370917059000078 ] ] ], [ [ [ 24.367930535000085, 37.411932684000078 ], [ 24.443695509000065, 37.487005927000041 ], [ 24.430511915000068, 37.44603099200009 ], [ 24.482676629000082, 37.41242096600007 ], [ 24.443695509000065, 37.349839585000041 ], [ 24.367930535000085, 37.309515692000048 ], [ 24.40211022200009, 37.370917059000078 ], [ 24.394786004000082, 37.411769924000055 ], [ 24.367930535000085, 37.411932684000078 ] ] ], [ [ [ 25.457286004000082, 37.44603099200009 ], [ 25.306976759000065, 37.411932684000078 ], [ 25.326426629000082, 37.462876695000034 ], [ 25.312673373000052, 37.488226630000042 ], [ 25.347992384000065, 37.50812409100007 ], [ 25.377289259000065, 37.46743398600006 ], [ 25.395355665000068, 37.493963934000078 ], [ 25.462901238000086, 37.470038153000075 ], [ 25.457286004000082, 37.44603099200009 ] ] ], [ [ [ 24.948090040000068, 37.485581773000035 ], [ 24.964040561000047, 37.401760158000059 ], [ 24.881846550000091, 37.363511460000041 ], [ 24.888682488000086, 37.398260809000078 ], [ 24.861338738000086, 37.398260809000078 ], [ 24.89812259200005, 37.44867584800005 ], [ 24.895355665000068, 37.510443427000041 ], [ 24.948090040000068, 37.485581773000035 ] ] ], [ [ [ 23.48178144600007, 37.556463934000078 ], [ 23.525645379000082, 37.52179596600007 ], [ 23.436289910000085, 37.52179596600007 ], [ 23.475433790000068, 37.540838934000078 ], [ 23.48178144600007, 37.556463934000078 ] ] ], [ [ [ 25.215993686000047, 37.532904364000046 ], [ 24.997894727000073, 37.637884833000044 ], [ 24.984873894000089, 37.678859768000052 ], [ 25.245616082000083, 37.624212958000044 ], [ 25.259287957000083, 37.590033270000049 ], [ 25.215993686000047, 37.532904364000046 ] ] ], [ [ [ 24.402517123000052, 37.655747789000088 ], [ 24.312998894000089, 37.538234768000052 ], [ 24.275401238000086, 37.531683661000045 ], [ 24.278086785000085, 37.622870184000078 ], [ 24.320648634000065, 37.678859768000052 ], [ 24.37476647200009, 37.68626536700009 ], [ 24.402517123000052, 37.655747789000088 ] ] ], [ [ [ 26.362152540000068, 37.68626536700009 ], [ 26.230642123000052, 37.571356512000079 ], [ 25.97632897200009, 37.516017971000053 ], [ 25.979746941000087, 37.548651434000078 ], [ 26.074229363000086, 37.637884833000044 ], [ 26.197438998000052, 37.63226959800005 ], [ 26.280772332000083, 37.675441799000055 ], [ 26.362152540000068, 37.68626536700009 ] ] ], [ [ [ 23.563161655000044, 37.768255927000041 ], [ 23.525645379000082, 37.692450262000079 ], [ 23.48414147200009, 37.678859768000052 ], [ 23.424489780000044, 37.761786200000074 ], [ 23.563161655000044, 37.768255927000041 ] ] ], [ [ [ 27.033864780000044, 37.761379299000055 ], [ 27.061208530000044, 37.706732489000046 ], [ 26.910004102000073, 37.67804596600007 ], [ 26.860850457000083, 37.643377997000073 ], [ 26.787445509000065, 37.64720286700009 ], [ 26.760915561000047, 37.689683335000041 ], [ 26.708262566000087, 37.713568427000041 ], [ 26.598399285000085, 37.67719147300005 ], [ 26.580251498000052, 37.740790106000077 ], [ 26.658050977000073, 37.792792059000078 ], [ 26.80640709700009, 37.814520575000074 ], [ 26.966075066000087, 37.747748114000046 ], [ 26.94507897200009, 37.788723049000055 ], [ 27.067881707000083, 37.774400132000039 ], [ 27.033864780000044, 37.761379299000055 ] ] ], [ [ [ 20.850108269000089, 37.836411851000037 ], [ 20.986827019000089, 37.729885158000059 ], [ 20.996348504000082, 37.699286200000074 ], [ 20.89389082100007, 37.733465887000079 ], [ 20.84351647200009, 37.701564846000053 ], [ 20.846853061000047, 37.653306382000039 ], [ 20.815114780000044, 37.651516018000052 ], [ 20.619476759000065, 37.822821356000077 ], [ 20.619476759000065, 37.864406643000052 ], [ 20.685720248000052, 37.929592190000051 ], [ 20.708994988000086, 37.92523834800005 ], [ 20.74195397200009, 37.862290757000039 ], [ 20.850108269000089, 37.836411851000037 ] ] ], [ [ [ 24.994395379000082, 37.754095770000049 ], [ 24.957530144000089, 37.68626536700009 ], [ 24.892100457000083, 37.76821523600006 ], [ 24.799978061000047, 37.815985419000071 ], [ 24.775726759000065, 37.862250067000048 ], [ 24.738536004000082, 37.891750393000052 ], [ 24.71615644600007, 37.879095770000049 ], [ 24.683848504000082, 37.932684637000079 ], [ 24.693614129000082, 37.965765692000048 ], [ 24.77906334700009, 38.000230210000041 ], [ 24.830088738000086, 37.963080145000049 ], [ 24.848399285000085, 37.914862372000073 ], [ 24.953868035000085, 37.905991929000038 ], [ 24.943369988000086, 37.843329169000071 ], [ 24.984873894000089, 37.815985419000071 ], [ 24.957530144000089, 37.774400132000039 ], [ 24.994395379000082, 37.754095770000049 ] ] ], [ [ [ 23.40211022200009, 37.905991929000038 ], [ 23.49773196700005, 37.966864325000074 ], [ 23.422048373000052, 37.960028387000079 ], [ 23.457367384000065, 37.973618882000039 ], [ 23.42945397200009, 37.987941799000055 ], [ 23.518239780000044, 37.999090887000079 ], [ 23.546153191000087, 37.952541408000059 ], [ 23.573496941000087, 37.952541408000059 ], [ 23.518239780000044, 37.898586330000057 ], [ 23.467051629000082, 37.88422272300005 ], [ 23.40211022200009, 37.905991929000038 ] ] ], [ [ [ 20.71843509200005, 38.066310940000051 ], [ 20.61459394600007, 38.119818427000041 ], [ 20.564952019000089, 38.090318101000037 ], [ 20.509776238000086, 38.11078522300005 ], [ 20.468760613000086, 38.192775783000059 ], [ 20.509776238000086, 38.179673570000034 ], [ 20.445323113000086, 38.276190497000073 ], [ 20.425303582000083, 38.175279039000088 ], [ 20.380056186000047, 38.15180084800005 ], [ 20.34538821700005, 38.182114976000037 ], [ 20.399912957000083, 38.364081122000073 ], [ 20.479014519000089, 38.309475002000056 ], [ 20.529795769000089, 38.337469794000071 ], [ 20.53093509200005, 38.39203522300005 ], [ 20.551280144000089, 38.385158596000053 ], [ 20.537771030000044, 38.473944403000075 ], [ 20.571787957000083, 38.473944403000075 ], [ 20.625824415000068, 38.351752020000049 ], [ 20.599131707000083, 38.302639065000051 ], [ 20.63054446700005, 38.257961330000057 ], [ 20.681651238000086, 38.282131252000056 ], [ 20.805023634000065, 38.115790106000077 ], [ 20.79468834700009, 38.066107489000046 ], [ 20.71843509200005, 38.066310940000051 ] ] ], [ [ [ 20.728037957000083, 38.389227606000077 ], [ 20.75749759200005, 38.371527411000045 ], [ 20.737559441000087, 38.371527411000045 ], [ 20.763682488000086, 38.323065497000073 ], [ 20.719411655000044, 38.315619208000044 ], [ 20.687836134000065, 38.336737372000073 ], [ 20.619476759000065, 38.481390692000048 ], [ 20.671885613000086, 38.497544664000088 ], [ 20.661143425000091, 38.460882880000042 ], [ 20.708994988000086, 38.446600653000075 ], [ 20.674815300000091, 38.37767161700009 ], [ 20.728037957000083, 38.389227606000077 ] ] ], [ [ [ 20.94109134200005, 38.60423411700009 ], [ 20.90756269600007, 38.549017645000049 ], [ 20.89389082100007, 38.549017645000049 ], [ 20.932139519000089, 38.603013414000088 ], [ 20.94109134200005, 38.60423411700009 ] ] ], [ [ [ 26.163584832000083, 38.542792059000078 ], [ 26.144379102000073, 38.49290599200009 ], [ 26.121918165000068, 38.487534898000035 ], [ 26.15406334700009, 38.467271226000037 ], [ 26.139333530000044, 38.418890692000048 ], [ 26.163584832000083, 38.302639065000051 ], [ 26.113536004000082, 38.284247137000079 ], [ 26.112071160000085, 38.222601630000042 ], [ 26.040049675000091, 38.200181382000039 ], [ 26.009776238000086, 38.156724351000037 ], [ 25.910411004000082, 38.226955471000053 ], [ 25.889821811000047, 38.220648505000042 ], [ 25.889821811000047, 38.247992255000042 ], [ 25.866058790000068, 38.245672919000071 ], [ 25.876231316000087, 38.275295315000051 ], [ 25.964366082000083, 38.302639065000051 ], [ 25.989024285000085, 38.379299221000053 ], [ 25.950694207000083, 38.405666408000059 ], [ 25.943858269000089, 38.45343659100007 ], [ 25.843272332000083, 38.515326239000046 ], [ 25.848887566000087, 38.58038971600007 ], [ 26.015879754000082, 38.602036851000037 ], [ 26.063975457000083, 38.590033270000049 ], [ 26.108246290000068, 38.542792059000078 ], [ 26.143565300000091, 38.564398505000042 ], [ 26.163584832000083, 38.542792059000078 ] ] ], [ [ [ 25.526133660000085, 38.60423411700009 ], [ 25.622325066000087, 38.583807684000078 ], [ 25.604991082000083, 38.535345770000049 ], [ 25.560801629000082, 38.535345770000049 ], [ 25.526133660000085, 38.60423411700009 ] ] ], [ [ [ 20.602305535000085, 38.626776434000078 ], [ 20.54460696700005, 38.569525458000044 ], [ 20.602549675000091, 38.781724351000037 ], [ 20.686289910000085, 38.850083726000037 ], [ 20.729340040000068, 38.781724351000037 ], [ 20.728851759000065, 38.730617580000057 ], [ 20.69695071700005, 38.689846096000053 ], [ 20.722504102000073, 38.707261460000041 ], [ 20.715993686000047, 38.627020575000074 ], [ 20.695323113000086, 38.638413804000038 ], [ 20.702159050000091, 38.61790599200009 ], [ 20.648936394000089, 38.608587958000044 ], [ 20.647634311000047, 38.583807684000078 ], [ 20.602305535000085, 38.626776434000078 ] ] ], [ [ [ 24.678558790000068, 38.806789455000057 ], [ 24.657481316000087, 38.769232489000046 ], [ 24.600759311000047, 38.792669989000046 ], [ 24.566661004000082, 38.762518622000073 ], [ 24.532399936000047, 38.796087958000044 ], [ 24.57398522200009, 38.809759833000044 ], [ 24.556976759000065, 38.845689195000034 ], [ 24.436208530000044, 38.877997137000079 ], [ 24.462168816000087, 38.910956122000073 ], [ 24.461110873000052, 38.967678127000056 ], [ 24.491465691000087, 38.981024481000077 ], [ 24.560720248000052, 38.944159247000073 ], [ 24.578623894000089, 38.875555731000077 ], [ 24.678558790000068, 38.806789455000057 ] ] ], [ [ [ 24.58765709700009, 38.159247137000079 ], [ 24.594493035000085, 38.062404690000051 ], [ 24.55209394600007, 37.978176174000055 ], [ 24.476898634000065, 37.962469794000071 ], [ 24.429698113000086, 38.021185614000046 ], [ 24.371755405000044, 37.971909898000035 ], [ 24.286306186000047, 38.08624909100007 ], [ 24.203949415000068, 38.090318101000037 ], [ 24.210785352000073, 38.12445709800005 ], [ 24.18295332100007, 38.134995835000041 ], [ 24.210785352000073, 38.166001695000034 ], [ 24.18531334700009, 38.217962958000044 ], [ 24.126231316000087, 38.217474677000041 ], [ 24.153493686000047, 38.281317450000074 ], [ 24.109385613000086, 38.256293036000045 ], [ 24.121592644000089, 38.309475002000056 ], [ 24.025401238000086, 38.330511786000045 ], [ 24.066905144000089, 38.35101959800005 ], [ 24.042246941000087, 38.401516018000052 ], [ 23.649180535000085, 38.405666408000059 ], [ 23.614431186000047, 38.460882880000042 ], [ 23.594004754000082, 38.45343659100007 ], [ 23.635752800000091, 38.500921942000048 ], [ 23.614105665000068, 38.557928778000075 ], [ 23.505137566000087, 38.597398179000038 ], [ 23.445974155000044, 38.676743882000039 ], [ 23.202321811000047, 38.829901434000078 ], [ 23.069102410000085, 38.846584377000056 ], [ 22.969411655000044, 38.889105536000045 ], [ 22.95639082100007, 38.877997137000079 ], [ 22.99195397200009, 38.86469147300005 ], [ 22.98178144600007, 38.845038153000075 ], [ 22.833018425000091, 38.822739976000037 ], [ 22.837412957000083, 38.854478257000039 ], [ 23.035655144000089, 38.92641836100006 ], [ 23.127452019000089, 39.005804755000042 ], [ 23.309255405000044, 39.038234768000052 ], [ 23.425629102000073, 38.954331773000035 ], [ 23.480479363000086, 38.838080145000049 ], [ 23.594004754000082, 38.789252020000049 ], [ 23.594004754000082, 38.770209052000041 ], [ 23.722666863000086, 38.761948960000041 ], [ 23.75359134200005, 38.719183661000045 ], [ 23.857595248000052, 38.682521877000056 ], [ 24.073090040000068, 38.679388739000046 ], [ 24.15560957100007, 38.65265534100007 ], [ 24.126231316000087, 38.635199286000045 ], [ 24.126475457000083, 38.598578192000048 ], [ 24.231455925000091, 38.522365627000056 ], [ 24.188161655000044, 38.474107164000088 ], [ 24.203949415000068, 38.412502346000053 ], [ 24.185069207000083, 38.407619533000059 ], [ 24.252452019000089, 38.292385158000059 ], [ 24.252452019000089, 38.22797272300005 ], [ 24.344411655000044, 38.159247137000079 ], [ 24.477793816000087, 38.138739325000074 ], [ 24.58765709700009, 38.159247137000079 ] ] ], [ [ [ 23.460459832000083, 39.131822007000039 ], [ 23.395274285000085, 39.146144924000055 ], [ 23.398692254000082, 39.163641669000071 ], [ 23.47046959700009, 39.213812567000048 ], [ 23.512868686000047, 39.178534247000073 ], [ 23.460459832000083, 39.131822007000039 ] ] ], [ [ [ 23.658050977000073, 39.097723700000074 ], [ 23.587168816000087, 39.207586981000077 ], [ 23.79265384200005, 39.118150132000039 ], [ 23.716807488000086, 39.077215887000079 ], [ 23.658050977000073, 39.097723700000074 ] ] ], [ [ [ 20.125336134000065, 39.236029364000046 ], [ 20.190114780000044, 39.202622789000088 ], [ 20.201914910000085, 39.179632880000042 ], [ 20.158702019000089, 39.189154364000046 ], [ 20.125336134000065, 39.236029364000046 ] ] ], [ [ [ 23.966970248000052, 39.251166083000044 ], [ 23.864512566000087, 39.14398834800005 ], [ 23.833506707000083, 39.146144924000055 ], [ 23.957041863000086, 39.289496161000045 ], [ 23.966970248000052, 39.251166083000044 ] ] ], [ [ [ 26.612315300000091, 39.040228583000044 ], [ 26.59742272200009, 39.011948960000041 ], [ 26.539398634000065, 39.019354559000078 ], [ 26.51929772200009, 39.036281643000052 ], [ 26.526621941000087, 39.08344147300005 ], [ 26.489268425000091, 39.113674221000053 ], [ 26.437022332000083, 39.103501695000034 ], [ 26.547129754000082, 38.987860419000071 ], [ 26.424164259000065, 38.967352606000077 ], [ 26.16570071700005, 39.022406317000048 ], [ 26.087901238000086, 39.08344147300005 ], [ 26.225596550000091, 39.131822007000039 ], [ 26.293467644000089, 39.177150783000059 ], [ 26.280039910000085, 39.196437893000052 ], [ 26.187347852000073, 39.202053127000056 ], [ 26.063975457000083, 39.090887762000079 ], [ 25.888926629000082, 39.144720770000049 ], [ 25.834646030000044, 39.179632880000042 ], [ 25.842051629000082, 39.228013414000088 ], [ 25.917246941000087, 39.296942450000074 ], [ 25.936371290000068, 39.276556708000044 ], [ 26.033213738000086, 39.28266022300005 ], [ 26.046885613000086, 39.303168036000045 ], [ 26.060557488000086, 39.289496161000045 ], [ 26.162771030000044, 39.323635158000059 ], [ 26.163584832000083, 39.378851630000042 ], [ 26.362152540000068, 39.378851630000042 ], [ 26.354746941000087, 39.356512762000079 ], [ 26.417491082000083, 39.330471096000053 ], [ 26.38217207100007, 39.277085679000038 ], [ 26.539724155000044, 39.165961005000042 ], [ 26.530772332000083, 39.150620835000041 ], [ 26.612315300000091, 39.040228583000044 ] ] ], [ [ [ 25.047373894000089, 39.545355536000045 ], [ 25.04037519600007, 39.520575262000079 ], [ 24.984873894000089, 39.466986395000049 ], [ 24.976573113000086, 39.537665106000077 ], [ 25.003184441000087, 39.56321849200009 ], [ 25.047373894000089, 39.545355536000045 ] ] ], [ [ [ 20.081879102000073, 39.447333075000074 ], [ 20.105723504000082, 39.364650783000059 ], [ 19.91179446700005, 39.43032461100006 ], [ 19.92750084700009, 39.447170315000051 ], [ 19.865570509000065, 39.468573309000078 ], [ 19.828868035000085, 39.572333075000074 ], [ 19.748545769000089, 39.620021877000056 ], [ 19.718923373000052, 39.673081773000035 ], [ 19.68132571700005, 39.67999909100007 ], [ 19.671722852000073, 39.72406647300005 ], [ 19.653168165000068, 39.714667059000078 ], [ 19.626475457000083, 39.748236395000049 ], [ 19.667491082000083, 39.793524481000077 ], [ 19.851817254000082, 39.82453034100007 ], [ 19.948008660000085, 39.790350653000075 ], [ 19.933767123000052, 39.741156317000048 ], [ 19.84156334700009, 39.704169012000079 ], [ 19.844981316000087, 39.65265534100007 ], [ 19.92750084700009, 39.62531159100007 ], [ 19.90015709700009, 39.604193427000041 ], [ 19.936534050000091, 39.47296784100007 ], [ 20.032725457000083, 39.439276434000078 ], [ 20.081879102000073, 39.447333075000074 ] ] ], [ [ [ 25.44117272200009, 40.026068427000041 ], [ 25.449880405000044, 39.988430080000057 ], [ 25.401621941000087, 39.963771877000056 ], [ 25.388926629000082, 39.919501044000071 ], [ 25.347992384000065, 39.906439520000049 ], [ 25.36850019600007, 39.898993231000077 ], [ 25.340342644000089, 39.874212958000044 ], [ 25.369883660000085, 39.81712474200009 ], [ 25.34896894600007, 39.787665106000077 ], [ 25.238780144000089, 39.85805898600006 ], [ 25.279795769000089, 39.889105536000045 ], [ 25.250661655000044, 39.918524481000077 ], [ 25.197113477000073, 39.892808335000041 ], [ 25.225108269000089, 39.88540273600006 ], [ 25.177256707000083, 39.845038153000075 ], [ 25.202159050000091, 39.841009833000044 ], [ 25.21452884200005, 39.803412177000041 ], [ 25.143239780000044, 39.817084052000041 ], [ 25.164886915000068, 39.859076239000046 ], [ 25.135752800000091, 39.837591864000046 ], [ 25.122080925000091, 39.85805898600006 ], [ 25.047048373000052, 39.837591864000046 ], [ 25.068207227000073, 39.920803127000056 ], [ 25.033376498000052, 39.995266018000052 ], [ 25.225108269000089, 40.008856512000079 ], [ 25.285166863000086, 39.953355210000041 ], [ 25.382090691000087, 40.022528387000079 ], [ 25.44117272200009, 40.026068427000041 ] ] ], [ [ [ 25.695323113000086, 40.432684637000079 ], [ 25.567149285000085, 40.399888414000088 ], [ 25.443532748000052, 40.48187897300005 ], [ 25.57585696700005, 40.514715887000079 ], [ 25.671885613000086, 40.487494208000044 ], [ 25.695323113000086, 40.432684637000079 ] ] ], [ [ [ 24.765472852000073, 40.734320380000042 ], [ 24.786387566000087, 40.707831122000073 ], [ 24.765798373000052, 40.669663804000038 ], [ 24.780121290000068, 40.612209377000056 ], [ 24.64226321700005, 40.57062409100007 ], [ 24.586761915000068, 40.622015692000048 ], [ 24.516774936000047, 40.639105536000045 ], [ 24.533376498000052, 40.71820709800005 ], [ 24.64226321700005, 40.803941148000035 ], [ 24.731700066000087, 40.78351471600007 ], [ 24.786387566000087, 40.735052802000041 ], [ 24.765472852000073, 40.734320380000042 ] ] ], [ [ [ 23.884287957000083, 36.843573309000078 ], [ 23.884287957000083, 36.83234284100007 ], [ 23.87671959700009, 36.843695380000042 ], [ 23.884287957000083, 36.843573309000078 ] ] ], [ [ [ 23.456065300000091, 36.927801825000074 ], [ 23.463877800000091, 36.903998114000046 ], [ 23.449717644000089, 36.92914459800005 ], [ 23.456065300000091, 36.927801825000074 ] ] ], [ [ [ 27.616465691000087, 36.242621161000045 ], [ 27.610118035000085, 36.216498114000046 ], [ 27.51889082100007, 36.216864325000074 ], [ 27.526540561000047, 36.240057684000078 ], [ 27.616465691000087, 36.242621161000045 ] ] ], [ [ [ 27.19467207100007, 36.606919664000088 ], [ 27.198008660000085, 36.568304755000042 ], [ 27.129730665000068, 36.569525458000044 ], [ 27.137217644000089, 36.600083726000037 ], [ 27.19467207100007, 36.606919664000088 ] ] ], [ [ [ 26.844086134000065, 37.162014065000051 ], [ 26.886892123000052, 37.105698960000041 ], [ 26.83757571700005, 37.104722398000035 ], [ 26.852305535000085, 37.124579169000071 ], [ 26.817230665000068, 37.11985911700009 ], [ 26.816905144000089, 37.146551825000074 ], [ 26.772715691000087, 37.182684637000079 ], [ 26.80827884200005, 37.200262762000079 ], [ 26.849782748000052, 37.187323309000078 ], [ 26.844086134000065, 37.162014065000051 ] ] ], [ [ [ 26.603688998000052, 37.349432684000078 ], [ 26.548838738000086, 37.326564846000053 ], [ 26.56771894600007, 37.274644273000035 ], [ 26.546397332000083, 37.277167059000078 ], [ 26.528575066000087, 37.300726630000042 ], [ 26.536387566000087, 37.372707424000055 ], [ 26.603688998000052, 37.349432684000078 ] ] ], [ [ [ 24.732920769000089, 37.632066148000035 ], [ 24.71810957100007, 37.593573309000078 ], [ 24.659678582000083, 37.60687897300005 ], [ 24.732920769000089, 37.632066148000035 ] ] ], [ [ [ 20.951670769000089, 38.649237372000073 ], [ 20.941661004000082, 38.627386786000045 ], [ 20.870616082000083, 38.582505601000037 ], [ 20.903819207000083, 38.642767645000049 ], [ 20.951670769000089, 38.649237372000073 ] ] ], [ [ [ 20.805023634000065, 38.665676174000055 ], [ 20.759613477000073, 38.627386786000045 ], [ 20.800059441000087, 38.595445054000038 ], [ 20.75171959700009, 38.626044012000079 ], [ 20.736989780000044, 38.652167059000078 ], [ 20.805023634000065, 38.665676174000055 ] ] ], [ [ [ 24.090586785000085, 39.349025783000059 ], [ 24.081879102000073, 39.304754950000074 ], [ 24.063161655000044, 39.297023830000057 ], [ 24.044932488000086, 39.341498114000046 ], [ 24.067149285000085, 39.363023179000038 ], [ 24.090586785000085, 39.349025783000059 ] ] ] ] } },
{ "type": "Feature", "properties": { "iso3": "AUT", "NAME": "Austria", "assessed": true }, "geometry": { "type": "Polygon", "coordinates": [ [ [ 16.95434452300006, 48.557398987000042 ], [ 16.864944295000072, 48.458076885000068 ], [ 16.844480428000111, 48.365601909000034 ], [ 16.901944621000041, 48.339401958000039 ], [ 16.916620727000122, 48.290800273000016 ], [ 16.95434452300006, 48.273126933000114 ], [ 16.981939738000079, 48.161299134000032 ], [ 17.080228312000088, 48.097607931000127 ], [ 17.069686320000102, 48.035673726000098 ], [ 17.148337850000075, 48.005443014 ], [ 17.085602661000053, 47.970148011000092 ], [ 17.067619262000051, 47.881626282000056 ], [ 17.004057251000091, 47.86328114800007 ], [ 17.055630330000099, 47.812354025000033 ], [ 17.05056604000012, 47.730989482000027 ], [ 17.075370728000053, 47.708484396000088 ], [ 16.902668091000123, 47.68202606200002 ], [ 16.864737589000129, 47.686728617000071 ], [ 16.850164836000147, 47.712928569 ], [ 16.797454874000039, 47.675463156000021 ], [ 16.730378866000109, 47.685901795000049 ], [ 16.689864543000112, 47.729568380000032 ], [ 16.567804810000041, 47.75419220000002 ], [ 16.407814575000089, 47.661329651000088 ], [ 16.630229940000106, 47.622003886000087 ], [ 16.650590454000053, 47.56655507400005 ], [ 16.689141072000012, 47.538029684 ], [ 16.636844523000093, 47.493200378 ], [ 16.640875284000089, 47.452918600000046 ], [ 16.481918579000109, 47.392302145000073 ], [ 16.456597128000027, 47.411835836000094 ], [ 16.433962850000086, 47.396849671000027 ], [ 16.424351034000068, 47.345199077000089 ], [ 16.473236938000042, 47.276805319000104 ], [ 16.421353800000048, 47.243138123000065 ], [ 16.41277551200011, 47.187172546000042 ], [ 16.441817667000123, 47.177121480000025 ], [ 16.433652792000089, 47.145753886000094 ], [ 16.50951379300011, 47.137537334000072 ], [ 16.454323364000118, 47.081700949 ], [ 16.493184041000063, 47.04914479600005 ], [ 16.424661092000065, 47.024081726000034 ], [ 16.486362752000105, 46.998553569000094 ], [ 16.274902791000073, 47.004315491000071 ], [ 16.223949829000105, 46.941063538 ], [ 16.110054972000086, 46.867915548000028 ], [ 15.981690715000099, 46.827685446 ], [ 15.970528606000073, 46.74301361100008 ], [ 16.01672257900006, 46.670691342000012 ], [ 15.850742635000103, 46.724487611000043 ], [ 15.72868290200006, 46.702990215000099 ], [ 15.635975382000055, 46.717562968000053 ], [ 15.626983684000038, 46.680872701000098 ], [ 15.545955037000112, 46.671881002000035 ], [ 15.511228475000081, 46.628369446000121 ], [ 15.462652628000058, 46.614649353000104 ], [ 15.388135214000016, 46.645577698000082 ], [ 15.061953572000107, 46.649556783000079 ], [ 15.004386027000066, 46.636844381000017 ], [ 14.96717899500004, 46.600257467000077 ], [ 14.93358931500012, 46.621134746000067 ], [ 14.850390259000108, 46.601135967000019 ], [ 14.788585245000121, 46.506645610000064 ], [ 14.590147746000099, 46.434427795000019 ], [ 14.540331665000082, 46.378643087000071 ], [ 14.502194458000105, 46.418356426000074 ], [ 14.395844361000115, 46.440990702000093 ], [ 14.149864543000064, 46.440060527000057 ], [ 14.050025676000132, 46.48439890500002 ], [ 13.670255574000066, 46.51871205700003 ], [ 13.478019246000116, 46.563567200000122 ], [ 13.231109253000056, 46.552172547000012 ], [ 13.14646325700005, 46.584961243000024 ], [ 12.830410197000077, 46.609636740000028 ], [ 12.739873088000081, 46.642993876 ], [ 12.547326701000145, 46.652192281000097 ], [ 12.405009806000095, 46.690122783 ], [ 12.342688029000044, 46.765131124000092 ], [ 12.269100789000049, 46.788566387000046 ], [ 12.266620320000072, 46.868148092000084 ], [ 12.126887247000127, 46.908869120000034 ], [ 12.141666708000031, 46.927989400000044 ], [ 12.111177612000063, 46.9929983520001 ], [ 12.203575073000138, 47.053330588000094 ], [ 12.20419519100011, 47.079685567000055 ], [ 12.180630737000115, 47.085214945000061 ], [ 11.734869832000101, 46.970622457000033 ], [ 11.471836792000119, 47.007080181000035 ], [ 11.411168661000147, 46.970493266000076 ], [ 11.313810262000089, 46.987262268000038 ], [ 11.174490601000059, 46.963852845000062 ], [ 11.091911662000115, 46.912434795000095 ], [ 11.052844279000084, 46.81492136700011 ], [ 10.996930379000105, 46.769110210000051 ], [ 10.722941935000051, 46.786447652000064 ], [ 10.738961629000102, 46.829545797 ], [ 10.647080932000051, 46.863755596 ], [ 10.486263875000134, 46.846366475000067 ], [ 10.453811076000136, 46.864427389000056 ], [ 10.458461955000104, 46.936619365000084 ], [ 10.373402547000097, 46.996253967000072 ], [ 10.313664592000066, 46.964317933000089 ], [ 10.295681193000064, 46.922692566000094 ], [ 10.235116415000107, 46.923312684000066 ], [ 10.201423381000069, 46.866830343000018 ], [ 10.111299683000084, 46.847115784000053 ], [ 9.875138387000106, 46.927420960000077 ], [ 9.857981812000048, 47.015477600000011 ], [ 9.581202840000032, 47.056870423000063 ], [ 9.615722697000109, 47.106764018000021 ], [ 9.552057332000118, 47.166889547000054 ], [ 9.562909383000061, 47.197740377000017 ], [ 9.52115482500011, 47.2628010050001 ], [ 9.649519084000104, 47.409717103000034 ], [ 9.650345907000116, 47.452091777000035 ], [ 9.584510132000048, 47.480720521000094 ], [ 9.547481674000068, 47.534547102000047 ], [ 9.676700887000095, 47.522630107000097 ], [ 9.782120809000048, 47.588414205000063 ], [ 9.81312666900007, 47.541750387 ], [ 9.945935099000053, 47.540768534000037 ], [ 9.982625366000093, 47.481030579 ], [ 10.022622924000075, 47.487955221000064 ], [ 10.080603881000116, 47.427390442000032 ], [ 10.053215373000086, 47.404859518000094 ], [ 10.082877644000064, 47.359074199000062 ], [ 10.209278198000078, 47.372484233000094 ], [ 10.190778036000069, 47.298251038000032 ], [ 10.159875529000061, 47.271120911000068 ], [ 10.305913126000064, 47.302178447000088 ], [ 10.428282918000093, 47.3960486860001 ], [ 10.451950724000113, 47.438759257000115 ], [ 10.41960127800013, 47.49304535000006 ], [ 10.429213094000147, 47.577019552000067 ], [ 10.457118368000124, 47.579241638000084 ], [ 10.453501017000065, 47.546246236000016 ], [ 10.482543172000135, 47.532862040000069 ], [ 10.536906779000105, 47.529864808000056 ], [ 10.583725627000121, 47.562472636000038 ], [ 10.760769083000127, 47.513638407000045 ], [ 10.858644247000115, 47.530665792 ], [ 10.892233928000053, 47.514878643000102 ], [ 10.858437540000068, 47.485164693000016 ], [ 10.959826701000111, 47.432506409000027 ], [ 10.979463745000146, 47.390545146000093 ], [ 11.083746785000102, 47.389511618000128 ], [ 11.193817587000098, 47.42894073500004 ], [ 11.237019083000121, 47.393955790000049 ], [ 11.305645385000076, 47.435400290000089 ], [ 11.383883504000039, 47.444857076000076 ], [ 11.36548669400014, 47.469325867000023 ], [ 11.412615600000038, 47.506093648 ], [ 11.551211792000089, 47.513690084000061 ], [ 11.620458211000113, 47.589654440000018 ], [ 11.820342651000118, 47.575288391000115 ], [ 11.935891154000018, 47.610738424000047 ], [ 12.173602742000099, 47.605079855 ], [ 12.206779012000112, 47.645568339000093 ], [ 12.176599976000119, 47.705823059000082 ], [ 12.242229044000055, 47.732023011000095 ], [ 12.223315470000017, 47.695901184000078 ], [ 12.238715047000113, 47.678899639000051 ], [ 12.424130086000076, 47.691560365 ], [ 12.496580444000074, 47.628902690000061 ], [ 12.653056681000095, 47.675127259000035 ], [ 12.761990600000075, 47.666859029000094 ], [ 12.751655314000061, 47.649392396000039 ], [ 12.81315026900009, 47.611823629000028 ], [ 12.785865112000067, 47.602676901000038 ], [ 12.778940470000094, 47.55482452400004 ], [ 12.931592651000074, 47.473511658000049 ], [ 13.001872599000052, 47.466018576000025 ], [ 13.03732263100008, 47.49304535000006 ], [ 13.028124227000092, 47.541647034000064 ], [ 13.072049194000044, 47.659469299000065 ], [ 13.019855998000139, 47.712928569 ], [ 12.892008504000103, 47.723548076 ], [ 12.99122725400008, 47.847106426000053 ], [ 12.931075887000105, 47.924879456 ], [ 12.862036173000149, 47.962551575000035 ], [ 12.750931844000064, 48.07474111 ], [ 12.745040731000074, 48.12062978200008 ], [ 12.862552938000107, 48.196645813000046 ], [ 13.032775106000145, 48.26356679300001 ], [ 13.274207397000055, 48.307104187000036 ], [ 13.405568888000062, 48.37658315100002 ], [ 13.459209025000121, 48.516393738000019 ], [ 13.440088745000111, 48.560964661000028 ], [ 13.454558146000068, 48.57344451900012 ], [ 13.624366902000105, 48.565357158000026 ], [ 13.716505981000125, 48.521690572000054 ], [ 13.802392211000068, 48.611710918000099 ], [ 13.816861612000082, 48.695581767000093 ], [ 13.783581991000062, 48.715270488000058 ], [ 13.815724731000074, 48.766430156000055 ], [ 13.98232954900007, 48.706485494000063 ], [ 14.034729451000089, 48.661165263000058 ], [ 14.00620406000013, 48.639512838000073 ], [ 14.015195760000097, 48.620392558000063 ], [ 14.074830363000075, 48.59171213900008 ], [ 14.325357706000148, 48.558639221000092 ], [ 14.405352823000101, 48.586286113000099 ], [ 14.458166137000148, 48.643181865000074 ], [ 14.533820434000091, 48.60871368400008 ], [ 14.594178507000095, 48.621322734000032 ], [ 14.675620565000116, 48.576235046000065 ], [ 14.695671020000077, 48.589541728000071 ], [ 14.70383589700009, 48.673102519000096 ], [ 14.775356079000119, 48.724003805000038 ], [ 14.800367472000119, 48.776507060000071 ], [ 14.939583781000039, 48.762812806000071 ], [ 14.982061808000083, 49.007914124000067 ], [ 15.137401164000096, 48.993031311000024 ], [ 15.141948689000117, 48.937479147000019 ], [ 15.238066854000039, 48.950759989000048 ], [ 15.27455041500005, 48.986726787000109 ], [ 15.681347290000076, 48.858465882000061 ], [ 15.818496541000059, 48.872315165000018 ], [ 16.085353638000072, 48.74286570200006 ], [ 16.358308553000114, 48.72725942000001 ], [ 16.453083130000067, 48.80219024700007 ], [ 16.624028767000112, 48.783380026000046 ], [ 16.675085083000084, 48.733925679000023 ], [ 16.798901814000118, 48.70922434500001 ], [ 16.87300581900007, 48.718991191000057 ], [ 16.95434452300006, 48.557398987000042 ] ] ] } },
{ "type": "Feature", "properties": { "iso3": "ITA", "NAME": "Italy", "assessed": false }, "geometry": { "type": "MultiPolygon", "coordinates": [ [ [ [ 7.007716512000115, 45.920505677000094 ], [ 7.153547404000022, 45.87652903300004 ], [ 7.286665893000105, 45.913426005000062 ], [ 7.361803426000108, 45.907844951000058 ], [ 7.541120646000138, 45.984119365000069 ], [ 7.643026571000121, 45.966342672000039 ], [ 7.706278523, 45.925724997000103 ], [ 7.843737833000148, 45.919213766000055 ], [ 7.883781986184766, 45.973868674622011 ], [ 7.998353719000079, 46.010629375000079 ], [ 8.025328817000087, 46.091141256000057 ], [ 8.110594930000076, 46.12695302300007 ], [ 8.129508504000114, 46.196044413000052 ], [ 8.073077840000082, 46.253611959000082 ], [ 8.087340535000038, 46.271802063000038 ], [ 8.281540568000111, 46.370116475000046 ], [ 8.316267130000142, 46.433652649000024 ], [ 8.399156128000072, 46.45217865000005 ], [ 8.427888224000071, 46.448690491000022 ], [ 8.445768270000116, 46.412361959000023 ], [ 8.423237345000103, 46.275832825000052 ], [ 8.438120158000061, 46.235370178000053 ], [ 8.510260457000072, 46.207878317000066 ], [ 8.601831095000136, 46.12281890900006 ], [ 8.808950236000101, 46.089745993000079 ], [ 8.834375041000015, 46.066388245000027 ], [ 8.767919149000079, 45.983085836 ], [ 8.870961954000052, 45.947067363000102 ], [ 8.912096394000031, 45.88340199800011 ], [ 8.900004109000065, 45.826402893000122 ], [ 9.002426798000073, 45.820718486 ], [ 9.063094930000148, 45.898956604000048 ], [ 8.980515991000118, 45.96437896800002 ], [ 9.015552612000135, 45.993111064000018 ], [ 9.002116740000105, 46.039309795000079 ], [ 9.059167521000091, 46.061789043 ], [ 9.090586792000124, 46.138166809000026 ], [ 9.224842163000119, 46.231184387 ], [ 9.275175008000076, 46.331384990000046 ], [ 9.237967977000068, 46.43654653 ], [ 9.282306355000117, 46.497369691000031 ], [ 9.350829305000047, 46.497860616000068 ], [ 9.384625691000025, 46.466415508000026 ], [ 9.434648478000014, 46.498325704000095 ], [ 9.444363648000149, 46.375284119000057 ], [ 9.536451050000068, 46.298622132000034 ], [ 9.674323771000047, 46.291800842000086 ], [ 9.720109090000079, 46.35089284300004 ], [ 9.768064819000102, 46.338619690000101 ], [ 9.918443237000076, 46.371150004000029 ], [ 9.964021851000069, 46.356086325000049 ], [ 9.977561076000114, 46.298105367000076 ], [ 10.031717977000142, 46.260071513000057 ], [ 10.04267338000011, 46.220487366 ], [ 10.075746297000109, 46.220022278000059 ], [ 10.158945353000121, 46.262448629000104 ], [ 10.091765991000074, 46.328956198000057 ], [ 10.14075524900008, 46.402905172000075 ], [ 10.026343627000074, 46.446261699000033 ], [ 10.044016968000079, 46.466983948000077 ], [ 10.032751506000125, 46.532974752000101 ], [ 10.087838582000103, 46.604391582000105 ], [ 10.192121623000048, 46.626819154000103 ], [ 10.233772827000053, 46.617982484 ], [ 10.234703003000106, 46.575297750000104 ], [ 10.295371135000096, 46.551087341000127 ], [ 10.443992554000147, 46.537728984000083 ], [ 10.459082072000058, 46.623563538000028 ], [ 10.395623413000123, 46.638808085000065 ], [ 10.36916508000013, 46.672397766000088 ], [ 10.42869633, 46.755648499000088 ], [ 10.417224162000082, 46.798849997000033 ], [ 10.453811076000136, 46.864427389000056 ], [ 10.527708374000099, 46.843214213000081 ], [ 10.647080932000051, 46.863755596 ], [ 10.738961629000102, 46.829545797 ], [ 10.722941935000051, 46.786447652000064 ], [ 10.996930379000105, 46.769110210000051 ], [ 11.052844279000084, 46.81492136700011 ], [ 11.091911662000115, 46.912434795000095 ], [ 11.174490601000059, 46.963852845000062 ], [ 11.313810262000089, 46.987262268000038 ], [ 11.411168661000147, 46.970493266000076 ], [ 11.471836792000119, 47.007080181000035 ], [ 11.734869832000101, 46.970622457000033 ], [ 12.180630737000115, 47.085214945000061 ], [ 12.20419519100011, 47.079685567000055 ], [ 12.203575073000138, 47.053330588000094 ], [ 12.111177612000063, 46.9929983520001 ], [ 12.141666708000031, 46.927989400000044 ], [ 12.126887247000127, 46.908869120000034 ], [ 12.266620320000072, 46.868148092000084 ], [ 12.269100789000049, 46.788566387000046 ], [ 12.342688029000044, 46.765131124000092 ], [ 12.405009806000095, 46.690122783 ], [ 12.547326701000145, 46.652192281000097 ], [ 12.739873088000081, 46.642993876 ], [ 12.830410197000077, 46.609636740000028 ], [ 13.14646325700005, 46.584961243000024 ], [ 13.231109253000056, 46.552172547000012 ], [ 13.478019246000116, 46.563567200000122 ], [ 13.700951375000102, 46.519745586000013 ], [ 13.67749027500011, 46.452075297000121 ], [ 13.600182332000117, 46.442644349000048 ], [ 13.434094279000107, 46.353864238000043 ], [ 13.365261271000094, 46.290302226000065 ], [ 13.41011641500009, 46.20798167 ], [ 13.437401570000105, 46.210927226000095 ], [ 13.422828816000049, 46.228600566000111 ], [ 13.468304077000084, 46.22343292300009 ], [ 13.559047892000137, 46.184107158000117 ], [ 13.637389363000125, 46.18038645500009 ], [ 13.616408732000139, 46.125040995000077 ], [ 13.505097697000082, 46.066026510000128 ], [ 13.461792846000037, 46.006391907000122 ], [ 13.509438517000149, 45.967427877000048 ], [ 13.605866740000067, 45.985411276000022 ], [ 13.622816610000086, 45.966394349000055 ], [ 13.56597253400011, 45.830330303 ], [ 13.778724406000038, 45.743410543000081 ], [ 13.894686320000034, 45.631841125000065 ], [ 13.84776411900009, 45.584660543000055 ], [ 13.711761915000068, 45.59320709800005 ], [ 13.73015384200005, 45.613104559000078 ], [ 13.808116082000083, 45.614325262000079 ], [ 13.739268425000091, 45.649115302000041 ], [ 13.75367272200009, 45.672308661000045 ], [ 13.72624759200005, 45.70376211100006 ], [ 13.574229363000086, 45.789618231000077 ], [ 13.524180535000085, 45.76007721600007 ], [ 13.554942254000082, 45.737209377000056 ], [ 13.40170332100007, 45.675441799000055 ], [ 13.37671959700009, 45.683172919000071 ], [ 13.43140709700009, 45.706854559000078 ], [ 13.369395379000082, 45.744614976000037 ], [ 13.215505405000044, 45.778794664000088 ], [ 13.149668816000087, 45.751532294000071 ], [ 13.119313998000052, 45.771958726000037 ], [ 13.122894727000073, 45.737209377000056 ], [ 13.080577019000089, 45.727606512000079 ], [ 13.075043165000068, 45.696844794000071 ], [ 13.149668816000087, 45.70376211100006 ], [ 13.084971550000091, 45.641913153000075 ], [ 12.943858269000089, 45.628566799000055 ], [ 12.423675977000073, 45.438055731000077 ], [ 12.430918816000087, 45.484035549000055 ], [ 12.471934441000087, 45.485907294000071 ], [ 12.465017123000052, 45.504461981000077 ], [ 12.515147332000083, 45.492743231000077 ], [ 12.521494988000086, 45.51898834800005 ], [ 12.58171634200005, 45.552883205000057 ], [ 12.537282748000052, 45.535834052000041 ], [ 12.506602410000085, 45.573309637000079 ], [ 12.441905144000089, 45.530340887000079 ], [ 12.451426629000082, 45.511908270000049 ], [ 12.403575066000087, 45.518133856000077 ], [ 12.396739129000082, 45.539252020000049 ], [ 12.38412519600007, 45.523016669000071 ], [ 12.424001498000052, 45.498236395000049 ], [ 12.309580925000091, 45.48891836100006 ], [ 12.252696160000085, 45.436224677000041 ], [ 12.258962436000047, 45.395209052000041 ], [ 12.216319207000083, 45.316229559000078 ], [ 12.154470248000052, 45.313462632000039 ], [ 12.180674675000091, 45.258042710000041 ], [ 12.197438998000052, 45.299627997000073 ], [ 12.217295769000089, 45.293850002000056 ], [ 12.230479363000086, 45.204250393000052 ], [ 12.266368035000085, 45.196600653000075 ], [ 12.307302280000044, 45.230698960000041 ], [ 12.328461134000065, 45.10101959800005 ], [ 12.307302280000044, 45.12836334800005 ], [ 12.296722852000073, 45.088568427000041 ], [ 12.340830925000091, 45.081447658000059 ], [ 12.376231316000087, 45.038967190000051 ], [ 12.35515384200005, 45.024644273000035 ], [ 12.36882571700005, 45.010972398000035 ], [ 12.386566602000073, 45.038763739000046 ], [ 12.36882571700005, 45.065619208000044 ], [ 12.486175977000073, 44.976507880000042 ], [ 12.502614780000044, 44.991441148000035 ], [ 12.533864780000044, 44.970038153000075 ], [ 12.487315300000091, 44.862250067000048 ], [ 12.444590691000087, 44.820502020000049 ], [ 12.424001498000052, 44.854641018000052 ], [ 12.438324415000068, 44.901109117000033 ], [ 12.406911655000044, 44.891302802000041 ], [ 12.391612175000091, 44.85883209800005 ], [ 12.416514519000089, 44.851141669000071 ], [ 12.396739129000082, 44.833482164000088 ], [ 12.424001498000052, 44.820502020000049 ], [ 12.416188998000052, 44.803290106000077 ], [ 12.375661655000044, 44.792222398000035 ], [ 12.302989129000082, 44.842922268000052 ], [ 12.266368035000085, 44.826646226000037 ], [ 12.246592644000089, 44.711615302000041 ], [ 12.285817905000044, 44.602687893000052 ], [ 12.283702019000089, 44.487616278000075 ], [ 12.36882571700005, 44.250677802000041 ], [ 12.478770379000082, 44.139349677000041 ], [ 12.691579623000052, 43.990627346000053 ], [ 12.928884311000047, 43.915838934000078 ], [ 13.25326582100007, 43.703192450000074 ], [ 13.473399285000085, 43.612005927000041 ], [ 13.516123894000089, 43.631740627000056 ], [ 13.615570509000065, 43.560492255000042 ], [ 13.834808790000068, 43.12726471600007 ], [ 13.94467207100007, 42.79828522300005 ], [ 14.075368686000047, 42.598822333000044 ], [ 14.56023196700005, 42.225653387000079 ], [ 14.709239129000082, 42.175482489000046 ], [ 14.740733269000089, 42.08462148600006 ], [ 14.993662957000083, 42.010646877000056 ], [ 15.045176629000082, 41.968980210000041 ], [ 15.16537519600007, 41.927801825000074 ], [ 15.446055535000085, 41.906927802000041 ], [ 16.02711022200009, 41.944077867000033 ], [ 16.140472852000073, 41.919907945000034 ], [ 16.179209832000083, 41.893296617000033 ], [ 16.184336785000085, 41.77960846600007 ], [ 15.90007571700005, 41.614650783000059 ], [ 15.896332227000073, 41.536444403000075 ], [ 15.961110873000052, 41.459458726000037 ], [ 16.593923373000052, 41.206976630000042 ], [ 17.057139519000089, 41.081854559000078 ], [ 17.276377800000091, 40.980210679000038 ], [ 17.476084832000083, 40.830145575000074 ], [ 17.955821160000085, 40.670477606000077 ], [ 17.954925977000073, 40.646918036000045 ], [ 18.007009311000047, 40.65070221600007 ], [ 18.043223504000082, 40.601996161000045 ], [ 18.037445509000065, 40.55695221600007 ], [ 18.238291863000086, 40.45766836100006 ], [ 18.43726647200009, 40.26788971600007 ], [ 18.516123894000089, 40.139227606000077 ], [ 18.516123894000089, 40.104478257000039 ], [ 18.411387566000087, 39.97882721600007 ], [ 18.389170769000089, 39.817084052000041 ], [ 18.338389519000089, 39.800116278000075 ], [ 18.071543816000087, 39.911525783000059 ], [ 17.995371941000087, 39.995266018000052 ], [ 18.020274285000085, 40.010199286000045 ], [ 18.015798373000052, 40.036200262000079 ], [ 17.967458530000044, 40.057318427000041 ], [ 18.010996941000087, 40.09601471600007 ], [ 17.926036004000082, 40.176255601000037 ], [ 17.912771030000044, 40.25531647300005 ], [ 17.863129102000073, 40.285630601000037 ], [ 17.512054884000065, 40.303697007000039 ], [ 17.200205925000091, 40.420396226000037 ], [ 17.243011915000068, 40.441392320000034 ], [ 17.227549675000091, 40.474432684000078 ], [ 17.295746290000068, 40.473211981000077 ], [ 17.323252800000091, 40.498480536000045 ], [ 17.189952019000089, 40.48187897300005 ], [ 17.15601647200009, 40.512396552000041 ], [ 17.049571160000085, 40.519110419000071 ], [ 16.976084832000083, 40.492621161000045 ], [ 16.912119988000086, 40.445217190000051 ], [ 16.782725457000083, 40.301581122000073 ], [ 16.730723504000082, 40.200669664000088 ], [ 16.604746941000087, 40.084458726000037 ], [ 16.59937584700009, 40.034125067000048 ], [ 16.631602410000085, 39.966213283000059 ], [ 16.542246941000087, 39.88540273600006 ], [ 16.489756707000083, 39.775213934000078 ], [ 16.545909050000091, 39.66087474200009 ], [ 16.624847852000073, 39.62531159100007 ], [ 16.782481316000087, 39.61163971600007 ], [ 16.846202019000089, 39.552679755000042 ], [ 17.158702019000089, 39.406195380000042 ], [ 17.114512566000087, 39.269354559000078 ], [ 17.145681186000047, 39.210679429000038 ], [ 17.124522332000083, 39.090887762000079 ], [ 17.158457879000082, 39.04047272300005 ], [ 17.20639082100007, 39.029486395000049 ], [ 17.172373894000089, 39.005194403000075 ], [ 17.172373894000089, 38.960516669000071 ], [ 17.104014519000089, 38.89907461100006 ], [ 17.094981316000087, 38.919134833000044 ], [ 17.021983269000089, 38.905951239000046 ], [ 16.957286004000082, 38.94009023600006 ], [ 16.838552280000044, 38.918198960000041 ], [ 16.58562259200005, 38.797837632000039 ], [ 16.53484134200005, 38.699896552000041 ], [ 16.576996290000068, 38.528550523000035 ], [ 16.569590691000087, 38.429510809000078 ], [ 16.508148634000065, 38.371527411000045 ], [ 16.30632571700005, 38.277085679000038 ], [ 16.169444207000083, 38.14321523600006 ], [ 16.125498894000089, 38.004828192000048 ], [ 16.077159050000091, 37.939886786000045 ], [ 16.000987175000091, 37.919012762000079 ], [ 15.76148522200009, 37.92523834800005 ], [ 15.684418165000068, 37.953517971000053 ], [ 15.635101759000065, 38.009100653000075 ], [ 15.658457879000082, 38.042547919000071 ], [ 15.624034050000091, 38.09210846600007 ], [ 15.64779707100007, 38.143133856000077 ], [ 15.632823113000086, 38.220282294000071 ], [ 15.812836134000065, 38.300604559000078 ], [ 15.917816602000073, 38.516791083000044 ], [ 15.90007571700005, 38.578273830000057 ], [ 15.844004754000082, 38.61790599200009 ], [ 15.836599155000044, 38.648993231000077 ], [ 16.002614780000044, 38.725409247000073 ], [ 16.152598504000082, 38.730902411000045 ], [ 16.20093834700009, 38.776434637000079 ], [ 16.221690300000091, 38.856594143000052 ], [ 16.214691602000073, 38.919012762000079 ], [ 16.154307488000086, 38.955023505000042 ], [ 16.083018425000091, 39.075262762000079 ], [ 16.03402716100004, 39.345241768000051 ], [ 15.995396030000052, 39.438768236000044 ], [ 15.876231316000087, 39.551459052000041 ], [ 15.80640709700009, 39.695502020000049 ], [ 15.774424675000091, 39.891099351000037 ], [ 15.624278191000087, 40.077785549000055 ], [ 15.53492272200009, 40.077785549000055 ], [ 15.410099591000062, 39.99396986000005 ], [ 15.343159872000058, 40.004148652000083 ], [ 15.314300977000073, 40.033758856000077 ], [ 15.261241082000083, 40.029364325000074 ], [ 15.279144727000073, 40.047674872000073 ], [ 15.26343834700009, 40.073716539000088 ], [ 15.127207879000082, 40.169623114000046 ], [ 15.047211134000065, 40.168931382000039 ], [ 15.003122129000076, 40.210258570000065 ], [ 14.911143425000091, 40.24164459800005 ], [ 14.932383660000085, 40.333726304000038 ], [ 14.994489870000052, 40.358433813000033 ], [ 14.998266587000046, 40.397558661000062 ], [ 14.888845248000052, 40.573065497000073 ], [ 14.781993035000085, 40.669867255000042 ], [ 14.625743035000085, 40.64907461100006 ], [ 14.544200066000087, 40.61359284100007 ], [ 14.486582879000082, 40.632635809000078 ], [ 14.342621290000068, 40.57062409100007 ], [ 14.337738477000073, 40.624416408000059 ], [ 14.476369627000054, 40.695102127000041 ], [ 14.474131707000083, 40.729681708000044 ], [ 14.294200066000087, 40.838771877000056 ], [ 14.223643425000091, 40.831366278000075 ], [ 14.203461134000065, 40.801214911000045 ], [ 14.082530144000089, 40.831284898000035 ], [ 14.082530144000089, 40.78351471600007 ], [ 14.04769740100005, 40.789589273000047 ], [ 14.021343774000059, 40.921828936000054 ], [ 13.917979363000086, 41.023667710000041 ], [ 13.851725251000062, 41.147315694000042 ], [ 13.721853061000047, 41.252386786000045 ], [ 13.594411655000044, 41.253119208000044 ], [ 13.563649936000047, 41.237982489000046 ], [ 13.575450066000087, 41.208075262000079 ], [ 13.543955925000091, 41.206610419000071 ], [ 13.285817905000044, 41.295721747000073 ], [ 13.04460696700005, 41.227525132000039 ], [ 12.979502800000091, 41.331000067000048 ], [ 12.893565300000091, 41.399318752000056 ], [ 12.748545769000089, 41.423732815000051 ], [ 12.65398196700005, 41.465643622000073 ], [ 12.635264519000089, 41.447495835000041 ], [ 12.448008660000085, 41.630764065000051 ], [ 12.327159050000091, 41.711371161000045 ], [ 12.239024285000085, 41.736273505000042 ], [ 12.170176629000082, 41.879584052000041 ], [ 12.020355665000068, 41.993068752000056 ], [ 11.916840040000068, 42.037909247000073 ], [ 11.82748457100007, 42.034165757000039 ], [ 11.658213738000086, 42.279364325000074 ], [ 11.37663821700005, 42.40688711100006 ], [ 11.211273634000065, 42.418890692000048 ], [ 11.183848504000082, 42.366278387000079 ], [ 11.106618686000047, 42.39126211100006 ], [ 11.086761915000068, 42.418361721000053 ], [ 11.099131707000083, 42.442857164000088 ], [ 11.164190816000087, 42.439828081000087 ], [ 11.18844752800004, 42.480267455000046 ], [ 11.158457879000082, 42.564032294000071 ], [ 11.12867272200009, 42.55805084800005 ], [ 11.07781009200005, 42.632228908000059 ], [ 11.005707227000073, 42.667914130000042 ], [ 10.943614129000082, 42.742987372000073 ], [ 10.731293165000068, 42.804429429000038 ], [ 10.764903191000087, 42.835272528000075 ], [ 10.763519727000073, 42.91828034100007 ], [ 10.63249759200005, 42.958482164000088 ], [ 10.539073113000086, 42.949123440000051 ], [ 10.54656009200005, 42.934759833000044 ], [ 10.518565300000091, 42.925279039000088 ], [ 10.499522332000083, 42.940497137000079 ], [ 10.477549675000091, 42.990057684000078 ], [ 10.517100457000083, 43.023911851000037 ], [ 10.54656009200005, 43.14712148600006 ], [ 10.528168165000068, 43.246771552000041 ], [ 10.437022332000083, 43.388576565000051 ], [ 10.317230665000068, 43.492621161000045 ], [ 10.25163821700005, 43.846625067000048 ], [ 10.180674675000091, 43.955267645000049 ], [ 10.090586785000085, 44.025376695000034 ], [ 9.988536004000082, 44.059759833000044 ], [ 9.962738477000073, 44.044663804000038 ], [ 9.844737175000091, 44.108628648000035 ], [ 9.819590691000087, 44.093003648000035 ], [ 9.847504102000073, 44.072495835000041 ], [ 9.832286004000082, 44.042303778000075 ], [ 9.484385613000086, 44.243841864000046 ], [ 9.436778191000087, 44.239488023000035 ], [ 9.230642123000052, 44.353705145000049 ], [ 9.21070397200009, 44.30532461100006 ], [ 9.102061394000089, 44.373968817000048 ], [ 8.762380405000044, 44.432114976000037 ], [ 8.466075066000087, 44.304266669000071 ], [ 8.408213738000086, 44.193508205000057 ], [ 8.256521030000044, 44.12836334800005 ], [ 8.216319207000083, 44.04523346600007 ], [ 8.152679884000065, 43.983221747000073 ], [ 8.167979363000086, 43.95648834800005 ], [ 8.06771894600007, 43.896673895000049 ], [ 7.736582879000082, 43.798244533000059 ], [ 7.502289259000065, 43.792222398000035 ], [ 7.477868693000062, 43.86551483200013 ], [ 7.689948771000076, 44.06733713800007 ], [ 7.64188968900001, 44.143559876000083 ], [ 7.655635620000055, 44.176064352000097 ], [ 7.34061608900015, 44.123664449000088 ], [ 7.144969116000084, 44.207225240000085 ], [ 6.973403361000095, 44.249444885000045 ], [ 6.869843791000051, 44.362926331 ], [ 6.877181844000035, 44.414396057000076 ], [ 6.917799519000084, 44.436306864000031 ], [ 6.861265503000112, 44.474909160000024 ], [ 6.835737345000069, 44.534026998000073 ], [ 6.945601441000122, 44.625442607000096 ], [ 6.934335978000149, 44.64668162 ], [ 6.959864135000089, 44.683165182 ], [ 7.055155476000095, 44.684870504000074 ], [ 6.998414754000066, 44.793752747000056 ], [ 7.004925985000057, 44.827962545000034 ], [ 6.932682332000127, 44.8616555790001 ], [ 6.847106161000056, 44.859071758000098 ], [ 6.745406941000027, 44.907802633000031 ], [ 6.723496134000072, 45.013377584000025 ], [ 6.651665894000075, 45.035650126000078 ], [ 6.602728312000067, 45.103449606000098 ], [ 6.736415242000078, 45.157348125000041 ], [ 6.84410892700015, 45.130114645000035 ], [ 6.958727254000081, 45.209799703000087 ], [ 7.029730672000085, 45.228196513000071 ], [ 7.055465536000071, 45.213675436000031 ], [ 7.108382202000143, 45.259202373 ], [ 7.092569213000075, 45.323952942000105 ], [ 7.160678752000081, 45.410924378000047 ], [ 6.982808471000055, 45.511124980000048 ], [ 6.952939494000105, 45.594272360000062 ], [ 6.963378133000049, 45.640729472000075 ], [ 6.816100301000034, 45.696850077000121 ], [ 6.781993856000071, 45.777465312000018 ], [ 6.800804077000095, 45.826454570000053 ], [ 6.949012085000049, 45.857822164000069 ], [ 7.007716512000115, 45.920505677000094 ] ], [ [ 12.460456219000037, 43.895259454000055 ], [ 12.490325196000128, 43.939158583000093 ], [ 12.482160321000038, 43.982566786000078 ], [ 12.421388836000119, 43.967218885000122 ], [ 12.385628745000105, 43.924534153000124 ], [ 12.460456219000037, 43.895259454000055 ] ], [ [ 12.452714082000085, 41.903016213000015 ], [ 12.453982588000144, 41.903861884 ], [ 12.453031208000141, 41.903914738000125 ], [ 12.452714082000085, 41.903016213000015 ] ] ], [ [ [ 11.999522332000083, 36.835923570000034 ], [ 12.053477410000085, 36.767645575000074 ], [ 12.03060957100007, 36.741359768000052 ], [ 11.996104363000086, 36.744940497000073 ], [ 11.922211134000065, 36.828355210000041 ], [ 11.999522332000083, 36.835923570000034 ] ] ], [ [ [ 12.286957227000073, 37.938544012000079 ], [ 12.31421959700009, 37.946356512000079 ], [ 12.36882571700005, 37.92523834800005 ], [ 12.299652540000068, 37.919256903000075 ], [ 12.286957227000073, 37.938544012000079 ] ] ], [ [ [ 15.559255405000044, 38.300116278000075 ], [ 15.651621941000087, 38.275295315000051 ], [ 15.56967207100007, 38.226955471000053 ], [ 15.55990644600007, 38.199774481000077 ], [ 15.57593834700009, 38.200181382000039 ], [ 15.500336134000065, 38.084947007000039 ], [ 15.213063998000052, 37.761460679000038 ], [ 15.220225457000083, 37.706732489000046 ], [ 15.16382897200009, 37.567694403000075 ], [ 15.09156334700009, 37.477484442000048 ], [ 15.103526238000086, 37.329779364000046 ], [ 15.251963738000086, 37.257717190000051 ], [ 15.261241082000083, 37.23383209800005 ], [ 15.244883660000085, 37.246161200000074 ], [ 15.220225457000083, 37.22016022300005 ], [ 15.205414259000065, 37.244696356000077 ], [ 15.183441602000073, 37.207464911000045 ], [ 15.21648196700005, 37.155218817000048 ], [ 15.247569207000083, 37.158677476000037 ], [ 15.229177280000044, 37.149644273000035 ], [ 15.246592644000089, 37.118231512000079 ], [ 15.303233269000089, 37.101223049000055 ], [ 15.283702019000089, 37.048407294000071 ], [ 15.321055535000085, 37.040228583000044 ], [ 15.332367384000065, 37.011623440000051 ], [ 15.268077019000089, 37.000433661000045 ], [ 15.268077019000089, 36.973089911000045 ], [ 15.158376498000052, 36.924221096000053 ], [ 15.094004754000082, 36.79954661700009 ], [ 15.134287957000083, 36.675197658000059 ], [ 15.093923373000052, 36.65493398600006 ], [ 15.00717207100007, 36.702785549000055 ], [ 14.982432488000086, 36.688869533000059 ], [ 14.88217207100007, 36.730658270000049 ], [ 14.780772332000083, 36.699367580000057 ], [ 14.582204623000052, 36.781317450000074 ], [ 14.487315300000091, 36.793361721000053 ], [ 14.394541863000086, 36.945013739000046 ], [ 14.278819207000083, 37.044012762000079 ], [ 14.12631269600007, 37.112250067000048 ], [ 13.894379102000073, 37.100816148000035 ], [ 13.715830925000091, 37.171372789000088 ], [ 13.569183790000068, 37.273504950000074 ], [ 13.452647332000083, 37.298814195000034 ], [ 13.278005405000044, 37.393703518000052 ], [ 13.174082879000082, 37.487005927000041 ], [ 13.026377800000091, 37.493231512000079 ], [ 12.942637566000087, 37.568508205000057 ], [ 12.659353061000047, 37.565130927000041 ], [ 12.57781009200005, 37.652004299000055 ], [ 12.506195509000065, 37.665513414000088 ], [ 12.427012566000087, 37.797023830000057 ], [ 12.465017123000052, 37.822821356000077 ], [ 12.492930535000085, 38.021429755000042 ], [ 12.576345248000052, 38.07172272300005 ], [ 12.608409050000091, 38.062404690000051 ], [ 12.662445509000065, 38.116278387000079 ], [ 12.704600457000083, 38.110825914000088 ], [ 12.73178144600007, 38.192775783000059 ], [ 12.760915561000047, 38.180975653000075 ], [ 12.818369988000086, 38.077948309000078 ], [ 12.901133660000085, 38.02806224200009 ], [ 13.061371290000068, 38.083482164000088 ], [ 13.054698113000086, 38.141831773000035 ], [ 13.10092207100007, 38.19009023600006 ], [ 13.207204623000052, 38.17609284100007 ], [ 13.239024285000085, 38.207017320000034 ], [ 13.31812584700009, 38.220648505000042 ], [ 13.371918165000068, 38.172796942000048 ], [ 13.391368035000085, 38.103176174000055 ], [ 13.513519727000073, 38.110541083000044 ], [ 13.547373894000089, 38.056219794000071 ], [ 13.651133660000085, 38.000962632000039 ], [ 13.79078209700009, 37.973618882000039 ], [ 14.020518425000091, 38.049383856000077 ], [ 14.083262566000087, 38.023830471000053 ], [ 14.27320397200009, 38.015122789000088 ], [ 14.511729363000086, 38.04437897300005 ], [ 14.634613477000073, 38.08148834800005 ], [ 14.73373457100007, 38.157619533000059 ], [ 14.907074415000068, 38.187689520000049 ], [ 15.087901238000086, 38.128241278000075 ], [ 15.17741946700005, 38.156317450000074 ], [ 15.237152540000068, 38.264797268000052 ], [ 15.245371941000087, 38.217230536000045 ], [ 15.291840040000068, 38.207017320000034 ], [ 15.559255405000044, 38.300116278000075 ] ] ], [ [ [ 14.958832227000073, 38.432928778000075 ], [ 15.007334832000083, 38.37767161700009 ], [ 14.986827019000089, 38.364081122000073 ], [ 14.948252800000091, 38.396429755000042 ], [ 14.958832227000073, 38.432928778000075 ] ] ], [ [ [ 14.899424675000091, 38.481675523000035 ], [ 14.924815300000091, 38.522365627000056 ], [ 14.957855665000068, 38.522040106000077 ], [ 14.979340040000068, 38.487534898000035 ], [ 14.952647332000083, 38.481390692000048 ], [ 14.966319207000083, 38.45343659100007 ], [ 14.948741082000083, 38.450913804000038 ], [ 14.899424675000091, 38.481675523000035 ] ] ], [ [ [ 14.861664259000065, 38.539292710000041 ], [ 14.82398522200009, 38.551825262000079 ], [ 14.793793165000068, 38.571600653000075 ], [ 14.86695397200009, 38.581122137000079 ], [ 14.861664259000065, 38.539292710000041 ] ] ], [ [ [ 8.458018425000091, 39.068060614000046 ], [ 8.483897332000083, 39.06976959800005 ], [ 8.437022332000083, 38.967189846000053 ], [ 8.40984134200005, 38.961818752000056 ], [ 8.346039259000065, 39.097723700000074 ], [ 8.360362175000091, 39.118150132000039 ], [ 8.444590691000087, 39.102728583000044 ], [ 8.458018425000091, 39.068060614000046 ] ] ], [ [ [ 8.305837436000047, 39.193304755000042 ], [ 8.312022332000083, 39.120306708000044 ], [ 8.290049675000091, 39.098822333000044 ], [ 8.254730665000068, 39.107123114000046 ], [ 8.224619988000086, 39.157049872000073 ], [ 8.305837436000047, 39.193304755000042 ] ] ], [ [ [ 13.965830925000091, 40.735052802000041 ], [ 13.890147332000083, 40.694159247000073 ], [ 13.849131707000083, 40.715277411000045 ], [ 13.862803582000083, 40.762396552000041 ], [ 13.965830925000091, 40.735052802000041 ] ] ], [ [ [ 8.251149936000047, 41.043768622000073 ], [ 8.246429884000065, 40.993638414000088 ], [ 8.209646030000044, 40.995794989000046 ], [ 8.228851759000065, 41.041734117000033 ], [ 8.275645379000082, 41.06976959800005 ], [ 8.277842644000089, 41.105658270000049 ], [ 8.326182488000086, 41.126125393000052 ], [ 8.341319207000083, 41.074123440000051 ], [ 8.251149936000047, 41.043768622000073 ] ] ], [ [ [ 9.820567254000082, 40.536363023000035 ], [ 9.761729363000086, 40.390692450000074 ], [ 9.712412957000083, 40.366400458000044 ], [ 9.626149936000047, 40.263088283000059 ], [ 9.654633009000065, 40.144598700000074 ], [ 9.732269727000073, 40.083929755000042 ], [ 9.68726647200009, 39.961167710000041 ], [ 9.717784050000091, 39.933783270000049 ], [ 9.684336785000085, 39.894232489000046 ], [ 9.69662519600007, 39.85187409100007 ], [ 9.628428582000083, 39.501776434000078 ], [ 9.644867384000065, 39.483954169000071 ], [ 9.602061394000089, 39.355658270000049 ], [ 9.634613477000073, 39.296942450000074 ], [ 9.567556186000047, 39.238104559000078 ], [ 9.566416863000086, 39.149237372000073 ], [ 9.518565300000091, 39.104559637000079 ], [ 9.496348504000082, 39.133612372000073 ], [ 9.442881707000083, 39.124416408000059 ], [ 9.292165561000047, 39.221258856000077 ], [ 9.216319207000083, 39.228013414000088 ], [ 9.166026238000086, 39.187079169000071 ], [ 9.013926629000082, 39.263902085000041 ], [ 9.037852410000085, 39.227118231000077 ], [ 9.07984459700009, 39.224595445000034 ], [ 9.018321160000085, 39.146144924000055 ], [ 9.044932488000086, 39.051255601000037 ], [ 9.025726759000065, 38.995306708000044 ], [ 8.85328209700009, 38.877997137000079 ], [ 8.71656334700009, 38.932603257000039 ], [ 8.668793165000068, 38.910589911000045 ], [ 8.640961134000065, 38.864325262000079 ], [ 8.642832879000082, 38.889960028000075 ], [ 8.599864129000082, 38.89907461100006 ], [ 8.615489129000082, 38.94757721600007 ], [ 8.580088738000086, 38.960516669000071 ], [ 8.559580925000091, 39.056708075000074 ], [ 8.504405144000089, 39.062933661000045 ], [ 8.504405144000089, 39.090887762000079 ], [ 8.482758009000065, 39.08038971600007 ], [ 8.465098504000082, 39.11945221600007 ], [ 8.442230665000068, 39.118150132000039 ], [ 8.435394727000073, 39.165961005000042 ], [ 8.37281334700009, 39.222072658000059 ], [ 8.432139519000089, 39.301825262000079 ], [ 8.374034050000091, 39.378851630000042 ], [ 8.405039910000085, 39.42719147300005 ], [ 8.386892123000052, 39.469794012000079 ], [ 8.463389519000089, 39.576849677000041 ], [ 8.444021030000044, 39.757025458000044 ], [ 8.51693769600007, 39.702134507000039 ], [ 8.56576582100007, 39.701076565000051 ], [ 8.504405144000089, 39.721502997000073 ], [ 8.545258009000065, 39.782945054000038 ], [ 8.518077019000089, 39.762518622000073 ], [ 8.555186394000089, 39.852687893000052 ], [ 8.523448113000086, 39.898871161000045 ], [ 8.463063998000052, 39.914129950000074 ], [ 8.435394727000073, 39.898993231000077 ], [ 8.463389519000089, 39.898993231000077 ], [ 8.435394727000073, 39.85805898600006 ], [ 8.394541863000086, 39.912665106000077 ], [ 8.407074415000068, 40.02220286700009 ], [ 8.377207879000082, 40.033758856000077 ], [ 8.468597852000073, 40.062160549000055 ], [ 8.49000084700009, 40.104478257000039 ], [ 8.463389519000089, 40.163153387000079 ], [ 8.476084832000083, 40.292141018000052 ], [ 8.385996941000087, 40.351792710000041 ], [ 8.379893425000091, 40.468695380000042 ], [ 8.33171634200005, 40.510687567000048 ], [ 8.291514519000089, 40.595363674000055 ], [ 8.216319207000083, 40.57062409100007 ], [ 8.195974155000044, 40.578070380000042 ], [ 8.216319207000083, 40.612209377000056 ], [ 8.193369988000086, 40.61749909100007 ], [ 8.16179446700005, 40.563788153000075 ], [ 8.147308790000068, 40.59320709800005 ], [ 8.140635613000086, 40.625189520000049 ], [ 8.197438998000052, 40.691229559000078 ], [ 8.133799675000091, 40.728908596000053 ], [ 8.215342644000089, 40.881415106000077 ], [ 8.209727410000085, 40.914455471000053 ], [ 8.178884311000047, 40.928168036000045 ], [ 8.19304446700005, 40.963771877000056 ], [ 8.229014519000089, 40.962551174000055 ], [ 8.233164910000085, 40.910101630000042 ], [ 8.31023196700005, 40.850653387000079 ], [ 8.520518425000091, 40.826971747000073 ], [ 8.598399285000085, 40.85297272300005 ], [ 8.640961134000065, 40.896470445000034 ], [ 8.764414910000085, 40.913804429000038 ], [ 8.822520379000082, 40.947333075000074 ], [ 9.00554446700005, 41.121893622000073 ], [ 9.141856316000087, 41.152777411000045 ], [ 9.171071811000047, 41.242905992000033 ], [ 9.230642123000052, 41.262640692000048 ], [ 9.268077019000089, 41.23663971600007 ], [ 9.267425977000073, 41.201971747000073 ], [ 9.278330925000091, 41.195013739000046 ], [ 9.285329623000052, 41.221747137000079 ], [ 9.285329623000052, 41.195013739000046 ], [ 9.333018425000091, 41.187567450000074 ], [ 9.335215691000087, 41.211655992000033 ], [ 9.422373894000089, 41.180731512000079 ], [ 9.408702019000089, 41.160305080000057 ], [ 9.442881707000083, 41.132961330000057 ], [ 9.442881707000083, 41.091986395000049 ], [ 9.469086134000065, 41.146185614000046 ], [ 9.523936394000089, 41.149725653000075 ], [ 9.559580925000091, 41.126125393000052 ], [ 9.511892123000052, 41.01626211100006 ], [ 9.543142123000052, 41.036932684000078 ], [ 9.552744988000086, 41.009466864000046 ], [ 9.662608269000089, 41.002630927000041 ], [ 9.58757571700005, 40.995794989000046 ], [ 9.571136915000068, 40.934881903000075 ], [ 9.504242384000065, 40.926906643000052 ], [ 9.573252800000091, 40.906398830000057 ], [ 9.642100457000083, 40.920640367000033 ], [ 9.614105665000068, 40.893377997000073 ], [ 9.72396894600007, 40.844916083000044 ], [ 9.65788821700005, 40.799872137000079 ], [ 9.744476759000065, 40.680487372000073 ], [ 9.756521030000044, 40.59516022300005 ], [ 9.820567254000082, 40.536363023000035 ] ] ], [ [ [ 10.882985873000052, 42.392157294000071 ], [ 10.939764452000077, 42.330659710000077 ], [ 10.92333095500004, 42.318728032000081 ], [ 10.861827019000089, 42.366278387000079 ], [ 10.882985873000052, 42.392157294000071 ] ] ], [ [ [ 10.436045769000089, 42.838120835000041 ], [ 10.430023634000065, 42.787583726000037 ], [ 10.388845248000052, 42.763495184000078 ], [ 10.42514082100007, 42.740790106000077 ], [ 10.415537957000083, 42.708889065000051 ], [ 10.337901238000086, 42.764837958000044 ], [ 10.313731316000087, 42.742987372000073 ], [ 10.245371941000087, 42.75726959800005 ], [ 10.229665561000047, 42.735419012000079 ], [ 10.10678144600007, 42.757391669000071 ], [ 10.101410352000073, 42.784002997000073 ], [ 10.132985873000052, 42.811916408000059 ], [ 10.265879754000082, 42.804429429000038 ], [ 10.272146030000044, 42.827337958000044 ], [ 10.326833530000044, 42.826239325000074 ], [ 10.34734134200005, 42.805853583000044 ], [ 10.412364129000082, 42.87335846600007 ], [ 10.436045769000089, 42.838120835000041 ] ] ], [ [ [ 9.841807488000086, 43.063421942000048 ], [ 9.842127292000043, 43.024955918000046 ], [ 9.801498481000067, 43.007805218000044 ], [ 9.78459484800004, 43.028441834000034 ], [ 9.806944043000044, 43.06640771800005 ], [ 9.841807488000086, 43.063421942000048 ] ] ], [ [ [ 12.371836785000085, 45.424872137000079 ], [ 12.389170769000089, 45.433539130000042 ], [ 12.430918816000087, 45.415676174000055 ], [ 12.376231316000087, 45.422552802000041 ], [ 12.321462436000047, 45.348008531000062 ], [ 12.371836785000085, 45.424872137000079 ] ] ], [ [ [ 12.84701582100007, 35.868312893000052 ], [ 12.872569207000083, 35.85228099200009 ], [ 12.845876498000052, 35.862697658000059 ], [ 12.84701582100007, 35.868312893000052 ] ] ], [ [ [ 14.346446160000085, 38.535142320000034 ], [ 14.35718834700009, 38.551214911000045 ], [ 14.360850457000083, 38.539048570000034 ], [ 14.346446160000085, 38.535142320000034 ] ] ], [ [ [ 14.579600457000083, 38.566148179000038 ], [ 14.551605665000068, 38.561590887000079 ], [ 14.542491082000083, 38.586859442000048 ], [ 14.563975457000083, 38.584540106000077 ], [ 14.579600457000083, 38.566148179000038 ] ] ], [ [ [ 13.15788821700005, 38.709865627000056 ], [ 13.197438998000052, 38.708319403000075 ], [ 13.153493686000047, 38.69476959800005 ], [ 13.15788821700005, 38.709865627000056 ] ] ], [ [ [ 15.234629754000082, 38.807806708000044 ], [ 15.217458530000044, 38.773016669000071 ], [ 15.187022332000083, 38.789007880000042 ], [ 15.212087436000047, 38.810451565000051 ], [ 15.234629754000082, 38.807806708000044 ] ] ], [ [ [ 13.418955925000091, 40.795599677000041 ], [ 13.431976759000065, 40.801459052000041 ], [ 13.414724155000044, 40.78587474200009 ], [ 13.418955925000091, 40.795599677000041 ] ] ], [ [ [ 12.621267123000052, 35.508246161000045 ], [ 12.61109459700009, 35.489243882000039 ], [ 12.526133660000085, 35.516669012000079 ], [ 12.555674675000091, 35.521226304000038 ], [ 12.621267123000052, 35.508246161000045 ] ] ], [ [ [ 12.07789147200009, 37.960109768000052 ], [ 12.064789259000065, 37.950832424000055 ], [ 12.030446811000047, 37.984361070000034 ], [ 12.053558790000068, 37.992417710000041 ], [ 12.07789147200009, 37.960109768000052 ] ] ], [ [ [ 9.478363477000073, 41.228461005000042 ], [ 9.47038821700005, 41.172105210000041 ], [ 9.437022332000083, 41.185939846000053 ], [ 9.459971550000091, 41.242377020000049 ], [ 9.478363477000073, 41.228461005000042 ] ] ], [ [ [ 9.434255405000044, 41.220607815000051 ], [ 9.376963738000086, 41.213324286000045 ], [ 9.373057488000086, 41.229885158000059 ], [ 9.414235873000052, 41.262437242000033 ], [ 9.434255405000044, 41.220607815000051 ] ] ], [ [ [ 10.294444207000083, 42.328029690000051 ], [ 10.315928582000083, 42.340765692000048 ], [ 10.313243035000085, 42.323919989000046 ], [ 10.294444207000083, 42.328029690000051 ] ] ], [ [ [ 10.07943769600007, 42.61391836100006 ], [ 10.085785352000073, 42.572455145000049 ], [ 10.050303582000083, 42.581935940000051 ], [ 10.07943769600007, 42.61391836100006 ] ] ], [ [ [ 12.32984459700009, 45.458807684000078 ], [ 12.362071160000085, 45.43813711100006 ], [ 12.320648634000065, 45.429836330000057 ], [ 12.32984459700009, 45.458807684000078 ] ] ] ] } },
{ "type": "Feature", "properties": { "iso3": "CHE", "NAME": "Switzerland", "assessed": true }, "geometry": { "type": "Polygon", "coordinates": [ [ [ 10.4485400800001, 46.83223297100001 ], [ 10.417224162000082, 46.798849997000033 ], [ 10.42869633, 46.755648499000088 ], [ 10.36916508000013, 46.672397766000088 ], [ 10.395623413000123, 46.638808085000065 ], [ 10.459082072000058, 46.623563538000028 ], [ 10.443992554000147, 46.537728984000083 ], [ 10.295371135000096, 46.551087341000127 ], [ 10.234703003000106, 46.575297750000104 ], [ 10.233772827000053, 46.617982484 ], [ 10.192121623000048, 46.626819154000103 ], [ 10.087838582000103, 46.604391582000105 ], [ 10.032751506000125, 46.532974752000101 ], [ 10.044016968000079, 46.466983948000077 ], [ 10.026343627000074, 46.446261699000033 ], [ 10.14075524900008, 46.402905172000075 ], [ 10.092386108000113, 46.338102926000047 ], [ 10.158945353000121, 46.262448629000104 ], [ 10.117914266000071, 46.231132711 ], [ 10.04267338000011, 46.220487366 ], [ 10.031717977000142, 46.260071513000057 ], [ 9.977561076000114, 46.298105367000076 ], [ 9.964021851000069, 46.356086325000049 ], [ 9.918443237000076, 46.371150004000029 ], [ 9.768064819000102, 46.338619690000101 ], [ 9.720109090000079, 46.35089284300004 ], [ 9.674323771000047, 46.291800842000086 ], [ 9.536451050000068, 46.298622132000034 ], [ 9.444363648000149, 46.375284119000057 ], [ 9.434648478000014, 46.498325704000095 ], [ 9.384625691000025, 46.466415508000026 ], [ 9.330985555000069, 46.501503805000041 ], [ 9.263186076000125, 46.485122376 ], [ 9.237967977000068, 46.43654653 ], [ 9.275175008000076, 46.331384990000046 ], [ 9.224842163000119, 46.231184387 ], [ 9.090586792000124, 46.138166809000026 ], [ 9.059167521000091, 46.061789043 ], [ 9.002116740000105, 46.039309795000079 ], [ 9.015552612000135, 45.993111064000018 ], [ 8.980515991000118, 45.96437896800002 ], [ 9.063094930000148, 45.898956604000048 ], [ 9.002426798000073, 45.820718486 ], [ 8.900004109000065, 45.826402893000122 ], [ 8.912096394000031, 45.88340199800011 ], [ 8.870961954000052, 45.947067363000102 ], [ 8.767919149000079, 45.983085836 ], [ 8.834375041000015, 46.066388245000027 ], [ 8.808950236000101, 46.089745993000079 ], [ 8.601831095000136, 46.12281890900006 ], [ 8.510260457000072, 46.207878317000066 ], [ 8.438120158000061, 46.235370178000053 ], [ 8.423237345000103, 46.275832825000052 ], [ 8.445768270000116, 46.412361959000023 ], [ 8.427888224000071, 46.448690491000022 ], [ 8.399156128000072, 46.45217865000005 ], [ 8.316267130000142, 46.433652649000024 ], [ 8.281540568000111, 46.370116475000046 ], [ 8.087340535000038, 46.271802063000038 ], [ 8.073077840000082, 46.253611959000082 ], [ 8.129508504000114, 46.196044413000052 ], [ 8.110594930000076, 46.12695302300007 ], [ 8.025328817000087, 46.091141256000057 ], [ 7.985848022000084, 45.999312236000023 ], [ 7.898204794000065, 45.981948954000089 ], [ 7.831232137000143, 45.914459534000045 ], [ 7.693979533000061, 45.928670553000117 ], [ 7.643026571000121, 45.966342672000039 ], [ 7.541120646000138, 45.984119365000069 ], [ 7.361803426000108, 45.907844951000058 ], [ 7.286665893000105, 45.913426005000062 ], [ 7.153547404000022, 45.87652903300004 ], [ 7.066937703000093, 45.890223288000058 ], [ 6.91511234500004, 46.0486115530001 ], [ 6.850930216000108, 46.049645081000065 ], [ 6.869223673000079, 46.1123285930001 ], [ 6.774345743000083, 46.134807841000011 ], [ 6.774862508000126, 46.185864156 ], [ 6.827675822000089, 46.269476624 ], [ 6.750367879000095, 46.345518494000075 ], [ 6.787058146000049, 46.414170635000019 ], [ 6.613683716000139, 46.455899354000067 ], [ 6.482942342000115, 46.448587138000065 ], [ 6.301558065000052, 46.394481914000082 ], [ 6.214121541000083, 46.315468649000096 ], [ 6.281197550000115, 46.240072734000123 ], [ 6.107874796000118, 46.138631897000053 ], [ 5.958839966000113, 46.13046702100003 ], [ 5.982921183000144, 46.170826314000109 ], [ 5.958529907000127, 46.211960754000089 ], [ 6.089684692000077, 46.246377259000027 ], [ 6.136400187000078, 46.359341940000022 ], [ 6.054234660000134, 46.419415792000038 ], [ 6.064156535000052, 46.471118063000105 ], [ 6.145701945000098, 46.551629944000084 ], [ 6.118416789000065, 46.583462626000127 ], [ 6.429198853000116, 46.76081614200011 ], [ 6.417106568000122, 46.802157288000032 ], [ 6.4467688390001, 46.857709453000027 ], [ 6.427751913000122, 46.909075827 ], [ 6.442634725000062, 46.944164124000039 ], [ 6.665411824000103, 47.021291199000089 ], [ 6.689699747000105, 47.078290304000078 ], [ 6.956246785000104, 47.245231018000126 ], [ 6.958623901000067, 47.290551250000036 ], [ 7.036551961000043, 47.329515279000034 ], [ 7.003995809000088, 47.368143413000027 ], [ 6.866639852000077, 47.354164937000021 ], [ 6.926067749000111, 47.424858297000029 ], [ 6.990973348000068, 47.452220968000077 ], [ 6.973300008000137, 47.48909210300009 ], [ 7.180832560000056, 47.48826528000005 ], [ 7.168326863000061, 47.44356516500001 ], [ 7.2380900470001, 47.416796773000058 ], [ 7.406348511000118, 47.438242493000061 ], [ 7.429292847000056, 47.465114238000083 ], [ 7.414306681000085, 47.490177307000081 ], [ 7.484483276000049, 47.492941997000045 ], [ 7.476938517000093, 47.514878643000102 ], [ 7.505153850000056, 47.533017070000128 ], [ 7.482726278000058, 47.542267151000047 ], [ 7.637032104000099, 47.594977112000052 ], [ 7.65966638200004, 47.596579082000076 ], [ 7.646540568000091, 47.571541850000088 ], [ 7.609746948000094, 47.564746399000043 ], [ 7.683437540000114, 47.544256694000083 ], [ 7.766739949000055, 47.555961406000065 ], [ 7.819656616000117, 47.595338847000065 ], [ 7.898204794000065, 47.587845764000022 ], [ 7.91215743000015, 47.560560608000102 ], [ 8.042278686000088, 47.560560608000102 ], [ 8.232964721000116, 47.621952210000089 ], [ 8.354094279000037, 47.581024475000063 ], [ 8.448868856000075, 47.584280091000053 ], [ 8.522352742000038, 47.621900534000062 ], [ 8.560696655000072, 47.58939605700003 ], [ 8.607308797000115, 47.656291199000023 ], [ 8.458273966000121, 47.639883932000046 ], [ 8.391301310000131, 47.665463765000098 ], [ 8.392128133000142, 47.699518535000053 ], [ 8.463648315000086, 47.763907370000069 ], [ 8.55160160300008, 47.779255270000121 ], [ 8.558216187000085, 47.801166077000076 ], [ 8.601624390000069, 47.794603170000087 ], [ 8.617437378000091, 47.757318624000064 ], [ 8.644102417000113, 47.791011658000016 ], [ 8.71314213000008, 47.757421977 ], [ 8.71706954000004, 47.694557597000099 ], [ 8.769882853000098, 47.695074361000067 ], [ 8.770709676000109, 47.720860901000052 ], [ 8.797581420000114, 47.72003407900003 ], [ 8.881710652000095, 47.656136170000067 ], [ 9.016586141000118, 47.678899639000051 ], [ 9.273211304000142, 47.650090027000047 ], [ 9.547481674000068, 47.534547102000047 ], [ 9.584510132000048, 47.480720521000094 ], [ 9.650345907000116, 47.452091777000035 ], [ 9.639803914000055, 47.394524231000091 ], [ 9.487358439000047, 47.210013529000051 ], [ 9.512369832000047, 47.10803009100006 ], [ 9.477023153000118, 47.063898417000061 ], [ 9.669052775000097, 47.056198629000065 ], [ 9.857981812000048, 47.015477600000011 ], [ 9.875138387000106, 46.927420960000077 ], [ 10.111299683000084, 46.847115784000053 ], [ 10.201423381000069, 46.866830343000018 ], [ 10.235116415000107, 46.923312684000066 ], [ 10.295681193000064, 46.922692566000094 ], [ 10.313664592000066, 46.964317933000089 ], [ 10.378983602000091, 46.995504659000076 ], [ 10.458461955000104, 46.936619365000084 ], [ 10.4485400800001, 46.83223297100001 ] ] ] } },
{ "type": "Feature", "properties": { "iso3": "NLD", "NAME": "Netherlands", "assessed": true }, "geometry": { "type": "MultiPolygon", "coordinates": [ [ [ [ 7.194590691000087, 53.245021877000056 ], [ 7.171944214000121, 53.137713725000069 ], [ 7.19282149300011, 52.998006490000094 ], [ 7.061976766000043, 52.824011942000126 ], [ 7.036655314000058, 52.647381897000045 ], [ 7.018465210000045, 52.625987854000115 ], [ 6.73703536000005, 52.634695333000067 ], [ 6.701792032000071, 52.619114889000045 ], [ 6.70396244300008, 52.583070577000043 ], [ 6.743753296000079, 52.559712830000095 ], [ 6.671716349000121, 52.541677755000094 ], [ 6.714814494000109, 52.461553447000043 ], [ 6.9002295330001, 52.431917012999989 ], [ 6.973300008000137, 52.451373190000069 ], [ 7.048230835000112, 52.365073547000023 ], [ 7.012470744000098, 52.284949239000056 ], [ 7.026320027000054, 52.230637309000102 ], [ 6.830673055000091, 52.112892558000013 ], [ 6.749851115000126, 52.10286733000008 ], [ 6.672956583000143, 52.050054016000033 ], [ 6.778169800000029, 52.001271465000073 ], [ 6.81072595200007, 51.960576274000019 ], [ 6.716674846000046, 51.899262187000048 ], [ 6.628153117000068, 51.897505189000086 ], [ 6.462891887000069, 51.848360901000021 ], [ 6.378452596000045, 51.86011728900003 ], [ 6.382483358000115, 51.827586975000074 ], [ 6.344966268000121, 51.821101583000129 ], [ 6.264661092000011, 51.866189271000067 ], [ 6.1269950760001, 51.896730041000083 ], [ 6.09299198400015, 51.885309550000059 ], [ 6.156140584000127, 51.842056376000116 ], [ 6.084000284000126, 51.853657735000056 ], [ 5.931451457000065, 51.815649720000053 ], [ 5.964110962000063, 51.776556499000023 ], [ 5.939306274000103, 51.731882223000085 ], [ 6.012066691000086, 51.715862528000045 ], [ 6.008552694000116, 51.681187643 ], [ 6.099193156000069, 51.644471538000047 ], [ 6.086480754000092, 51.59553395600004 ], [ 6.19334761500005, 51.509337667000111 ], [ 6.205336548000105, 51.458436382000073 ], [ 6.193554321000079, 51.344515686000037 ], [ 6.056611776000096, 51.211707255000036 ], [ 6.060849243000121, 51.17090871200007 ], [ 6.157070760000067, 51.179254456000123 ], [ 6.12627160700012, 51.164578349000053 ], [ 6.147252238000107, 51.15225352 ], [ 5.982921183000144, 51.074687195000124 ], [ 5.937962687000038, 51.03094309500004 ], [ 5.852489868000106, 51.042751160000037 ], [ 5.874607381000118, 50.965365703000018 ], [ 6.003695109000091, 50.973737284 ], [ 5.999871053000078, 50.929398906000031 ], [ 6.063743124000041, 50.907539775000018 ], [ 6.056715129000111, 50.852659404000079 ], [ 6.009276164000113, 50.840463765000081 ], [ 5.998320760000041, 50.800724589000069 ], [ 5.968761841000116, 50.794626770000022 ], [ 5.994910116000113, 50.749926656000085 ], [ 5.793165324000114, 50.752148743000092 ], [ 5.752444296000135, 50.773439433000064 ], [ 5.706555623000071, 50.75421580000004 ], [ 5.688365519000115, 50.760830384000045 ], [ 5.700457804000109, 50.795556946000076 ], [ 5.624493448000067, 50.830283509000097 ], [ 5.622323039000094, 50.852659404000079 ], [ 5.764019816000086, 50.959422913000097 ], [ 5.722368612000082, 50.959422913000097 ], [ 5.777559041000075, 51.02355336600003 ], [ 5.771461222000113, 51.05812489900002 ], [ 5.798849731000132, 51.061483866000046 ], [ 5.804947550000094, 51.096623840000078 ], [ 5.845978638000048, 51.103393454000113 ], [ 5.823241007000064, 51.118741354000079 ], [ 5.829132121000072, 51.156465149000027 ], [ 5.568372843000134, 51.207650655000052 ], [ 5.49323531100012, 51.286534729000081 ], [ 5.389055623000104, 51.258706971000024 ], [ 5.215422811000025, 51.258732808000033 ], [ 5.197336059000122, 51.308342183000022 ], [ 5.122921997000105, 51.313380636000076 ], [ 5.068144979000095, 51.374539694000092 ], [ 5.079927205000104, 51.438540955000079 ], [ 5.027527303000085, 51.476807353000069 ], [ 4.910325154000134, 51.391902975 ], [ 4.762117146000151, 51.413374532000049 ], [ 4.822681925000012, 51.413684591000035 ], [ 4.823922159000062, 51.475644633000073 ], [ 4.778653605000045, 51.495359192000123 ], [ 4.630135539000094, 51.418206279000046 ], [ 4.540631958000091, 51.420066630000051 ], [ 4.521511678000081, 51.428644917999989 ], [ 4.525232381000109, 51.475928854000031 ], [ 4.483064412000147, 51.474326884 ], [ 4.37712772600014, 51.44288177500006 ], [ 4.416195109000085, 51.37397125300005 ], [ 4.392217244000051, 51.350406799000027 ], [ 4.261067579000098, 51.369379275000071 ], [ 4.234711134000065, 51.419012762000079 ], [ 4.11109459700009, 51.406968492000033 ], [ 3.998789910000085, 51.453111070000034 ], [ 3.957041863000086, 51.455796617000033 ], [ 3.90211022200009, 51.40493398600006 ], [ 3.827159050000091, 51.391058661000045 ], [ 3.689707879000082, 51.454291083000044 ], [ 3.535411004000082, 51.459214585000041 ], [ 3.451019727000073, 51.529730536000045 ], [ 3.457530144000089, 51.555080471000053 ], [ 3.560394727000073, 51.594631252000056 ], [ 3.851084832000083, 51.61078522300005 ], [ 3.905772332000083, 51.569240627000056 ], [ 3.871592644000089, 51.549383856000077 ], [ 4.015879754000082, 51.530829169000071 ], [ 4.10482832100007, 51.445705471000053 ], [ 4.283213738000086, 51.447699286000045 ], [ 4.296722852000073, 51.470526434000078 ], [ 4.267751498000052, 51.508286851000037 ], [ 4.091319207000083, 51.535060940000051 ], [ 3.988129102000073, 51.590277411000045 ], [ 4.06771894600007, 51.610663153000075 ], [ 4.207286004000082, 51.590277411000045 ], [ 4.189952019000089, 51.616685289000088 ], [ 4.11296634200005, 51.639390367000033 ], [ 4.11264082100007, 51.670803127000056 ], [ 4.176931186000047, 51.68585846600007 ], [ 4.071543816000087, 51.717189846000053 ], [ 4.033946160000085, 51.784247137000079 ], [ 3.981455925000091, 51.81000397300005 ], [ 3.871592644000089, 51.788275458000044 ], [ 3.862315300000091, 51.816066799000055 ], [ 3.96265709700009, 51.847357489000046 ], [ 4.077647332000083, 51.843573309000078 ], [ 4.032074415000068, 51.882025458000044 ], [ 4.043467644000089, 51.908677476000037 ], [ 4.015635613000086, 51.987697658000059 ], [ 4.141856316000087, 52.005601304000038 ], [ 4.284678582000083, 52.112941799000055 ], [ 4.508148634000065, 52.336371161000045 ], [ 4.596934441000087, 52.506577867000033 ], [ 4.669444207000083, 52.796576239000046 ], [ 4.74545332100007, 52.967596747000073 ], [ 4.816905144000089, 52.967596747000073 ], [ 4.809418165000068, 52.929592190000051 ], [ 4.873789910000085, 52.903957424000055 ], [ 5.078135613000086, 52.954006252000056 ], [ 5.312754754000082, 53.082831122000073 ], [ 5.379242384000065, 53.097357489000046 ], [ 5.447438998000052, 53.220892645000049 ], [ 5.59156334700009, 53.302801825000074 ], [ 5.980804884000065, 53.406073309000078 ], [ 6.311534050000091, 53.398993231000077 ], [ 6.494395379000082, 53.438706773000035 ], [ 6.829112175000091, 53.450588283000059 ], [ 6.86687259200005, 53.434271552000041 ], [ 6.900563998000052, 53.351792710000041 ], [ 7.020030144000089, 53.306138414000031 ], [ 7.085459832000083, 53.309637762000079 ], [ 7.080739780000044, 53.266791083000044 ], [ 7.194590691000087, 53.245021877000056 ] ] ], [ [ [ 3.510915561000047, 51.407945054000038 ], [ 3.833994988000086, 51.343247789000088 ], [ 3.955821160000085, 51.371771552000041 ], [ 3.98414147200009, 51.41046784100007 ], [ 4.121918165000068, 51.359361070000034 ], [ 4.221491455000091, 51.368000603000027 ], [ 4.168561645000096, 51.296870016000085 ], [ 3.927026001000058, 51.206255392000074 ], [ 3.796284627000119, 51.20876169800006 ], [ 3.776234172000102, 51.254521180000083 ], [ 3.635054159000049, 51.287826640000034 ], [ 3.514338012000024, 51.281031188999989 ], [ 3.501212199000065, 51.240284323000097 ], [ 3.45387658700011, 51.235633444000044 ], [ 3.367370240000099, 51.263487040000101 ], [ 3.349414674000116, 51.375223118000051 ], [ 3.510915561000047, 51.407945054000038 ] ] ], [ [ [ 3.961761915000068, 51.738104559000078 ], [ 4.09734134200005, 51.67023346600007 ], [ 4.089040561000047, 51.644029039000088 ], [ 3.96029707100007, 51.623846747000073 ], [ 3.809255405000044, 51.69953034100007 ], [ 3.76539147200009, 51.678412177000041 ], [ 3.686696811000047, 51.692694403000075 ], [ 3.689463738000086, 51.725043036000045 ], [ 3.81421959700009, 51.748236395000049 ], [ 3.961761915000068, 51.738104559000078 ] ] ], [ [ [ 4.892588738000086, 53.104803778000075 ], [ 4.913096550000091, 53.104803778000075 ], [ 4.795664910000085, 53.00031159100007 ], [ 4.726817254000082, 53.003078518000052 ], [ 4.707692905000044, 53.028469143000052 ], [ 4.733653191000087, 53.084214585000041 ], [ 4.854340040000068, 53.187730210000041 ], [ 4.889821811000047, 53.180853583000044 ], [ 4.910166863000086, 53.134588934000078 ], [ 4.892588738000086, 53.104803778000075 ] ] ], [ [ [ 4.878916863000086, 53.220892645000049 ], [ 5.05445397200009, 53.313788153000075 ], [ 5.10482832100007, 53.309637762000079 ], [ 4.910166863000086, 53.212469794000071 ], [ 4.878916863000086, 53.220892645000049 ] ] ], [ [ [ 5.250173373000052, 53.406439520000049 ], [ 5.58529707100007, 53.453599351000037 ], [ 5.20834394600007, 53.352687893000052 ], [ 5.16765384200005, 53.368231512000079 ], [ 5.250173373000052, 53.406439520000049 ] ] ], [ [ [ 5.658864780000044, 53.471869208000044 ], [ 5.954600457000083, 53.461086330000057 ], [ 5.678965691000087, 53.430121161000045 ], [ 5.63607832100007, 53.44867584800005 ], [ 5.658864780000044, 53.471869208000044 ] ] ], [ [ [ 6.147959832000083, 53.494859117000033 ], [ 6.338715040000068, 53.502020575000074 ], [ 6.127452019000089, 53.459906317000048 ], [ 6.147959832000083, 53.494859117000033 ] ] ], [ [ [ 6.455088738000086, 53.558091539000031 ], [ 6.510101759000065, 53.54360586100006 ], [ 6.44304446700005, 53.549994208000044 ], [ 6.455088738000086, 53.558091539000031 ] ] ] ] } },
{ "type": "Feature", "properties": { "iso3": "LIE", "NAME": "Liechtenstein", "assessed": false }, "geometry": { "type": "Polygon", "coordinates": [ [ [ 9.530249878000092, 47.253654277000024 ], [ 9.562909383000061, 47.197740377000017 ], [ 9.552057332000118, 47.166889547000054 ], [ 9.615722697000109, 47.106764018000021 ], [ 9.560635620000141, 47.05240041200004 ], [ 9.477023153000118, 47.063898417000061 ], [ 9.512369832000047, 47.10803009100006 ], [ 9.487358439000047, 47.210013529000051 ], [ 9.530249878000092, 47.253654277000024 ] ] ] } },
{ "type": "Feature", "properties": { "iso3": "SRB", "NAME": "Serbia", "assessed": false }, "geometry": { "type": "Polygon", "coordinates": [ [ [ 20.305664510000042, 46.053572490000036 ], [ 20.353930298000051, 45.976677959000043 ], [ 20.572108195000055, 45.887691142000065 ], [ 20.700059041000117, 45.735400696000099 ], [ 20.765171346000102, 45.76676829100002 ], [ 20.785738566000077, 45.752557272000061 ], [ 20.754422648000087, 45.605589499000033 ], [ 20.800207967000119, 45.530503642000028 ], [ 20.767135050000036, 45.479343974000031 ], [ 20.981488891000083, 45.332789612000013 ], [ 21.091559692000089, 45.288089498000048 ], [ 21.139412069000088, 45.303695781 ], [ 21.239250936000104, 45.229385071000095 ], [ 21.405545695000086, 45.199671122000026 ], [ 21.493292277000137, 45.145100810000102 ], [ 21.494119100000148, 45.119314270000089 ], [ 21.442442667000108, 45.092907613000122 ], [ 21.421875447000048, 45.031412659000026 ], [ 21.351388794000087, 44.998236389000013 ], [ 21.408439575000074, 44.958342183000056 ], [ 21.516339966000089, 44.93389923200003 ], [ 21.536287068000036, 44.889302470000089 ], [ 21.355522908000097, 44.856591288000018 ], [ 21.342810506000149, 44.831941631000021 ], [ 21.395933879000069, 44.790238749000096 ], [ 21.578041626000072, 44.777681377000064 ], [ 21.65627974500012, 44.687661032000037 ], [ 21.756842081000059, 44.677274069000092 ], [ 21.855440715000043, 44.69846140500006 ], [ 21.994346964000073, 44.6585672 ], [ 22.045196574000101, 44.569218649000035 ], [ 22.126638631000105, 44.502659403000067 ], [ 22.185136352000114, 44.515113424000035 ], [ 22.304922323000142, 44.677377422000021 ], [ 22.426051880000074, 44.733653056000023 ], [ 22.483722778000129, 44.723989563000075 ], [ 22.587489054000031, 44.649368795000029 ], [ 22.700143676000039, 44.630610251000022 ], [ 22.765152628000095, 44.582809550000022 ], [ 22.700143676000039, 44.541830140000101 ], [ 22.580461059000129, 44.565497946000036 ], [ 22.548421672000103, 44.511702779000117 ], [ 22.484136189000139, 44.499765524000068 ], [ 22.477004842000014, 44.463953756000038 ], [ 22.522686808000117, 44.375070292000075 ], [ 22.582838175000063, 44.32840647400009 ], [ 22.6815401610001, 44.305307109000026 ], [ 22.691640373000098, 44.228434539 ], [ 22.606195923000115, 44.174565735 ], [ 22.592966757000113, 44.063926494000057 ], [ 22.399593546000091, 43.993336487000064 ], [ 22.349467407000077, 43.807921448000073 ], [ 22.404864543000116, 43.687179464000067 ], [ 22.466256144000084, 43.649119772000049 ], [ 22.518862752000075, 43.474246725000043 ], [ 22.733009888000083, 43.381513367000125 ], [ 22.88380171700004, 43.230592347000126 ], [ 22.981366822000069, 43.198992208000035 ], [ 22.984570760000111, 43.174626771000121 ], [ 22.955631958000055, 43.108274232 ], [ 22.884215128000051, 43.036650696000024 ], [ 22.776418091000068, 42.97972910600005 ], [ 22.727015422000136, 42.886892395000032 ], [ 22.563614542000039, 42.884282735000042 ], [ 22.427395467000053, 42.813615214000023 ], [ 22.482895955000117, 42.733775126000026 ], [ 22.442071573000106, 42.681685282000089 ], [ 22.425328410000077, 42.572854716 ], [ 22.512144816000074, 42.519188742000026 ], [ 22.536536092000091, 42.478390198000042 ], [ 22.508837525000075, 42.40493215 ], [ 22.46977014100014, 42.391702983000087 ], [ 22.423984822000108, 42.325893047000093 ], [ 22.307609497000101, 42.319330140000019 ], [ 22.268852173000141, 42.370334779000089 ], [ 22.095529419000059, 42.305816752000069 ], [ 21.92902795400002, 42.335117289000024 ], [ 21.676886452000076, 42.234944820000109 ], [ 21.575044392000052, 42.242022197000026 ], [ 21.516029907000103, 42.341938579000058 ], [ 21.617419068000061, 42.386638692000119 ], [ 21.618969360000079, 42.449244691000033 ], [ 21.717671346000088, 42.551150615000026 ], [ 21.734724569000036, 42.624246928000062 ], [ 21.772758422000067, 42.6475013230001 ], [ 21.7643868400001, 42.669618836 ], [ 21.708886352, 42.687188823000085 ], [ 21.629407999000108, 42.672202657000113 ], [ 21.565225870000091, 42.72018422500004 ], [ 21.378673951000081, 42.744136251000057 ], [ 21.408439575000074, 42.846998190000093 ], [ 21.260541626000105, 42.886556499000037 ], [ 21.23242964700006, 42.910896098000066 ], [ 21.209795369000091, 42.995877991000057 ], [ 21.147887003000079, 42.992622376000057 ], [ 21.092593221000072, 43.090678406 ], [ 21.005156698000093, 43.099127502 ], [ 20.838551880000125, 43.170466817 ], [ 20.839998820000119, 43.212092184000099 ], [ 20.864700154000047, 43.217337342000022 ], [ 20.819431600000144, 43.257412415000019 ], [ 20.769512166000084, 43.260848898000049 ], [ 20.604044230000113, 43.197958679000052 ], [ 20.626058390000111, 43.123725485000094 ], [ 20.669156535000099, 43.109798686000019 ], [ 20.643835083000027, 43.052256979000063 ], [ 20.596396118000143, 43.007091777000099 ], [ 20.562393026000109, 43.009494731000061 ], [ 20.459453572000115, 42.950015158 ], [ 20.450978637000048, 42.922032369000092 ], [ 20.498831014000132, 42.877874858 ], [ 20.476300089000119, 42.855524801000016 ], [ 20.345352010000028, 42.827438660000084 ], [ 20.337083781000075, 42.906968689000095 ], [ 20.116942179000063, 42.976654358000033 ], [ 19.929150024000137, 43.113906963000019 ], [ 19.805126587000132, 43.089954936000098 ], [ 19.713555949000067, 43.165609233000069 ], [ 19.598110799000096, 43.176202902000043 ], [ 19.372284790000037, 43.384226379000054 ], [ 19.218392375000121, 43.438202413000042 ], [ 19.175914347000088, 43.480887146000029 ], [ 19.175190877000091, 43.509619243000131 ], [ 19.252705525000067, 43.588632507000014 ], [ 19.346549926000137, 43.60883799200009 ], [ 19.410732056000086, 43.540754293000091 ], [ 19.431816040000115, 43.571140035000056 ], [ 19.489590291000098, 43.564447937000025 ], [ 19.477498006000133, 43.61697703 ], [ 19.507366984000043, 43.647181905000096 ], [ 19.461685018000139, 43.762136129000041 ], [ 19.22934777800009, 43.957679748000075 ], [ 19.24350712100005, 44.002018128000131 ], [ 19.287328735000074, 44.01302520800003 ], [ 19.364636678000068, 43.973286031000029 ], [ 19.528554321000087, 43.977213441000075 ], [ 19.618884725000044, 44.035711161000066 ], [ 19.522043091000029, 44.085010478000086 ], [ 19.465715779000021, 44.152809957 ], [ 19.442564738000044, 44.14319814 ], [ 19.362362915000062, 44.191205547000024 ], [ 19.3243290610001, 44.263965963000018 ], [ 19.15700077300005, 44.293576559000044 ], [ 19.116693156000082, 44.343702698000058 ], [ 19.107184693000107, 44.382718404000073 ], [ 19.141394490000096, 44.430829163000041 ], [ 19.129922323000102, 44.518317363 ], [ 19.179635051000105, 44.53826446500004 ], [ 19.188316691000068, 44.57603993700009 ], [ 19.318024536000109, 44.715462952000067 ], [ 19.376625610000104, 44.862999166000051 ], [ 19.353164510000056, 44.899017639000036 ], [ 19.201855916000028, 44.908371073000083 ], [ 19.186869751000074, 44.92754303 ], [ 19.015820760000082, 44.865634664000069 ], [ 18.991429484000065, 44.914933980000072 ], [ 19.066670369000093, 44.905683899000067 ], [ 19.131679321000064, 44.953174540000063 ], [ 19.087237589000097, 44.977100728000053 ], [ 19.082276652000132, 45.08494944300007 ], [ 19.044862915000067, 45.137245993000064 ], [ 19.137673787000097, 45.146030986000071 ], [ 19.121860799000103, 45.195795390000072 ], [ 19.225937133000087, 45.161947327000078 ], [ 19.39068160000005, 45.169337057000078 ], [ 19.407838175000109, 45.203133444000073 ], [ 19.378072550000098, 45.229591777000067 ], [ 19.158482332733676, 45.276171379377523 ], [ 19.1041470909989, 45.298725651662807 ], [ 19.08295634672233, 45.339224357415532 ], [ 18.977491387120342, 45.371208750191805 ], [ 18.975527407984831, 45.391129634348331 ], [ 19.031318659791033, 45.416201044749599 ], [ 18.997144016269534, 45.455516941222648 ], [ 19.009619588000106, 45.49867095900008 ], [ 19.077212362000068, 45.491642965000054 ], [ 19.106254517000053, 45.511641745000091 ], [ 19.018094523000116, 45.56740061400005 ], [ 18.941716757000052, 45.538926900000021 ], [ 18.903579549000085, 45.573085022 ], [ 18.912364542000091, 45.619232076000046 ], [ 18.968485148000127, 45.668738098000077 ], [ 18.844978475000062, 45.815705872000123 ], [ 18.855313761000076, 45.857357076000127 ], [ 18.906990194000116, 45.867950745000101 ], [ 18.872883748000049, 45.895235901000021 ], [ 18.90130578600008, 45.931202698 ], [ 18.987502076000084, 45.923812969 ], [ 18.981817668000133, 45.950788066000101 ], [ 19.048583618000094, 45.963448792000051 ], [ 19.065430135000071, 46.012024638000057 ], [ 19.111008748000046, 46.012954814000111 ], [ 19.1480090740001, 45.984067688000053 ], [ 19.263454223000082, 45.981432190000035 ], [ 19.30696577900008, 46.026649069000129 ], [ 19.378899373000138, 46.033677064000031 ], [ 19.45372684700007, 46.077550355000071 ], [ 19.499305461000063, 46.108607890000101 ], [ 19.487523234000065, 46.134239401000073 ], [ 19.549948364000102, 46.164160055000096 ], [ 19.669320923000043, 46.173100077000029 ], [ 19.790450480000061, 46.129071758000052 ], [ 19.929150024000137, 46.163539938000028 ], [ 20.170478964000012, 46.145504862000038 ], [ 20.305664510000042, 46.053572490000036 ] ] ] } },
{ "type": "Feature", "properties": { "iso3": "HRV", "NAME": "Croatia", "assessed": false }, "geometry": { "type": "MultiPolygon", "coordinates": [ [ [ [ 16.344149210000069, 46.546979065000116 ], [ 16.659272095000091, 46.464193421000019 ], [ 16.755080200000123, 46.381872864000044 ], [ 16.837659139000067, 46.381872864000044 ], [ 16.889232218000075, 46.29216257800006 ], [ 17.052943156000055, 46.153463033 ], [ 17.208592570000064, 46.116566060000068 ], [ 17.275875285000041, 46.012024638000057 ], [ 17.316803019000048, 45.997658590000057 ], [ 17.290137980000111, 45.984636129000123 ], [ 17.337887003000077, 45.984636129000123 ], [ 17.345328410000093, 45.955697327000067 ], [ 17.389150024000116, 45.963087057000067 ], [ 17.406203247000036, 45.943656718000071 ], [ 17.59110152100007, 45.936215312000073 ], [ 17.64577518700014, 45.891825256000104 ], [ 17.65652388500007, 45.845419820000089 ], [ 17.809176066000134, 45.814413961000056 ], [ 17.858061971000012, 45.771729228000069 ], [ 17.889791300000127, 45.792141418000099 ], [ 18.08047733500004, 45.771729228000069 ], [ 18.211218709000065, 45.785371806000072 ], [ 18.404385213000069, 45.741808574000046 ], [ 18.573470499000109, 45.81668772400009 ], [ 18.655636027000128, 45.90758656800007 ], [ 18.775525350000095, 45.882833557000069 ], [ 18.804877563000076, 45.913632711000034 ], [ 18.90130578600008, 45.931202698 ], [ 18.872883748000049, 45.895235901000021 ], [ 18.906990194000116, 45.867950745000101 ], [ 18.855313761000076, 45.857357076000127 ], [ 18.844978475000062, 45.815705872000123 ], [ 18.968485148000127, 45.668738098000077 ], [ 18.912364542000091, 45.619232076000046 ], [ 18.903579549000085, 45.573085022 ], [ 18.941716757000052, 45.538926900000021 ], [ 19.018094523000116, 45.56740061400005 ], [ 19.106254517000053, 45.511641745000091 ], [ 19.077212362000068, 45.491642965000054 ], [ 19.009619588000106, 45.49867095900008 ], [ 18.997144016269534, 45.455516941222648 ], [ 19.031318659791033, 45.416201044749599 ], [ 18.975527407984831, 45.391129634348331 ], [ 18.977491387120342, 45.371208750191805 ], [ 19.08295634672233, 45.339224357415532 ], [ 19.1041470909989, 45.298725651662807 ], [ 19.158482332733676, 45.276171379377523 ], [ 19.378072550000098, 45.229591777000067 ], [ 19.407838175000109, 45.203133444000073 ], [ 19.39068160000005, 45.169337057000078 ], [ 19.225937133000087, 45.161947327000078 ], [ 19.121860799000103, 45.195795390000072 ], [ 19.137673787000097, 45.146030986000071 ], [ 19.044862915000067, 45.137245993000064 ], [ 19.082276652000132, 45.08494944300007 ], [ 19.087237589000097, 44.977100728000053 ], [ 19.131679321000064, 44.953174540000063 ], [ 19.066670369000093, 44.905683899000067 ], [ 18.991429484000065, 44.914933980000072 ], [ 19.015820760000082, 44.865634664000069 ], [ 18.889626912000097, 44.861190491000073 ], [ 18.783380167000132, 44.913745423000037 ], [ 18.772631469000117, 44.942477519000064 ], [ 18.80456750500008, 44.973845113000081 ], [ 18.791751749000099, 45.001543681 ], [ 18.738318319000086, 45.015909729 ], [ 18.684058065000045, 45.084794414000029 ], [ 18.648711385000126, 45.062676900000028 ], [ 18.61667199700014, 45.097661845000019 ], [ 18.549595988000107, 45.094767965000031 ], [ 18.541121053000097, 45.055287171000103 ], [ 18.517039835000077, 45.055855612000059 ], [ 18.412033325000039, 45.112441305000047 ], [ 18.237883748000115, 45.157451477000066 ], [ 18.153651164000024, 45.097558493000079 ], [ 18.003479451000118, 45.149338278000059 ], [ 17.911185343000056, 45.08107371100003 ], [ 17.835737752000057, 45.064433899000093 ], [ 17.684739217000129, 45.163962708000028 ], [ 17.572394653000089, 45.120399476 ], [ 17.481857544000093, 45.114405009000066 ], [ 17.496223592000092, 45.141690165000071 ], [ 17.447751099000129, 45.134300436000061 ], [ 17.443306925000115, 45.16205068 ], [ 17.382432088000087, 45.139623109000027 ], [ 17.268950643000068, 45.189542542000069 ], [ 17.245489543000076, 45.15538442000009 ], [ 17.18709517400012, 45.148563131000046 ], [ 17.055733683000113, 45.200446269000039 ], [ 17.036303344000146, 45.230470276000105 ], [ 17.008294718000116, 45.216155905 ], [ 17.008294718000116, 45.244164531000123 ], [ 16.947316529000148, 45.235689596000029 ], [ 16.924372193000124, 45.284523825000079 ], [ 16.811717570000013, 45.181222637000118 ], [ 16.528944133000095, 45.222253724000083 ], [ 16.481918579000109, 45.199516093000099 ], [ 16.435513143000094, 45.132853496000067 ], [ 16.389211060000036, 45.116833801000027 ], [ 16.340635213000041, 45.005936178000084 ], [ 16.316243937000081, 45.001233623000118 ], [ 16.212994426000137, 45.031464335000024 ], [ 16.121527140000097, 45.096163229000112 ], [ 16.067473592000113, 45.169595439000076 ], [ 16.024375447000097, 45.18432322200006 ], [ 16.020448039000115, 45.213933818000029 ], [ 15.878854614000147, 45.217241109000028 ], [ 15.792348267000136, 45.189800924000068 ], [ 15.755968059000054, 45.042213033000067 ], [ 15.763616170000148, 44.975550436000034 ], [ 15.730853312000136, 44.927232972000112 ], [ 15.773434692000109, 44.845015768000067 ], [ 15.716073852000108, 44.803209534000118 ], [ 15.728476196000088, 44.769103088000051 ], [ 15.805680786000067, 44.696652730000054 ], [ 15.888776489000065, 44.724247945000073 ], [ 15.968978312000047, 44.639240214000054 ], [ 16.028302856000067, 44.624719137000014 ], [ 16.044735962000118, 44.589372457000096 ], [ 16.006081990000041, 44.541003316000072 ], [ 16.116462850000119, 44.521469625000051 ], [ 16.159664347000046, 44.416101380000029 ], [ 16.138270305000049, 44.377602438000068 ], [ 16.202865844000087, 44.359774068000021 ], [ 16.187569620000119, 44.282414450000019 ], [ 16.21578495300011, 44.208155416000025 ], [ 16.326889282000081, 44.082374980000068 ], [ 16.414015747000064, 44.055813293000043 ], [ 16.439647258000036, 44.014007060000083 ], [ 16.50103885900009, 43.99271637 ], [ 16.678599081000044, 43.840684306000085 ], [ 16.712602173000079, 43.771515401 ], [ 17.030515585000074, 43.548479919 ], [ 17.142756795000054, 43.489336243000125 ], [ 17.270500936000076, 43.463213807000031 ], [ 17.286417277000083, 43.43737559 ], [ 17.267607055000099, 43.353323873000065 ], [ 17.289931275000043, 43.303430278000022 ], [ 17.400208781000117, 43.216045431000069 ], [ 17.442066691000093, 43.152431743000093 ], [ 17.628411905000121, 43.046572571000027 ], [ 17.662725057000046, 42.965698955000065 ], [ 17.634509724000083, 42.950402731000096 ], [ 17.515635613000086, 42.958889065000051 ], [ 17.470876498000052, 43.013413804000038 ], [ 17.501963738000086, 43.030991929000038 ], [ 17.433604363000086, 43.017401434000078 ], [ 17.460215691000087, 43.030991929000038 ], [ 17.432302280000044, 43.036200262000079 ], [ 17.426117384000065, 43.065171617000033 ], [ 17.404551629000082, 43.051499742000033 ], [ 17.316254102000073, 43.12726471600007 ], [ 17.113942905000044, 43.21320221600007 ], [ 16.88062584700009, 43.405951239000046 ], [ 16.625824415000068, 43.449042059000078 ], [ 16.524668816000087, 43.510809637000079 ], [ 16.391449415000068, 43.510809637000079 ], [ 16.473399285000085, 43.538153387000079 ], [ 16.433848504000082, 43.549750067000048 ], [ 16.117686394000089, 43.524481512000079 ], [ 16.172373894000089, 43.48969147300005 ], [ 16.113129102000073, 43.478908596000053 ], [ 15.959483269000089, 43.503973700000074 ], [ 15.987315300000091, 43.544907945000034 ], [ 15.925303582000083, 43.558579820000034 ], [ 15.944183790000068, 43.56671784100007 ], [ 15.917979363000086, 43.57290273600006 ], [ 15.918955925000091, 43.628729559000078 ], [ 15.966319207000083, 43.641180731000077 ], [ 15.904795769000089, 43.648016669000071 ], [ 15.952972852000073, 43.650864976000037 ], [ 15.932139519000089, 43.668443101000037 ], [ 15.950450066000087, 43.688544012000079 ], [ 15.931162957000083, 43.676499742000033 ], [ 15.792165561000047, 43.754461981000077 ], [ 15.706309441000087, 43.763413804000038 ], [ 15.617442254000082, 43.825506903000075 ], [ 15.663096550000091, 43.812974351000037 ], [ 15.678884311000047, 43.819281317000048 ], [ 15.455088738000086, 43.92804596600007 ], [ 15.144541863000086, 44.195461330000057 ], [ 15.152191602000073, 44.235296942000048 ], [ 15.110362175000091, 44.264349677000041 ], [ 15.140635613000086, 44.282456773000035 ], [ 15.176605665000068, 44.249945380000042 ], [ 15.207774285000085, 44.272772528000075 ], [ 15.185394727000073, 44.285386460000041 ], [ 15.206553582000083, 44.285386460000041 ], [ 15.198090040000068, 44.301662502000056 ], [ 15.295258009000065, 44.250677802000041 ], [ 15.281748894000089, 44.285386460000041 ], [ 15.302744988000086, 44.29913971600007 ], [ 15.261241082000083, 44.332586981000077 ], [ 15.424489780000044, 44.267971096000053 ], [ 15.52865644600007, 44.27179596600007 ], [ 15.449229363000086, 44.285386460000041 ], [ 15.30795332100007, 44.354396877000056 ], [ 15.080088738000086, 44.536078192000048 ], [ 15.007334832000083, 44.569728908000059 ], [ 14.883799675000091, 44.723618882000039 ], [ 14.883799675000091, 44.861476955000057 ], [ 14.92164147200009, 44.958807684000078 ], [ 14.852793816000087, 45.093654690000051 ], [ 14.65788821700005, 45.196600653000075 ], [ 14.576019727000073, 45.262274481000077 ], [ 14.570811394000089, 45.293646552000041 ], [ 14.534353061000047, 45.312689520000049 ], [ 14.555430535000085, 45.295884507000039 ], [ 14.533050977000073, 45.283880927000041 ], [ 14.402354363000086, 45.338609117000033 ], [ 14.311534050000091, 45.343980210000041 ], [ 14.271983269000089, 45.290106512000079 ], [ 14.232595248000052, 45.149359442000048 ], [ 14.209239129000082, 45.126369533000059 ], [ 14.17937259200005, 45.134507554000038 ], [ 14.19312584700009, 45.105617580000057 ], [ 14.14389082100007, 45.059393622000073 ], [ 14.166188998000052, 45.018947658000059 ], [ 14.151377800000091, 44.977484442000048 ], [ 14.068858269000089, 44.94953034100007 ], [ 14.083832227000073, 44.986395575000074 ], [ 14.040293816000087, 45.038967190000051 ], [ 14.04428144600007, 45.00141022300005 ], [ 14.075694207000083, 44.983710028000075 ], [ 14.034678582000083, 44.956366278000075 ], [ 14.020518425000091, 44.901109117000033 ], [ 13.972666863000086, 44.901109117000033 ], [ 13.993011915000068, 44.881293036000045 ], [ 13.972666863000086, 44.826646226000037 ], [ 14.000010613000086, 44.813055731000077 ], [ 13.890147332000083, 44.833482164000088 ], [ 13.917979363000086, 44.778265692000048 ], [ 13.903168165000068, 44.772406317000048 ], [ 13.896983269000089, 44.813055731000077 ], [ 13.787119988000086, 44.875067450000074 ], [ 13.842295769000089, 44.88812897300005 ], [ 13.79460696700005, 44.894964911000045 ], [ 13.808116082000083, 44.915432033000059 ], [ 13.774099155000044, 44.963812567000048 ], [ 13.623220248000052, 45.073065497000073 ], [ 13.636892123000052, 45.093573309000078 ], [ 13.612559441000087, 45.117865302000041 ], [ 13.72624759200005, 45.134507554000038 ], [ 13.595957879000082, 45.145412502000056 ], [ 13.595225457000083, 45.250799872000073 ], [ 13.575450066000087, 45.264878648000035 ], [ 13.602712436000047, 45.285345770000049 ], [ 13.575450066000087, 45.306463934000078 ], [ 13.609548373000052, 45.320135809000078 ], [ 13.541270379000082, 45.346136786000045 ], [ 13.554942254000082, 45.367336330000057 ], [ 13.51335696700005, 45.436224677000041 ], [ 13.507090691000087, 45.511908270000049 ], [ 13.624106924762254, 45.462745236435083 ], [ 13.759294068000145, 45.463169251000025 ], [ 13.889001912000083, 45.42363678 ], [ 13.982639608000056, 45.475313212000046 ], [ 13.96145227000008, 45.493141581000074 ], [ 13.971890910000127, 45.514225566 ], [ 14.092917114000102, 45.47391794800005 ], [ 14.218697551000076, 45.497172344000077 ], [ 14.37279667100006, 45.477845358000124 ], [ 14.468914835000078, 45.52559438100009 ], [ 14.49857710800012, 45.596184388000083 ], [ 14.580949341000093, 45.667807922000023 ], [ 14.603066853000115, 45.603574117000065 ], [ 14.669832804000066, 45.564558411000078 ], [ 14.668489217000086, 45.533965963000057 ], [ 14.781247192000109, 45.493348288000035 ], [ 14.797163533000059, 45.465184632000089 ], [ 14.881602823000094, 45.46978383400004 ], [ 14.922633911000048, 45.51494903600009 ], [ 15.056165812000131, 45.479912415000072 ], [ 15.139261515000101, 45.430044658000028 ], [ 15.325193318000117, 45.452833964000021 ], [ 15.361366821000047, 45.482031149000065 ], [ 15.296667928000062, 45.522958883000072 ], [ 15.268555948000113, 45.601662089000072 ], [ 15.373769165000112, 45.64021270800005 ], [ 15.330774373000054, 45.684551087000088 ], [ 15.283025350000059, 45.680106913000074 ], [ 15.255016723000068, 45.72346344000006 ], [ 15.429062947000148, 45.775294902000027 ], [ 15.451283813000089, 45.815137431000053 ], [ 15.626053508000069, 45.820201721000032 ], [ 15.676076294000069, 45.84169911700009 ], [ 15.659436483000036, 45.888828024000091 ], [ 15.697987101000109, 46.036209208000045 ], [ 15.589880005000055, 46.113517151000039 ], [ 15.639799438000097, 46.20767161000002 ], [ 15.749766886000089, 46.210772197000054 ], [ 15.818289835000087, 46.255523987000018 ], [ 16.019207804000075, 46.298828837000073 ], [ 16.059618774000057, 46.332315166000072 ], [ 16.05796512800012, 46.377532044000063 ], [ 16.143851359000053, 46.394714458000053 ], [ 16.191807088000076, 46.36978057900005 ], [ 16.27562626200006, 46.373165385000092 ], [ 16.234905233000092, 46.493338928000028 ], [ 16.344149210000069, 46.546979065000116 ] ] ], [ [ [ 18.442005656000077, 42.543011577000087 ], [ 18.437148071000053, 42.493402202000127 ], [ 18.496429884000065, 42.41632721600007 ], [ 18.238942905000044, 42.559068101000037 ], [ 18.217539910000085, 42.620103257000039 ], [ 18.076019727000073, 42.651312567000048 ], [ 18.043223504000082, 42.702053127000056 ], [ 18.028330925000091, 42.691310940000051 ], [ 17.901621941000087, 42.751898505000042 ], [ 17.880707227000073, 42.768744208000044 ], [ 17.892832879000082, 42.790838934000078 ], [ 17.806651238000086, 42.811916408000059 ], [ 17.780121290000068, 42.796942450000074 ], [ 17.720957879000082, 42.826239325000074 ], [ 17.761892123000052, 42.778713283000059 ], [ 17.748708530000044, 42.772040106000077 ], [ 17.728770379000082, 42.800767320000034 ], [ 17.440440300000091, 42.87335846600007 ], [ 17.44271894600007, 42.898627020000049 ], [ 17.417246941000087, 42.911200262000079 ], [ 17.213877800000091, 42.982611395000049 ], [ 17.046153191000087, 42.995062567000048 ], [ 17.00163821700005, 43.051499742000033 ], [ 17.073252800000091, 43.024155992000033 ], [ 17.240244988000086, 43.022772528000075 ], [ 17.390472852000073, 42.977728583000044 ], [ 17.460215691000087, 42.921779690000051 ], [ 17.558929884000065, 42.912827867000033 ], [ 17.741465691000087, 42.839260158000059 ], [ 17.701914910000085, 42.868475653000075 ], [ 17.707367384000065, 42.88703034100007 ], [ 17.653330925000091, 42.89093659100007 ], [ 17.701585734000105, 42.919500225 ], [ 17.811759887000051, 42.909862570000072 ], [ 17.858475382000023, 42.816974182000038 ], [ 18.22413781700007, 42.628070985000122 ], [ 18.338652791000101, 42.60251698900008 ], [ 18.442005656000077, 42.543011577000087 ] ] ], [ [ [ 16.921071811000047, 42.777167059000078 ], [ 16.936371290000068, 42.755519924000055 ], [ 16.905446811000047, 42.731756903000075 ], [ 16.834320509000065, 42.730943101000037 ], [ 16.809825066000087, 42.749823309000078 ], [ 16.824066602000073, 42.764064846000053 ], [ 16.802989129000082, 42.763495184000078 ], [ 16.921071811000047, 42.777167059000078 ] ] ], [ [ [ 17.67937259200005, 42.729885158000059 ], [ 17.748871290000068, 42.694566148000035 ], [ 17.373789910000085, 42.759995835000041 ], [ 17.323741082000083, 42.790838934000078 ], [ 17.39234459700009, 42.801703192000048 ], [ 17.371592644000089, 42.790838934000078 ], [ 17.67937259200005, 42.729885158000059 ] ] ], [ [ [ 17.032074415000068, 42.982611395000049 ], [ 17.200205925000091, 42.921779690000051 ], [ 16.972911004000082, 42.926703192000048 ], [ 16.851410352000073, 42.90070221600007 ], [ 16.655446811000047, 42.926255601000037 ], [ 16.63843834700009, 42.934759833000044 ], [ 16.70679772200009, 42.969549872000073 ], [ 16.631683790000068, 42.982611395000049 ], [ 16.72046959700009, 42.990057684000078 ], [ 16.824066602000073, 42.962103583000044 ], [ 17.032074415000068, 42.982611395000049 ] ] ], [ [ [ 16.24545332100007, 43.076361395000049 ], [ 16.21029707100007, 43.033270575000074 ], [ 16.121348504000082, 43.013373114000046 ], [ 16.063161655000044, 43.017401434000078 ], [ 16.087087436000047, 43.041408596000053 ], [ 16.048838738000086, 43.065171617000033 ], [ 16.13021894600007, 43.088446356000077 ], [ 16.24545332100007, 43.076361395000049 ] ] ], [ [ [ 16.670176629000082, 43.125474351000037 ], [ 16.371592644000089, 43.195502020000049 ], [ 16.496429884000065, 43.218085028000075 ], [ 16.583262566000087, 43.188666083000044 ], [ 16.520518425000091, 43.228989976000037 ], [ 16.562754754000082, 43.228989976000037 ], [ 16.65951582100007, 43.215969143000052 ], [ 16.727712436000047, 43.164618231000077 ], [ 16.864431186000047, 43.168850002000056 ], [ 17.193369988000086, 43.12726471600007 ], [ 16.670176629000082, 43.125474351000037 ] ] ], [ [ [ 16.421885613000086, 43.317572333000044 ], [ 16.405772332000083, 43.332709052000041 ], [ 16.426280144000089, 43.325181382000039 ], [ 16.453461134000065, 43.353176174000055 ], [ 16.426280144000089, 43.394110419000071 ], [ 16.44703209700009, 43.39484284100007 ], [ 16.687673373000052, 43.377020575000074 ], [ 16.89234459700009, 43.312201239000046 ], [ 16.846202019000089, 43.273382880000042 ], [ 16.62826582100007, 43.263739325000074 ], [ 16.421885613000086, 43.317572333000044 ] ] ], [ [ [ 16.375987175000091, 43.33344147300005 ], [ 16.207041863000086, 43.387274481000077 ], [ 16.200450066000087, 43.407049872000073 ], [ 16.29818769600007, 43.403631903000075 ], [ 16.391449415000068, 43.346380927000041 ], [ 16.375987175000091, 43.33344147300005 ] ] ], [ [ [ 15.740407748000052, 43.627508856000077 ], [ 15.672048373000052, 43.637437242000033 ], [ 15.603770379000082, 43.674709377000056 ], [ 15.65015709700009, 43.673041083000044 ], [ 15.740407748000052, 43.627508856000077 ] ] ], [ [ [ 15.227793816000087, 43.87445709800005 ], [ 15.342458530000044, 43.811835028000075 ], [ 15.395681186000047, 43.772406317000048 ], [ 15.308929884000065, 43.805609442000048 ], [ 15.227793816000087, 43.87445709800005 ] ] ], [ [ [ 15.358653191000087, 43.91937897300005 ], [ 15.261241082000083, 44.011053778000075 ], [ 15.384043816000087, 43.97016022300005 ], [ 15.446055535000085, 43.887518622000073 ], [ 15.358653191000087, 43.91937897300005 ] ] ], [ [ [ 15.254405144000089, 44.01788971600007 ], [ 15.121836785000085, 44.092230536000045 ], [ 15.062510613000086, 44.161932684000078 ], [ 15.225759311000047, 44.066229559000078 ], [ 15.254405144000089, 44.01788971600007 ] ] ], [ [ [ 14.822438998000052, 44.168687242000033 ], [ 14.869151238000086, 44.140529690000051 ], [ 14.835215691000087, 44.141669012000079 ], [ 14.819834832000083, 44.153021552000041 ], [ 14.822438998000052, 44.168687242000033 ] ] ], [ [ [ 15.216807488000086, 43.912787177000041 ], [ 15.195485873000052, 43.895209052000041 ], [ 15.133311394000089, 43.921210028000075 ], [ 15.194509311000047, 43.872626044000071 ], [ 15.121348504000082, 43.912583726000037 ], [ 15.003103061000047, 44.052313544000071 ], [ 14.849619988000086, 44.175604559000078 ], [ 14.95443769600007, 44.103216864000046 ], [ 15.007334832000083, 44.093003648000035 ], [ 15.041351759000065, 44.026434637000079 ], [ 15.216807488000086, 43.912787177000041 ] ] ], [ [ [ 14.918630405000044, 44.50454336100006 ], [ 14.733653191000087, 44.703192450000074 ], [ 14.845225457000083, 44.600531317000048 ], [ 14.883799675000091, 44.579657294000071 ], [ 14.880137566000087, 44.609198309000078 ], [ 14.90406334700009, 44.61001211100006 ], [ 15.041188998000052, 44.527492580000057 ], [ 15.07553144600007, 44.484076239000046 ], [ 14.911143425000091, 44.552313544000071 ], [ 15.048024936000047, 44.439439195000034 ], [ 15.096690300000091, 44.415187893000052 ], [ 15.041514519000089, 44.476629950000074 ], [ 15.254405144000089, 44.340033270000049 ], [ 15.165049675000091, 44.367377020000049 ], [ 15.220225457000083, 44.312730210000041 ], [ 15.130869988000086, 44.332586981000077 ], [ 15.172373894000089, 44.29913971600007 ], [ 15.128754102000073, 44.311997789000088 ], [ 15.08920332100007, 44.374212958000044 ], [ 15.117198113000086, 44.387193101000037 ], [ 15.049001498000052, 44.394680080000057 ], [ 14.897471550000091, 44.490912177000041 ], [ 14.918630405000044, 44.50454336100006 ] ] ], [ [ [ 14.410004102000073, 44.600978908000059 ], [ 14.534353061000047, 44.484076239000046 ], [ 14.511973504000082, 44.482245184000078 ], [ 14.438161655000044, 44.538641669000071 ], [ 14.466075066000087, 44.538641669000071 ], [ 14.437998894000089, 44.564642645000049 ], [ 14.36304772200009, 44.573431708000044 ], [ 14.38257897200009, 44.603257554000038 ], [ 14.335785352000073, 44.716782945000034 ], [ 14.397471550000091, 44.685614325000074 ], [ 14.410004102000073, 44.600978908000059 ] ] ], [ [ [ 14.740489129000082, 44.770493882000039 ], [ 14.754079623000052, 44.757757880000042 ], [ 14.65788821700005, 44.798773505000042 ], [ 14.726817254000082, 44.798773505000042 ], [ 14.685801629000082, 44.847154039000088 ], [ 14.75326582100007, 44.845851955000057 ], [ 14.740489129000082, 44.820502020000049 ], [ 14.822438998000052, 44.771429755000042 ], [ 14.85906009200005, 44.717352606000077 ], [ 14.849619988000086, 44.703192450000074 ], [ 14.740489129000082, 44.770493882000039 ] ] ], [ [ [ 14.451914910000085, 44.798773505000042 ], [ 14.534353061000047, 44.634263414000088 ], [ 14.51335696700005, 44.618841864000046 ], [ 14.427907748000052, 44.65656159100007 ], [ 14.394541863000086, 44.707586981000077 ], [ 14.397227410000085, 44.751613674000055 ], [ 14.368174675000091, 44.761053778000075 ], [ 14.361582879000082, 44.815985419000071 ], [ 14.32984459700009, 44.833929755000042 ], [ 14.294200066000087, 44.908636786000045 ], [ 14.301524285000085, 44.943426825000074 ], [ 14.387380405000044, 44.909002997000073 ], [ 14.39031009200005, 44.96039459800005 ], [ 14.411387566000087, 44.956366278000075 ], [ 14.278493686000047, 45.113348700000074 ], [ 14.313649936000047, 45.172430731000077 ], [ 14.356211785000085, 45.169256903000075 ], [ 14.387705925000091, 45.039048570000034 ], [ 14.473480665000068, 44.971421617000033 ], [ 14.451914910000085, 44.922308661000045 ], [ 14.451914910000085, 44.798773505000042 ] ] ], [ [ [ 14.70639082100007, 44.94672272300005 ], [ 14.628916863000086, 44.978176174000055 ], [ 14.62086022200009, 45.045599677000041 ], [ 14.60328209700009, 45.038967190000051 ], [ 14.61695397200009, 45.024644273000035 ], [ 14.510508660000085, 45.032171942000048 ], [ 14.425059441000087, 45.08734772300005 ], [ 14.47632897200009, 45.12836334800005 ], [ 14.530121290000068, 45.134833075000074 ], [ 14.548838738000086, 45.248724677000041 ], [ 14.595876498000052, 45.237534898000035 ], [ 14.623789910000085, 45.175482489000046 ], [ 14.59742272200009, 45.166449286000045 ], [ 14.665293816000087, 45.161810614000046 ], [ 14.665293816000087, 45.08734772300005 ], [ 14.740489129000082, 45.073065497000073 ], [ 14.74000084700009, 45.044338283000059 ], [ 14.814952019000089, 44.977484442000048 ], [ 14.70639082100007, 44.94672272300005 ] ] ], [ [ [ 16.264414910000085, 43.512884833000044 ], [ 16.375254754000082, 43.490179755000042 ], [ 16.211436394000089, 43.490057684000078 ], [ 16.264414910000085, 43.512884833000044 ] ] ], [ [ [ 14.753184441000087, 44.291001695000034 ], [ 14.789724155000044, 44.266913153000075 ], [ 14.738129102000073, 44.27212148600006 ], [ 14.753184441000087, 44.291001695000034 ] ] ], [ [ [ 14.613454623000052, 44.340806382000039 ], [ 14.657399936000047, 44.305243231000077 ], [ 14.59506269600007, 44.34711334800005 ], [ 14.613454623000052, 44.340806382000039 ] ] ], [ [ [ 14.803233269000089, 44.405503648000035 ], [ 14.801036004000082, 44.343085028000075 ], [ 14.756195509000065, 44.363999742000033 ], [ 14.76343834700009, 44.415350653000075 ], [ 14.803233269000089, 44.405503648000035 ] ] ], [ [ [ 14.265798373000052, 44.679510809000078 ], [ 14.280446811000047, 44.677557684000078 ], [ 14.257334832000083, 44.656724351000037 ], [ 14.264008009000065, 44.611558335000041 ], [ 14.232595248000052, 44.626044012000079 ], [ 14.265798373000052, 44.679510809000078 ] ] ] ] } },
{ "type": "Feature", "properties": { "iso3": "SVN", "NAME": "Slovenia", "assessed": false }, "geometry": { "type": "Polygon", "coordinates": [ [ [ 13.642820334798104, 45.459447780786306 ], [ 13.58952884200005, 45.488836981000077 ], [ 13.595957879000082, 45.518133856000077 ], [ 13.568614129000082, 45.539252020000049 ], [ 13.752940300000091, 45.552883205000057 ], [ 13.711761915000068, 45.59320709800005 ], [ 13.84776411900009, 45.584660543000055 ], [ 13.894686320000034, 45.631841125000065 ], [ 13.778724406000038, 45.743410543000081 ], [ 13.581268758000078, 45.809246318000064 ], [ 13.569279826000127, 45.864540101000088 ], [ 13.622816610000086, 45.966394349000055 ], [ 13.605866740000067, 45.985411276000022 ], [ 13.509438517000149, 45.967427877000048 ], [ 13.461792846000037, 46.006391907000122 ], [ 13.505097697000082, 46.066026510000128 ], [ 13.616408732000139, 46.125040995000077 ], [ 13.637389363000125, 46.18038645500009 ], [ 13.559047892000137, 46.184107158000117 ], [ 13.468304077000084, 46.22343292300009 ], [ 13.422828816000049, 46.228600566000111 ], [ 13.437401570000105, 46.210927226000095 ], [ 13.41011641500009, 46.20798167 ], [ 13.365261271000094, 46.290302226000065 ], [ 13.434094279000107, 46.353864238000043 ], [ 13.600182332000117, 46.442644349000048 ], [ 13.67749027500011, 46.452075297000121 ], [ 13.700951375000102, 46.519745586000013 ], [ 14.050025676000132, 46.48439890500002 ], [ 14.149864543000064, 46.440060527000057 ], [ 14.406489705000098, 46.43933705700006 ], [ 14.502194458000105, 46.418356426000074 ], [ 14.540331665000082, 46.378643087000071 ], [ 14.590147746000099, 46.434427795000019 ], [ 14.788585245000121, 46.506645610000064 ], [ 14.850390259000108, 46.601135967000019 ], [ 14.93358931500012, 46.621134746000067 ], [ 14.96717899500004, 46.600257467000077 ], [ 15.004386027000066, 46.636844381000017 ], [ 15.061953572000107, 46.649556783000079 ], [ 15.388135214000016, 46.645577698000082 ], [ 15.462652628000058, 46.614649353000104 ], [ 15.511228475000081, 46.628369446000121 ], [ 15.545955037000112, 46.671881002000035 ], [ 15.626983684000038, 46.680872701000098 ], [ 15.635975382000055, 46.717562968000053 ], [ 15.72868290200006, 46.702990215000099 ], [ 15.850742635000103, 46.724487611000043 ], [ 16.01672257900006, 46.670691342000012 ], [ 15.970528606000073, 46.74301361100008 ], [ 15.971975545000049, 46.820631612000071 ], [ 16.094035278000121, 46.862773743 ], [ 16.272008911000086, 46.863962301000029 ], [ 16.325338989000073, 46.839441834000084 ], [ 16.298157186000083, 46.775802308000081 ], [ 16.31417687900003, 46.743323670000066 ], [ 16.410501749000105, 46.668367005000093 ], [ 16.368437133000072, 46.642993876 ], [ 16.376395304000141, 46.629092916000033 ], [ 16.500832153000147, 46.544808655000011 ], [ 16.515301554000075, 46.501710510000109 ], [ 16.357895142000103, 46.546979065000116 ], [ 16.263947388000076, 46.515921530000057 ], [ 16.233664999000069, 46.478740336000058 ], [ 16.27562626200006, 46.373165385000092 ], [ 16.191807088000076, 46.36978057900005 ], [ 16.143851359000053, 46.394714458000053 ], [ 16.05796512800012, 46.377532044000063 ], [ 16.059618774000057, 46.332315166000072 ], [ 16.019207804000075, 46.298828837000073 ], [ 15.818289835000087, 46.255523987000018 ], [ 15.749766886000089, 46.210772197000054 ], [ 15.639799438000097, 46.20767161000002 ], [ 15.589880005000055, 46.113517151000039 ], [ 15.697987101000109, 46.036209208000045 ], [ 15.659436483000036, 45.888828024000091 ], [ 15.676076294000069, 45.84169911700009 ], [ 15.626053508000069, 45.820201721000032 ], [ 15.451283813000089, 45.815137431000053 ], [ 15.429062947000148, 45.775294902000027 ], [ 15.255016723000068, 45.72346344000006 ], [ 15.283025350000059, 45.680106913000074 ], [ 15.330774373000054, 45.684551087000088 ], [ 15.373769165000112, 45.64021270800005 ], [ 15.268555948000113, 45.601662089000072 ], [ 15.296667928000062, 45.522958883000072 ], [ 15.361366821000047, 45.482031149000065 ], [ 15.325193318000117, 45.452833964000021 ], [ 15.139261515000101, 45.430044658000028 ], [ 15.056165812000131, 45.479912415000072 ], [ 14.922633911000048, 45.51494903600009 ], [ 14.881602823000094, 45.46978383400004 ], [ 14.797163533000059, 45.465184632000089 ], [ 14.781247192000109, 45.493348288000035 ], [ 14.668489217000086, 45.533965963000057 ], [ 14.669832804000066, 45.564558411000078 ], [ 14.603066853000115, 45.603574117000065 ], [ 14.580949341000093, 45.667807922000023 ], [ 14.49857710800012, 45.596184388000083 ], [ 14.468914835000078, 45.52559438100009 ], [ 14.37279667100006, 45.477845358000124 ], [ 14.218697551000076, 45.497172344000077 ], [ 14.092917114000102, 45.47391794800005 ], [ 13.971890910000127, 45.514225566 ], [ 13.96145227000008, 45.493141581000074 ], [ 13.982639608000056, 45.475313212000046 ], [ 13.889001912000083, 45.42363678 ], [ 13.759294068000145, 45.463169251000025 ], [ 13.642820334798104, 45.459447780786306 ] ] ] } },
{ "type": "Feature", "properties": { "iso3": "BGR", "NAME": "Bulgaria", "assessed": false }, "geometry": { "type": "Polygon", "coordinates": [ [ [ 26.333358602000118, 41.713036397000096 ], [ 26.2118156330001, 41.750475973000064 ], [ 26.053685750000113, 41.701512553000057 ], [ 26.055029337000093, 41.648750916000026 ], [ 26.115284057000054, 41.616634013000109 ], [ 26.13120039800009, 41.552658590000121 ], [ 26.158072144000073, 41.542323303 ], [ 26.145876506000064, 41.478037822000047 ], [ 26.175642130000142, 41.431890767000098 ], [ 26.120865112000075, 41.357786764000068 ], [ 25.882016642000082, 41.30404327400008 ], [ 25.811013224000078, 41.34104360000002 ], [ 25.679961792000086, 41.297170309000094 ], [ 25.551494182000084, 41.315670471000132 ], [ 25.50508874500008, 41.280582174000088 ], [ 25.239110148000094, 41.240894674000018 ], [ 25.101857544000097, 41.336651103000023 ], [ 24.88636682200007, 41.400626526000011 ], [ 24.803271118000083, 41.392668355000055 ], [ 24.794279419000134, 41.347399801000037 ], [ 24.774435669000127, 41.348071595000036 ], [ 24.69919478300011, 41.408946432000064 ], [ 24.58044234200014, 41.440520732000053 ], [ 24.510162395000123, 41.56165028900007 ], [ 24.438848917000144, 41.527698873000034 ], [ 24.296118612000072, 41.515244853000056 ], [ 24.250746704000051, 41.563458964000048 ], [ 24.196279744000066, 41.547025859000073 ], [ 24.170234823000072, 41.511575826000055 ], [ 24.076597127000127, 41.536018779000088 ], [ 24.047348267000075, 41.5257351690001 ], [ 24.051999146000043, 41.462999980000049 ], [ 24.034739217000066, 41.451321106000094 ], [ 24.000736125000117, 41.464136861000057 ], [ 23.949886515000117, 41.437575175000049 ], [ 23.894799438000035, 41.464343567000029 ], [ 23.777080526000049, 41.429048564000126 ], [ 23.754446248000107, 41.400678202000037 ], [ 23.672177368000064, 41.402951965000042 ], [ 23.612439412000128, 41.371015931000059 ], [ 23.414518677000046, 41.399903056000099 ], [ 23.326048625000112, 41.369310608000021 ], [ 23.287704712000078, 41.39819773400005 ], [ 23.224246053000059, 41.379025778000042 ], [ 23.19954471900013, 41.332982076000022 ], [ 23.157170043000121, 41.316342265000017 ], [ 22.916977986000063, 41.335772604000098 ], [ 22.94085249800014, 41.349828593000026 ], [ 22.954598429000072, 41.432407532000056 ], [ 22.936098266000045, 41.626168315000101 ], [ 22.998626750000142, 41.693115133000092 ], [ 23.008858683000113, 41.73993398 ], [ 22.945916788000119, 41.769337870000086 ], [ 22.880804484000123, 41.872690735000063 ], [ 22.838223104000065, 42.019477641000051 ], [ 22.718437134000112, 42.044463196000052 ], [ 22.531058390000112, 42.129109193000048 ], [ 22.345023234000053, 42.313439026000125 ], [ 22.423984822000108, 42.325893047000093 ], [ 22.533125448000078, 42.457590434000096 ], [ 22.524857218000108, 42.507664897 ], [ 22.425328410000077, 42.572854716 ], [ 22.442071573000106, 42.681685282000089 ], [ 22.482895955000117, 42.733775126000026 ], [ 22.427395467000053, 42.813615214000023 ], [ 22.563614542000039, 42.884282735000042 ], [ 22.727015422000136, 42.886892395000032 ], [ 22.776418091000068, 42.97972910600005 ], [ 22.829024699000058, 42.993500875 ], [ 22.955631958000055, 43.108274232 ], [ 22.981366822000069, 43.198992208000035 ], [ 22.897754353000039, 43.220334574000034 ], [ 22.733009888000083, 43.381513367000125 ], [ 22.518862752000075, 43.474246725000043 ], [ 22.466256144000084, 43.649119772000049 ], [ 22.404864543000116, 43.687179464000067 ], [ 22.349467407000077, 43.807921448000073 ], [ 22.399593546000091, 43.993336487000064 ], [ 22.592966757000113, 44.063926494000057 ], [ 22.606195923000115, 44.174565735 ], [ 22.691640373000098, 44.228434539 ], [ 22.906435995000095, 44.122889303000065 ], [ 23.03097619600004, 44.093072002000056 ], [ 23.023018025000084, 44.031628723000082 ], [ 22.885868774000102, 43.994525045000088 ], [ 22.850522095000088, 43.896985779 ], [ 22.888762655000079, 43.839521587000078 ], [ 23.13184859200004, 43.847944845000072 ], [ 23.325150732000054, 43.886592281000063 ], [ 23.484695272000096, 43.880604350000041 ], [ 23.592699016000068, 43.837428691000113 ], [ 23.742870727000053, 43.842699687000035 ], [ 24.159382772000129, 43.752937724000063 ], [ 24.35823368400014, 43.760017395000077 ], [ 24.46634077900012, 43.802417908000095 ], [ 24.705602661000057, 43.743765158000045 ], [ 24.963674764000075, 43.749604594000047 ], [ 25.252339315000086, 43.704646098000026 ], [ 25.403131144000071, 43.650049948000103 ], [ 25.781144246000082, 43.732008769000075 ], [ 25.93400313300009, 43.870320740000054 ], [ 26.150734091000089, 44.012405090000058 ], [ 26.753694702000104, 44.108109843000065 ], [ 26.884126017000142, 44.15653066 ], [ 27.027476441000118, 44.177046204000092 ], [ 27.251132039000083, 44.122372539000125 ], [ 27.285341838000079, 44.072453105000065 ], [ 27.383837117000041, 44.015092265000064 ], [ 27.633434285000135, 44.029768372000078 ], [ 27.72169763100004, 43.948739726000056 ], [ 27.912073608000071, 43.993336487000064 ], [ 27.981009969000098, 43.849340109000039 ], [ 28.221253703000059, 43.761981100000114 ], [ 28.578379754000082, 43.741278387000079 ], [ 28.573090040000068, 43.606146552000041 ], [ 28.603526238000086, 43.538153387000079 ], [ 28.56031334700009, 43.453843492000033 ], [ 28.488617384000065, 43.406439520000049 ], [ 28.473155144000089, 43.366848049000055 ], [ 28.32162519600007, 43.428290106000077 ], [ 28.11882571700005, 43.391546942000048 ], [ 28.017588738000086, 43.23273346600007 ], [ 27.90398196700005, 43.202337958000044 ], [ 27.945567254000082, 43.168850002000056 ], [ 27.883555535000085, 43.030991929000038 ], [ 27.90398196700005, 42.942287502000056 ], [ 27.90398196700005, 42.85968659100007 ], [ 27.883962436000047, 42.848374742000033 ], [ 27.89226321700005, 42.710516669000071 ], [ 27.732676629000082, 42.714504299000055 ], [ 27.716970248000052, 42.674505927000041 ], [ 27.739512566000087, 42.661078192000048 ], [ 27.628428582000083, 42.628973700000074 ], [ 27.65015709700009, 42.55805084800005 ], [ 27.540863477000073, 42.565497137000079 ], [ 27.51148522200009, 42.55304596600007 ], [ 27.48015384200005, 42.482896226000037 ], [ 27.45289147200009, 42.480129299000055 ], [ 27.465668165000068, 42.428290106000077 ], [ 27.472666863000086, 42.461859442000048 ], [ 27.514170769000089, 42.435126044000071 ], [ 27.544444207000083, 42.460028387000079 ], [ 27.629405144000089, 42.458644924000055 ], [ 27.652191602000073, 42.418524481000077 ], [ 27.719004754000082, 42.41469961100006 ], [ 27.698008660000085, 42.400376695000034 ], [ 27.719004754000082, 42.386704820000034 ], [ 27.714366082000083, 42.349188544000071 ], [ 27.780446811000047, 42.338934637000079 ], [ 27.787852410000085, 42.310980536000045 ], [ 27.755869988000086, 42.258490302000041 ], [ 27.986582879000082, 42.072088934000078 ], [ 28.016774936000047, 41.972560940000051 ], [ 27.81192468200004, 41.994698792000023 ], [ 27.815335327000071, 41.946794739000026 ], [ 27.687074422000109, 41.968602193000024 ], [ 27.609301392000106, 41.953486837000028 ], [ 27.546411173000109, 41.901164449000092 ], [ 27.273352906000099, 42.091747132000094 ], [ 27.216405477000137, 42.095622864000049 ], [ 27.173824097000079, 42.057072246000061 ], [ 27.046545044000084, 42.0829363000001 ], [ 26.938903035000038, 41.996223247000032 ], [ 26.819427124000072, 41.965656636000048 ], [ 26.780566447000126, 41.98343332900005 ], [ 26.736744833000103, 41.958964539000121 ], [ 26.605693400000092, 41.967413636000018 ], [ 26.542958211000069, 41.920362244000032 ], [ 26.55897790500012, 41.901732890000076 ], [ 26.526111694000093, 41.824244080000099 ], [ 26.37552657100008, 41.816621806000043 ], [ 26.320026082000084, 41.765462138000132 ], [ 26.333358602000118, 41.713036397000096 ] ] ] } },
{ "type": "Feature", "properties": { "iso3": "SMR", "NAME": "San Marino", "assessed": false }, "geometry": { "type": "Polygon", "coordinates": [ [ [ 12.399581381000075, 43.903217625000124 ], [ 12.395653973000037, 43.948408664000013 ], [ 12.482160321000038, 43.982566786000078 ], [ 12.490325196000128, 43.939158583000093 ], [ 12.460456219000037, 43.895259454000055 ], [ 12.399581381000075, 43.903217625000124 ] ] ] } },
{ "type": "Feature", "properties": { "iso3": "MCO", "NAME": "Monaco", "assessed": false }, "geometry": { "type": "Polygon", "coordinates": [ [ [ 7.432845087000089, 43.739852548000044 ], [ 7.404319061000081, 43.717969077000078 ], [ 7.365750207000076, 43.722730283000018 ], [ 7.406968628000072, 43.76350555400002 ], [ 7.432845087000089, 43.739852548000044 ] ] ] } },
{ "type": "Feature", "properties": { "iso3": "AND", "NAME": "Andorra", "assessed": false }, "geometry": { "type": "Polygon", "coordinates": [ [ [ 1.697498006000075, 42.494461569000109 ], [ 1.656983683000078, 42.497639669000066 ], [ 1.639517049000119, 42.466427104 ], [ 1.516630493000122, 42.429504293000051 ], [ 1.447900838000066, 42.434646098000073 ], [ 1.407593221000099, 42.486761780000037 ], [ 1.446557251000087, 42.519886374000023 ], [ 1.406456339000101, 42.529239808000071 ], [ 1.466814412000105, 42.641455180000051 ], [ 1.543088827000133, 42.649361674000019 ], [ 1.608304484000143, 42.618123271000016 ], [ 1.721992635000049, 42.609855042000063 ], [ 1.713310995000086, 42.589546204000058 ], [ 1.765090780000151, 42.563372091000033 ], [ 1.721682577000138, 42.548515116000019 ], [ 1.697498006000075, 42.494461569000109 ] ] ] } },
{ "type": "Feature", "properties": { "iso3": "MNE", "NAME": "Montenegro", "assessed": false }, "geometry": { "type": "Polygon", "coordinates": [ [ [ 18.529795769000089, 42.400376695000034 ], [ 18.444279419000082, 42.477925110000015 ], [ 18.43735477700011, 42.559212138000092 ], [ 18.492131795000091, 42.564767355000114 ], [ 18.486654093000112, 42.589830424000027 ], [ 18.538433878000092, 42.618304139000074 ], [ 18.550009400000107, 42.668068543000075 ], [ 18.4538912350001, 42.793151347000062 ], [ 18.443659302000128, 42.834466655000099 ], [ 18.473321574000096, 42.862552795000042 ], [ 18.433530721000068, 42.954200949000025 ], [ 18.483036743000127, 43.014636536000054 ], [ 18.638996215000105, 43.020243429000075 ], [ 18.62059940600011, 43.122562765000069 ], [ 18.688398885000112, 43.224468690000052 ], [ 18.664317667000091, 43.233176168000043 ], [ 18.83350630700005, 43.324152527000038 ], [ 18.821207316000113, 43.341386617000026 ], [ 18.923423299000092, 43.346838481000091 ], [ 18.992463013000133, 43.267101746000051 ], [ 19.069667603000113, 43.308830465000071 ], [ 19.009929647000092, 43.410994772000052 ], [ 18.905646607000051, 43.490628154000078 ], [ 18.977476847000077, 43.54623199500007 ], [ 19.054991495000138, 43.506699524000041 ], [ 19.122790975000044, 43.535948385 ], [ 19.195344686000055, 43.53279612200005 ], [ 19.175190877000091, 43.509619243000131 ], [ 19.192244100000039, 43.45453216500006 ], [ 19.372284790000037, 43.384226379000054 ], [ 19.598110799000096, 43.176202902000043 ], [ 19.713555949000067, 43.165609233000069 ], [ 19.805126587000132, 43.089954936000098 ], [ 19.929150024000137, 43.113906963000019 ], [ 20.116942179000063, 42.976654358000033 ], [ 20.223188924000056, 42.957663269000065 ], [ 20.353620239000065, 42.890974834000062 ], [ 20.345352010000028, 42.827438660000084 ], [ 20.217607870000109, 42.802737325000081 ], [ 20.183398071000113, 42.742508443000091 ], [ 20.076324503000137, 42.773436789000115 ], [ 20.026508423000109, 42.743206075 ], [ 20.036120239000098, 42.707988587000031 ], [ 20.103919718000043, 42.65310821600012 ], [ 20.077047973000049, 42.55990977 ], [ 20.039220825000143, 42.557765199000116 ], [ 19.981756632000042, 42.510765483000043 ], [ 19.801405884000133, 42.468132426000054 ], [ 19.7343298750001, 42.524382223000046 ], [ 19.746008749000083, 42.598899639000095 ], [ 19.722134237000091, 42.64608022100002 ], [ 19.676038859000073, 42.64667450000006 ], [ 19.621778605000117, 42.604997457000039 ], [ 19.588085572000068, 42.532857158000056 ], [ 19.417243286000144, 42.374107158000115 ], [ 19.400396769000082, 42.325893047000093 ], [ 19.274926392000083, 42.191275941000029 ], [ 19.282057739000038, 42.164559225000076 ], [ 19.372491496000094, 42.104252828000099 ], [ 19.35058068900014, 42.027823385000019 ], [ 19.371044556000101, 41.986559754000027 ], [ 19.346446574000112, 41.961548361000027 ], [ 19.365082227000073, 41.852362372000073 ], [ 19.31023196700005, 41.894517320000034 ], [ 19.170258009000065, 41.937974351000037 ], [ 19.137950066000087, 41.985296942000048 ], [ 19.139170769000089, 42.04242584800005 ], [ 19.082530144000089, 42.081203518000052 ], [ 19.083832227000073, 42.110093492000033 ], [ 19.010590040000068, 42.139553127000056 ], [ 18.913340691000087, 42.222235419000071 ], [ 18.885996941000087, 42.284369208000044 ], [ 18.778575066000087, 42.271470445000034 ], [ 18.678477410000085, 42.385972398000035 ], [ 18.616709832000083, 42.368068752000056 ], [ 18.545176629000082, 42.423570054000038 ], [ 18.562836134000065, 42.438544012000079 ], [ 18.700450066000087, 42.392971096000053 ], [ 18.687347852000073, 42.482896226000037 ], [ 18.654144727000073, 42.45180898600006 ], [ 18.502452019000089, 42.455633856000077 ], [ 18.529795769000089, 42.400376695000034 ] ] ] } },
{ "type": "Feature", "properties": { "iso3": "BIH", "NAME": "Bosnia and Herz.", "assessed": false }, "geometry": { "type": "Polygon", "coordinates": [ [ [ 17.652842644000089, 42.891180731000077 ], [ 17.556488477000073, 42.934759833000044 ], [ 17.617930535000085, 42.921779690000051 ], [ 17.580658399000072, 42.942084052000041 ], [ 17.662725057000046, 42.965698955000065 ], [ 17.628411905000121, 43.046572571000027 ], [ 17.442066691000093, 43.152431743000093 ], [ 17.400208781000117, 43.216045431000069 ], [ 17.289931275000043, 43.303430278000022 ], [ 17.267607055000099, 43.353323873000065 ], [ 17.286417277000083, 43.43737559 ], [ 17.270500936000076, 43.463213807000031 ], [ 17.142756795000054, 43.489336243000125 ], [ 17.030515585000074, 43.548479919 ], [ 16.712602173000079, 43.771515401 ], [ 16.678599081000044, 43.840684306000085 ], [ 16.50103885900009, 43.99271637 ], [ 16.439647258000036, 44.014007060000083 ], [ 16.414015747000064, 44.055813293000043 ], [ 16.326889282000081, 44.082374980000068 ], [ 16.21578495300011, 44.208155416000025 ], [ 16.187569620000119, 44.282414450000019 ], [ 16.202865844000087, 44.359774068000021 ], [ 16.138270305000049, 44.377602438000068 ], [ 16.159664347000046, 44.416101380000029 ], [ 16.116462850000119, 44.521469625000051 ], [ 16.006081990000041, 44.541003316000072 ], [ 16.044735962000118, 44.589372457000096 ], [ 16.028302856000067, 44.624719137000014 ], [ 15.968978312000047, 44.639240214000054 ], [ 15.888776489000065, 44.724247945000073 ], [ 15.805680786000067, 44.696652730000054 ], [ 15.728476196000088, 44.769103088000051 ], [ 15.716073852000108, 44.803209534000118 ], [ 15.773434692000109, 44.845015768000067 ], [ 15.730853312000136, 44.927232972000112 ], [ 15.763616170000148, 44.975550436000034 ], [ 15.755968059000054, 45.042213033000067 ], [ 15.792348267000136, 45.189800924000068 ], [ 15.878854614000147, 45.217241109000028 ], [ 16.020448039000115, 45.213933818000029 ], [ 16.024375447000097, 45.18432322200006 ], [ 16.067473592000113, 45.169595439000076 ], [ 16.121527140000097, 45.096163229000112 ], [ 16.212994426000137, 45.031464335000024 ], [ 16.316243937000081, 45.001233623000118 ], [ 16.340635213000041, 45.005936178000084 ], [ 16.389211060000036, 45.116833801000027 ], [ 16.435513143000094, 45.132853496000067 ], [ 16.481918579000109, 45.199516093000099 ], [ 16.528944133000095, 45.222253724000083 ], [ 16.811717570000013, 45.181222637000118 ], [ 16.924372193000124, 45.284523825000079 ], [ 16.947316529000148, 45.235689596000029 ], [ 17.008294718000116, 45.244164531000123 ], [ 17.008294718000116, 45.216155905 ], [ 17.036303344000146, 45.230470276000105 ], [ 17.055733683000113, 45.200446269000039 ], [ 17.18709517400012, 45.148563131000046 ], [ 17.245489543000076, 45.15538442000009 ], [ 17.268950643000068, 45.189542542000069 ], [ 17.382432088000087, 45.139623109000027 ], [ 17.443306925000115, 45.16205068 ], [ 17.447751099000129, 45.134300436000061 ], [ 17.496223592000092, 45.141690165000071 ], [ 17.481857544000093, 45.114405009000066 ], [ 17.572394653000089, 45.120399476 ], [ 17.684739217000129, 45.163962708000028 ], [ 17.835737752000057, 45.064433899000093 ], [ 17.911185343000056, 45.08107371100003 ], [ 18.003479451000118, 45.149338278000059 ], [ 18.153651164000024, 45.097558493000079 ], [ 18.237883748000115, 45.157451477000066 ], [ 18.412033325000039, 45.112441305000047 ], [ 18.517039835000077, 45.055855612000059 ], [ 18.541121053000097, 45.055287171000103 ], [ 18.549595988000107, 45.094767965000031 ], [ 18.61667199700014, 45.097661845000019 ], [ 18.648711385000126, 45.062676900000028 ], [ 18.678166951000037, 45.087378235000031 ], [ 18.738318319000086, 45.015909729 ], [ 18.791751749000099, 45.001543681 ], [ 18.80456750500008, 44.973845113000081 ], [ 18.772631469000117, 44.942477519000064 ], [ 18.783380167000132, 44.913745423000037 ], [ 18.889626912000097, 44.861190491000073 ], [ 19.068427368000073, 44.874833069000076 ], [ 19.186869751000074, 44.92754303 ], [ 19.201855916000028, 44.908371073000083 ], [ 19.310169718000054, 44.91235015900007 ], [ 19.368667440000053, 44.887132060000013 ], [ 19.318024536000109, 44.715462952000067 ], [ 19.188316691000068, 44.57603993700009 ], [ 19.179635051000105, 44.53826446500004 ], [ 19.129922323000102, 44.518317363 ], [ 19.141394490000096, 44.430829163000041 ], [ 19.107184693000107, 44.382718404000073 ], [ 19.15700077300005, 44.293576559000044 ], [ 19.307379191000109, 44.274197896 ], [ 19.381173136000143, 44.17709788000009 ], [ 19.442564738000044, 44.14319814 ], [ 19.465715779000021, 44.152809957 ], [ 19.522043091000029, 44.085010478000086 ], [ 19.611443319000017, 44.054521383000079 ], [ 19.610409790000034, 44.019278057000022 ], [ 19.528554321000087, 43.977213441000075 ], [ 19.364636678000068, 43.973286031000029 ], [ 19.272755981000103, 44.012405090000058 ], [ 19.24350712100005, 44.002018128000131 ], [ 19.22934777800009, 43.957679748000075 ], [ 19.461685018000139, 43.762136129000041 ], [ 19.505713338000106, 43.673640239000107 ], [ 19.477498006000133, 43.61697703 ], [ 19.489590291000098, 43.564447937000025 ], [ 19.431816040000115, 43.571140035000056 ], [ 19.410732056000086, 43.540754293000091 ], [ 19.346549926000137, 43.60883799200009 ], [ 19.252705525000067, 43.588632507000014 ], [ 19.217462199000067, 43.53279612200005 ], [ 19.122790975000044, 43.535948385 ], [ 19.054991495000138, 43.506699524000041 ], [ 18.977476847000077, 43.54623199500007 ], [ 18.911020955000112, 43.507267965 ], [ 18.946264282000101, 43.443938497 ], [ 19.009929647000092, 43.410994772000052 ], [ 19.069667603000113, 43.308830465000071 ], [ 18.992463013000133, 43.267101746000051 ], [ 18.923423299000092, 43.346838481000091 ], [ 18.821207316000113, 43.341386617000026 ], [ 18.83350630700005, 43.324152527000038 ], [ 18.664317667000091, 43.233176168000043 ], [ 18.688398885000112, 43.224468690000052 ], [ 18.62059940600011, 43.122562765000069 ], [ 18.638996215000105, 43.020243429000075 ], [ 18.538950643000106, 43.023886617000059 ], [ 18.452754354000092, 42.99339752200008 ], [ 18.434047486000111, 42.936889344000022 ], [ 18.473321574000096, 42.862552795000042 ], [ 18.444589477000079, 42.81707753600007 ], [ 18.550009400000107, 42.668068543000075 ], [ 18.538433878000092, 42.618304139000074 ], [ 18.486654093000112, 42.589830424000027 ], [ 18.492131795000091, 42.564767355000114 ], [ 18.385264933000144, 42.566524353 ], [ 17.995314575000094, 42.740441387000047 ], [ 17.858475382000023, 42.816974182000038 ], [ 17.811759887000051, 42.909862570000072 ], [ 17.701585734000105, 42.919500225 ], [ 17.652842644000089, 42.891180731000077 ] ] ] } },
{ "type": "Feature", "properties": { "iso3": "PRT", "NAME": "Portugal", "assessed": false }, "geometry": { "type": "MultiPolygon", "coordinates": [ [ [ [ -7.15100581899992, 38.819285380000039 ], [ -7.280713663999961, 38.720428366000093 ], [ -7.292495889999941, 38.646117656000101 ], [ -7.27043005399986, 38.61769561800007 ], [ -7.359210163999876, 38.446362407000024 ], [ -7.167180541999898, 38.272083639000058 ], [ -7.103515176999906, 38.173588359000107 ], [ -6.947504027999912, 38.196636047000069 ], [ -7.023985148999913, 38.022563985000076 ], [ -7.12325557399987, 38.040004781 ], [ -7.159739135999899, 37.99680328400008 ], [ -7.272703816999893, 37.9770112100001 ], [ -7.306861937999969, 37.850765686000088 ], [ -7.444011189999912, 37.730152893000124 ], [ -7.471606404999932, 37.636902771000067 ], [ -7.529690714999902, 37.56716542600013 ], [ -7.468867553999871, 37.475568950000039 ], [ -7.407622850999928, 37.164862372000073 ], [ -7.511789516999954, 37.171779690000051 ], [ -7.819569464999915, 36.998724677000041 ], [ -7.991200324999909, 37.014105536000045 ], [ -7.97679602799991, 36.986761786000045 ], [ -8.035267706999946, 37.037502346000053 ], [ -8.179151775999912, 37.088099083000088 ], [ -8.438834223999947, 37.08273401100007 ], [ -8.580148891999954, 37.123968817000048 ], [ -8.878919101999941, 37.047208779000073 ], [ -8.946034308999913, 37.007879950000074 ], [ -8.997873501999948, 37.021470445000034 ], [ -8.913563605999911, 37.169907945000034 ], [ -8.922718878999945, 37.199652411000045 ], [ -8.88136486399992, 37.23248011000004 ], [ -8.86708995999993, 37.276724649000073 ], [ -8.882767549999926, 37.309931281000047 ], [ -8.815988735999952, 37.417914130000042 ], [ -8.795496837999906, 37.535362436000071 ], [ -8.826527472999942, 37.600572007000039 ], [ -8.799305792999917, 37.69757721600007 ], [ -8.757639126999948, 37.706732489000046 ], [ -8.75218665299991, 37.73078034100007 ], [ -8.808705206999946, 37.722886460000041 ], [ -8.804814876999956, 37.90187254600005 ], [ -8.89484615799995, 37.952541408000059 ], [ -8.81568343999993, 38.062115348000077 ], [ -8.774395582999944, 38.186949270000071 ], [ -8.795070658999919, 38.359227269000087 ], [ -8.878285285999937, 38.449164130000042 ], [ -8.942616339999915, 38.481390692000048 ], [ -8.90453040299991, 38.486395575000074 ], [ -8.798573370999918, 38.42609284100007 ], [ -8.606800910999937, 38.41868724200009 ], [ -8.736154751999948, 38.451849677000041 ], [ -8.752512173999946, 38.487982489000046 ], [ -8.737172003999945, 38.522365627000056 ], [ -8.773345506999931, 38.565334377000056 ], [ -8.812855597999942, 38.528550523000035 ], [ -8.780262824999909, 38.505438544000071 ], [ -8.788400844999956, 38.481390692000048 ], [ -8.905832485999952, 38.512396552000041 ], [ -8.954890212999942, 38.505143733000068 ], [ -8.991864489999955, 38.45947786000005 ], [ -9.048595104999947, 38.440670552000086 ], [ -9.230620897999927, 38.41868724200009 ], [ -9.190026551999949, 38.472531708000076 ], [ -9.18379286499993, 38.551536973000054 ], [ -9.252674913999954, 38.665483907000066 ], [ -9.145041681999942, 38.68106793700008 ], [ -9.10773678299995, 38.658880927000041 ], [ -9.11392167899993, 38.679388739000046 ], [ -9.052398240999935, 38.69367096600007 ], [ -8.942616339999915, 38.775580145000049 ], [ -8.96312415299991, 38.850653387000079 ], [ -8.986317511999914, 38.849432684000078 ], [ -9.011545376999948, 38.913397528000075 ], [ -8.943226691999939, 39.015204169000071 ], [ -8.826527472999942, 39.049261786000045 ], [ -8.765126105999911, 39.097723700000074 ], [ -8.836415167999917, 39.056708075000074 ], [ -8.93586178299995, 39.040716864000046 ], [ -9.10024980399993, 38.830226955000057 ], [ -9.112503309999909, 38.714182291000043 ], [ -9.28520930399992, 38.698757565000051 ], [ -9.321777364999946, 38.670324513000082 ], [ -9.404774542999917, 38.704087632000039 ], [ -9.471669074999909, 38.702460028000075 ], [ -9.491688605999911, 38.707586981000077 ], [ -9.497466600999928, 38.809759833000044 ], [ -9.422724913999957, 38.931403791000037 ], [ -9.436634894999941, 39.029486395000049 ], [ -9.350859757999956, 39.197309245000042 ], [ -9.354074673999946, 39.316229559000078 ], [ -9.409291144999941, 39.375189520000049 ], [ -9.352921539999954, 39.36793401400007 ], [ -9.260803351999925, 39.418442396000046 ], [ -9.217600063999953, 39.406195380000042 ], [ -9.229888475999928, 39.440741278000075 ], [ -9.090434486999925, 39.57927490600008 ], [ -9.071692364999933, 39.680436886000052 ], [ -8.868153449999909, 40.124823309000078 ], [ -8.853260870999918, 40.139227606000077 ], [ -8.784982876999948, 40.118719794000071 ], [ -8.896473761999914, 40.164740302000041 ], [ -8.90843665299991, 40.200669664000088 ], [ -8.865386522999927, 40.275458075000074 ], [ -8.753000454999949, 40.640814520000049 ], [ -8.744618292999917, 40.619045315000051 ], [ -8.710275844999956, 40.653469143000052 ], [ -8.690012173999946, 40.646918036000045 ], [ -8.696156378999945, 40.673651434000078 ], [ -8.662098761999914, 40.669867255000042 ], [ -8.641590949999909, 40.694159247000073 ], [ -8.663644985999952, 40.72406647300005 ], [ -8.572661912999934, 40.755560614000046 ], [ -8.668446417999917, 40.747463283000059 ], [ -8.683705206999946, 40.783107815000051 ], [ -8.645578579999949, 40.82367584800005 ], [ -8.655262824999909, 40.844916083000044 ], [ -8.750803188999953, 40.653143622000073 ], [ -8.655100063999953, 40.993801174000055 ], [ -8.666127081999946, 41.132757880000042 ], [ -8.648345506999931, 41.152777411000045 ], [ -8.68578040299991, 41.159491278000075 ], [ -8.737172003999945, 41.249660549000055 ], [ -8.830511327999943, 41.671585564000054 ], [ -8.696156378999945, 41.721991278000075 ], [ -8.829986131999931, 41.694647528000075 ], [ -8.880306243999939, 41.736861603000079 ], [ -8.86750240799995, 41.859116929000038 ], [ -8.626884724999911, 42.051026103000126 ], [ -8.346746785999898, 42.101694845000097 ], [ -8.222361612999919, 42.153629660000021 ], [ -8.204016479999922, 42.069552104000067 ], [ -8.137612263999898, 42.072911072000082 ], [ -8.095082559999923, 42.040923361000083 ], [ -8.220707966999953, 41.922713521000063 ], [ -8.231715047999955, 41.886049093000011 ], [ -8.177041381999885, 41.849849752000054 ], [ -8.179573526999889, 41.810704854000036 ], [ -8.093480590999889, 41.806725769000039 ], [ -7.993641723999872, 41.863673198000029 ], [ -7.94475581899988, 41.866954652000018 ], [ -7.906101846999888, 41.913851014000059 ], [ -7.896593383999885, 41.857937113000062 ], [ -7.722030395999866, 41.899252421000099 ], [ -7.607360391999919, 41.873181662000022 ], [ -7.622811644999899, 41.841736552000057 ], [ -7.606068480999852, 41.825535991000052 ], [ -7.546692260999919, 41.832047221000025 ], [ -7.515841430999927, 41.864990947000067 ], [ -7.469384318999914, 41.852536926000099 ], [ -7.442719278999959, 41.805950623000044 ], [ -7.391921345999975, 41.842046611000043 ], [ -7.218650268999909, 41.879046937000098 ], [ -7.19792801899996, 41.90150034600002 ], [ -7.19994339999991, 41.963718771000103 ], [ -7.159739135999899, 41.985732931000072 ], [ -7.051270303999928, 41.942014669000017 ], [ -6.992359170999919, 41.966380107000035 ], [ -6.854951537999881, 41.942944845000071 ], [ -6.824927530999929, 41.983769226000064 ], [ -6.727982543999872, 41.930852559000087 ], [ -6.622821003999917, 41.94095530200012 ], [ -6.609488484999872, 41.962323507000022 ], [ -6.571661335999892, 41.942608948000057 ], [ -6.575795450999919, 41.882896831000053 ], [ -6.524222371999912, 41.867419740000045 ], [ -6.577397419999954, 41.73972727500005 ], [ -6.541533976999915, 41.658905335000085 ], [ -6.46081538999988, 41.676552836000084 ], [ -6.365937459999913, 41.663607890000051 ], [ -6.272248087999856, 41.628235372000049 ], [ -6.205947224999932, 41.570280253000092 ], [ -6.279534463999937, 41.497003072 ], [ -6.321133991999943, 41.411013489000126 ], [ -6.379166625999915, 41.397319234000108 ], [ -6.495852010999897, 41.294948222000087 ], [ -6.646643839999882, 41.267611390000056 ], [ -6.755216023999878, 41.158832500000116 ], [ -6.804360310999925, 41.064419658000062 ], [ -6.90683467599996, 41.056099752000094 ], [ -6.942491414999949, 41.015998840000108 ], [ -6.81619421399995, 40.856835429000071 ], [ -6.836658080999911, 40.840247294000065 ], [ -6.839138549999888, 40.75751332600008 ], [ -6.814282185999929, 40.647184143000104 ], [ -6.850455688999944, 40.582226868000035 ], [ -6.812525186999949, 40.51463409500009 ], [ -6.857121948999861, 40.442132060000077 ], [ -6.794438435999922, 40.35640085900009 ], [ -6.878050903999849, 40.265243632000121 ], [ -7.015768594999884, 40.225504456000024 ], [ -7.043105428999894, 40.181372783000128 ], [ -7.015768594999884, 40.119051005000088 ], [ -6.955720581999856, 40.102927959000013 ], [ -6.879704548999911, 40.009186910000054 ], [ -6.925231485999888, 39.917926331000061 ], [ -6.927660278999923, 39.861909078000039 ], [ -7.000265664999858, 39.802532858000106 ], [ -7.021142944999923, 39.694012350000023 ], [ -7.557285929999892, 39.679801331000064 ], [ -7.515841430999927, 39.593760071000062 ], [ -7.399414428999904, 39.493662821000086 ], [ -7.313528197999887, 39.457437643000034 ], [ -7.326654011999949, 39.341320699000093 ], [ -7.250844685999937, 39.270627340000075 ], [ -7.265779174999892, 39.23135325200009 ], [ -7.244126749999907, 39.195644837000103 ], [ -7.168059040999935, 39.170633443 ], [ -7.157206990999896, 39.105443624000102 ], [ -7.038816283999921, 39.109138489000102 ], [ -6.985692911999905, 39.066763815000073 ], [ -6.973290567999925, 39.013950501000025 ], [ -7.066049764999917, 38.904603170000129 ], [ -7.056076212999926, 38.855148824000096 ], [ -7.15100581899992, 38.819285380000039 ] ] ], [ [ [ -7.903960740999935, 36.974839585000041 ], [ -7.860096808999913, 37.000433661000045 ], [ -7.853260870999918, 36.986761786000045 ], [ -7.903879360999952, 36.965887762000079 ], [ -7.95571855399993, 36.980536200000074 ], [ -7.903960740999935, 36.974839585000041 ] ] ], [ [ [ -9.035267706999946, 38.87055084800005 ], [ -9.054554816999939, 38.832993882000039 ], [ -9.079660610999952, 38.820135809000078 ], [ -9.061390753999945, 38.852240302000041 ], [ -9.035267706999946, 38.87055084800005 ] ] ] ] } },
{ "type": "Feature", "properties": { "iso3": "MDA", "NAME": "Moldova", "assessed": false }, "geometry": { "type": "Polygon", "coordinates": [ [ [ 26.618612508000126, 48.267184143000108 ], [ 26.679797404000055, 48.330177714000015 ], [ 26.774365275000036, 48.287182923000032 ], [ 26.777517538000097, 48.366170350000104 ], [ 26.831932821000066, 48.39136261000003 ], [ 26.943243856000038, 48.351261699000034 ], [ 27.033057495000037, 48.36020172200007 ], [ 27.037398315000104, 48.399682516 ], [ 27.20855065900011, 48.360615133000081 ], [ 27.342185913000037, 48.436114401000097 ], [ 27.403474161000076, 48.411490581000109 ], [ 27.503829794000126, 48.472365418000052 ], [ 27.604805542000065, 48.484121806000033 ], [ 27.62702640800012, 48.45125559500012 ], [ 27.785259643000103, 48.441566264000087 ], [ 27.92643965600007, 48.33942779500002 ], [ 28.076404663000119, 48.314933167000063 ], [ 28.093251180000095, 48.237444357000115 ], [ 28.178517293000141, 48.258864238000044 ], [ 28.216964559000104, 48.208143820000046 ], [ 28.357731161000061, 48.238607076000036 ], [ 28.363363892000081, 48.191013082 ], [ 28.317423543000103, 48.135357565000092 ], [ 28.349566284000048, 48.129724833000054 ], [ 28.411578003000074, 48.170704244 ], [ 28.436899455000059, 48.14985280400002 ], [ 28.4190194090001, 48.122231751000115 ], [ 28.479584188000047, 48.064922588000044 ], [ 28.519323364000059, 48.149129334000023 ], [ 28.573635295000116, 48.1549687710001 ], [ 28.799254598000118, 48.111793111000068 ], [ 28.83253422100006, 48.024821676000059 ], [ 28.950356486000061, 47.934801331000088 ], [ 29.017225790000055, 47.931080628000089 ], [ 29.061047404000135, 47.969760438 ], [ 29.12398929800014, 47.975987447000065 ], [ 29.172565145000135, 47.891005554000074 ], [ 29.23602380300008, 47.870722555000086 ], [ 29.177836141000085, 47.789719747000063 ], [ 29.2386076250001, 47.756000875000026 ], [ 29.196956421000067, 47.717501933000037 ], [ 29.182073609000042, 47.613218893000109 ], [ 29.117426391000066, 47.53332712800001 ], [ 29.155615275000031, 47.44999888100007 ], [ 29.182073609000042, 47.429870911000094 ], [ 29.232613159000039, 47.446329855000059 ], [ 29.300826050000069, 47.378194479000044 ], [ 29.345836222000116, 47.365843811 ], [ 29.367592, 47.308224590000052 ], [ 29.409553263000134, 47.279750876000023 ], [ 29.459162638000123, 47.29349680600005 ], [ 29.480866740000124, 47.338274435000116 ], [ 29.556572714000083, 47.324037578000045 ], [ 29.580188843000087, 47.260449727000051 ], [ 29.544015340000044, 47.234249777000045 ], [ 29.544842163000112, 47.135573629000035 ], [ 29.477869507000094, 47.111544088000088 ], [ 29.52014082900007, 47.059919332000064 ], [ 29.57016361500007, 47.091441956000054 ], [ 29.602099650000071, 47.061004538000063 ], [ 29.558691447000058, 46.945740255000047 ], [ 29.696150757000112, 46.904683329000093 ], [ 29.754131714000039, 46.858019511000023 ], [ 29.84363529400008, 46.854143779000069 ], [ 29.889627319000056, 46.807169902000012 ], [ 29.928177938000147, 46.8097537230001 ], [ 29.951122273000067, 46.743116964000095 ], [ 29.931278524000106, 46.61917104100003 ], [ 29.949675334000062, 46.578863424000062 ], [ 29.898825724000062, 46.553128561000065 ], [ 29.901926310000135, 46.530830180000024 ], [ 30.002850383000123, 46.494217428000084 ], [ 30.014064168000061, 46.462023010000038 ], [ 30.077006063000113, 46.422826437000069 ], [ 30.131576375000122, 46.422826437000069 ], [ 30.081140177000123, 46.374198914000075 ], [ 29.918669474000069, 46.373656311000033 ], [ 29.828132365000045, 46.339394837 ], [ 29.80033044400011, 46.398357646000122 ], [ 29.714134155000067, 46.471169739000018 ], [ 29.702868693000141, 46.428329976000057 ], [ 29.654396199000075, 46.422697245000037 ], [ 29.64550785300014, 46.375594178000043 ], [ 29.615638875000116, 46.361822409000084 ], [ 29.480866740000124, 46.42515187700009 ], [ 29.486447795000117, 46.475872295000087 ], [ 29.457612345000086, 46.484708965 ], [ 29.374723348000089, 46.416186015000065 ], [ 29.306717163000087, 46.471996562000029 ], [ 29.283256062000135, 46.397427470000068 ], [ 29.200677124000094, 46.357119853000128 ], [ 29.183417196000079, 46.377609558000088 ], [ 29.205638061000116, 46.406109111000049 ], [ 29.206774943000141, 46.502511495000121 ], [ 29.184244018000101, 46.538039043000069 ], [ 28.945808960000136, 46.454788310000069 ], [ 28.919247274000014, 46.404662171000055 ], [ 28.944878784000082, 46.320739645000046 ], [ 28.933509969000085, 46.258986308000047 ], [ 29.015365438000117, 46.182608541000022 ], [ 28.938780965000035, 46.089280905000052 ], [ 28.956867717000137, 46.001379293000056 ], [ 28.740240112000066, 45.95321685800009 ], [ 28.738276407000058, 45.837565003000051 ], [ 28.66975345900002, 45.812036845000122 ], [ 28.66975345900002, 45.777310283000091 ], [ 28.576684204000031, 45.761910706 ], [ 28.561439657000108, 45.716590475 ], [ 28.474003133000053, 45.657937725000053 ], [ 28.536893351000117, 45.57980295900002 ], [ 28.498239380000115, 45.558718974 ], [ 28.502011760000045, 45.508747864000028 ], [ 28.270501343000063, 45.521511943000078 ], [ 28.19949792500006, 45.461773987000058 ], [ 28.140948527000063, 45.560217591000097 ], [ 28.062141968000049, 45.593600566000063 ], [ 28.167975302000087, 45.632461243000122 ], [ 28.154952840000135, 45.761807353000066 ], [ 28.113301636000131, 45.825369364000053 ], [ 28.124980510000114, 45.918386943000101 ], [ 28.082709188000109, 46.014711812000073 ], [ 28.14472090600006, 46.183228659000079 ], [ 28.108960816000064, 46.234129944000088 ], [ 28.177793824000048, 46.287046611000093 ], [ 28.190351197000069, 46.351073711000069 ], [ 28.246058390000115, 46.427864889000048 ], [ 28.245800008000032, 46.475510559 ], [ 28.219031616000052, 46.503725891000059 ], [ 28.247350301000068, 46.620824687000081 ], [ 28.121518188000067, 46.834300029000062 ], [ 28.082709188000109, 46.971526795000059 ], [ 28.028035522000067, 47.032970073000044 ], [ 27.938738647000093, 47.046638489000074 ], [ 27.806550334000093, 47.144617005 ], [ 27.733273153000084, 47.275616761 ], [ 27.636948283000095, 47.306674296000025 ], [ 27.572352743000067, 47.375197245000052 ], [ 27.575866739000105, 47.4604116820001 ], [ 27.473133992000101, 47.49177927700002 ], [ 27.428382202000137, 47.581024475000063 ], [ 27.30404870600006, 47.666548971000012 ], [ 27.272009318000045, 47.714969788000062 ], [ 27.295057007000111, 47.718173727000035 ], [ 27.287512247000052, 47.7523318490001 ], [ 27.219196004000111, 47.81377512600001 ], [ 27.253405802000088, 47.828089498000097 ], [ 27.212374715000038, 47.847933248000075 ], [ 27.212374715000038, 47.889506938000082 ], [ 27.160698283000102, 47.921727193000052 ], [ 27.178268270000075, 47.937927755000047 ], [ 27.15098311300008, 47.957797343000053 ], [ 27.168759806000082, 47.983067119000012 ], [ 27.09579268400006, 48.00559804300012 ], [ 27.109331910000066, 48.033503317000012 ], [ 27.041739136000075, 48.077273254000019 ], [ 27.042772664000069, 48.127296041000093 ], [ 26.966601603000072, 48.143367412000046 ], [ 26.997607463000094, 48.16657012900005 ], [ 26.938127889000043, 48.204810689000041 ], [ 26.908000529000049, 48.184527690000053 ], [ 26.804906047000117, 48.258269959000089 ], [ 26.618612508000126, 48.267184143000108 ] ] ] } },
{ "type": "Feature", "properties": { "iso3": "GIB", "NAME": "Gibraltar", "assessed": false }, "geometry": { "type": "Polygon", "coordinates": [ [ [ -5.358386758461411, 36.141109447000375 ], [ -5.339060024999924, 36.123846747000073 ], [ -5.34203040299991, 36.110500393000052 ], [ -5.358386758461411, 36.141109447000375 ] ] ] } },
{ "type": "Feature", "properties": { "iso3": "VAT", "NAME": "Vatican", "assessed": false }, "geometry": { "type": "Polygon", "coordinates": [ [ [ 12.454035442000077, 41.902751941000091 ], [ 12.453031208000141, 41.903914738000125 ], [ 12.453982588000144, 41.903861884 ], [ 12.454035442000077, 41.902751941000091 ] ] ] } },
{ "type": "Feature", "properties": { "iso3": "MLT", "NAME": "Malta", "assessed": false }, "geometry": { "type": "MultiPolygon", "coordinates": [ [ [ [ 14.563161655000044, 35.870021877000056 ], [ 14.561778191000087, 35.829820054000038 ], [ 14.527517123000052, 35.801214911000045 ], [ 14.424489780000044, 35.82367584800005 ], [ 14.345713738000086, 35.875921942000048 ], [ 14.32203209700009, 35.973130601000037 ], [ 14.377289259000065, 35.993638414000088 ], [ 14.34937584700009, 35.973130601000037 ], [ 14.44507897200009, 35.960353908000059 ], [ 14.563161655000044, 35.870021877000056 ] ] ], [ [ [ 14.28256269600007, 36.067857164000088 ], [ 14.334239129000082, 36.034369208000044 ], [ 14.260020379000082, 36.013495184000078 ], [ 14.18490644600007, 36.03461334800005 ], [ 14.183604363000086, 36.06476471600007 ], [ 14.28256269600007, 36.067857164000088 ] ] ] ] } },
{ "type": "Feature", "properties": { "iso3": "JEY", "NAME": "Jersey", "assessed": false }, "geometry": { "type": "Polygon", "coordinates": [ [ [ -2.241118943999936, 49.260239976000037 ], [ -2.020659959999932, 49.235256252000056 ], [ -2.024525519999941, 49.17133209800005 ], [ -2.137928839999915, 49.205633856000077 ], [ -2.168690558999913, 49.178290106000077 ], [ -2.233631964999915, 49.184515692000048 ], [ -2.241118943999936, 49.260239976000037 ] ] ] } },
{ "type": "Feature", "properties": { "iso3": "GGY", "NAME": "Guernsey", "assessed": false }, "geometry": { "type": "MultiPolygon", "coordinates": [ [ [ [ -2.559559699999909, 49.499335028000075 ], [ -2.501698370999918, 49.506659247000073 ], [ -2.541981574999909, 49.430894273000035 ], [ -2.673451300999943, 49.433498440000051 ], [ -2.559559699999909, 49.499335028000075 ] ] ], [ [ [ -2.375477667999917, 49.435451565000051 ], [ -2.354400193999936, 49.427801825000074 ], [ -2.378081834999932, 49.41274648600006 ], [ -2.375477667999917, 49.435451565000051 ] ] ], [ [ [ -2.170318162999934, 49.728745835000041 ], [ -2.200835740999935, 49.70571523600006 ], [ -2.226226365999935, 49.707831122000073 ], [ -2.204701300999943, 49.724107164000088 ], [ -2.170318162999934, 49.728745835000041 ] ] ], [ [ [ -2.453684048999946, 49.48187897300005 ], [ -2.445220506999931, 49.474595445000034 ], [ -2.45335852799991, 49.462144273000035 ], [ -2.453684048999946, 49.48187897300005 ] ] ] ] } },
{ "type": "Feature", "properties": { "iso3": "IMN", "NAME": "Isle of Man", "assessed": false }, "geometry": { "type": "Polygon", "coordinates": [ [ [ -4.612131313999953, 54.05695221600007 ], [ -4.704497850999928, 54.084865627000056 ], [ -4.790150519999941, 54.063788153000075 ], [ -4.728138800999943, 54.142564195000034 ], [ -4.710275844999956, 54.220648505000042 ], [ -4.598378058999913, 54.276597398000035 ], [ -4.530995245999918, 54.366115627000056 ], [ -4.351307745999918, 54.413804429000038 ], [ -4.375599738999938, 54.348334052000041 ], [ -4.311919725999928, 54.287176825000074 ], [ -4.399159308999913, 54.222072658000059 ], [ -4.390777147999927, 54.194728908000059 ], [ -4.590931769999941, 54.091050523000035 ], [ -4.612131313999953, 54.05695221600007 ] ] ] } },
{ "type": "Feature", "properties": { "iso3": "ALD", "NAME": "Åland", "assessed": false }, "geometry": { "type": "MultiPolygon", "coordinates": [ [ [ [ 20.297618035000085, 60.121527411000045 ], [ 20.266286655000044, 60.060492255000042 ], [ 20.201914910000085, 60.087551174000055 ], [ 20.22242272200009, 60.149603583000044 ], [ 20.258067254000082, 60.107977606000077 ], [ 20.255707227000073, 60.145412502000056 ], [ 20.297618035000085, 60.121527411000045 ] ] ], [ [ [ 19.628103061000047, 60.246649481000077 ], [ 19.671071811000047, 60.158107815000051 ], [ 19.591644727000073, 60.196763414000031 ], [ 19.599619988000086, 60.149115302000041 ], [ 19.565196160000085, 60.129950262000079 ], [ 19.516612175000091, 60.170111395000049 ], [ 19.537119988000086, 60.232163804000038 ], [ 19.578868035000085, 60.260484117000033 ], [ 19.628103061000047, 60.246649481000077 ] ] ], [ [ [ 20.434825066000087, 60.262396552000041 ], [ 20.392914259000065, 60.196763414000031 ], [ 20.382660352000073, 60.240708726000037 ], [ 20.34538821700005, 60.237697658000059 ], [ 20.358897332000083, 60.265692450000074 ], [ 20.434825066000087, 60.262396552000041 ] ] ], [ [ [ 20.790537957000083, 60.238714911000045 ], [ 20.787282748000052, 60.286322333000044 ], [ 20.853037957000083, 60.265692450000074 ], [ 20.818858269000089, 60.232163804000038 ], [ 20.790537957000083, 60.238714911000045 ] ] ], [ [ [ 20.22201582100007, 60.209906317000048 ], [ 20.161957227000073, 60.167141018000052 ], [ 20.087087436000047, 60.182196356000077 ], [ 20.102305535000085, 60.220933335000041 ], [ 20.188243035000085, 60.245184637000079 ], [ 20.147715691000087, 60.24477773600006 ], [ 20.081879102000073, 60.223374742000033 ], [ 20.057871941000087, 60.190619208000044 ], [ 20.023692254000082, 60.255113023000035 ], [ 20.061289910000085, 60.310044664000031 ], [ 20.023692254000082, 60.313462632000039 ], [ 20.024912957000083, 60.276434637000079 ], [ 19.97592207100007, 60.278713283000059 ], [ 20.030528191000087, 60.217230536000045 ], [ 20.016286655000044, 60.183742580000057 ], [ 19.948008660000085, 60.204250393000052 ], [ 19.95484459700009, 60.224676825000074 ], [ 19.914561394000089, 60.21820709800005 ], [ 20.010020379000082, 60.155829169000071 ], [ 20.044200066000087, 60.176336981000077 ], [ 20.030528191000087, 60.114813544000071 ], [ 20.05046634200005, 60.097805080000057 ], [ 19.94898522200009, 60.083889065000051 ], [ 19.948496941000087, 60.047674872000073 ], [ 19.910329623000052, 60.101060289000031 ], [ 19.84506269600007, 60.078680731000077 ], [ 19.806976759000065, 60.099839585000041 ], [ 19.76303144600007, 60.073919989000046 ], [ 19.646983269000089, 60.265692450000074 ], [ 19.682871941000087, 60.264349677000041 ], [ 19.688487175000091, 60.238348700000074 ], [ 19.709320509000065, 60.268866278000075 ], [ 19.770518425000091, 60.286200262000079 ], [ 19.74935957100007, 60.306626695000034 ], [ 19.79656009200005, 60.299790757000039 ], [ 19.765147332000083, 60.248968817000048 ], [ 19.81421959700009, 60.190619208000044 ], [ 19.817637566000087, 60.232163804000038 ], [ 19.851817254000082, 60.217230536000045 ], [ 19.892832879000082, 60.306626695000034 ], [ 19.905528191000087, 60.27179596600007 ], [ 19.934336785000085, 60.282416083000044 ], [ 19.889496290000068, 60.344671942000048 ], [ 19.857676629000082, 60.313218492000033 ], [ 19.777354363000086, 60.355047919000071 ], [ 19.882334832000083, 60.405585028000075 ], [ 19.906423373000052, 60.402167059000078 ], [ 19.92750084700009, 60.356431382000039 ], [ 20.03679446700005, 60.333929755000042 ], [ 20.023692254000082, 60.361273505000042 ], [ 20.093028191000087, 60.355129299000055 ], [ 20.192067905000044, 60.312323309000078 ], [ 20.18140709700009, 60.286200262000079 ], [ 20.277598504000082, 60.278713283000059 ], [ 20.20875084700009, 60.224676825000074 ], [ 20.22201582100007, 60.209906317000048 ] ] ], [ [ [ 20.867930535000085, 59.917914130000042 ], [ 20.897471550000091, 59.940130927000041 ], [ 20.920176629000082, 59.909247137000079 ], [ 20.912364129000082, 59.904486395000049 ], [ 20.867930535000085, 59.917914130000042 ] ] ], [ [ [ 20.969411655000044, 59.943833726000037 ], [ 20.991221550000091, 59.926743882000039 ], [ 20.913259311000047, 59.948431708000044 ], [ 20.996592644000089, 59.945013739000046 ], [ 20.969411655000044, 59.943833726000037 ] ] ], [ [ [ 20.612559441000087, 60.043443101000037 ], [ 20.587168816000087, 60.00812409100007 ], [ 20.500824415000068, 60.012681382000039 ], [ 20.544932488000086, 60.05609772300005 ], [ 20.612559441000087, 60.043443101000037 ] ] ], [ [ [ 20.44890384200005, 60.065130927000041 ], [ 20.432139519000089, 60.025091864000046 ], [ 20.390147332000083, 60.028225002000056 ], [ 20.424082879000082, 60.055243231000077 ], [ 20.44890384200005, 60.065130927000041 ] ] ], [ [ [ 20.519379102000073, 60.042954820000034 ], [ 20.471364780000044, 60.04132721600007 ], [ 20.469737175000091, 60.057359117000033 ], [ 20.541840040000068, 60.070990302000041 ], [ 20.519379102000073, 60.042954820000034 ] ] ], [ [ [ 20.686534050000091, 60.126532294000071 ], [ 20.67156009200005, 60.109198309000078 ], [ 20.635508660000085, 60.143947658000059 ], [ 20.65992272200009, 60.149725653000075 ], [ 20.686534050000091, 60.126532294000071 ] ] ], [ [ [ 20.668467644000089, 60.226711330000057 ], [ 20.707692905000044, 60.199652411000045 ], [ 20.664073113000086, 60.205023505000042 ], [ 20.668467644000089, 60.226711330000057 ] ] ], [ [ [ 20.74000084700009, 60.312404690000051 ], [ 20.75717207100007, 60.366115627000056 ], [ 20.787364129000082, 60.36196523600006 ], [ 20.785329623000052, 60.333563544000071 ], [ 20.74000084700009, 60.312404690000051 ] ] ], [ [ [ 20.281315311000071, 59.976616123000042 ], [ 20.339446925000061, 60.020109724000065 ], [ 20.44705937100008, 59.995180558000072 ], [ 20.324819234000074, 59.977195317000053 ], [ 20.306648030000076, 59.953624346000083 ], [ 20.281315311000071, 59.976616123000042 ] ] ], [ [ [ 20.025256327000079, 60.042485236000061 ], [ 20.101269174000038, 60.094974635000085 ], [ 20.163259320000066, 60.087845341000047 ], [ 20.225218278000057, 60.00547772200008 ], [ 20.175120918000061, 59.971435922000069 ], [ 20.171495088000086, 59.998753826000041 ], [ 20.105254921000039, 59.996469169000079 ], [ 20.121317588000068, 60.016627195000069 ], [ 20.104257697000037, 60.02824800500008 ], [ 20.025256327000079, 60.042485236000061 ] ] ], [ [ [ 21.094737175000091, 60.475572007000039 ], [ 21.078379754000082, 60.448960679000038 ], [ 21.059255405000044, 60.466742255000042 ], [ 21.076426629000082, 60.480414130000042 ], [ 21.094737175000091, 60.475572007000039 ] ] ] ] } },
{ "type": "Feature", "properties": { "iso3": "FRO", "NAME": "Faeroe Is.", "assessed": false }, "geometry": { "type": "MultiPolygon", "coordinates": [ [ [ [ -6.677601691999939, 61.394110419000071 ], [ -6.870472785999937, 61.501532294000071 ], [ -6.865834113999938, 61.526922919000071 ], [ -6.962554490999935, 61.628729559000078 ], [ -6.894642706999946, 61.649115302000041 ], [ -6.880034959999932, 61.642320054000038 ], [ -6.907338019999941, 61.628729559000078 ], [ -6.865834113999938, 61.62250397300005 ], [ -6.914173956999946, 61.595200914000031 ], [ -6.825672980999911, 61.600165106000077 ], [ -6.715565558999913, 61.567857164000031 ], [ -6.724273240999935, 61.546454169000071 ], [ -6.805572068999936, 61.554185289000031 ], [ -6.715565558999913, 61.526922919000071 ], [ -6.715565558999913, 61.498968817000048 ], [ -6.673980272999927, 61.488470770000049 ], [ -6.78384355399993, 61.472316799000055 ], [ -6.750355597999942, 61.444322007000039 ], [ -6.681385870999918, 61.457993882000039 ], [ -6.646351691999939, 61.408148505000042 ], [ -6.677601691999939, 61.394110419000071 ] ] ], [ [ [ -6.619211391999954, 61.830877997000073 ], [ -6.629872199999909, 61.766546942000048 ], [ -6.660959438999953, 61.746039130000042 ], [ -6.746652798999946, 61.821112372000073 ], [ -6.867665167999917, 61.839341539000031 ], [ -6.907338019999941, 61.909857489000046 ], [ -6.666859503999945, 61.866034247000073 ], [ -6.619211391999954, 61.830877997000073 ] ] ], [ [ [ -7.410755988999938, 62.105698960000041 ], [ -7.431548631999931, 62.148179429000038 ], [ -7.329172329999949, 62.129584052000041 ], [ -7.215891079999949, 62.163763739000046 ], [ -7.222645636999914, 62.150091864000046 ], [ -7.133900519999941, 62.109116929000038 ], [ -7.038319464999915, 62.088609117000033 ], [ -7.071848110999952, 62.052557684000078 ], [ -7.143544074999909, 62.054022528000075 ], [ -7.161203579999949, 62.047674872000073 ], [ -7.126454230999911, 62.040228583000044 ], [ -7.202137824999909, 62.019720770000049 ], [ -7.189116990999935, 62.034002997000073 ], [ -7.221424933999913, 62.066229559000078 ], [ -7.236317511999914, 62.061346747000073 ], [ -7.208404100999928, 62.034002997000073 ], [ -7.380279100999928, 62.068182684000078 ], [ -7.284820115999935, 62.074937242000033 ], [ -7.410755988999938, 62.105698960000041 ] ] ], [ [ [ -7.232085740999935, 62.17641836100006 ], [ -7.189116990999935, 62.239447333000044 ], [ -7.208159959999932, 62.25421784100007 ], [ -7.195423956999946, 62.314601955000057 ], [ -7.072621222999942, 62.290269273000035 ], [ -6.997385219999956, 62.18423086100006 ], [ -6.847320115999935, 62.14203522300005 ], [ -6.900502081999946, 62.102280992000033 ], [ -6.812977667999917, 62.104234117000033 ], [ -6.779367641999954, 62.066107489000046 ], [ -6.84593665299991, 62.053900458000044 ], [ -6.715565558999913, 62.034002997000073 ], [ -6.731922980999911, 61.991115627000056 ], [ -6.698841925999943, 61.982082424000055 ], [ -6.701893683999913, 61.944037177000041 ], [ -6.734486456999946, 61.938218492000033 ], [ -6.856922980999911, 61.99477773600006 ], [ -6.959828253999945, 62.049994208000044 ], [ -7.016021287999934, 62.111883856000077 ], [ -7.126942511999914, 62.127142645000049 ], [ -7.128814256999931, 62.162054755000042 ], [ -7.174956834999932, 62.150091864000046 ], [ -7.232085740999935, 62.17641836100006 ] ] ], [ [ [ -6.957508917999917, 62.189601955000057 ], [ -7.077137824999909, 62.321600653000075 ], [ -6.928456183999913, 62.335028387000079 ], [ -6.883208787999934, 62.311224677000041 ], [ -6.934641079999949, 62.290350653000075 ], [ -6.907338019999941, 62.239447333000044 ], [ -6.912953253999945, 62.281805731000077 ], [ -6.813832160999937, 62.293402411000045 ], [ -6.798085089999915, 62.280462958000044 ], [ -6.824777798999946, 62.273016669000071 ], [ -6.737131313999953, 62.262111721000053 ], [ -6.78384355399993, 62.232001044000071 ], [ -6.605539516999954, 62.195990302000041 ], [ -6.722401495999918, 62.18423086100006 ], [ -6.564116990999935, 62.135809637000079 ], [ -6.667795376999948, 62.150091864000046 ], [ -6.59203040299991, 62.116603908000059 ], [ -6.660959438999953, 62.094875393000052 ], [ -6.654774542999917, 62.061346747000073 ], [ -6.691395636999914, 62.073391018000052 ], [ -6.709380662999934, 62.143255927000041 ], [ -6.753570115999935, 62.181708075000074 ], [ -6.811838344999956, 62.191066799000055 ], [ -6.733021613999938, 62.148830471000053 ], [ -6.740305141999954, 62.101141669000071 ], [ -6.957508917999917, 62.189601955000057 ] ] ], [ [ [ -6.571278449999909, 62.213324286000045 ], [ -6.57835852799991, 62.245672919000071 ], [ -6.546009894999941, 62.271958726000037 ], [ -6.571685350999928, 62.346747137000079 ], [ -6.537464972999942, 62.369818427000041 ], [ -6.516916469999956, 62.323065497000073 ], [ -6.48273678299995, 62.295111395000049 ], [ -6.386586066999939, 62.259955145000049 ], [ -6.496490037999934, 62.252508856000077 ], [ -6.420765753999945, 62.225816148000035 ], [ -6.407093878999945, 62.191066799000055 ], [ -6.423817511999914, 62.185492255000042 ], [ -6.537464972999942, 62.225816148000035 ], [ -6.509917772999927, 62.173814195000034 ], [ -6.571278449999909, 62.213324286000045 ] ] ], [ [ [ -7.588042772999927, 62.115139065000051 ], [ -7.536732550999943, 62.098781643000052 ], [ -7.644154425999943, 62.107001044000071 ], [ -7.588042772999927, 62.115139065000051 ] ] ], [ [ [ -6.380726691999939, 62.269110419000071 ], [ -6.276844855999911, 62.296291408000059 ], [ -6.31314042899993, 62.250799872000073 ], [ -6.358509894999941, 62.245835679000038 ], [ -6.380726691999939, 62.269110419000071 ] ] ], [ [ [ -6.58071855399993, 62.28156159100007 ], [ -6.594471808999913, 62.26117584800005 ], [ -6.636382615999935, 62.280096747000073 ], [ -6.680816209999932, 62.366115627000056 ], [ -6.648060675999943, 62.366522528000075 ], [ -6.58071855399993, 62.28156159100007 ] ] ], [ [ [ -6.789051886999914, 62.37531159100007 ], [ -6.643299933999913, 62.238511460000041 ], [ -6.691029425999943, 62.25226471600007 ], [ -6.789051886999914, 62.37531159100007 ] ] ], [ [ [ -6.401519334999932, 62.320013739000046 ], [ -6.405913865999935, 62.294256903000075 ], [ -6.45571855399993, 62.295965887000079 ], [ -6.555897589999915, 62.39093659100007 ], [ -6.504628058999913, 62.387600002000056 ], [ -6.449126756999931, 62.31781647300005 ], [ -6.401519334999932, 62.320013739000046 ] ] ] ] } }
]
}
