{
  "type": "FeatureCollection",
  "features": [
    {
      "type": "Feature",
      "geometry": {
        "type": "Point",
        "coordinates": [
          16.32,
          48.086
        ]
      },
      "properties": {
        "system": "Austria",
        "type": "presence",
        "presence": 1
      }
    },
    {
      "type": "Feature",
      "geometry": {
        "type": "Point",
        "coordinates": [
          9.771,
          47.375
        ]
      },
      "properties": {
        "system": "Austria",
        "type": "presence",
        "presence": 1
      }
    },
    {
      "type": "Feature",
      "geometry": {
        "type": "Point",
        "coordinates": [
          13.511,
          47.868
        ]
      },
      "properties": {
        "system": "Austria",
        "type": "presence",
        "presence": 1
      }
    },
    {
      "type": "Feature",
      "geometry": {
        "type": "Point",
        "coordinates": [
          16.031,
          46.858
        ]
      },
      "properties": {
        "system": "Austria",
        "type": "presence",
        "presence": 1
      }
    },
    {
      "type": "Feature",
      "geometry": {
        "type": "Point",
        "coordinates": [
          13.648,
          47.722
        ]
      },
      "properties": {
        "system": "Austria",
        "type": "presence",
        "presence": 1
      }
    },
    {
      "type": "Feature",
      "geometry": {
        "type": "Point",
        "coordinates": [
          15.785,
          47.708
        ]
      },
      "properties": {
        "system": "Austria",
        "type": "presence",
        "presence": 1
      }
    },
    {
      "type": "Feature",
      "geometry": {
        "type": "Point",
        "coordinates": [
          15.666,
          47.014
        ]
      },
      "properties": {
        "system": "Austria",
        "type": "presence",
        "presence": 1
      }
    },
    {
      "type": "Feature",
      "geometry": {
        "type": "Point",
        "coordinates": [
          15.503,
          48.087
        ]
      },
      "properties": {
        "system": "Austria",
        "type": "presence",
        "presence": 1
      }
    },
    {
      "type": "Feature",
      "geometry": {
        "type": "Point",
        "coordinates": [
          14.177,
          48.155
        ]
      },
      "properties": {
        "system": "Austria",
        "type": "presence",
        "presence": 1
      }
    },
    {
      "type": "Feature",
      "geometry": {
        "type": "Point",
        "coordinates": [
          16.419,
          47.601
        ]
      },
      "properties": {
        "system": "Austria",
        "type": "presence",
        "presence": 1
      }
    },
    {
      "type": "Feature",
      "geometry": {
        "type": "Point",
        "coordinates": [
          16.818,
          48.402
        ]
      },
      "properties": {
        "system": "Austria",
        "type": "presence",
        "presence": 1
      }
    },
    {
      "type": "Feature",
      "geometry": {
        "type": "Point",
        "coordinates": [
          11.498,
          47.334
        ]
      },
      "properties": {
        "system": "Austria",
        "type": "presence",
        "presence": 1
      }
    },
    {
      "type": "Feature",
      "geometry": {
        "type": "Point",
        "coordinates": [
          13.781,
          47.587
        ]
      },
      "properties": {
        "system": "Austria",
        "type": "presence",
        "presence": 1
      }
    },
    {
      "type": "Feature",
      "geometry": {
        "type": "Point",
        "coordinates": [
          15.28,
          48.768
        ]
      },
      "properties": {
        "system": "Austria",
        "type": "presence",
        "presence": 1
      }
    },
    {
      "type": "Feature",
      "geometry": {
        "type": "Point",
        "coordinates": [
          13.551,
          47.998
        ]
      },
      "properties": {
        "system": "Austria",
        "type": "presence",
        "presence": 1
      }
    },
    {
      "type": "Feature",
      "geometry": {
        "type": "Point",
        "coordinates": [
          15.786,
          48.151
        ]
      },
      "properties": {
        "system": "Austria",
        "type": "presence",
        "presence": 1
      }
    },
    {
      "type": "Feature",
      "geometry": {
        "type": "Point",
        "coordinates": [
          13.822,
          48.098
        ]
      },
      "properties": {
        "system": "Austria",
        "type": "presence",
        "presence": 1
      }
    },
    {
      "type": "Feature",
      "geometry": {
        "type": "Point",
        "coordinates": [
          11.848,
          47.281
        ]
      },
      "properties": {
        "system": "Austria",
        "type": "presence",
        "presence": 1
      }
    },
    {
      "type": "Feature",
      "geometry": {
        "type": "Point",
        "coordinates": [
          14.134,
          48.056
        ]
      },
      "properties": {
        "system": "Austria",
        "type": "presence",
        "presence": 1
      }
    },
    {
      "type": "Feature",
      "geometry": {
        "type": "Point",
        "coordinates": [
          14.537,
          48.548
        ]
      },
      "properties": {
        "system": "Austria",
        "type": "presence",
        "presence": 1
      }
    },
    {
      "type": "Feature",
      "geometry": {
        "type": "Point",
        "coordinates": [
          14.338,
          48.377
        ]
      },
      "properties": {
        "system": "Austria",
        "type": "presence",
        "presence": 1
      }
    },
    {
      "type": "Feature",
      "geometry": {
        "type": "Point",
        "coordinates": [
          16.411,
          48.281
        ]
      },
      "properties": {
        "system": "Austria",
        "type": "presence",
        "presence": 1
      }
    },
    {
      "type": "Feature",
      "geometry": {
        "type": "Point",
        "coordinates": [
          9.58,
          47.255
        ]
      },
      "properties": {
        "system": "Austria",
        "type": "presence",
        "presence": 1
      }
    },
    {
      "type": "Feature",
      "geometry": {
        "type": "Point",
        "coordinates": [
          15.229,
          48.202
        ]
      },
      "properties": {
        "system": "Austria",
        "type": "presence",
        "presence": 1
      }
    },
    {
      "type": "Feature",
      "geometry": {
        "type": "Point",
        "coordinates": [
          15.062,
          48.22
        ]
      },
      "properties": {
        "system": "Austria",
        "type": "presence",
        "presence": 1
      }
    },
    {
      "type": "Feature",
      "geometry": {
        "type": "Point",
        "coordinates": [
          15.439,
          47.075
        ]
      },
      "properties": {
        "system": "Austria",
        "type": "presence",
        "presence": 1
      }
    },
    {
      "type": "Feature",
      "geometry": {
        "type": "Point",
        "coordinates": [
          16.062,
          47.795
        ]
      },
      "properties": {
        "system": "Austria",
        "type": "presence",
        "presence": 1
      }
    },
    {
      "type": "Feature",
      "geometry": {
        "type": "Point",
        "coordinates": [
          9.867,
          47.154
        ]
      },
      "properties": {
        "system": "Austria",
        "type": "presence",
        "presence": 1
      }
    },
    {
      "type": "Feature",
      "geometry": {
        "type": "Point",
        "coordinates": [
          11.537,
          47.296
        ]
      },
      "properties": {
        "system": "Austria",
        "type": "presence",
        "presence": 1
      }
    },
    {
      "type": "Feature",
      "geometry": {
        "type": "Point",
        "coordinates": [
          16.103,
          47.299
        ]
      },
      "properties": {
        "system": "Austria",
        "type": "presence",
        "presence": 1
      }
    },
    {
      "type": "Feature",
      "geometry": {
        "type": "Point",
        "coordinates": [
          12.938,
          48.137
        ]
      },
      "properties": {
        "system": "Austria",
        "type": "presence",
        "presence": 1
      }
    },
    {
      "type": "Feature",
      "geometry": {
        "type": "Point",
        "coordinates": [
          15.439,
          46.734
        ]
      },
      "properties": {
        "system": "Austria",
        "type": "presence",
        "presence": 1
      }
    },
    {
      "type": "Feature",
      "geometry": {
        "type": "Point",
        "coordinates": [
          12.885,
          48.041
        ]
      },
      "properties": {
        "system": "Austria",
        "type": "presence",
        "presence": 1
      }
    },
    {
      "type": "Feature",
      "geometry": {
        "type": "Point",
        "coordinates": [
          13.251,
          47.849
        ]
      },
      "properties": {
        "system": "Austria",
        "type": "presence",
        "presence": 1
      }
    },
    {
      "type": "Feature",
      "geometry": {
        "type": "Point",
        "coordinates": [
          16.334,
          47.109
        ]
      },
      "properties": {
        "system": "Austria",
        "type": "presence",
        "presence": 1
      }
    },
    {
      "type": "Feature",
      "geometry": {
        "type": "Point",
        "coordinates": [
          16.125,
          47.943
        ]
      },
      "properties": {
        "system": "Austria",
        "type": "presence",
        "presence": 1
      }
    },
    {
      "type": "Feature",
      "geometry": {
        "type": "Point",
        "coordinates": [
          15.338,
          48.304
        ]
      },
      "properties": {
        "system": "Austria",
        "type": "presence",
        "presence": 1
      }
    },
    {
      "type": "Feature",
      "geometry": {
        "type": "Point",
        "coordinates": [
          13.94,
          48.346
        ]
      },
      "properties": {
        "system": "Austria",
        "type": "presence",
        "presence": 1
      }
    },
    {
      "type": "Feature",
      "geometry": {
        "type": "Point",
        "coordinates": [
          14.466,
          48.371
        ]
      },
      "properties": {
        "system": "Austria",
        "type": "presence",
        "presence": 1
      }
    },
    {
      "type": "Feature",
      "geometry": {
        "type": "Point",
        "coordinates": [
          16.853,
          48.067
        ]
      },
      "properties": {
        "system": "Austria",
        "type": "presence",
        "presence": 1
      }
    },
    {
      "type": "Feature",
      "geometry": {
        "type": "Point",
        "coordinates": [
          15.691,
          48.544
        ]
      },
      "properties": {
        "system": "Austria",
        "type": "presence",
        "presence": 1
      }
    },
    {
      "type": "Feature",
      "geometry": {
        "type": "Point",
        "coordinates": [
          16.501,
          48.672
        ]
      },
      "properties": {
        "system": "Austria",
        "type": "presence",
        "presence": 1
      }
    },
    {
      "type": "Feature",
      "geometry": {
        "type": "Point",
        "coordinates": [
          16.59,
          48.446
        ]
      },
      "properties": {
        "system": "Austria",
        "type": "presence",
        "presence": 1
      }
    },
    {
      "type": "Feature",
      "geometry": {
        "type": "Point",
        "coordinates": [
          16.837,
          47.918
        ]
      },
      "properties": {
        "system": "Austria",
        "type": "presence",
        "presence": 1
      }
    },
    {
      "type": "Feature",
      "geometry": {
        "type": "Point",
        "coordinates": [
          15.982,
          46.886
        ]
      },
      "properties": {
        "system": "Austria",
        "type": "presence",
        "presence": 1
      }
    },
    {
      "type": "Feature",
      "geometry": {
        "type": "Point",
        "coordinates": [
          9.631,
          47.24
        ]
      },
      "properties": {
        "system": "Austria",
        "type": "presence",
        "presence": 1
      }
    },
    {
      "type": "Feature",
      "geometry": {
        "type": "Point",
        "coordinates": [
          16.198,
          48.384
        ]
      },
      "properties": {
        "system": "Austria",
        "type": "presence",
        "presence": 1
      }
    },
    {
      "type": "Feature",
      "geometry": {
        "type": "Point",
        "coordinates": [
          13.792,
          48.076
        ]
      },
      "properties": {
        "system": "Austria",
        "type": "presence",
        "presence": 1
      }
    },
    {
      "type": "Feature",
      "geometry": {
        "type": "Point",
        "coordinates": [
          16.112,
          47.707
        ]
      },
      "properties": {
        "system": "Austria",
        "type": "presence",
        "presence": 1
      }
    },
    {
      "type": "Feature",
      "geometry": {
        "type": "Point",
        "coordinates": [
          15.545,
          48.237
        ]
      },
      "properties": {
        "system": "Austria",
        "type": "presence",
        "presence": 1
      }
    },
    {
      "type": "Feature",
      "geometry": {
        "type": "Point",
        "coordinates": [
          13.522,
          46.837
        ]
      },
      "properties": {
        "system": "Austria",
        "type": "presence",
        "presence": 1
      }
    },
    {
      "type": "Feature",
      "geometry": {
        "type": "Point",
        "coordinates": [
          16.162,
          48.135
        ]
      },
      "properties": {
        "system": "Austria",
        "type": "presence",
        "presence": 1
      }
    },
    {
      "type": "Feature",
      "geometry": {
        "type": "Point",
        "coordinates": [
          16.106,
          47.378
        ]
      },
      "properties": {
        "system": "Austria",
        "type": "presence",
        "presence": 1
      }
    },
    {
      "type": "Feature",
      "geometry": {
        "type": "Point",
        "coordinates": [
          15.272,
          46.974
        ]
      },
      "properties": {
        "system": "Austria",
        "type": "presence",
        "presence": 1
      }
    },
    {
      "type": "Feature",
      "geometry": {
        "type": "Point",
        "coordinates": [
          11.36,
          47.208
        ]
      },
      "properties": {
        "system": "Austria",
        "type": "presence",
        "presence": 1
      }
    },
    {
      "type": "Feature",
      "geometry": {
        "type": "Point",
        "coordinates": [
          16.708,
          48.273
        ]
      },
      "properties": {
        "system": "Austria",
        "type": "presence",
        "presence": 1
      }
    },
    {
      "type": "Feature",
      "geometry": {
        "type": "Point",
        "coordinates": [
          14.213,
          46.63
        ]
      },
      "properties": {
        "system": "Austria",
        "type": "presence",
        "presence": 1
      }
    },
    {
      "type": "Feature",
      "geometry": {
        "type": "Point",
        "coordinates": [
          14.573,
          46.469
        ]
      },
      "properties": {
        "system": "Austria",
        "type": "presence",
        "presence": 1
      }
    },
    {
      "type": "Feature",
      "geometry": {
        "type": "Point",
        "coordinates": [
          16.33,
          47.889
        ]
      },
      "properties": {
        "system": "Austria",
        "type": "presence",
        "presence": 1
      }
    },
    {
      "type": "Feature",
      "geometry": {
        "type": "Point",
        "coordinates": [
          12.714,
          47.436
        ]
      },
      "properties": {
        "system": "Austria",
        "type": "presence",
        "presence": 1
      }
    },
    {
      "type": "Feature",
      "geometry": {
        "type": "Point",
        "coordinates": [
          16.151,
          48.043
        ]
      },
      "properties": {
        "system": "Austria",
        "type": "presence",
        "presence": 1
      }
    },
    {
      "type": "Feature",
      "geometry": {
        "type": "Point",
        "coordinates": [
          16.37,
          48.114
        ]
      },
      "properties": {
        "system": "Austria",
        "type": "presence",
        "presence": 1
      }
    },
    {
      "type": "Feature",
      "geometry": {
        "type": "Point",
        "coordinates": [
          16.256,
          48.119
        ]
      },
      "properties": {
        "system": "Austria",
        "type": "presence",
        "presence": 1
      }
    },
    {
      "type": "Feature",
      "geometry": {
        "type": "Point",
        "coordinates": [
          16.377,
          47.914
        ]
      },
      "properties": {
        "system": "Austria",
        "type": "presence",
        "presence": 1
      }
    },
    {
      "type": "Feature",
      "geometry": {
        "type": "Point",
        "coordinates": [
          14.779,
          47.957
        ]
      },
      "properties": {
        "system": "Austria",
        "type": "presence",
        "presence": 1
      }
    },
    {
      "type": "Feature",
      "geometry": {
        "type": "Point",
        "coordinates": [
          16.136,
          48.505
        ]
      },
      "properties": {
        "system": "Austria",
        "type": "presence",
        "presence": 1
      }
    },
    {
      "type": "Feature",
      "geometry": {
        "type": "Point",
        "coordinates": [
          15.552,
          48.195
        ]
      },
      "properties": {
        "system": "Austria",
        "type": "presence",
        "presence": 1
      }
    },
    {
      "type": "Feature",
      "geometry": {
        "type": "Point",
        "coordinates": [
          13.047,
          47.798
        ]
      },
      "properties": {
        "system": "Austria",
        "type": "presence",
        "presence": 1
      }
    },
    {
      "type": "Feature",
      "geometry": {
        "type": "Point",
        "coordinates": [
          16.3,
          48.01
        ]
      },
      "properties": {
        "system": "Austria",
        "type": "presence",
        "presence": 1
      }
    },
    {
      "type": "Feature",
      "geometry": {
        "type": "Point",
        "coordinates": [
          11.216,
          47.312
        ]
      },
      "properties": {
        "system": "Austria",
        "type": "presence",
        "presence": 1
      }
    },
    {
      "type": "Feature",
      "geometry": {
        "type": "Point",
        "coordinates": [
          15.567,
          46.82
        ]
      },
      "properties": {
        "system": "Austria",
        "type": "presence",
        "presence": 1
      }
    },
    {
      "type": "Feature",
      "geometry": {
        "type": "Point",
        "coordinates": [
          14.097,
          47.788
        ]
      },
      "properties": {
        "system": "Austria",
        "type": "presence",
        "presence": 1
      }
    },
    {
      "type": "Feature",
      "geometry": {
        "type": "Point",
        "coordinates": [
          13.868,
          48.224
        ]
      },
      "properties": {
        "system": "Austria",
        "type": "presence",
        "presence": 1
      }
    },
    {
      "type": "Feature",
      "geometry": {
        "type": "Point",
        "coordinates": [
          13.526,
          48.413
        ]
      },
      "properties": {
        "system": "Austria",
        "type": "presence",
        "presence": 1
      }
    },
    {
      "type": "Feature",
      "geometry": {
        "type": "Point",
        "coordinates": [
          15.298,
          47.089
        ]
      },
      "properties": {
        "system": "Austria",
        "type": "presence",
        "presence": 1
      }
    },
    {
      "type": "Feature",
      "geometry": {
        "type": "Point",
        "coordinates": [
          11.274,
          47.303
        ]
      },
      "properties": {
        "system": "Austria",
        "type": "presence",
        "presence": 1
      }
    },
    {
      "type": "Feature",
      "geometry": {
        "type": "Point",
        "coordinates": [
          16.282,
          48.078
        ]
      },
      "properties": {
        "system": "Austria",
        "type": "presence",
        "presence": 1
      }
    },
    {
      "type": "Feature",
      "geometry": {
        "type": "Point",
        "coordinates": [
          15.753,
          46.985
        ]
      },
      "properties": {
        "system": "Austria",
        "type": "presence",
        "presence": 1
      }
    },
    {
      "type": "Feature",
      "geometry": {
        "type": "Point",
        "coordinates": [
          15.188,
          47.012
        ]
      },
      "properties": {
        "system": "Austria",
        "type": "presence",
        "presence": 1
      }
    },
    {
      "type": "Feature",
      "geometry": {
        "type": "Point",
        "coordinates": [
          14.296,
          46.639
        ]
      },
      "properties": {
        "system": "Austria",
        "type": "presence",
        "presence": 1
      }
    },
    {
      "type": "Feature",
      "geometry": {
        "type": "Point",
        "coordinates": [
          16.004,
          47.734
        ]
      },
      "properties": {
        "system": "Austria",
        "type": "presence",
        "presence": 1
      }
    },
    {
      "type": "Feature",
      "geometry": {
        "type": "Point",
        "coordinates": [
          15.855,
          48.548
        ]
      },
      "properties": {
        "system": "Austria",
        "type": "presence",
        "presence": 1
      }
    },
    {
      "type": "Feature",
      "geometry": {
        "type": "Point",
        "coordinates": [
          13.953,
          48.093
        ]
      },
      "properties": {
        "system": "Austria",
        "type": "presence",
        "presence": 1
      }
    },
    {
      "type": "Feature",
      "geometry": {
        "type": "Point",
        "coordinates": [
          12.816,
          48.056
        ]
      },
      "properties": {
        "system": "Austria",
        "type": "presence",
        "presence": 1
      }
    },
    {
      "type": "Feature",
      "geometry": {
        "type": "Point",
        "coordinates": [
          12.939,
          47.945
        ]
      },
      "properties": {
        "system": "Austria",
        "type": "presence",
        "presence": 1
      }
    },
    {
      "type": "Feature",
      "geometry": {
        "type": "Point",
        "coordinates": [
          12.98,
          48.044
        ]
      },
      "properties": {
        "system": "Austria",
        "type": "presence",
        "presence": 1
      }
    },
    {
      "type": "Feature",
      "geometry": {
        "type": "Point",
        "coordinates": [
          15.631,
          47.052
        ]
      },
      "properties": {
        "system": "Austria",
        "type": "presence",
        "presence": 1
      }
    },
    {
      "type": "Feature",
      "geometry": {
        "type": "Point",
        "coordinates": [
          15.514,
          47.025
        ]
      },
      "properties": {
        "system": "Austria",
        "type": "presence",
        "presence": 1
      }
    },
    {
      "type": "Feature",
      "geometry": {
        "type": "Point",
        "coordinates": [
          14.246,
          48.274
        ]
      },
      "properties": {
        "system": "Austria",
        "type": "presence",
        "presence": 1
      }
    },
    {
      "type": "Feature",
      "geometry": {
        "type": "Point",
        "coordinates": [
          15.986,
          48.103
        ]
      },
      "properties": {
        "system": "Austria",
        "type": "presence",
        "presence": 1
      }
    },
    {
      "type": "Feature",
      "geometry": {
        "type": "Point",
        "coordinates": [
          13.014,
          47.37
        ]
      },
      "properties": {
        "system": "Austria",
        "type": "presence",
        "presence": 1
      }
    },
    {
      "type": "Feature",
      "geometry": {
        "type": "Point",
        "coordinates": [
          13.352,
          48.247
        ]
      },
      "properties": {
        "system": "Austria",
        "type": "presence",
        "presence": 1
      }
    },
    {
      "type": "Feature",
      "geometry": {
        "type": "Point",
        "coordinates": [
          14.604,
          48.345
        ]
      },
      "properties": {
        "system": "Austria",
        "type": "presence",
        "presence": 1
      }
    },
    {
      "type": "Feature",
      "geometry": {
        "type": "Point",
        "coordinates": [
          14.552,
          48.364
        ]
      },
      "properties": {
        "system": "Austria",
        "type": "presence",
        "presence": 1
      }
    },
    {
      "type": "Feature",
      "geometry": {
        "type": "Point",
        "coordinates": [
          14.374,
          48.298
        ]
      },
      "properties": {
        "system": "Austria",
        "type": "presence",
        "presence": 1
      }
    },
    {
      "type": "Feature",
      "geometry": {
        "type": "Point",
        "coordinates": [
          14.186,
          48.377
        ]
      },
      "properties": {
        "system": "Austria",
        "type": "presence",
        "presence": 1
      }
    },
    {
      "type": "Feature",
      "geometry": {
        "type": "Point",
        "coordinates": [
          14.417,
          48.331
        ]
      },
      "properties": {
        "system": "Austria",
        "type": "presence",
        "presence": 1
      }
    },
    {
      "type": "Feature",
      "geometry": {
        "type": "Point",
        "coordinates": [
          13.704,
          47.972
        ]
      },
      "properties": {
        "system": "Austria",
        "type": "presence",
        "presence": 1
      }
    },
    {
      "type": "Feature",
      "geometry": {
        "type": "Point",
        "coordinates": [
          14.865,
          48.093
        ]
      },
      "properties": {
        "system": "Austria",
        "type": "presence",
        "presence": 1
      }
    },
    {
      "type": "Feature",
      "geometry": {
        "type": "Point",
        "coordinates": [
          14.278,
          48.201
        ]
      },
      "properties": {
        "system": "Austria",
        "type": "presence",
        "presence": 1
      }
    },
    {
      "type": "Feature",
      "geometry": {
        "type": "Point",
        "coordinates": [
          15.494,
          48.875
        ]
      },
      "properties": {
        "system": "Austria",
        "type": "presence",
        "presence": 1
      }
    },
    {
      "type": "Feature",
      "geometry": {
        "type": "Point",
        "coordinates": [
          15.668,
          48.036
        ]
      },
      "properties": {
        "system": "Austria",
        "type": "presence",
        "presence": 1
      }
    },
    {
      "type": "Feature",
      "geometry": {
        "type": "Point",
        "coordinates": [
          16.163,
          48.445
        ]
      },
      "properties": {
        "system": "Austria",
        "type": "presence",
        "presence": 1
      }
    },
    {
      "type": "Feature",
      "geometry": {
        "type": "Point",
        "coordinates": [
          16.046,
          48.177
        ]
      },
      "properties": {
        "system": "Austria",
        "type": "presence",
        "presence": 1
      }
    },
    {
      "type": "Feature",
      "geometry": {
        "type": "Point",
        "coordinates": [
          16.304,
          47.924
        ]
      },
      "properties": {
        "system": "Austria",
        "type": "presence",
        "presence": 1
      }
    },
    {
      "type": "Feature",
      "geometry": {
        "type": "Point",
        "coordinates": [
          16.636,
          48.756
        ]
      },
      "properties": {
        "system": "Austria",
        "type": "presence",
        "presence": 1
      }
    },
    {
      "type": "Feature",
      "geometry": {
        "type": "Point",
        "coordinates": [
          12.244,
          47.613
        ]
      },
      "properties": {
        "system": "Austria",
        "type": "presence",
        "presence": 1
      }
    },
    {
      "type": "Feature",
      "geometry": {
        "type": "Point",
        "coordinates": [
          14.045,
          48.138
        ]
      },
      "properties": {
        "system": "Austria",
        "type": "presence",
        "presence": 1
      }
    },
    {
      "type": "Feature",
      "geometry": {
        "type": "Point",
        "coordinates": [
          15.863,
          47.321
        ]
      },
      "properties": {
        "system": "Austria",
        "type": "presence",
        "presence": 1
      }
    },
    {
      "type": "Feature",
      "geometry": {
        "type": "Point",
        "coordinates": [
          14.284,
          48.14
        ]
      },
      "properties": {
        "system": "Austria",
        "type": "presence",
        "presence": 1
      }
    },
    {
      "type": "Feature",
      "geometry": {
        "type": "Point",
        "coordinates": [
          15.257,
          47.14
        ]
      },
      "properties": {
        "system": "Austria",
        "type": "presence",
        "presence": 1
      }
    },
    {
      "type": "Feature",
      "geometry": {
        "type": "Point",
        "coordinates": [
          15.074,
          48.803
        ]
      },
      "properties": {
        "system": "Austria",
        "type": "presence",
        "presence": 1
      }
    },
    {
      "type": "Feature",
      "geometry": {
        "type": "Point",
        "coordinates": [
          11.539,
          47.231
        ]
      },
      "properties": {
        "system": "Austria",
        "type": "presence",
        "presence": 1
      }
    },
    {
      "type": "Feature",
      "geometry": {
        "type": "Point",
        "coordinates": [
          15.688,
          48.317
        ]
      },
      "properties": {
        "system": "Austria",
        "type": "presence",
        "presence": 1
      }
    },
    {
      "type": "Feature",
      "geometry": {
        "type": "Point",
        "coordinates": [
          14.531,
          48.287
        ]
      },
      "properties": {
        "system": "Austria",
        "type": "presence",
        "presence": 1
      }
    },
    {
      "type": "Feature",
      "geometry": {
        "type": "Point",
        "coordinates": [
          9.913,
          47.524
        ]
      },
      "properties": {
        "system": "Austria",
        "type": "presence",
        "presence": 1
      }
    },
    {
      "type": "Feature",
      "geometry": {
        "type": "Point",
        "coordinates": [
          13.576,
          47.813
        ]
      },
      "properties": {
        "system": "Austria",
        "type": "presence",
        "presence": 1
      }
    },
    {
      "type": "Feature",
      "geometry": {
        "type": "Point",
        "coordinates": [
          12.443,
          47.572
        ]
      },
      "properties": {
        "system": "Austria",
        "type": "presence",
        "presence": 1
      }
    },
    {
      "type": "Feature",
      "geometry": {
        "type": "Point",
        "coordinates": [
          14.141,
          47.875
        ]
      },
      "properties": {
        "system": "Austria",
        "type": "presence",
        "presence": 1
      }
    },
    {
      "type": "Feature",
      "geometry": {
        "type": "Point",
        "coordinates": [
          16.998,
          47.975
        ]
      },
      "properties": {
        "system": "Austria",
        "type": "presence",
        "presence": 1
      }
    },
    {
      "type": "Feature",
      "geometry": {
        "type": "Point",
        "coordinates": [
          16.184,
          47.142
        ]
      },
      "properties": {
        "system": "Austria",
        "type": "presence",
        "presence": 1
      }
    },
    {
      "type": "Feature",
      "geometry": {
        "type": "Point",
        "coordinates": [
          14.454,
          48.284
        ]
      },
      "properties": {
        "system": "Austria",
        "type": "presence",
        "presence": 1
      }
    },
    {
      "type": "Feature",
      "geometry": {
        "type": "Point",
        "coordinates": [
          14.833,
          47.198
        ]
      },
      "properties": {
        "system": "Austria",
        "type": "presence",
        "presence": 1
      }
    },
    {
      "type": "Feature",
      "geometry": {
        "type": "Point",
        "coordinates": [
          13.26,
          48.163
        ]
      },
      "properties": {
        "system": "Austria",
        "type": "presence",
        "presence": 1
      }
    },
    {
      "type": "Feature",
      "geometry": {
        "type": "Point",
        "coordinates": [
          15.552,
          48.147
        ]
      },
      "properties": {
        "system": "Austria",
        "type": "presence",
        "presence": 1
      }
    },
    {
      "type": "Feature",
      "geometry": {
        "type": "Point",
        "coordinates": [
          15.519,
          48.408
        ]
      },
      "properties": {
        "system": "Austria",
        "type": "presence",
        "presence": 1
      }
    },
    {
      "type": "Feature",
      "geometry": {
        "type": "Point",
        "coordinates": [
          14.789,
          47.65
        ]
      },
      "properties": {
        "system": "Austria",
        "type": "presence",
        "presence": 1
      }
    },
    {
      "type": "Feature",
      "geometry": {
        "type": "Point",
        "coordinates": [
          12.966,
          47.994
        ]
      },
      "properties": {
        "system": "Austria",
        "type": "presence",
        "presence": 1
      }
    },
    {
      "type": "Feature",
      "geometry": {
        "type": "Point",
        "coordinates": [
          11.853,
          47.347
        ]
      },
      "properties": {
        "system": "Austria",
        "type": "presence",
        "presence": 1
      }
    },
    {
      "type": "Feature",
      "geometry": {
        "type": "Point",
        "coordinates": [
          11.916,
          47.34
        ]
      },
      "properties": {
        "system": "Austria",
        "type": "presence",
        "presence": 1
      }
    },
    {
      "type": "Feature",
      "geometry": {
        "type": "Point",
        "coordinates": [
          15.788,
          47.184
        ]
      },
      "properties": {
        "system": "Austria",
        "type": "presence",
        "presence": 1
      }
    },
    {
      "type": "Feature",
      "geometry": {
        "type": "Point",
        "coordinates": [
          16.063,
          48.334
        ]
      },
      "properties": {
        "system": "Austria",
        "type": "presence",
        "presence": 1
      }
    },
    {
      "type": "Feature",
      "geometry": {
        "type": "Point",
        "coordinates": [
          16.51,
          48.128
        ]
      },
      "properties": {
        "system": "Austria",
        "type": "presence",
        "presence": 1
      }
    },
    {
      "type": "Feature",
      "geometry": {
        "type": "Point",
        "coordinates": [
          14.316,
          48.284
        ]
      },
      "properties": {
        "system": "Austria",
        "type": "presence",
        "presence": 1
      }
    },
    {
      "type": "Feature",
      "geometry": {
        "type": "Point",
        "coordinates": [
          15.642,
          48.199
        ]
      },
      "properties": {
        "system": "Austria",
        "type": "presence",
        "presence": 1
      }
    },
    {
      "type": "Feature",
      "geometry": {
        "type": "Point",
        "coordinates": [
          15.762,
          48.352
        ]
      },
      "properties": {
        "system": "Austria",
        "type": "presence",
        "presence": 1
      }
    },
    {
      "type": "Feature",
      "geometry": {
        "type": "Point",
        "coordinates": [
          15.055,
          46.985
        ]
      },
      "properties": {
        "system": "Austria",
        "type": "presence",
        "presence": 1
      }
    },
    {
      "type": "Feature",
      "geometry": {
        "type": "Point",
        "coordinates": [
          14.131,
          48.234
        ]
      },
      "properties": {
        "system": "Austria",
        "type": "presence",
        "presence": 1
      }
    },
    {
      "type": "Feature",
      "geometry": {
        "type": "Point",
        "coordinates": [
          13.417,
          47.99
        ]
      },
      "properties": {
        "system": "Austria",
        "type": "presence",
        "presence": 1
      }
    },
    {
      "type": "Feature",
      "geometry": {
        "type": "Point",
        "coordinates": [
          16.046,
          47.874
        ]
      },
      "properties": {
        "system": "Austria",
        "type": "presence",
        "presence": 1
      }
    },
    {
      "type": "Feature",
      "geometry": {
        "type": "Point",
        "coordinates": [
          16.02,
          48.248
        ]
      },
      "properties": {
        "system": "Austria",
        "type": "presence",
        "presence": 1
      }
    },
    {
      "type": "Feature",
      "geometry": {
        "type": "Point",
        "coordinates": [
          13.637,
          48.185
        ]
      },
      "properties": {
        "system": "Austria",
        "type": "presence",
        "presence": 1
      }
    },
    {
      "type": "Feature",
      "geometry": {
        "type": "Point",
        "coordinates": [
          15.933,
          48.145
        ]
      },
      "properties": {
        "system": "Austria",
        "type": "presence",
        "presence": 1
      }
    },
    {
      "type": "Feature",
      "geometry": {
        "type": "Point",
        "coordinates": [
          16.557,
          48.304
        ]
      },
      "properties": {
        "system": "Austria",
        "type": "presence",
        "presence": 1
      }
    },
    {
      "type": "Feature",
      "geometry": {
        "type": "Point",
        "coordinates": [
          16.662,
          47.893
        ]
      },
      "properties": {
        "system": "Austria",
        "type": "presence",
        "presence": 1
      }
    },
    {
      "type": "Feature",
      "geometry": {
        "type": "Point",
        "coordinates": [
          16.117,
          48.562
        ]
      },
      "properties": {
        "system": "Austria",
        "type": "presence",
        "presence": 1
      }
    },
    {
      "type": "Feature",
      "geometry": {
        "type": "Point",
        "coordinates": [
          15.957,
          48.692
        ]
      },
      "properties": {
        "system": "Austria",
        "type": "presence",
        "presence": 1
      }
    },
    {
      "type": "Feature",
      "geometry": {
        "type": "Point",
        "coordinates": [
          15.742,
          48.438
        ]
      },
      "properties": {
        "system": "Austria",
        "type": "presence",
        "presence": 1
      }
    },
    {
      "type": "Feature",
      "geometry": {
        "type": "Point",
        "coordinates": [
          13.485,
          48.478
        ]
      },
      "properties": {
        "system": "Austria",
        "type": "presence",
        "presence": 1
      }
    },
    {
      "type": "Feature",
      "geometry": {
        "type": "Point",
        "coordinates": [
          16.379,
          48.415
        ]
      },
      "properties": {
        "system": "Austria",
        "type": "presence",
        "presence": 1
      }
    },
    {
      "type": "Feature",
      "geometry": {
        "type": "Point",
        "coordinates": [
          15.887,
          46.951
        ]
      },
      "properties": {
        "system": "Austria",
        "type": "presence",
        "presence": 1
      }
    },
    {
      "type": "Feature",
      "geometry": {
        "type": "Point",
        "coordinates": [
          15.805,
          47.655
        ]
      },
      "properties": {
        "system": "Austria",
        "type": "presence",
        "presence": 1
      }
    },
    {
      "type": "Feature",
      "geometry": {
        "type": "Point",
        "coordinates": [
          13.063,
          47.872
        ]
      },
      "properties": {
        "system": "Austria",
        "type": "presence",
        "presence": 1
      }
    },
    {
      "type": "Feature",
      "geometry": {
        "type": "Point",
        "coordinates": [
          15.972,
          46.765
        ]
      },
      "properties": {
        "system": "Austria",
        "type": "presence",
        "presence": 1
      }
    },
    {
      "type": "Feature",
      "geometry": {
        "type": "Point",
        "coordinates": [
          16.245,
          48.423
        ]
      },
      "properties": {
        "system": "Austria",
        "type": "presence",
        "presence": 1
      }
    },
    {
      "type": "Feature",
      "geometry": {
        "type": "Point",
        "coordinates": [
          16.577,
          47.942
        ]
      },
      "properties": {
        "system": "Austria",
        "type": "presence",
        "presence": 1
      }
    },
    {
      "type": "Feature",
      "geometry": {
        "type": "Point",
        "coordinates": [
          16.687,
          48.492
        ]
      },
      "properties": {
        "system": "Austria",
        "type": "presence",
        "presence": 1
      }
    },
    {
      "type": "Feature",
      "geometry": {
        "type": "Point",
        "coordinates": [
          16.495,
          48.219
        ]
      },
      "properties": {
        "system": "Austria",
        "type": "presence",
        "presence": 1
      }
    },
    {
      "type": "Feature",
      "geometry": {
        "type": "Point",
        "coordinates": [
          16.294,
          47.868
        ]
      },
      "properties": {
        "system": "Austria",
        "type": "presence",
        "presence": 1
      }
    },
    {
      "type": "Feature",
      "geometry": {
        "type": "Point",
        "coordinates": [
          16.462,
          48.368
        ]
      },
      "properties": {
        "system": "Austria",
        "type": "presence",
        "presence": 1
      }
    },
    {
      "type": "Feature",
      "geometry": {
        "type": "Point",
        "coordinates": [
          14.76,
          48.109
        ]
      },
      "properties": {
        "system": "Austria",
        "type": "presence",
        "presence": 1
      }
    },
    {
      "type": "Feature",
      "geometry": {
        "type": "Point",
        "coordinates": [
          14.098,
          48.284
        ]
      },
      "properties": {
        "system": "Austria",
        "type": "presence",
        "presence": 1
      }
    },
    {
      "type": "Feature",
      "geometry": {
        "type": "Point",
        "coordinates": [
          16.296,
          48.461
        ]
      },
      "properties": {
        "system": "Austria",
        "type": "presence",
        "presence": 1
      }
    },
    {
      "type": "Feature",
      "geometry": {
        "type": "Point",
        "coordinates": [
          11.381,
          47.289
        ]
      },
      "properties": {
        "system": "Austria",
        "type": "presence",
        "presence": 1
      }
    },
    {
      "type": "Feature",
      "geometry": {
        "type": "Point",
        "coordinates": [
          12.051,
          47.533
        ]
      },
      "properties": {
        "system": "Austria",
        "type": "presence",
        "presence": 1
      }
    },
    {
      "type": "Feature",
      "geometry": {
        "type": "Point",
        "coordinates": [
          16.111,
          48.152
        ]
      },
      "properties": {
        "system": "Austria",
        "type": "presence",
        "presence": 1
      }
    },
    {
      "type": "Feature",
      "geometry": {
        "type": "Point",
        "coordinates": [
          15.73,
          48.291
        ]
      },
      "properties": {
        "system": "Austria",
        "type": "presence",
        "presence": 1
      }
    },
    {
      "type": "Feature",
      "geometry": {
        "type": "Point",
        "coordinates": [
          13.623,
          48.049
        ]
      },
      "properties": {
        "system": "Austria",
        "type": "presence",
        "presence": 1
      }
    },
    {
      "type": "Feature",
      "geometry": {
        "type": "Point",
        "coordinates": [
          16.105,
          48.098
        ]
      },
      "properties": {
        "system": "Austria",
        "type": "presence",
        "presence": 1
      }
    },
    {
      "type": "Feature",
      "geometry": {
        "type": "Point",
        "coordinates": [
          13.776,
          48.054
        ]
      },
      "properties": {
        "system": "Austria",
        "type": "presence",
        "presence": 1
      }
    },
    {
      "type": "Feature",
      "geometry": {
        "type": "Point",
        "coordinates": [
          15.94,
          48.235
        ]
      },
      "properties": {
        "system": "Austria",
        "type": "presence",
        "presence": 1
      }
    },
    {
      "type": "Feature",
      "geometry": {
        "type": "Point",
        "coordinates": [
          15.334,
          46.976
        ]
      },
      "properties": {
        "system": "Austria",
        "type": "presence",
        "presence": 1
      }
    },
    {
      "type": "Feature",
      "geometry": {
        "type": "Point",
        "coordinates": [
          13.881,
          47.388
        ]
      },
      "properties": {
        "system": "Austria",
        "type": "presence",
        "presence": 1
      }
    },
    {
      "type": "Feature",
      "geometry": {
        "type": "Point",
        "coordinates": [
          15.982,
          48.172
        ]
      },
      "properties": {
        "system": "Austria",
        "type": "presence",
        "presence": 1
      }
    },
    {
      "type": "Feature",
      "geometry": {
        "type": "Point",
        "coordinates": [
          15.611,
          48.097
        ]
      },
      "properties": {
        "system": "Austria",
        "type": "presence",
        "presence": 1
      }
    },
    {
      "type": "Feature",
      "geometry": {
        "type": "Point",
        "coordinates": [
          16.215,
          48.325
        ]
      },
      "properties": {
        "system": "Austria",
        "type": "presence",
        "presence": 1
      }
    },
    {
      "type": "Feature",
      "geometry": {
        "type": "Point",
        "coordinates": [
          15.321,
          47.981
        ]
      },
      "properties": {
        "system": "Austria",
        "type": "presence",
        "presence": 1
      }
    },
    {
      "type": "Feature",
      "geometry": {
        "type": "Point",
        "coordinates": [
          15.759,
          48.098
        ]
      },
      "properties": {
        "system": "Austria",
        "type": "presence",
        "presence": 1
      }
    },
    {
      "type": "Feature",
      "geometry": {
        "type": "Point",
        "coordinates": [
          11.169,
          47.25
        ]
      },
      "properties": {
        "system": "Austria",
        "type": "presence",
        "presence": 1
      }
    },
    {
      "type": "Feature",
      "geometry": {
        "type": "Point",
        "coordinates": [
          15.426,
          47.158
        ]
      },
      "properties": {
        "system": "Austria",
        "type": "presence",
        "presence": 1
      }
    },
    {
      "type": "Feature",
      "geometry": {
        "type": "Point",
        "coordinates": [
          15.705,
          47.096
        ]
      },
      "properties": {
        "system": "Austria",
        "type": "presence",
        "presence": 1
      }
    },
    {
      "type": "Feature",
      "geometry": {
        "type": "Point",
        "coordinates": [
          16.276,
          47.772
        ]
      },
      "properties": {
        "system": "Austria",
        "type": "presence",
        "presence": 1
      }
    },
    {
      "type": "Feature",
      "geometry": {
        "type": "Point",
        "coordinates": [
          15.062,
          48.516
        ]
      },
      "properties": {
        "system": "Austria",
        "type": "presence",
        "presence": 1
      }
    },
    {
      "type": "Feature",
      "geometry": {
        "type": "Point",
        "coordinates": [
          12.906,
          47.99
        ]
      },
      "properties": {
        "system": "Austria",
        "type": "presence",
        "presence": 1
      }
    },
    {
      "type": "Feature",
      "geometry": {
        "type": "Point",
        "coordinates": [
          15.039,
          48.942
        ]
      },
      "properties": {
        "system": "Austria",
        "type": "presence",
        "presence": 1
      }
    },
    {
      "type": "Feature",
      "geometry": {
        "type": "Point",
        "coordinates": [
          16.419,
          48.339
        ]
      },
      "properties": {
        "system": "Austria",
        "type": "presence",
        "presence": 1
      }
    },
    {
      "type": "Feature",
      "geometry": {
        "type": "Point",
        "coordinates": [
          14.146,
          48.258
        ]
      },
      "properties": {
        "system": "Austria",
        "type": "presence",
        "presence": 1
      }
    },
    {
      "type": "Feature",
      "geometry": {
        "type": "Point",
        "coordinates": [
          13.617,
          47.932
        ]
      },
      "properties": {
        "system": "Austria",
        "type": "presence",
        "presence": 1
      }
    },
    {
      "type": "Feature",
      "geometry": {
        "type": "Point",
        "coordinates": [
          9.734,
          47.194
        ]
      },
      "properties": {
        "system": "Austria",
        "type": "presence",
        "presence": 1
      }
    },
    {
      "type": "Feature",
      "geometry": {
        "type": "Point",
        "coordinates": [
          16.996,
          48.098
        ]
      },
      "properties": {
        "system": "Austria",
        "type": "presence",
        "presence": 1
      }
    },
    {
      "type": "Feature",
      "geometry": {
        "type": "Point",
        "coordinates": [
          10.945,
          47.284
        ]
      },
      "properties": {
        "system": "Austria",
        "type": "presence",
        "presence": 1
      }
    },
    {
      "type": "Feature",
      "geometry": {
        "type": "Point",
        "coordinates": [
          13.665,
          48.445
        ]
      },
      "properties": {
        "system": "Austria",
        "type": "presence",
        "presence": 1
      }
    },
    {
      "type": "Feature",
      "geometry": {
        "type": "Point",
        "coordinates": [
          16.189,
          47.291
        ]
      },
      "properties": {
        "system": "Austria",
        "type": "presence",
        "presence": 1
      }
    },
    {
      "type": "Feature",
      "geometry": {
        "type": "Point",
        "coordinates": [
          15.89,
          47.782
        ]
      },
      "properties": {
        "system": "Austria",
        "type": "presence",
        "presence": 1
      }
    },
    {
      "type": "Feature",
      "geometry": {
        "type": "Point",
        "coordinates": [
          16.761,
          47.952
        ]
      },
      "properties": {
        "system": "Austria",
        "type": "presence",
        "presence": 1
      }
    },
    {
      "type": "Feature",
      "geometry": {
        "type": "Point",
        "coordinates": [
          16.198,
          47.987
        ]
      },
      "properties": {
        "system": "Austria",
        "type": "presence",
        "presence": 1
      }
    },
    {
      "type": "Feature",
      "geometry": {
        "type": "Point",
        "coordinates": [
          15.535,
          47.212
        ]
      },
      "properties": {
        "system": "Austria",
        "type": "presence",
        "presence": 1
      }
    },
    {
      "type": "Feature",
      "geometry": {
        "type": "Point",
        "coordinates": [
          15.978,
          48.465
        ]
      },
      "properties": {
        "system": "Austria",
        "type": "presence",
        "presence": 1
      }
    },
    {
      "type": "Feature",
      "geometry": {
        "type": "Point",
        "coordinates": [
          14.647,
          48.149
        ]
      },
      "properties": {
        "system": "Austria",
        "type": "presence",
        "presence": 1
      }
    },
    {
      "type": "Feature",
      "geometry": {
        "type": "Point",
        "coordinates": [
          12.037,
          47.209
        ]
      },
      "properties": {
        "system": "Austria",
        "type": "presence",
        "presence": 1
      }
    },
    {
      "type": "Feature",
      "geometry": {
        "type": "Point",
        "coordinates": [
          15.217,
          46.942
        ]
      },
      "properties": {
        "system": "Austria",
        "type": "presence",
        "presence": 1
      }
    },
    {
      "type": "Feature",
      "geometry": {
        "type": "Point",
        "coordinates": [
          15.424,
          48.429
        ]
      },
      "properties": {
        "system": "Austria",
        "type": "presence",
        "presence": 1
      }
    },
    {
      "type": "Feature",
      "geometry": {
        "type": "Point",
        "coordinates": [
          16.386,
          47.499
        ]
      },
      "properties": {
        "system": "Austria",
        "type": "presence",
        "presence": 1
      }
    },
    {
      "type": "Feature",
      "geometry": {
        "type": "Point",
        "coordinates": [
          15.39,
          48.305
        ]
      },
      "properties": {
        "system": "Austria",
        "type": "presence",
        "presence": 1
      }
    },
    {
      "type": "Feature",
      "geometry": {
        "type": "Point",
        "coordinates": [
          11.434,
          47.297
        ]
      },
      "properties": {
        "system": "Austria",
        "type": "presence",
        "presence": 1
      }
    },
    {
      "type": "Feature",
      "geometry": {
        "type": "Point",
        "coordinates": [
          15.403,
          47.224
        ]
      },
      "properties": {
        "system": "Austria",
        "type": "presence",
        "presence": 1
      }
    },
    {
      "type": "Feature",
      "geometry": {
        "type": "Point",
        "coordinates": [
          13.73,
          46.546
        ]
      },
      "properties": {
        "system": "Austria",
        "type": "presence",
        "presence": 1
      }
    },
    {
      "type": "Feature",
      "geometry": {
        "type": "Point",
        "coordinates": [
          13.118,
          47.769
        ]
      },
      "properties": {
        "system": "Austria",
        "type": "presence",
        "presence": 1
      }
    },
    {
      "type": "Feature",
      "geometry": {
        "type": "Point",
        "coordinates": [
          15.737,
          47.047
        ]
      },
      "properties": {
        "system": "Austria",
        "type": "presence",
        "presence": 1
      }
    },
    {
      "type": "Feature",
      "geometry": {
        "type": "Point",
        "coordinates": [
          15.53,
          46.775
        ]
      },
      "properties": {
        "system": "Austria",
        "type": "presence",
        "presence": 1
      }
    },
    {
      "type": "Feature",
      "geometry": {
        "type": "Point",
        "coordinates": [
          15.164,
          47.047
        ]
      },
      "properties": {
        "system": "Austria",
        "type": "presence",
        "presence": 1
      }
    },
    {
      "type": "Feature",
      "geometry": {
        "type": "Point",
        "coordinates": [
          16.242,
          48.221
        ]
      },
      "properties": {
        "system": "Austria",
        "type": "presence",
        "presence": 1
      }
    },
    {
      "type": "Feature",
      "geometry": {
        "type": "Point",
        "coordinates": [
          15.13,
          47.857
        ]
      },
      "properties": {
        "system": "Austria",
        "type": "presence",
        "presence": 1
      }
    },
    {
      "type": "Feature",
      "geometry": {
        "type": "Point",
        "coordinates": [
          12.203,
          47.504
        ]
      },
      "properties": {
        "system": "Austria",
        "type": "presence",
        "presence": 1
      }
    },
    {
      "type": "Feature",
      "geometry": {
        "type": "Point",
        "coordinates": [
          11.46,
          47.307
        ]
      },
      "properties": {
        "system": "Austria",
        "type": "presence",
        "presence": 1
      }
    },
    {
      "type": "Feature",
      "geometry": {
        "type": "Point",
        "coordinates": [
          10.972,
          47.333
        ]
      },
      "properties": {
        "system": "Austria",
        "type": "presence",
        "presence": 1
      }
    },
    {
      "type": "Feature",
      "geometry": {
        "type": "Point",
        "coordinates": [
          16.134,
          48.232
        ]
      },
      "properties": {
        "system": "Austria",
        "type": "presence",
        "presence": 1
      }
    },
    {
      "type": "Feature",
      "geometry": {
        "type": "Point",
        "coordinates": [
          15.971,
          48.506
        ]
      },
      "properties": {
        "system": "Austria",
        "type": "presence",
        "presence": 1
      }
    },
    {
      "type": "Feature",
      "geometry": {
        "type": "Point",
        "coordinates": [
          16.446,
          48.164
        ]
      },
      "properties": {
        "system": "Austria",
        "type": "presence",
        "presence": 1
      }
    },
    {
      "type": "Feature",
      "geometry": {
        "type": "Point",
        "coordinates": [
          15.826,
          48.458
        ]
      },
      "properties": {
        "system": "Austria",
        "type": "presence",
        "presence": 1
      }
    },
    {
      "type": "Feature",
      "geometry": {
        "type": "Point",
        "coordinates": [
          16.104,
          47.253
        ]
      },
      "properties": {
        "system": "Austria",
        "type": "presence",
        "presence": 1
      }
    },
    {
      "type": "Feature",
      "geometry": {
        "type": "Point",
        "coordinates": [
          14.146,
          47.587
        ]
      },
      "properties": {
        "system": "Austria",
        "type": "presence",
        "presence": 1
      }
    },
    {
      "type": "Feature",
      "geometry": {
        "type": "Point",
        "coordinates": [
          16.951,
          48.15
        ]
      },
      "properties": {
        "system": "Austria",
        "type": "presence",
        "presence": 1
      }
    },
    {
      "type": "Feature",
      "geometry": {
        "type": "Point",
        "coordinates": [
          14.491,
          48.504
        ]
      },
      "properties": {
        "system": "Austria",
        "type": "presence",
        "presence": 1
      }
    },
    {
      "type": "Feature",
      "geometry": {
        "type": "Point",
        "coordinates": [
          15.618,
          48.409
        ]
      },
      "properties": {
        "system": "Austria",
        "type": "presence",
        "presence": 1
      }
    },
    {
      "type": "Feature",
      "geometry": {
        "type": "Point",
        "coordinates": [
          14.181,
          46.668
        ]
      },
      "properties": {
        "system": "Austria",
        "type": "presence",
        "presence": 1
      }
    },
    {
      "type": "Feature",
      "geometry": {
        "type": "Point",
        "coordinates": [
          15.133,
          46.859
        ]
      },
      "properties": {
        "system": "Austria",
        "type": "presence",
        "presence": 1
      }
    },
    {
      "type": "Feature",
      "geometry": {
        "type": "Point",
        "coordinates": [
          16.577,
          48.579
        ]
      },
      "properties": {
        "system": "Austria",
        "type": "presence",
        "presence": 1
      }
    },
    {
      "type": "Feature",
      "geometry": {
        "type": "Point",
        "coordinates": [
          15.136,
          47.418
        ]
      },
      "properties": {
        "system": "Austria",
        "type": "presence",
        "presence": 1
      }
    },
    {
      "type": "Feature",
      "geometry": {
        "type": "Point",
        "coordinates": [
          14.887,
          47.546
        ]
      },
      "properties": {
        "system": "Austria",
        "type": "presence",
        "presence": 1
      }
    },
    {
      "type": "Feature",
      "geometry": {
        "type": "Point",
        "coordinates": [
          16.356,
          48.223
        ]
      },
      "properties": {
        "system": "Austria",
        "type": "presence",
        "presence": 1
      }
    },
    {
      "type": "Feature",
      "geometry": {
        "type": "Point",
        "coordinates": [
          15.628,
          48.851
        ]
      },
      "properties": {
        "system": "Austria",
        "type": "presence",
        "presence": 1
      }
    },
    {
      "type": "Feature",
      "geometry": {
        "type": "Point",
        "coordinates": [
          15.329,
          48.684
        ]
      },
      "properties": {
        "system": "Austria",
        "type": "presence",
        "presence": 1
      }
    },
    {
      "type": "Feature",
      "geometry": {
        "type": "Point",
        "coordinates": [
          15.397,
          48.887
        ]
      },
      "properties": {
        "system": "Austria",
        "type": "presence",
        "presence": 1
      }
    },
    {
      "type": "Feature",
      "geometry": {
        "type": "Point",
        "coordinates": [
          15.113,
          48.859
        ]
      },
      "properties": {
        "system": "Austria",
        "type": "presence",
        "presence": 1
      }
    },
    {
      "type": "Feature",
      "geometry": {
        "type": "Point",
        "coordinates": [
          15.321,
          48.818
        ]
      },
      "properties": {
        "system": "Austria",
        "type": "presence",
        "presence": 1
      }
    },
    {
      "type": "Feature",
      "geometry": {
        "type": "Point",
        "coordinates": [
          15.308,
          48.929
        ]
      },
      "properties": {
        "system": "Austria",
        "type": "presence",
        "presence": 1
      }
    },
    {
      "type": "Feature",
      "geometry": {
        "type": "Point",
        "coordinates": [
          15.41,
          48.797
        ]
      },
      "properties": {
        "system": "Austria",
        "type": "presence",
        "presence": 1
      }
    },
    {
      "type": "Feature",
      "geometry": {
        "type": "Point",
        "coordinates": [
          14.31,
          48.052
        ]
      },
      "properties": {
        "system": "Austria",
        "type": "presence",
        "presence": 1
      }
    },
    {
      "type": "Feature",
      "geometry": {
        "type": "Point",
        "coordinates": [
          13.073,
          47.324
        ]
      },
      "properties": {
        "system": "Austria",
        "type": "presence",
        "presence": 1
      }
    },
    {
      "type": "Feature",
      "geometry": {
        "type": "Point",
        "coordinates": [
          15.65,
          48.491
        ]
      },
      "properties": {
        "system": "Austria",
        "type": "presence",
        "presence": 1
      }
    },
    {
      "type": "Feature",
      "geometry": {
        "type": "Point",
        "coordinates": [
          14.847,
          46.699
        ]
      },
      "properties": {
        "system": "Austria",
        "type": "presence",
        "presence": 1
      }
    },
    {
      "type": "Feature",
      "geometry": {
        "type": "Point",
        "coordinates": [
          14.516,
          48.383
        ]
      },
      "properties": {
        "system": "Austria",
        "type": "presence",
        "presence": 1
      }
    },
    {
      "type": "Feature",
      "geometry": {
        "type": "Point",
        "coordinates": [
          16.367,
          48.335
        ]
      },
      "properties": {
        "system": "Austria",
        "type": "presence",
        "presence": 1
      }
    },
    {
      "type": "Feature",
      "geometry": {
        "type": "Point",
        "coordinates": [
          15.132,
          48.055
        ]
      },
      "properties": {
        "system": "Austria",
        "type": "presence",
        "presence": 1
      }
    },
    {
      "type": "Feature",
      "geometry": {
        "type": "Point",
        "coordinates": [
          11.097,
          47.324
        ]
      },
      "properties": {
        "system": "Austria",
        "type": "presence",
        "presence": 1
      }
    },
    {
      "type": "Feature",
      "geometry": {
        "type": "Point",
        "coordinates": [
          15.815,
          48.315
        ]
      },
      "properties": {
        "system": "Austria",
        "type": "presence",
        "presence": 1
      }
    },
    {
      "type": "Feature",
      "geometry": {
        "type": "Point",
        "coordinates": [
          16.008,
          47.168
        ]
      },
      "properties": {
        "system": "Austria",
        "type": "presence",
        "presence": 1
      }
    },
    {
      "type": "Feature",
      "geometry": {
        "type": "Point",
        "coordinates": [
          14.259,
          48.365
        ]
      },
      "properties": {
        "system": "Austria",
        "type": "presence",
        "presence": 1
      }
    },
    {
      "type": "Feature",
      "geometry": {
        "type": "Point",
        "coordinates": [
          13.214,
          47.233
        ]
      },
      "properties": {
        "system": "Austria",
        "type": "presence",
        "presence": 1
      }
    },
    {
      "type": "Feature",
      "geometry": {
        "type": "Point",
        "coordinates": [
          16.388,
          48.152
        ]
      },
      "properties": {
        "system": "Austria",
        "type": "presence",
        "presence": 1
      }
    },
    {
      "type": "Feature",
      "geometry": {
        "type": "Point",
        "coordinates": [
          16.055,
          47.826
        ]
      },
      "properties": {
        "system": "Austria",
        "type": "presence",
        "presence": 1
      }
    },
    {
      "type": "Feature",
      "geometry": {
        "type": "Point",
        "coordinates": [
          16.423,
          48.204
        ]
      },
      "properties": {
        "system": "Austria",
        "type": "presence",
        "presence": 1
      }
    },
    {
      "type": "Feature",
      "geometry": {
        "type": "Point",
        "coordinates": [
          16.066,
          46.98
        ]
      },
      "properties": {
        "system": "Austria",
        "type": "presence",
        "presence": 1
      }
    },
    {
      "type": "Feature",
      "geometry": {
        "type": "Point",
        "coordinates": [
          9.712,
          47.468
        ]
      },
      "properties": {
        "system": "Austria",
        "type": "presence",
        "presence": 1
      }
    },
    {
      "type": "Feature",
      "geometry": {
        "type": "Point",
        "coordinates": [
          10.946,
          47.409
        ]
      },
      "properties": {
        "system": "Austria",
        "type": "presence",
        "presence": 1
      }
    },
    {
      "type": "Feature",
      "geometry": {
        "type": "Point",
        "coordinates": [
          10.875,
          47.367
        ]
      },
      "properties": {
        "system": "Austria",
        "type": "presence",
        "presence": 1
      }
    },
    {
      "type": "Feature",
      "geometry": {
        "type": "Point",
        "coordinates": [
          12.506,
          47.059
        ]
      },
      "properties": {
        "system": "Austria",
        "type": "presence",
        "presence": 1
      }
    },
    {
      "type": "Feature",
      "geometry": {
        "type": "Point",
        "coordinates": [
          15.076,
          48.843
        ]
      },
      "properties": {
        "system": "Austria",
        "type": "presence",
        "presence": 1
      }
    },
    {
      "type": "Feature",
      "geometry": {
        "type": "Point",
        "coordinates": [
          16.184,
          47.076
        ]
      },
      "properties": {
        "system": "Austria",
        "type": "presence",
        "presence": 1
      }
    },
    {
      "type": "Feature",
      "geometry": {
        "type": "Point",
        "coordinates": [
          14.987,
          48.784
        ]
      },
      "properties": {
        "system": "Austria",
        "type": "presence",
        "presence": 1
      }
    },
    {
      "type": "Feature",
      "geometry": {
        "type": "Point",
        "coordinates": [
          15.499,
          47.918
        ]
      },
      "properties": {
        "system": "Austria",
        "type": "presence",
        "presence": 1
      }
    },
    {
      "type": "Feature",
      "geometry": {
        "type": "Point",
        "coordinates": [
          16.707,
          47.85
        ]
      },
      "properties": {
        "system": "Austria",
        "type": "presence",
        "presence": 1
      }
    },
    {
      "type": "Feature",
      "geometry": {
        "type": "Point",
        "coordinates": [
          16.533,
          47.845
        ]
      },
      "properties": {
        "system": "Austria",
        "type": "presence",
        "presence": 1
      }
    },
    {
      "type": "Feature",
      "geometry": {
        "type": "Point",
        "coordinates": [
          17.063,
          47.936
        ]
      },
      "properties": {
        "system": "Austria",
        "type": "presence",
        "presence": 1
      }
    },
    {
      "type": "Feature",
      "geometry": {
        "type": "Point",
        "coordinates": [
          16.774,
          47.773
        ]
      },
      "properties": {
        "system": "Austria",
        "type": "presence",
        "presence": 1
      }
    },
    {
      "type": "Feature",
      "geometry": {
        "type": "Point",
        "coordinates": [
          14.605,
          46.673
        ]
      },
      "properties": {
        "system": "Austria",
        "type": "presence",
        "presence": 1
      }
    },
    {
      "type": "Feature",
      "geometry": {
        "type": "Point",
        "coordinates": [
          16.263,
          48.373
        ]
      },
      "properties": {
        "system": "Austria",
        "type": "presence",
        "presence": 1
      }
    },
    {
      "type": "Feature",
      "geometry": {
        "type": "Point",
        "coordinates": [
          15.291,
          47.285
        ]
      },
      "properties": {
        "system": "Austria",
        "type": "presence",
        "presence": 1
      }
    },
    {
      "type": "Feature",
      "geometry": {
        "type": "Point",
        "coordinates": [
          13.642,
          48.298
        ]
      },
      "properties": {
        "system": "Austria",
        "type": "presence",
        "presence": 1
      }
    },
    {
      "type": "Feature",
      "geometry": {
        "type": "Point",
        "coordinates": [
          15.351,
          46.993
        ]
      },
      "properties": {
        "system": "Austria",
        "type": "presence",
        "presence": 1
      }
    },
    {
      "type": "Feature",
      "geometry": {
        "type": "Point",
        "coordinates": [
          15.484,
          47.14
        ]
      },
      "properties": {
        "system": "Austria",
        "type": "presence",
        "presence": 1
      }
    },
    {
      "type": "Feature",
      "geometry": {
        "type": "Point",
        "coordinates": [
          15.543,
          47.17
        ]
      },
      "properties": {
        "system": "Austria",
        "type": "presence",
        "presence": 1
      }
    },
    {
      "type": "Feature",
      "geometry": {
        "type": "Point",
        "coordinates": [
          16.246,
          48.177
        ]
      },
      "properties": {
        "system": "Austria",
        "type": "presence",
        "presence": 1
      }
    },
    {
      "type": "Feature",
      "geometry": {
        "type": "Point",
        "coordinates": [
          15.93,
          47.004
        ]
      },
      "properties": {
        "system": "Austria",
        "type": "presence",
        "presence": 1
      }
    },
    {
      "type": "Feature",
      "geometry": {
        "type": "Point",
        "coordinates": [
          15.45,
          46.929
        ]
      },
      "properties": {
        "system": "Austria",
        "type": "presence",
        "presence": 1
      }
    },
    {
      "type": "Feature",
      "geometry": {
        "type": "Point",
        "coordinates": [
          15.471,
          46.961
        ]
      },
      "properties": {
        "system": "Austria",
        "type": "presence",
        "presence": 1
      }
    },
    {
      "type": "Feature",
      "geometry": {
        "type": "Point",
        "coordinates": [
          15.574,
          48.317
        ]
      },
      "properties": {
        "system": "Austria",
        "type": "presence",
        "presence": 1
      }
    },
    {
      "type": "Feature",
      "geometry": {
        "type": "Point",
        "coordinates": [
          14.942,
          47.22
        ]
      },
      "properties": {
        "system": "Austria",
        "type": "presence",
        "presence": 1
      }
    },
    {
      "type": "Feature",
      "geometry": {
        "type": "Point",
        "coordinates": [
          12.975,
          47.782
        ]
      },
      "properties": {
        "system": "Austria",
        "type": "presence",
        "presence": 1
      }
    },
    {
      "type": "Feature",
      "geometry": {
        "type": "Point",
        "coordinates": [
          11.818,
          47.436
        ]
      },
      "properties": {
        "system": "Austria",
        "type": "presence",
        "presence": 1
      }
    },
    {
      "type": "Feature",
      "geometry": {
        "type": "Point",
        "coordinates": [
          15.815,
          48.572
        ]
      },
      "properties": {
        "system": "Austria",
        "type": "presence",
        "presence": 1
      }
    },
    {
      "type": "Feature",
      "geometry": {
        "type": "Point",
        "coordinates": [
          14.153,
          46.636
        ]
      },
      "properties": {
        "system": "Austria",
        "type": "presence",
        "presence": 1
      }
    },
    {
      "type": "Feature",
      "geometry": {
        "type": "Point",
        "coordinates": [
          14.989,
          48.224
        ]
      },
      "properties": {
        "system": "Austria",
        "type": "presence",
        "presence": 1
      }
    },
    {
      "type": "Feature",
      "geometry": {
        "type": "Point",
        "coordinates": [
          12.208,
          47.579
        ]
      },
      "properties": {
        "system": "Austria",
        "type": "presence",
        "presence": 1
      }
    },
    {
      "type": "Feature",
      "geometry": {
        "type": "Point",
        "coordinates": [
          15.969,
          48.036
        ]
      },
      "properties": {
        "system": "Austria",
        "type": "presence",
        "presence": 1
      }
    },
    {
      "type": "Feature",
      "geometry": {
        "type": "Point",
        "coordinates": [
          14.239,
          48.224
        ]
      },
      "properties": {
        "system": "Austria",
        "type": "presence",
        "presence": 1
      }
    },
    {
      "type": "Feature",
      "geometry": {
        "type": "Point",
        "coordinates": [
          16.681,
          48.414
        ]
      },
      "properties": {
        "system": "Austria",
        "type": "presence",
        "presence": 1
      }
    },
    {
      "type": "Feature",
      "geometry": {
        "type": "Point",
        "coordinates": [
          11.284,
          47.255
        ]
      },
      "properties": {
        "system": "Austria",
        "type": "presence",
        "presence": 1
      }
    },
    {
      "type": "Feature",
      "geometry": {
        "type": "Point",
        "coordinates": [
          11.346,
          47.139
        ]
      },
      "properties": {
        "system": "Austria",
        "type": "presence",
        "presence": 1
      }
    },
    {
      "type": "Feature",
      "geometry": {
        "type": "Point",
        "coordinates": [
          16.099,
          48.393
        ]
      },
      "properties": {
        "system": "Austria",
        "type": "presence",
        "presence": 1
      }
    },
    {
      "type": "Feature",
      "geometry": {
        "type": "Point",
        "coordinates": [
          10.562,
          47.13
        ]
      },
      "properties": {
        "system": "Austria",
        "type": "presence",
        "presence": 1
      }
    },
    {
      "type": "Feature",
      "geometry": {
        "type": "Point",
        "coordinates": [
          16.323,
          48.349
        ]
      },
      "properties": {
        "system": "Austria",
        "type": "presence",
        "presence": 1
      }
    },
    {
      "type": "Feature",
      "geometry": {
        "type": "Point",
        "coordinates": [
          16.007,
          47.227
        ]
      },
      "properties": {
        "system": "Austria",
        "type": "presence",
        "presence": 1
      }
    },
    {
      "type": "Feature",
      "geometry": {
        "type": "Point",
        "coordinates": [
          15.333,
          48.213
        ]
      },
      "properties": {
        "system": "Austria",
        "type": "presence",
        "presence": 1
      }
    },
    {
      "type": "Feature",
      "geometry": {
        "type": "Point",
        "coordinates": [
          16.356,
          48.058
        ]
      },
      "properties": {
        "system": "Austria",
        "type": "presence",
        "presence": 1
      }
    },
    {
      "type": "Feature",
      "geometry": {
        "type": "Point",
        "coordinates": [
          16.029,
          48.706
        ]
      },
      "properties": {
        "system": "Austria",
        "type": "presence",
        "presence": 1
      }
    },
    {
      "type": "Feature",
      "geometry": {
        "type": "Point",
        "coordinates": [
          15.871,
          48.624
        ]
      },
      "properties": {
        "system": "Austria",
        "type": "presence",
        "presence": 1
      }
    },
    {
      "type": "Feature",
      "geometry": {
        "type": "Point",
        "coordinates": [
          14.534,
          48.17
        ]
      },
      "properties": {
        "system": "Austria",
        "type": "presence",
        "presence": 1
      }
    },
    {
      "type": "Feature",
      "geometry": {
        "type": "Point",
        "coordinates": [
          14.458,
          48.135
        ]
      },
      "properties": {
        "system": "Austria",
        "type": "presence",
        "presence": 1
      }
    },
    {
      "type": "Feature",
      "geometry": {
        "type": "Point",
        "coordinates": [
          16.111,
          47.864
        ]
      },
      "properties": {
        "system": "Austria",
        "type": "presence",
        "presence": 1
      }
    },
    {
      "type": "Feature",
      "geometry": {
        "type": "Point",
        "coordinates": [
          16.171,
          48.254
        ]
      },
      "properties": {
        "system": "Austria",
        "type": "presence",
        "presence": 1
      }
    },
    {
      "type": "Feature",
      "geometry": {
        "type": "Point",
        "coordinates": [
          14.228,
          46.564
        ]
      },
      "properties": {
        "system": "Austria",
        "type": "presence",
        "presence": 1
      }
    },
    {
      "type": "Feature",
      "geometry": {
        "type": "Point",
        "coordinates": [
          14.106,
          46.71
        ]
      },
      "properties": {
        "system": "Austria",
        "type": "presence",
        "presence": 1
      }
    },
    {
      "type": "Feature",
      "geometry": {
        "type": "Point",
        "coordinates": [
          13.835,
          46.611
        ]
      },
      "properties": {
        "system": "Austria",
        "type": "presence",
        "presence": 1
      }
    },
    {
      "type": "Feature",
      "geometry": {
        "type": "Point",
        "coordinates": [
          13.959,
          46.624
        ]
      },
      "properties": {
        "system": "Austria",
        "type": "presence",
        "presence": 1
      }
    },
    {
      "type": "Feature",
      "geometry": {
        "type": "Point",
        "coordinates": [
          14.352,
          46.691
        ]
      },
      "properties": {
        "system": "Austria",
        "type": "presence",
        "presence": 1
      }
    },
    {
      "type": "Feature",
      "geometry": {
        "type": "Point",
        "coordinates": [
          14.015,
          46.744
        ]
      },
      "properties": {
        "system": "Austria",
        "type": "presence",
        "presence": 1
      }
    },
    {
      "type": "Feature",
      "geometry": {
        "type": "Point",
        "coordinates": [
          14.4,
          46.587
        ]
      },
      "properties": {
        "system": "Austria",
        "type": "presence",
        "presence": 1
      }
    },
    {
      "type": "Feature",
      "geometry": {
        "type": "Point",
        "coordinates": [
          14.09,
          46.648
        ]
      },
      "properties": {
        "system": "Austria",
        "type": "presence",
        "presence": 1
      }
    },
    {
      "type": "Feature",
      "geometry": {
        "type": "Point",
        "coordinates": [
          15.95,
          47.972
        ]
      },
      "properties": {
        "system": "Austria",
        "type": "presence",
        "presence": 1
      }
    },
    {
      "type": "Feature",
      "geometry": {
        "type": "Point",
        "coordinates": [
          14.178,
          46.589
        ]
      },
      "properties": {
        "system": "Austria",
        "type": "presence",
        "presence": 1
      }
    },
    {
      "type": "Feature",
      "geometry": {
        "type": "Point",
        "coordinates": [
          15.985,
          47.801
        ]
      },
      "properties": {
        "system": "Austria",
        "type": "presence",
        "presence": 1
      }
    },
    {
      "type": "Feature",
      "geometry": {
        "type": "Point",
        "coordinates": [
          16.227,
          46.961
        ]
      },
      "properties": {
        "system": "Austria",
        "type": "presence",
        "presence": 1
      }
    },
    {
      "type": "Feature",
      "geometry": {
        "type": "Point",
        "coordinates": [
          16.293,
          48.143
        ]
      },
      "properties": {
        "system": "Austria",
        "type": "presence",
        "presence": 1
      }
    },
    {
      "type": "Feature",
      "geometry": {
        "type": "Point",
        "coordinates": [
          16.649,
          48.317
        ]
      },
      "properties": {
        "system": "Austria",
        "type": "presence",
        "presence": 1
      }
    },
    {
      "type": "Feature",
      "geometry": {
        "type": "Point",
        "coordinates": [
          16.278,
          48.045
        ]
      },
      "properties": {
        "system": "Austria",
        "type": "presence",
        "presence": 1
      }
    },
    {
      "type": "Feature",
      "geometry": {
        "type": "Point",
        "coordinates": [
          16.447,
          48.065
        ]
      },
      "properties": {
        "system": "Austria",
        "type": "presence",
        "presence": 1
      }
    },
    {
      "type": "Feature",
      "geometry": {
        "type": "Point",
        "coordinates": [
          16.282,
          48.095
        ]
      },
      "properties": {
        "system": "Austria",
        "type": "presence",
        "presence": 1
      }
    },
    {
      "type": "Feature",
      "geometry": {
        "type": "Point",
        "coordinates": [
          16.072,
          48.712
        ]
      },
      "properties": {
        "system": "Austria",
        "type": "presence",
        "presence": 1
      }
    },
    {
      "type": "Feature",
      "geometry": {
        "type": "Point",
        "coordinates": [
          16.48,
          48.417
        ]
      },
      "properties": {
        "system": "Austria",
        "type": "presence",
        "presence": 1
      }
    },
    {
      "type": "Feature",
      "geometry": {
        "type": "Point",
        "coordinates": [
          11.464,
          47.231
        ]
      },
      "properties": {
        "system": "Austria",
        "type": "presence",
        "presence": 1
      }
    },
    {
      "type": "Feature",
      "geometry": {
        "type": "Point",
        "coordinates": [
          16.3,
          48.215
        ]
      },
      "properties": {
        "system": "Austria",
        "type": "presence",
        "presence": 1
      }
    },
    {
      "type": "Feature",
      "geometry": {
        "type": "Point",
        "coordinates": [
          11.633,
          47.331
        ]
      },
      "properties": {
        "system": "Austria",
        "type": "presence",
        "presence": 1
      }
    },
    {
      "type": "Feature",
      "geometry": {
        "type": "Point",
        "coordinates": [
          16.606,
          47.842
        ]
      },
      "properties": {
        "system": "Austria",
        "type": "presence",
        "presence": 1
      }
    },
    {
      "type": "Feature",
      "geometry": {
        "type": "Point",
        "coordinates": [
          14.03,
          46.619
        ]
      },
      "properties": {
        "system": "Austria",
        "type": "presence",
        "presence": 1
      }
    },
    {
      "type": "Feature",
      "geometry": {
        "type": "Point",
        "coordinates": [
          15.867,
          47.684
        ]
      },
      "properties": {
        "system": "Austria",
        "type": "presence",
        "presence": 1
      }
    },
    {
      "type": "Feature",
      "geometry": {
        "type": "Point",
        "coordinates": [
          14.437,
          47.337
        ]
      },
      "properties": {
        "system": "Austria",
        "type": "presence",
        "presence": 1
      }
    },
    {
      "type": "Feature",
      "geometry": {
        "type": "Point",
        "coordinates": [
          16.371,
          48.605
        ]
      },
      "properties": {
        "system": "Austria",
        "type": "presence",
        "presence": 1
      }
    },
    {
      "type": "Feature",
      "geometry": {
        "type": "Point",
        "coordinates": [
          16.252,
          47.926
        ]
      },
      "properties": {
        "system": "Austria",
        "type": "presence",
        "presence": 1
      }
    },
    {
      "type": "Feature",
      "geometry": {
        "type": "Point",
        "coordinates": [
          16.8,
          48.149
        ]
      },
      "properties": {
        "system": "Austria",
        "type": "presence",
        "presence": 1
      }
    },
    {
      "type": "Feature",
      "geometry": {
        "type": "Point",
        "coordinates": [
          11.21,
          47.237
        ]
      },
      "properties": {
        "system": "Austria",
        "type": "presence",
        "presence": 1
      }
    },
    {
      "type": "Feature",
      "geometry": {
        "type": "Point",
        "coordinates": [
          13.09,
          47.683
        ]
      },
      "properties": {
        "system": "Austria",
        "type": "presence",
        "presence": 1
      }
    },
    {
      "type": "Feature",
      "geometry": {
        "type": "Point",
        "coordinates": [
          11.501,
          47.281
        ]
      },
      "properties": {
        "system": "Austria",
        "type": "presence",
        "presence": 1
      }
    },
    {
      "type": "Feature",
      "geometry": {
        "type": "Point",
        "coordinates": [
          11.581,
          47.331
        ]
      },
      "properties": {
        "system": "Austria",
        "type": "presence",
        "presence": 1
      }
    },
    {
      "type": "Feature",
      "geometry": {
        "type": "Point",
        "coordinates": [
          16.198,
          47.116
        ]
      },
      "properties": {
        "system": "Austria",
        "type": "presence",
        "presence": 1
      }
    },
    {
      "type": "Feature",
      "geometry": {
        "type": "Point",
        "coordinates": [
          16.063,
          47.049
        ]
      },
      "properties": {
        "system": "Austria",
        "type": "presence",
        "presence": 1
      }
    },
    {
      "type": "Feature",
      "geometry": {
        "type": "Point",
        "coordinates": [
          16.118,
          47.098
        ]
      },
      "properties": {
        "system": "Austria",
        "type": "presence",
        "presence": 1
      }
    },
    {
      "type": "Feature",
      "geometry": {
        "type": "Point",
        "coordinates": [
          12.847,
          47.443
        ]
      },
      "properties": {
        "system": "Austria",
        "type": "presence",
        "presence": 1
      }
    },
    {
      "type": "Feature",
      "geometry": {
        "type": "Point",
        "coordinates": [
          11.096,
          47.273
        ]
      },
      "properties": {
        "system": "Austria",
        "type": "presence",
        "presence": 1
      }
    },
    {
      "type": "Feature",
      "geometry": {
        "type": "Point",
        "coordinates": [
          15.488,
          48.226
        ]
      },
      "properties": {
        "system": "Austria",
        "type": "presence",
        "presence": 1
      }
    },
    {
      "type": "Feature",
      "geometry": {
        "type": "Point",
        "coordinates": [
          12.817,
          47.325
        ]
      },
      "properties": {
        "system": "Austria",
        "type": "presence",
        "presence": 1
      }
    },
    {
      "type": "Feature",
      "geometry": {
        "type": "Point",
        "coordinates": [
          13.161,
          47.711
        ]
      },
      "properties": {
        "system": "Austria",
        "type": "presence",
        "presence": 1
      }
    },
    {
      "type": "Feature",
      "geometry": {
        "type": "Point",
        "coordinates": [
          12.306,
          47.391
        ]
      },
      "properties": {
        "system": "Austria",
        "type": "presence",
        "presence": 1
      }
    },
    {
      "type": "Feature",
      "geometry": {
        "type": "Point",
        "coordinates": [
          14.987,
          48.095
        ]
      },
      "properties": {
        "system": "Austria",
        "type": "presence",
        "presence": 1
      }
    },
    {
      "type": "Feature",
      "geometry": {
        "type": "Point",
        "coordinates": [
          15.777,
          48.61
        ]
      },
      "properties": {
        "system": "Austria",
        "type": "presence",
        "presence": 1
      }
    },
    {
      "type": "Feature",
      "geometry": {
        "type": "Point",
        "coordinates": [
          15.218,
          47.112
        ]
      },
      "properties": {
        "system": "Austria",
        "type": "presence",
        "presence": 1
      }
    },
    {
      "type": "Feature",
      "geometry": {
        "type": "Point",
        "coordinates": [
          14.865,
          48.05
        ]
      },
      "properties": {
        "system": "Austria",
        "type": "presence",
        "presence": 1
      }
    },
    {
      "type": "Feature",
      "geometry": {
        "type": "Point",
        "coordinates": [
          14.59,
          48.014
        ]
      },
      "properties": {
        "system": "Austria",
        "type": "presence",
        "presence": 1
      }
    },
    {
      "type": "Feature",
      "geometry": {
        "type": "Point",
        "coordinates": [
          15.579,
          48.385
        ]
      },
      "properties": {
        "system": "Austria",
        "type": "presence",
        "presence": 1
      }
    },
    {
      "type": "Feature",
      "geometry": {
        "type": "Point",
        "coordinates": [
          15.881,
          48.351
        ]
      },
      "properties": {
        "system": "Austria",
        "type": "presence",
        "presence": 1
      }
    },
    {
      "type": "Feature",
      "geometry": {
        "type": "Point",
        "coordinates": [
          13.655,
          46.626
        ]
      },
      "properties": {
        "system": "Austria",
        "type": "presence",
        "presence": 1
      }
    },
    {
      "type": "Feature",
      "geometry": {
        "type": "Point",
        "coordinates": [
          14.422,
          48.054
        ]
      },
      "properties": {
        "system": "Austria",
        "type": "presence",
        "presence": 1
      }
    },
    {
      "type": "Feature",
      "geometry": {
        "type": "Point",
        "coordinates": [
          16.566,
          47.816
        ]
      },
      "properties": {
        "system": "Austria",
        "type": "presence",
        "presence": 1
      }
    },
    {
      "type": "Feature",
      "geometry": {
        "type": "Point",
        "coordinates": [
          16.281,
          47.513
        ]
      },
      "properties": {
        "system": "Austria",
        "type": "presence",
        "presence": 1
      }
    },
    {
      "type": "Feature",
      "geometry": {
        "type": "Point",
        "coordinates": [
          15.7,
          47.788
        ]
      },
      "properties": {
        "system": "Austria",
        "type": "presence",
        "presence": 1
      }
    },
    {
      "type": "Feature",
      "geometry": {
        "type": "Point",
        "coordinates": [
          9.761,
          47.199
        ]
      },
      "properties": {
        "system": "Austria",
        "type": "presence",
        "presence": 1
      }
    },
    {
      "type": "Feature",
      "geometry": {
        "type": "Point",
        "coordinates": [
          15.823,
          47.642
        ]
      },
      "properties": {
        "system": "Austria",
        "type": "presence",
        "presence": 1
      }
    },
    {
      "type": "Feature",
      "geometry": {
        "type": "Point",
        "coordinates": [
          12.947,
          47.731
        ]
      },
      "properties": {
        "system": "Austria",
        "type": "presence",
        "presence": 1
      }
    },
    {
      "type": "Feature",
      "geometry": {
        "type": "Point",
        "coordinates": [
          9.736,
          47.507
        ]
      },
      "properties": {
        "system": "Austria",
        "type": "presence",
        "presence": 1
      }
    },
    {
      "type": "Feature",
      "geometry": {
        "type": "Point",
        "coordinates": [
          14.254,
          46.753
        ]
      },
      "properties": {
        "system": "Austria",
        "type": "presence",
        "presence": 1
      }
    },
    {
      "type": "Feature",
      "geometry": {
        "type": "Point",
        "coordinates": [
          14.306,
          46.805
        ]
      },
      "properties": {
        "system": "Austria",
        "type": "presence",
        "presence": 1
      }
    },
    {
      "type": "Feature",
      "geometry": {
        "type": "Point",
        "coordinates": [
          15.906,
          46.873
        ]
      },
      "properties": {
        "system": "Austria",
        "type": "presence",
        "presence": 1
      }
    },
    {
      "type": "Feature",
      "geometry": {
        "type": "Point",
        "coordinates": [
          14.281,
          46.497
        ]
      },
      "properties": {
        "system": "Austria",
        "type": "presence",
        "presence": 1
      }
    },
    {
      "type": "Feature",
      "geometry": {
        "type": "Point",
        "coordinates": [
          14.145,
          46.549
        ]
      },
      "properties": {
        "system": "Austria",
        "type": "presence",
        "presence": 1
      }
    },
    {
      "type": "Feature",
      "geometry": {
        "type": "Point",
        "coordinates": [
          16.334,
          48.259
        ]
      },
      "properties": {
        "system": "Austria",
        "type": "presence",
        "presence": 1
      }
    },
    {
      "type": "Feature",
      "geometry": {
        "type": "Point",
        "coordinates": [
          16.411,
          47.062
        ]
      },
      "properties": {
        "system": "Austria",
        "type": "presence",
        "presence": 1
      }
    },
    {
      "type": "Feature",
      "geometry": {
        "type": "Point",
        "coordinates": [
          13.854,
          46.685
        ]
      },
      "properties": {
        "system": "Austria",
        "type": "presence",
        "presence": 1
      }
    },
    {
      "type": "Feature",
      "geometry": {
        "type": "Point",
        "coordinates": [
          13.024,
          46.768
        ]
      },
      "properties": {
        "system": "Austria",
        "type": "presence",
        "presence": 1
      }
    },
    {
      "type": "Feature",
      "geometry": {
        "type": "Point",
        "coordinates": [
          14.774,
          46.662
        ]
      },
      "properties": {
        "system": "Austria",
        "type": "presence",
        "presence": 1
      }
    },
    {
      "type": "Feature",
      "geometry": {
        "type": "Point",
        "coordinates": [
          13.742,
          46.666
        ]
      },
      "properties": {
        "system": "Austria",
        "type": "presence",
        "presence": 1
      }
    },
    {
      "type": "Feature",
      "geometry": {
        "type": "Point",
        "coordinates": [
          14.419,
          46.685
        ]
      },
      "properties": {
        "system": "Austria",
        "type": "presence",
        "presence": 1
      }
    },
    {
      "type": "Feature",
      "geometry": {
        "type": "Point",
        "coordinates": [
          14.172,
          46.496
        ]
      },
      "properties": {
        "system": "Austria",
        "type": "presence",
        "presence": 1
      }
    },
    {
      "type": "Feature",
      "geometry": {
        "type": "Point",
        "coordinates": [
          14.448,
          46.771
        ]
      },
      "properties": {
        "system": "Austria",
        "type": "presence",
        "presence": 1
      }
    },
    {
      "type": "Feature",
      "geometry": {
        "type": "Point",
        "coordinates": [
          13.617,
          46.558
        ]
      },
      "properties": {
        "system": "Austria",
        "type": "presence",
        "presence": 1
      }
    },
    {
      "type": "Feature",
      "geometry": {
        "type": "Point",
        "coordinates": [
          14.365,
          46.983
        ]
      },
      "properties": {
        "system": "Austria",
        "type": "presence",
        "presence": 1
      }
    },
    {
      "type": "Feature",
      "geometry": {
        "type": "Point",
        "coordinates": [
          13.899,
          46.545
        ]
      },
      "properties": {
        "system": "Austria",
        "type": "presence",
        "presence": 1
      }
    },
    {
      "type": "Feature",
      "geometry": {
        "type": "Point",
        "coordinates": [
          14.769,
          46.548
        ]
      },
      "properties": {
        "system": "Austria",
        "type": "presence",
        "presence": 1
      }
    },
    {
      "type": "Feature",
      "geometry": {
        "type": "Point",
        "coordinates": [
          14.704,
          46.546
        ]
      },
      "properties": {
        "system": "Austria",
        "type": "presence",
        "presence": 1
      }
    },
    {
      "type": "Feature",
      "geometry": {
        "type": "Point",
        "coordinates": [
          13.625,
          46.597
        ]
      },
      "properties": {
        "system": "Austria",
        "type": "presence",
        "presence": 1
      }
    },
    {
      "type": "Feature",
      "geometry": {
        "type": "Point",
        "coordinates": [
          15.022,
          47.854
        ]
      },
      "properties": {
        "system": "Austria",
        "type": "presence",
        "presence": 1
      }
    },
    {
      "type": "Feature",
      "geometry": {
        "type": "Point",
        "coordinates": [
          16.161,
          48.196
        ]
      },
      "properties": {
        "system": "Austria",
        "type": "presence",
        "presence": 1
      }
    },
    {
      "type": "Feature",
      "geometry": {
        "type": "Point",
        "coordinates": [
          14.374,
          48.146
        ]
      },
      "properties": {
        "system": "Austria",
        "type": "presence",
        "presence": 1
      }
    },
    {
      "type": "Feature",
      "geometry": {
        "type": "Point",
        "coordinates": [
          13.47,
          48.183
        ]
      },
      "properties": {
        "system": "Austria",
        "type": "presence",
        "presence": 1
      }
    },
    {
      "type": "Feature",
      "geometry": {
        "type": "Point",
        "coordinates": [
          13.746,
          47.932
        ]
      },
      "properties": {
        "system": "Austria",
        "type": "presence",
        "presence": 1
      }
    },
    {
      "type": "Feature",
      "geometry": {
        "type": "Point",
        "coordinates": [
          11.691,
          47.536
        ]
      },
      "properties": {
        "system": "Austria",
        "type": "presence",
        "presence": 1
      }
    },
    {
      "type": "Feature",
      "geometry": {
        "type": "Point",
        "coordinates": [
          14.574,
          46.602
        ]
      },
      "properties": {
        "system": "Austria",
        "type": "presence",
        "presence": 1
      }
    },
    {
      "type": "Feature",
      "geometry": {
        "type": "Point",
        "coordinates": [
          16.185,
          48.11
        ]
      },
      "properties": {
        "system": "Austria",
        "type": "presence",
        "presence": 1
      }
    },
    {
      "type": "Feature",
      "geometry": {
        "type": "Point",
        "coordinates": [
          14.03,
          47.438
        ]
      },
      "properties": {
        "system": "Austria",
        "type": "presence",
        "presence": 1
      }
    },
    {
      "type": "Feature",
      "geometry": {
        "type": "Point",
        "coordinates": [
          15.259,
          46.892
        ]
      },
      "properties": {
        "system": "Austria",
        "type": "presence",
        "presence": 1
      }
    },
    {
      "type": "Feature",
      "geometry": {
        "type": "Point",
        "coordinates": [
          13.804,
          48.526
        ]
      },
      "properties": {
        "system": "Austria",
        "type": "presence",
        "presence": 1
      }
    },
    {
      "type": "Feature",
      "geometry": {
        "type": "Point",
        "coordinates": [
          10.599,
          47.363
        ]
      },
      "properties": {
        "system": "Austria",
        "type": "presence",
        "presence": 1
      }
    },
    {
      "type": "Feature",
      "geometry": {
        "type": "Point",
        "coordinates": [
          14.138,
          47.403
        ]
      },
      "properties": {
        "system": "Austria",
        "type": "presence",
        "presence": 1
      }
    },
    {
      "type": "Feature",
      "geometry": {
        "type": "Point",
        "coordinates": [
          16.821,
          48.234
        ]
      },
      "properties": {
        "system": "Austria",
        "type": "presence",
        "presence": 1
      }
    },
    {
      "type": "Feature",
      "geometry": {
        "type": "Point",
        "coordinates": [
          9.721,
          47.309
        ]
      },
      "properties": {
        "system": "Austria",
        "type": "presence",
        "presence": 1
      }
    },
    {
      "type": "Feature",
      "geometry": {
        "type": "Point",
        "coordinates": [
          15.814,
          48.257
        ]
      },
      "properties": {
        "system": "Austria",
        "type": "presence",
        "presence": 1
      }
    },
    {
      "type": "Feature",
      "geometry": {
        "type": "Point",
        "coordinates": [
          10.153,
          47.33
        ]
      },
      "properties": {
        "system": "Austria",
        "type": "presence",
        "presence": 1
      }
    },
    {
      "type": "Feature",
      "geometry": {
        "type": "Point",
        "coordinates": [
          9.795,
          47.124
        ]
      },
      "properties": {
        "system": "Austria",
        "type": "presence",
        "presence": 1
      }
    },
    {
      "type": "Feature",
      "geometry": {
        "type": "Point",
        "coordinates": [
          9.821,
          47.176
        ]
      },
      "properties": {
        "system": "Austria",
        "type": "presence",
        "presence": 1
      }
    },
    {
      "type": "Feature",
      "geometry": {
        "type": "Point",
        "coordinates": [
          9.917,
          47.486
        ]
      },
      "properties": {
        "system": "Austria",
        "type": "presence",
        "presence": 1
      }
    },
    {
      "type": "Feature",
      "geometry": {
        "type": "Point",
        "coordinates": [
          9.759,
          47.141
        ]
      },
      "properties": {
        "system": "Austria",
        "type": "presence",
        "presence": 1
      }
    },
    {
      "type": "Feature",
      "geometry": {
        "type": "Point",
        "coordinates": [
          13.839,
          48.023
        ]
      },
      "properties": {
        "system": "Austria",
        "type": "presence",
        "presence": 1
      }
    },
    {
      "type": "Feature",
      "geometry": {
        "type": "Point",
        "coordinates": [
          9.662,
          47.337
        ]
      },
      "properties": {
        "system": "Austria",
        "type": "presence",
        "presence": 1
      }
    },
    {
      "type": "Feature",
      "geometry": {
        "type": "Point",
        "coordinates": [
          13.048,
          47.931
        ]
      },
      "properties": {
        "system": "Austria",
        "type": "presence",
        "presence": 1
      }
    },
    {
      "type": "Feature",
      "geometry": {
        "type": "Point",
        "coordinates": [
          15.489,
          48.697
        ]
      },
      "properties": {
        "system": "Austria",
        "type": "presence",
        "presence": 1
      }
    },
    {
      "type": "Feature",
      "geometry": {
        "type": "Point",
        "coordinates": [
          15.407,
          48.156
        ]
      },
      "properties": {
        "system": "Austria",
        "type": "presence",
        "presence": 1
      }
    },
    {
      "type": "Feature",
      "geometry": {
        "type": "Point",
        "coordinates": [
          15.254,
          48.291
        ]
      },
      "properties": {
        "system": "Austria",
        "type": "presence",
        "presence": 1
      }
    },
    {
      "type": "Feature",
      "geometry": {
        "type": "Point",
        "coordinates": [
          14.293,
          47.847
        ]
      },
      "properties": {
        "system": "Austria",
        "type": "presence",
        "presence": 1
      }
    },
    {
      "type": "Feature",
      "geometry": {
        "type": "Point",
        "coordinates": [
          16.467,
          47.473
        ]
      },
      "properties": {
        "system": "Austria",
        "type": "presence",
        "presence": 1
      }
    },
    {
      "type": "Feature",
      "geometry": {
        "type": "Point",
        "coordinates": [
          14.402,
          47.999
        ]
      },
      "properties": {
        "system": "Austria",
        "type": "presence",
        "presence": 1
      }
    },
    {
      "type": "Feature",
      "geometry": {
        "type": "Point",
        "coordinates": [
          15.852,
          48.827
        ]
      },
      "properties": {
        "system": "Austria",
        "type": "presence",
        "presence": 1
      }
    },
    {
      "type": "Feature",
      "geometry": {
        "type": "Point",
        "coordinates": [
          16.755,
          48.537
        ]
      },
      "properties": {
        "system": "Austria",
        "type": "presence",
        "presence": 1
      }
    },
    {
      "type": "Feature",
      "geometry": {
        "type": "Point",
        "coordinates": [
          16.189,
          47.705
        ]
      },
      "properties": {
        "system": "Austria",
        "type": "presence",
        "presence": 1
      }
    },
    {
      "type": "Feature",
      "geometry": {
        "type": "Point",
        "coordinates": [
          13.934,
          48.147
        ]
      },
      "properties": {
        "system": "Austria",
        "type": "presence",
        "presence": 1
      }
    },
    {
      "type": "Feature",
      "geometry": {
        "type": "Point",
        "coordinates": [
          16.659,
          48.039
        ]
      },
      "properties": {
        "system": "Austria",
        "type": "presence",
        "presence": 1
      }
    },
    {
      "type": "Feature",
      "geometry": {
        "type": "Point",
        "coordinates": [
          14.461,
          48.211
        ]
      },
      "properties": {
        "system": "Austria",
        "type": "presence",
        "presence": 1
      }
    },
    {
      "type": "Feature",
      "geometry": {
        "type": "Point",
        "coordinates": [
          15.62,
          47.171
        ]
      },
      "properties": {
        "system": "Austria",
        "type": "presence",
        "presence": 1
      }
    },
    {
      "type": "Feature",
      "geometry": {
        "type": "Point",
        "coordinates": [
          16.279,
          48.298
        ]
      },
      "properties": {
        "system": "Austria",
        "type": "presence",
        "presence": 1
      }
    },
    {
      "type": "Feature",
      "geometry": {
        "type": "Point",
        "coordinates": [
          16.232,
          47.998
        ]
      },
      "properties": {
        "system": "Austria",
        "type": "presence",
        "presence": 1
      }
    },
    {
      "type": "Feature",
      "geometry": {
        "type": "Point",
        "coordinates": [
          14.177,
          48.101
        ]
      },
      "properties": {
        "system": "Austria",
        "type": "presence",
        "presence": 1
      }
    },
    {
      "type": "Feature",
      "geometry": {
        "type": "Point",
        "coordinates": [
          14.373,
          48.199
        ]
      },
      "properties": {
        "system": "Austria",
        "type": "presence",
        "presence": 1
      }
    },
    {
      "type": "Feature",
      "geometry": {
        "type": "Point",
        "coordinates": [
          15.481,
          47.179
        ]
      },
      "properties": {
        "system": "Austria",
        "type": "presence",
        "presence": 1
      }
    },
    {
      "type": "Feature",
      "geometry": {
        "type": "Point",
        "coordinates": [
          15.647,
          47.252
        ]
      },
      "properties": {
        "system": "Austria",
        "type": "presence",
        "presence": 1
      }
    },
    {
      "type": "Feature",
      "geometry": {
        "type": "Point",
        "coordinates": [
          15.124,
          47.347
        ]
      },
      "properties": {
        "system": "Austria",
        "type": "presence",
        "presence": 1
      }
    },
    {
      "type": "Feature",
      "geometry": {
        "type": "Point",
        "coordinates": [
          15.395,
          46.92
        ]
      },
      "properties": {
        "system": "Austria",
        "type": "presence",
        "presence": 1
      }
    },
    {
      "type": "Feature",
      "geometry": {
        "type": "Point",
        "coordinates": [
          15.717,
          47.141
        ]
      },
      "properties": {
        "system": "Austria",
        "type": "presence",
        "presence": 1
      }
    },
    {
      "type": "Feature",
      "geometry": {
        "type": "Point",
        "coordinates": [
          15.595,
          47.124
        ]
      },
      "properties": {
        "system": "Austria",
        "type": "presence",
        "presence": 1
      }
    },
    {
      "type": "Feature",
      "geometry": {
        "type": "Point",
        "coordinates": [
          11.404,
          47.003
        ]
      },
      "properties": {
        "system": "Austria",
        "type": "presence",
        "presence": 1
      }
    },
    {
      "type": "Feature",
      "geometry": {
        "type": "Point",
        "coordinates": [
          14.123,
          48.385
        ]
      },
      "properties": {
        "system": "Austria",
        "type": "presence",
        "presence": 1
      }
    },
    {
      "type": "Feature",
      "geometry": {
        "type": "Point",
        "coordinates": [
          16.192,
          47.361
        ]
      },
      "properties": {
        "system": "Austria",
        "type": "presence",
        "presence": 1
      }
    },
    {
      "type": "Feature",
      "geometry": {
        "type": "Point",
        "coordinates": [
          12.211,
          47.653
        ]
      },
      "properties": {
        "system": "Austria",
        "type": "presence",
        "presence": 1
      }
    },
    {
      "type": "Feature",
      "geometry": {
        "type": "Point",
        "coordinates": [
          11.47,
          47.241
        ]
      },
      "properties": {
        "system": "Austria",
        "type": "presence",
        "presence": 1
      }
    },
    {
      "type": "Feature",
      "geometry": {
        "type": "Point",
        "coordinates": [
          16.328,
          47.948
        ]
      },
      "properties": {
        "system": "Austria",
        "type": "presence",
        "presence": 1
      }
    },
    {
      "type": "Feature",
      "geometry": {
        "type": "Point",
        "coordinates": [
          11.362,
          47.391
        ]
      },
      "properties": {
        "system": "Austria",
        "type": "presence",
        "presence": 1
      }
    },
    {
      "type": "Feature",
      "geometry": {
        "type": "Point",
        "coordinates": [
          16.647,
          47.526
        ]
      },
      "properties": {
        "system": "Austria",
        "type": "presence",
        "presence": 1
      }
    },
    {
      "type": "Feature",
      "geometry": {
        "type": "Point",
        "coordinates": [
          10.774,
          47.238
        ]
      },
      "properties": {
        "system": "Austria",
        "type": "presence",
        "presence": 1
      }
    },
    {
      "type": "Feature",
      "geometry": {
        "type": "Point",
        "coordinates": [
          13.935,
          47.994
        ]
      },
      "properties": {
        "system": "Austria",
        "type": "presence",
        "presence": 1
      }
    },
    {
      "type": "Feature",
      "geometry": {
        "type": "Point",
        "coordinates": [
          15.876,
          48.195
        ]
      },
      "properties": {
        "system": "Austria",
        "type": "presence",
        "presence": 1
      }
    },
    {
      "type": "Feature",
      "geometry": {
        "type": "Point",
        "coordinates": [
          11.043,
          47.273
        ]
      },
      "properties": {
        "system": "Austria",
        "type": "presence",
        "presence": 1
      }
    },
    {
      "type": "Feature",
      "geometry": {
        "type": "Point",
        "coordinates": [
          14.415,
          46.525
        ]
      },
      "properties": {
        "system": "Austria",
        "type": "presence",
        "presence": 1
      }
    },
    {
      "type": "Feature",
      "geometry": {
        "type": "Point",
        "coordinates": [
          16.374,
          47.864
        ]
      },
      "properties": {
        "system": "Austria",
        "type": "presence",
        "presence": 1
      }
    },
    {
      "type": "Feature",
      "geometry": {
        "type": "Point",
        "coordinates": [
          13.968,
          47.793
        ]
      },
      "properties": {
        "system": "Austria",
        "type": "presence",
        "presence": 1
      }
    },
    {
      "type": "Feature",
      "geometry": {
        "type": "Point",
        "coordinates": [
          15.061,
          48.676
        ]
      },
      "properties": {
        "system": "Austria",
        "type": "presence",
        "presence": 1
      }
    },
    {
      "type": "Feature",
      "geometry": {
        "type": "Point",
        "coordinates": [
          16.179,
          48.325
        ]
      },
      "properties": {
        "system": "Austria",
        "type": "presence",
        "presence": 1
      }
    },
    {
      "type": "Feature",
      "geometry": {
        "type": "Point",
        "coordinates": [
          16.24,
          47.954
        ]
      },
      "properties": {
        "system": "Austria",
        "type": "presence",
        "presence": 1
      }
    },
    {
      "type": "Feature",
      "geometry": {
        "type": "Point",
        "coordinates": [
          16.222,
          47.805
        ]
      },
      "properties": {
        "system": "Austria",
        "type": "presence",
        "presence": 1
      }
    },
    {
      "type": "Feature",
      "geometry": {
        "type": "Point",
        "coordinates": [
          14.493,
          48.305
        ]
      },
      "properties": {
        "system": "Austria",
        "type": "presence",
        "presence": 1
      }
    },
    {
      "type": "Feature",
      "geometry": {
        "type": "Point",
        "coordinates": [
          9.987,
          47.408
        ]
      },
      "properties": {
        "system": "Austria",
        "type": "presence",
        "presence": 1
      }
    },
    {
      "type": "Feature",
      "geometry": {
        "type": "Point",
        "coordinates": [
          16.902,
          48.187
        ]
      },
      "properties": {
        "system": "Austria",
        "type": "presence",
        "presence": 1
      }
    },
    {
      "type": "Feature",
      "geometry": {
        "type": "Point",
        "coordinates": [
          14.081,
          47.226
        ]
      },
      "properties": {
        "system": "Austria",
        "type": "presence",
        "presence": 1
      }
    },
    {
      "type": "Feature",
      "geometry": {
        "type": "Point",
        "coordinates": [
          13.121,
          47.734
        ]
      },
      "properties": {
        "system": "Austria",
        "type": "presence",
        "presence": 1
      }
    },
    {
      "type": "Feature",
      "geometry": {
        "type": "Point",
        "coordinates": [
          14.548,
          47.578
        ]
      },
      "properties": {
        "system": "Austria",
        "type": "presence",
        "presence": 1
      }
    },
    {
      "type": "Feature",
      "geometry": {
        "type": "Point",
        "coordinates": [
          15.249,
          47.399
        ]
      },
      "properties": {
        "system": "Austria",
        "type": "presence",
        "presence": 1
      }
    },
    {
      "type": "Feature",
      "geometry": {
        "type": "Point",
        "coordinates": [
          10.886,
          47.244
        ]
      },
      "properties": {
        "system": "Austria",
        "type": "presence",
        "presence": 1
      }
    },
    {
      "type": "Feature",
      "geometry": {
        "type": "Point",
        "coordinates": [
          12.237,
          47.546
        ]
      },
      "properties": {
        "system": "Austria",
        "type": "presence",
        "presence": 1
      }
    },
    {
      "type": "Feature",
      "geometry": {
        "type": "Point",
        "coordinates": [
          15.509,
          47.275
        ]
      },
      "properties": {
        "system": "Austria",
        "type": "presence",
        "presence": 1
      }
    },
    {
      "type": "Feature",
      "geometry": {
        "type": "Point",
        "coordinates": [
          12.856,
          48.138
        ]
      },
      "properties": {
        "system": "Austria",
        "type": "presence",
        "presence": 1
      }
    },
    {
      "type": "Feature",
      "geometry": {
        "type": "Point",
        "coordinates": [
          14.323,
          46.563
        ]
      },
      "properties": {
        "system": "Austria",
        "type": "presence",
        "presence": 1
      }
    },
    {
      "type": "Feature",
      "geometry": {
        "type": "Point",
        "coordinates": [
          15.674,
          47.293
        ]
      },
      "properties": {
        "system": "Austria",
        "type": "presence",
        "presence": 1
      }
    },
    {
      "type": "Feature",
      "geometry": {
        "type": "Point",
        "coordinates": [
          16.29,
          48.234
        ]
      },
      "properties": {
        "system": "Austria",
        "type": "presence",
        "presence": 1
      }
    },
    {
      "type": "Feature",
      "geometry": {
        "type": "Point",
        "coordinates": [
          16.215,
          48.082
        ]
      },
      "properties": {
        "system": "Austria",
        "type": "presence",
        "presence": 1
      }
    },
    {
      "type": "Feature",
      "geometry": {
        "type": "Point",
        "coordinates": [
          12.891,
          46.985
        ]
      },
      "properties": {
        "system": "Austria",
        "type": "presence",
        "presence": 1
      }
    },
    {
      "type": "Feature",
      "geometry": {
        "type": "Point",
        "coordinates": [
          9.673,
          47.426
        ]
      },
      "properties": {
        "system": "Austria",
        "type": "presence",
        "presence": 1
      }
    },
    {
      "type": "Feature",
      "geometry": {
        "type": "Point",
        "coordinates": [
          9.834,
          47.517
        ]
      },
      "properties": {
        "system": "Austria",
        "type": "presence",
        "presence": 1
      }
    },
    {
      "type": "Feature",
      "geometry": {
        "type": "Point",
        "coordinates": [
          9.62,
          47.483
        ]
      },
      "properties": {
        "system": "Austria",
        "type": "presence",
        "presence": 1
      }
    },
    {
      "type": "Feature",
      "geometry": {
        "type": "Point",
        "coordinates": [
          10.035,
          47.157
        ]
      },
      "properties": {
        "system": "Austria",
        "type": "presence",
        "presence": 1
      }
    },
    {
      "type": "Feature",
      "geometry": {
        "type": "Point",
        "coordinates": [
          15.752,
          47.085
        ]
      },
      "properties": {
        "system": "Austria",
        "type": "presence",
        "presence": 1
      }
    },
    {
      "type": "Feature",
      "geometry": {
        "type": "Point",
        "coordinates": [
          15.694,
          48.347
        ]
      },
      "properties": {
        "system": "Austria",
        "type": "presence",
        "presence": 1
      }
    },
    {
      "type": "Feature",
      "geometry": {
        "type": "Point",
        "coordinates": [
          13.609,
          48.004
        ]
      },
      "properties": {
        "system": "Austria",
        "type": "presence",
        "presence": 1
      }
    },
    {
      "type": "Feature",
      "geometry": {
        "type": "Point",
        "coordinates": [
          13.656,
          47.436
        ]
      },
      "properties": {
        "system": "Austria",
        "type": "presence",
        "presence": 1
      }
    },
    {
      "type": "Feature",
      "geometry": {
        "type": "Point",
        "coordinates": [
          14.92,
          48.199
        ]
      },
      "properties": {
        "system": "Austria",
        "type": "presence",
        "presence": 1
      }
    },
    {
      "type": "Feature",
      "geometry": {
        "type": "Point",
        "coordinates": [
          15.613,
          48.382
        ]
      },
      "properties": {
        "system": "Austria",
        "type": "presence",
        "presence": 1
      }
    },
    {
      "type": "Feature",
      "geometry": {
        "type": "Point",
        "coordinates": [
          14.047,
          48.57
        ]
      },
      "properties": {
        "system": "Austria",
        "type": "presence",
        "presence": 1
      }
    },
    {
      "type": "Feature",
      "geometry": {
        "type": "Point",
        "coordinates": [
          14.181,
          48.22
        ]
      },
      "properties": {
        "system": "Austria",
        "type": "presence",
        "presence": 1
      }
    },
    {
      "type": "Feature",
      "geometry": {
        "type": "Point",
        "coordinates": [
          14.503,
          46.547
        ]
      },
      "properties": {
        "system": "Austria",
        "type": "presence",
        "presence": 1
      }
    },
    {
      "type": "Feature",
      "geometry": {
        "type": "Point",
        "coordinates": [
          15.523,
          47.059
        ]
      },
      "properties": {
        "system": "Austria",
        "type": "presence",
        "presence": 1
      }
    },
    {
      "type": "Feature",
      "geometry": {
        "type": "Point",
        "coordinates": [
          15.255,
          46.765
        ]
      },
      "properties": {
        "system": "Austria",
        "type": "presence",
        "presence": 1
      }
    },
    {
      "type": "Feature",
      "geometry": {
        "type": "Point",
        "coordinates": [
          15.984,
          47.28
        ]
      },
      "properties": {
        "system": "Austria",
        "type": "presence",
        "presence": 1
      }
    },
    {
      "type": "Feature",
      "geometry": {
        "type": "Point",
        "coordinates": [
          14.425,
          48.098
        ]
      },
      "properties": {
        "system": "Austria",
        "type": "presence",
        "presence": 1
      }
    },
    {
      "type": "Feature",
      "geometry": {
        "type": "Point",
        "coordinates": [
          14.949,
          47.776
        ]
      },
      "properties": {
        "system": "Austria",
        "type": "presence",
        "presence": 1
      }
    },
    {
      "type": "Feature",
      "geometry": {
        "type": "Point",
        "coordinates": [
          16.167,
          47.973
        ]
      },
      "properties": {
        "system": "Austria",
        "type": "presence",
        "presence": 1
      }
    },
    {
      "type": "Feature",
      "geometry": {
        "type": "Point",
        "coordinates": [
          11.215,
          47.343
        ]
      },
      "properties": {
        "system": "Austria",
        "type": "presence",
        "presence": 1
      }
    },
    {
      "type": "Feature",
      "geometry": {
        "type": "Point",
        "coordinates": [
          14.468,
          48.431
        ]
      },
      "properties": {
        "system": "Austria",
        "type": "presence",
        "presence": 1
      }
    },
    {
      "type": "Feature",
      "geometry": {
        "type": "Point",
        "coordinates": [
          14.517,
          48.447
        ]
      },
      "properties": {
        "system": "Austria",
        "type": "presence",
        "presence": 1
      }
    },
    {
      "type": "Feature",
      "geometry": {
        "type": "Point",
        "coordinates": [
          13.853,
          48.661
        ]
      },
      "properties": {
        "system": "Austria",
        "type": "presence",
        "presence": 1
      }
    },
    {
      "type": "Feature",
      "geometry": {
        "type": "Point",
        "coordinates": [
          16.387,
          47.659
        ]
      },
      "properties": {
        "system": "Austria",
        "type": "presence",
        "presence": 1
      }
    },
    {
      "type": "Feature",
      "geometry": {
        "type": "Point",
        "coordinates": [
          16.589,
          48.716
        ]
      },
      "properties": {
        "system": "Austria",
        "type": "presence",
        "presence": 1
      }
    },
    {
      "type": "Feature",
      "geometry": {
        "type": "Point",
        "coordinates": [
          14.188,
          47.487
        ]
      },
      "properties": {
        "system": "Austria",
        "type": "presence",
        "presence": 1
      }
    },
    {
      "type": "Feature",
      "geometry": {
        "type": "Point",
        "coordinates": [
          13.139,
          47.079
        ]
      },
      "properties": {
        "system": "Austria",
        "type": "presence",
        "presence": 1
      }
    },
    {
      "type": "Feature",
      "geometry": {
        "type": "Point",
        "coordinates": [
          14.197,
          47.1
        ]
      },
      "properties": {
        "system": "Austria",
        "type": "presence",
        "presence": 1
      }
    },
    {
      "type": "Feature",
      "geometry": {
        "type": "Point",
        "coordinates": [
          15.309,
          46.75
        ]
      },
      "properties": {
        "system": "Austria",
        "type": "presence",
        "presence": 1
      }
    },
    {
      "type": "Feature",
      "geometry": {
        "type": "Point",
        "coordinates": [
          15.226,
          47.056
        ]
      },
      "properties": {
        "system": "Austria",
        "type": "presence",
        "presence": 1
      }
    },
    {
      "type": "Feature",
      "geometry": {
        "type": "Point",
        "coordinates": [
          15.571,
          47.067
        ]
      },
      "properties": {
        "system": "Austria",
        "type": "presence",
        "presence": 1
      }
    },
    {
      "type": "Feature",
      "geometry": {
        "type": "Point",
        "coordinates": [
          11.733,
          47.339
        ]
      },
      "properties": {
        "system": "Austria",
        "type": "presence",
        "presence": 1
      }
    },
    {
      "type": "Feature",
      "geometry": {
        "type": "Point",
        "coordinates": [
          12.406,
          46.912
        ]
      },
      "properties": {
        "system": "Austria",
        "type": "presence",
        "presence": 1
      }
    },
    {
      "type": "Feature",
      "geometry": {
        "type": "Point",
        "coordinates": [
          16.622,
          48.411
        ]
      },
      "properties": {
        "system": "Austria",
        "type": "presence",
        "presence": 1
      }
    },
    {
      "type": "Feature",
      "geometry": {
        "type": "Point",
        "coordinates": [
          15.798,
          47.247
        ]
      },
      "properties": {
        "system": "Austria",
        "type": "presence",
        "presence": 1
      }
    },
    {
      "type": "Feature",
      "geometry": {
        "type": "Point",
        "coordinates": [
          15.715,
          48.464
        ]
      },
      "properties": {
        "system": "Austria",
        "type": "presence",
        "presence": 1
      }
    },
    {
      "type": "Feature",
      "geometry": {
        "type": "Point",
        "coordinates": [
          11.784,
          47.508
        ]
      },
      "properties": {
        "system": "Austria",
        "type": "presence",
        "presence": 1
      }
    },
    {
      "type": "Feature",
      "geometry": {
        "type": "Point",
        "coordinates": [
          16.522,
          48.391
        ]
      },
      "properties": {
        "system": "Austria",
        "type": "presence",
        "presence": 1
      }
    },
    {
      "type": "Feature",
      "geometry": {
        "type": "Point",
        "coordinates": [
          15.923,
          47.67
        ]
      },
      "properties": {
        "system": "Austria",
        "type": "presence",
        "presence": 1
      }
    },
    {
      "type": "Feature",
      "geometry": {
        "type": "Point",
        "coordinates": [
          15.609,
          48.043
        ]
      },
      "properties": {
        "system": "Austria",
        "type": "presence",
        "presence": 1
      }
    },
    {
      "type": "Feature",
      "geometry": {
        "type": "Point",
        "coordinates": [
          14.567,
          48.206
        ]
      },
      "properties": {
        "system": "Austria",
        "type": "presence",
        "presence": 1
      }
    },
    {
      "type": "Feature",
      "geometry": {
        "type": "Point",
        "coordinates": [
          16.377,
          47.56
        ]
      },
      "properties": {
        "system": "Austria",
        "type": "presence",
        "presence": 1
      }
    },
    {
      "type": "Feature",
      "geometry": {
        "type": "Point",
        "coordinates": [
          15.484,
          48.51
        ]
      },
      "properties": {
        "system": "Austria",
        "type": "presence",
        "presence": 1
      }
    },
    {
      "type": "Feature",
      "geometry": {
        "type": "Point",
        "coordinates": [
          12.094,
          47.551
        ]
      },
      "properties": {
        "system": "Austria",
        "type": "presence",
        "presence": 1
      }
    },
    {
      "type": "Feature",
      "geometry": {
        "type": "Point",
        "coordinates": [
          11.323,
          47.224
        ]
      },
      "properties": {
        "system": "Austria",
        "type": "presence",
        "presence": 1
      }
    },
    {
      "type": "Feature",
      "geometry": {
        "type": "Point",
        "coordinates": [
          14.325,
          47.554
        ]
      },
      "properties": {
        "system": "Austria",
        "type": "presence",
        "presence": 1
      }
    },
    {
      "type": "Feature",
      "geometry": {
        "type": "Point",
        "coordinates": [
          14.086,
          48.45
        ]
      },
      "properties": {
        "system": "Austria",
        "type": "presence",
        "presence": 1
      }
    },
    {
      "type": "Feature",
      "geometry": {
        "type": "Point",
        "coordinates": [
          11.87,
          47.459
        ]
      },
      "properties": {
        "system": "Austria",
        "type": "presence",
        "presence": 1
      }
    },
    {
      "type": "Feature",
      "geometry": {
        "type": "Point",
        "coordinates": [
          9.954,
          46.987
        ]
      },
      "properties": {
        "system": "Austria",
        "type": "presence",
        "presence": 1
      }
    },
    {
      "type": "Feature",
      "geometry": {
        "type": "Point",
        "coordinates": [
          9.916,
          47.106
        ]
      },
      "properties": {
        "system": "Austria",
        "type": "presence",
        "presence": 1
      }
    },
    {
      "type": "Feature",
      "geometry": {
        "type": "Point",
        "coordinates": [
          9.993,
          47.372
        ]
      },
      "properties": {
        "system": "Austria",
        "type": "presence",
        "presence": 1
      }
    },
    {
      "type": "Feature",
      "geometry": {
        "type": "Point",
        "coordinates": [
          9.641,
          47.291
        ]
      },
      "properties": {
        "system": "Austria",
        "type": "presence",
        "presence": 1
      }
    },
    {
      "type": "Feature",
      "geometry": {
        "type": "Point",
        "coordinates": [
          11.221,
          47.056
        ]
      },
      "properties": {
        "system": "Austria",
        "type": "presence",
        "presence": 1
      }
    },
    {
      "type": "Feature",
      "geometry": {
        "type": "Point",
        "coordinates": [
          16.707,
          48.147
        ]
      },
      "properties": {
        "system": "Austria",
        "type": "presence",
        "presence": 1
      }
    },
    {
      "type": "Feature",
      "geometry": {
        "type": "Point",
        "coordinates": [
          14.789,
          47.118
        ]
      },
      "properties": {
        "system": "Austria",
        "type": "presence",
        "presence": 1
      }
    },
    {
      "type": "Feature",
      "geometry": {
        "type": "Point",
        "coordinates": [
          9.974,
          47.23
        ]
      },
      "properties": {
        "system": "Austria",
        "type": "presence",
        "presence": 1
      }
    },
    {
      "type": "Feature",
      "geometry": {
        "type": "Point",
        "coordinates": [
          16.769,
          48.194
        ]
      },
      "properties": {
        "system": "Austria",
        "type": "presence",
        "presence": 1
      }
    },
    {
      "type": "Feature",
      "geometry": {
        "type": "Point",
        "coordinates": [
          14.78,
          48.692
        ]
      },
      "properties": {
        "system": "Austria",
        "type": "presence",
        "presence": 1
      }
    },
    {
      "type": "Feature",
      "geometry": {
        "type": "Point",
        "coordinates": [
          9.795,
          47.535
        ]
      },
      "properties": {
        "system": "Austria",
        "type": "presence",
        "presence": 1
      }
    },
    {
      "type": "Feature",
      "geometry": {
        "type": "Point",
        "coordinates": [
          16.167,
          47.829
        ]
      },
      "properties": {
        "system": "Austria",
        "type": "presence",
        "presence": 1
      }
    },
    {
      "type": "Feature",
      "geometry": {
        "type": "Point",
        "coordinates": [
          13.691,
          47.335
        ]
      },
      "properties": {
        "system": "Austria",
        "type": "presence",
        "presence": 1
      }
    },
    {
      "type": "Feature",
      "geometry": {
        "type": "Point",
        "coordinates": [
          14.273,
          47.242
        ]
      },
      "properties": {
        "system": "Austria",
        "type": "presence",
        "presence": 1
      }
    },
    {
      "type": "Feature",
      "geometry": {
        "type": "Point",
        "coordinates": [
          14.017,
          47.963
        ]
      },
      "properties": {
        "system": "Austria",
        "type": "presence",
        "presence": 1
      }
    },
    {
      "type": "Feature",
      "geometry": {
        "type": "Point",
        "coordinates": [
          15.563,
          47.024
        ]
      },
      "properties": {
        "system": "Austria",
        "type": "presence",
        "presence": 1
      }
    },
    {
      "type": "Feature",
      "geometry": {
        "type": "Point",
        "coordinates": [
          14.296,
          48.524
        ]
      },
      "properties": {
        "system": "Austria",
        "type": "presence",
        "presence": 1
      }
    },
    {
      "type": "Feature",
      "geometry": {
        "type": "Point",
        "coordinates": [
          14.814,
          48.519
        ]
      },
      "properties": {
        "system": "Austria",
        "type": "presence",
        "presence": 1
      }
    },
    {
      "type": "Feature",
      "geometry": {
        "type": "Point",
        "coordinates": [
          14.606,
          48.425
        ]
      },
      "properties": {
        "system": "Austria",
        "type": "presence",
        "presence": 1
      }
    },
    {
      "type": "Feature",
      "geometry": {
        "type": "Point",
        "coordinates": [
          9.783,
          47.582
        ]
      },
      "properties": {
        "system": "Austria",
        "type": "presence",
        "presence": 1
      }
    },
    {
      "type": "Feature",
      "geometry": {
        "type": "Point",
        "coordinates": [
          9.895,
          47.468
        ]
      },
      "properties": {
        "system": "Austria",
        "type": "presence",
        "presence": 1
      }
    },
    {
      "type": "Feature",
      "geometry": {
        "type": "Point",
        "coordinates": [
          16.396,
          48.194
        ]
      },
      "properties": {
        "system": "Austria",
        "type": "presence",
        "presence": 1
      }
    },
    {
      "type": "Feature",
      "geometry": {
        "type": "Point",
        "coordinates": [
          11.915,
          47.428
        ]
      },
      "properties": {
        "system": "Austria",
        "type": "presence",
        "presence": 1
      }
    },
    {
      "type": "Feature",
      "geometry": {
        "type": "Point",
        "coordinates": [
          16.397,
          48.109
        ]
      },
      "properties": {
        "system": "Austria",
        "type": "presence",
        "presence": 1
      }
    },
    {
      "type": "Feature",
      "geometry": {
        "type": "Point",
        "coordinates": [
          16.832,
          48.486
        ]
      },
      "properties": {
        "system": "Austria",
        "type": "presence",
        "presence": 1
      }
    },
    {
      "type": "Feature",
      "geometry": {
        "type": "Point",
        "coordinates": [
          15.479,
          48.777
        ]
      },
      "properties": {
        "system": "Austria",
        "type": "presence",
        "presence": 1
      }
    },
    {
      "type": "Feature",
      "geometry": {
        "type": "Point",
        "coordinates": [
          15.742,
          48.497
        ]
      },
      "properties": {
        "system": "Austria",
        "type": "presence",
        "presence": 1
      }
    },
    {
      "type": "Feature",
      "geometry": {
        "type": "Point",
        "coordinates": [
          11.344,
          47.201
        ]
      },
      "properties": {
        "system": "Austria",
        "type": "presence",
        "presence": 1
      }
    },
    {
      "type": "Feature",
      "geometry": {
        "type": "Point",
        "coordinates": [
          9.844,
          47.456
        ]
      },
      "properties": {
        "system": "Austria",
        "type": "presence",
        "presence": 1
      }
    },
    {
      "type": "Feature",
      "geometry": {
        "type": "Point",
        "coordinates": [
          9.965,
          47.309
        ]
      },
      "properties": {
        "system": "Austria",
        "type": "presence",
        "presence": 1
      }
    },
    {
      "type": "Feature",
      "geometry": {
        "type": "Point",
        "coordinates": [
          13.575,
          48.277
        ]
      },
      "properties": {
        "system": "Austria",
        "type": "presence",
        "presence": 1
      }
    },
    {
      "type": "Feature",
      "geometry": {
        "type": "Point",
        "coordinates": [
          13.517,
          48.315
        ]
      },
      "properties": {
        "system": "Austria",
        "type": "presence",
        "presence": 1
      }
    },
    {
      "type": "Feature",
      "geometry": {
        "type": "Point",
        "coordinates": [
          15.79,
          48.414
        ]
      },
      "properties": {
        "system": "Austria",
        "type": "presence",
        "presence": 1
      }
    },
    {
      "type": "Feature",
      "geometry": {
        "type": "Point",
        "coordinates": [
          11.971,
          47.499
        ]
      },
      "properties": {
        "system": "Austria",
        "type": "presence",
        "presence": 1
      }
    },
    {
      "type": "Feature",
      "geometry": {
        "type": "Point",
        "coordinates": [
          10.844,
          46.997
        ]
      },
      "properties": {
        "system": "Austria",
        "type": "presence",
        "presence": 1
      }
    },
    {
      "type": "Feature",
      "geometry": {
        "type": "Point",
        "coordinates": [
          11.15,
          47.381
        ]
      },
      "properties": {
        "system": "Austria",
        "type": "presence",
        "presence": 1
      }
    },
    {
      "type": "Feature",
      "geometry": {
        "type": "Point",
        "coordinates": [
          11.076,
          47.281
        ]
      },
      "properties": {
        "system": "Austria",
        "type": "presence",
        "presence": 1
      }
    },
    {
      "type": "Feature",
      "geometry": {
        "type": "Point",
        "coordinates": [
          13.344,
          46.609
        ]
      },
      "properties": {
        "system": "Austria",
        "type": "presence",
        "presence": 1
      }
    },
    {
      "type": "Feature",
      "geometry": {
        "type": "Point",
        "coordinates": [
          15.524,
          48.454
        ]
      },
      "properties": {
        "system": "Austria",
        "type": "presence",
        "presence": 1
      }
    },
    {
      "type": "Feature",
      "geometry": {
        "type": "Point",
        "coordinates": [
          15.982,
          47.904
        ]
      },
      "properties": {
        "system": "Austria",
        "type": "presence",
        "presence": 1
      }
    },
    {
      "type": "Feature",
      "geometry": {
        "type": "Point",
        "coordinates": [
          15.969,
          47.602
        ]
      },
      "properties": {
        "system": "Austria",
        "type": "presence",
        "presence": 1
      }
    },
    {
      "type": "Feature",
      "geometry": {
        "type": "Point",
        "coordinates": [
          15.904,
          47.928
        ]
      },
      "properties": {
        "system": "Austria",
        "type": "presence",
        "presence": 1
      }
    },
    {
      "type": "Feature",
      "geometry": {
        "type": "Point",
        "coordinates": [
          15.042,
          48.07
        ]
      },
      "properties": {
        "system": "Austria",
        "type": "presence",
        "presence": 1
      }
    },
    {
      "type": "Feature",
      "geometry": {
        "type": "Point",
        "coordinates": [
          16.208,
          47.926
        ]
      },
      "properties": {
        "system": "Austria",
        "type": "presence",
        "presence": 1
      }
    },
    {
      "type": "Feature",
      "geometry": {
        "type": "Point",
        "coordinates": [
          16.217,
          48.053
        ]
      },
      "properties": {
        "system": "Austria",
        "type": "presence",
        "presence": 1
      }
    },
    {
      "type": "Feature",
      "geometry": {
        "type": "Point",
        "coordinates": [
          14.213,
          48.475
        ]
      },
      "properties": {
        "system": "Austria",
        "type": "presence",
        "presence": 1
      }
    },
    {
      "type": "Feature",
      "geometry": {
        "type": "Point",
        "coordinates": [
          14.412,
          48.397
        ]
      },
      "properties": {
        "system": "Austria",
        "type": "presence",
        "presence": 1
      }
    },
    {
      "type": "Feature",
      "geometry": {
        "type": "Point",
        "coordinates": [
          14.07,
          48.356
        ]
      },
      "properties": {
        "system": "Austria",
        "type": "presence",
        "presence": 1
      }
    },
    {
      "type": "Feature",
      "geometry": {
        "type": "Point",
        "coordinates": [
          16.675,
          48.182
        ]
      },
      "properties": {
        "system": "Austria",
        "type": "presence",
        "presence": 1
      }
    },
    {
      "type": "Feature",
      "geometry": {
        "type": "Point",
        "coordinates": [
          16.474,
          48.315
        ]
      },
      "properties": {
        "system": "Austria",
        "type": "presence",
        "presence": 1
      }
    },
    {
      "type": "Feature",
      "geometry": {
        "type": "Point",
        "coordinates": [
          14.187,
          48.3
        ]
      },
      "properties": {
        "system": "Austria",
        "type": "presence",
        "presence": 1
      }
    },
    {
      "type": "Feature",
      "geometry": {
        "type": "Point",
        "coordinates": [
          12.864127364664608,
          48.382993308078895
        ]
      },
      "properties": {
        "system": "Austria",
        "type": "background",
        "presence": 0
      }
    },
    {
      "type": "Feature",
      "geometry": {
        "type": "Point",
        "coordinates": [
          14.79840496145122,
          48.59231265594085
        ]
      },
      "properties": {
        "system": "Austria",
        "type": "background",
        "presence": 0
      }
    },
    {
      "type": "Feature",
      "geometry": {
        "type": "Point",
        "coordinates": [
          16.880582057297843,
          46.70190058132616
        ]
      },
      "properties": {
        "system": "Austria",
        "type": "background",
        "presence": 0
      }
    },
    {
      "type": "Feature",
      "geometry": {
        "type": "Point",
        "coordinates": [
          15.462119196387444,
          48.35129848302214
        ]
      },
      "properties": {
        "system": "Austria",
        "type": "background",
        "presence": 0
      }
    },
    {
      "type": "Feature",
      "geometry": {
        "type": "Point",
        "coordinates": [
          12.950237973272529,
          46.78582501360663
        ]
      },
      "properties": {
        "system": "Austria",
        "type": "background",
        "presence": 0
      }
    },
    {
      "type": "Feature",
      "geometry": {
        "type": "Point",
        "coordinates": [
          16.514982411554087,
          47.38598351392717
        ]
      },
      "properties": {
        "system": "Austria",
        "type": "background",
        "presence": 0
      }
    },
    {
      "type": "Feature",
      "geometry": {
        "type": "Point",
        "coordinates": [
          15.73672515210562,
          48.06127844195949
        ]
      },
      "properties": {
        "system": "Austria",
        "type": "background",
        "presence": 0
      }
    },
    {
      "type": "Feature",
      "geometry": {
        "type": "Point",
        "coordinates": [
          11.280427355115483,
          47.56556331369999
        ]
      },
      "properties": {
        "system": "Austria",
        "type": "background",
        "presence": 0
      }
    },
    {
      "type": "Feature",
      "geometry": {
        "type": "Point",
        "coordinates": [
          10.057544527427543,
          47.84048817829016
        ]
      },
      "properties": {
        "system": "Austria",
        "type": "background",
        "presence": 0
      }
    },
    {
      "type": "Feature",
      "geometry": {
        "type": "Point",
        "coordinates": [
          12.232917819515803,
          48.34375098123113
        ]
      },
      "properties": {
        "system": "Austria",
        "type": "background",
        "presence": 0
      }
    },
    {
      "type": "Feature",
      "geometry": {
        "type": "Point",
        "coordinates": [
          16.263225350854004,
          48.8695362143286
        ]
      },
      "properties": {
        "system": "Austria",
        "type": "background",
        "presence": 0
      }
    },
    {
      "type": "Feature",
      "geometry": {
        "type": "Point",
        "coordinates": [
          11.036481450856272,
          48.39394238826341
        ]
      },
      "properties": {
        "system": "Austria",
        "type": "background",
        "presence": 0
      }
    },
    {
      "type": "Feature",
      "geometry": {
        "type": "Point",
        "coordinates": [
          9.907783579385834,
          47.62320104221696
        ]
      },
      "properties": {
        "system": "Austria",
        "type": "background",
        "presence": 0
      }
    },
    {
      "type": "Feature",
      "geometry": {
        "type": "Point",
        "coordinates": [
          14.691255317113288,
          46.85055791388304
        ]
      },
      "properties": {
        "system": "Austria",
        "type": "background",
        "presence": 0
      }
    },
    {
      "type": "Feature",
      "geometry": {
        "type": "Point",
        "coordinates": [
          16.819875327805192,
          48.31079681156003
        ]
      },
      "properties": {
        "system": "Austria",
        "type": "background",
        "presence": 0
      }
    },
    {
      "type": "Feature",
      "geometry": {
        "type": "Point",
        "coordinates": [
          12.352149980258924,
          47.27476611067565
        ]
      },
      "properties": {
        "system": "Austria",
        "type": "background",
        "presence": 0
      }
    },
    {
      "type": "Feature",
      "geometry": {
        "type": "Point",
        "coordinates": [
          10.99781418002771,
          47.63021152128508
        ]
      },
      "properties": {
        "system": "Austria",
        "type": "background",
        "presence": 0
      }
    },
    {
      "type": "Feature",
      "geometry": {
        "type": "Point",
        "coordinates": [
          13.13969996294866,
          46.79029588269462
        ]
      },
      "properties": {
        "system": "Austria",
        "type": "background",
        "presence": 0
      }
    },
    {
      "type": "Feature",
      "geometry": {
        "type": "Point",
        "coordinates": [
          14.592218122209225,
          47.03014682020284
        ]
      },
      "properties": {
        "system": "Austria",
        "type": "background",
        "presence": 0
      }
    },
    {
      "type": "Feature",
      "geometry": {
        "type": "Point",
        "coordinates": [
          15.810930941100796,
          47.55007669537128
        ]
      },
      "properties": {
        "system": "Austria",
        "type": "background",
        "presence": 0
      }
    },
    {
      "type": "Feature",
      "geometry": {
        "type": "Point",
        "coordinates": [
          11.917439577461812,
          48.200755597251565
        ]
      },
      "properties": {
        "system": "Austria",
        "type": "background",
        "presence": 0
      }
    },
    {
      "type": "Feature",
      "geometry": {
        "type": "Point",
        "coordinates": [
          15.602051687148569,
          48.52717848885033
        ]
      },
      "properties": {
        "system": "Austria",
        "type": "background",
        "presence": 0
      }
    },
    {
      "type": "Feature",
      "geometry": {
        "type": "Point",
        "coordinates": [
          11.737559201710017,
          47.42723403134162
        ]
      },
      "properties": {
        "system": "Austria",
        "type": "background",
        "presence": 0
      }
    },
    {
      "type": "Feature",
      "geometry": {
        "type": "Point",
        "coordinates": [
          10.625767834848466,
          48.15681138133012
        ]
      },
      "properties": {
        "system": "Austria",
        "type": "background",
        "presence": 0
      }
    },
    {
      "type": "Feature",
      "geometry": {
        "type": "Point",
        "coordinates": [
          9.635091864546776,
          46.96337298472094
        ]
      },
      "properties": {
        "system": "Austria",
        "type": "background",
        "presence": 0
      }
    },
    {
      "type": "Feature",
      "geometry": {
        "type": "Point",
        "coordinates": [
          14.555078959878175,
          48.41506398556279
        ]
      },
      "properties": {
        "system": "Austria",
        "type": "background",
        "presence": 0
      }
    },
    {
      "type": "Feature",
      "geometry": {
        "type": "Point",
        "coordinates": [
          15.422195339137383,
          48.21287398134293
        ]
      },
      "properties": {
        "system": "Austria",
        "type": "background",
        "presence": 0
      }
    },
    {
      "type": "Feature",
      "geometry": {
        "type": "Point",
        "coordinates": [
          13.835890369315504,
          47.60389871290632
        ]
      },
      "properties": {
        "system": "Austria",
        "type": "background",
        "presence": 0
      }
    },
    {
      "type": "Feature",
      "geometry": {
        "type": "Point",
        "coordinates": [
          10.43702854026969,
          46.8147179763697
        ]
      },
      "properties": {
        "system": "Austria",
        "type": "background",
        "presence": 0
      }
    },
    {
      "type": "Feature",
      "geometry": {
        "type": "Point",
        "coordinates": [
          13.10521291056906,
          48.12196052450784
        ]
      },
      "properties": {
        "system": "Austria",
        "type": "background",
        "presence": 0
      }
    },
    {
      "type": "Feature",
      "geometry": {
        "type": "Point",
        "coordinates": [
          15.304486450044118,
          47.866828891327984
        ]
      },
      "properties": {
        "system": "Austria",
        "type": "background",
        "presence": 0
      }
    },
    {
      "type": "Feature",
      "geometry": {
        "type": "Point",
        "coordinates": [
          13.722434655123784,
          48.03865840536146
        ]
      },
      "properties": {
        "system": "Austria",
        "type": "background",
        "presence": 0
      }
    },
    {
      "type": "Feature",
      "geometry": {
        "type": "Point",
        "coordinates": [
          11.854458583802527,
          47.85191930852341
        ]
      },
      "properties": {
        "system": "Austria",
        "type": "background",
        "presence": 0
      }
    },
    {
      "type": "Feature",
      "geometry": {
        "type": "Point",
        "coordinates": [
          12.847956223625769,
          46.545212504886514
        ]
      },
      "properties": {
        "system": "Austria",
        "type": "background",
        "presence": 0
      }
    },
    {
      "type": "Feature",
      "geometry": {
        "type": "Point",
        "coordinates": [
          12.637019840991451,
          46.999667895882695
        ]
      },
      "properties": {
        "system": "Austria",
        "type": "background",
        "presence": 0
      }
    },
    {
      "type": "Feature",
      "geometry": {
        "type": "Point",
        "coordinates": [
          11.330569172730344,
          48.579465800192175
        ]
      },
      "properties": {
        "system": "Austria",
        "type": "background",
        "presence": 0
      }
    },
    {
      "type": "Feature",
      "geometry": {
        "type": "Point",
        "coordinates": [
          11.6855956640006,
          46.61318268019706
        ]
      },
      "properties": {
        "system": "Austria",
        "type": "background",
        "presence": 0
      }
    },
    {
      "type": "Feature",
      "geometry": {
        "type": "Point",
        "coordinates": [
          14.533121279701357,
          47.19505736295701
        ]
      },
      "properties": {
        "system": "Austria",
        "type": "background",
        "presence": 0
      }
    },
    {
      "type": "Feature",
      "geometry": {
        "type": "Point",
        "coordinates": [
          15.445910298743293,
          47.84654051273999
        ]
      },
      "properties": {
        "system": "Austria",
        "type": "background",
        "presence": 0
      }
    },
    {
      "type": "Feature",
      "geometry": {
        "type": "Point",
        "coordinates": [
          12.620992884156047,
          48.11184738522963
        ]
      },
      "properties": {
        "system": "Austria",
        "type": "background",
        "presence": 0
      }
    },
    {
      "type": "Feature",
      "geometry": {
        "type": "Point",
        "coordinates": [
          10.829458359669347,
          48.48207241127911
        ]
      },
      "properties": {
        "system": "Austria",
        "type": "background",
        "presence": 0
      }
    },
    {
      "type": "Feature",
      "geometry": {
        "type": "Point",
        "coordinates": [
          10.253828142184128,
          46.52516695686004
        ]
      },
      "properties": {
        "system": "Austria",
        "type": "background",
        "presence": 0
      }
    },
    {
      "type": "Feature",
      "geometry": {
        "type": "Point",
        "coordinates": [
          13.036227313971132,
          48.25539467402502
        ]
      },
      "properties": {
        "system": "Austria",
        "type": "background",
        "presence": 0
      }
    },
    {
      "type": "Feature",
      "geometry": {
        "type": "Point",
        "coordinates": [
          13.329318052098468,
          46.8678251095501
        ]
      },
      "properties": {
        "system": "Austria",
        "type": "background",
        "presence": 0
      }
    },
    {
      "type": "Feature",
      "geometry": {
        "type": "Point",
        "coordinates": [
          14.790565366706698,
          46.84566783000967
        ]
      },
      "properties": {
        "system": "Austria",
        "type": "background",
        "presence": 0
      }
    },
    {
      "type": "Feature",
      "geometry": {
        "type": "Point",
        "coordinates": [
          14.29640464430864,
          47.2146393964627
        ]
      },
      "properties": {
        "system": "Austria",
        "type": "background",
        "presence": 0
      }
    },
    {
      "type": "Feature",
      "geometry": {
        "type": "Point",
        "coordinates": [
          10.235884346242385,
          47.36376258589853
        ]
      },
      "properties": {
        "system": "Austria",
        "type": "background",
        "presence": 0
      }
    },
    {
      "type": "Feature",
      "geometry": {
        "type": "Point",
        "coordinates": [
          16.777880223824017,
          46.760828595944034
        ]
      },
      "properties": {
        "system": "Austria",
        "type": "background",
        "presence": 0
      }
    },
    {
      "type": "Feature",
      "geometry": {
        "type": "Point",
        "coordinates": [
          14.815908482305838,
          48.71592004811991
        ]
      },
      "properties": {
        "system": "Austria",
        "type": "background",
        "presence": 0
      }
    },
    {
      "type": "Feature",
      "geometry": {
        "type": "Point",
        "coordinates": [
          16.832346831693016,
          47.12649641468939
        ]
      },
      "properties": {
        "system": "Austria",
        "type": "background",
        "presence": 0
      }
    },
    {
      "type": "Feature",
      "geometry": {
        "type": "Point",
        "coordinates": [
          14.944489285476765,
          48.39485098550741
        ]
      },
      "properties": {
        "system": "Austria",
        "type": "background",
        "presence": 0
      }
    },
    {
      "type": "Feature",
      "geometry": {
        "type": "Point",
        "coordinates": [
          11.617183607287323,
          47.58027099480159
        ]
      },
      "properties": {
        "system": "Austria",
        "type": "background",
        "presence": 0
      }
    },
    {
      "type": "Feature",
      "geometry": {
        "type": "Point",
        "coordinates": [
          16.334173733337565,
          46.7073748494056
        ]
      },
      "properties": {
        "system": "Austria",
        "type": "background",
        "presence": 0
      }
    },
    {
      "type": "Feature",
      "geometry": {
        "type": "Point",
        "coordinates": [
          11.094285058762708,
          47.59613476475853
        ]
      },
      "properties": {
        "system": "Austria",
        "type": "background",
        "presence": 0
      }
    },
    {
      "type": "Feature",
      "geometry": {
        "type": "Point",
        "coordinates": [
          13.914300034392207,
          47.22563073152457
        ]
      },
      "properties": {
        "system": "Austria",
        "type": "background",
        "presence": 0
      }
    },
    {
      "type": "Feature",
      "geometry": {
        "type": "Point",
        "coordinates": [
          15.990044687863245,
          46.90615909220872
        ]
      },
      "properties": {
        "system": "Austria",
        "type": "background",
        "presence": 0
      }
    },
    {
      "type": "Feature",
      "geometry": {
        "type": "Point",
        "coordinates": [
          14.96374129938086,
          48.34481879728248
        ]
      },
      "properties": {
        "system": "Austria",
        "type": "background",
        "presence": 0
      }
    },
    {
      "type": "Feature",
      "geometry": {
        "type": "Point",
        "coordinates": [
          14.274152054976382,
          47.53756608736384
        ]
      },
      "properties": {
        "system": "Austria",
        "type": "background",
        "presence": 0
      }
    },
    {
      "type": "Feature",
      "geometry": {
        "type": "Point",
        "coordinates": [
          14.442802119434717,
          47.9134742771212
        ]
      },
      "properties": {
        "system": "Austria",
        "type": "background",
        "presence": 0
      }
    },
    {
      "type": "Feature",
      "geometry": {
        "type": "Point",
        "coordinates": [
          12.69148679044267,
          46.67783080617895
        ]
      },
      "properties": {
        "system": "Austria",
        "type": "background",
        "presence": 0
      }
    },
    {
      "type": "Feature",
      "geometry": {
        "type": "Point",
        "coordinates": [
          13.276533300406737,
          46.57191185196046
        ]
      },
      "properties": {
        "system": "Austria",
        "type": "background",
        "presence": 0
      }
    },
    {
      "type": "Feature",
      "geometry": {
        "type": "Point",
        "coordinates": [
          10.661474505284628,
          47.28474677809898
        ]
      },
      "properties": {
        "system": "Austria",
        "type": "background",
        "presence": 0
      }
    },
    {
      "type": "Feature",
      "geometry": {
        "type": "Point",
        "coordinates": [
          13.97734433360582,
          46.72471553917787
        ]
      },
      "properties": {
        "system": "Austria",
        "type": "background",
        "presence": 0
      }
    },
    {
      "type": "Feature",
      "geometry": {
        "type": "Point",
        "coordinates": [
          16.50267384581357,
          46.89087641119172
        ]
      },
      "properties": {
        "system": "Austria",
        "type": "background",
        "presence": 0
      }
    },
    {
      "type": "Feature",
      "geometry": {
        "type": "Point",
        "coordinates": [
          12.175626747334183,
          47.90596419847908
        ]
      },
      "properties": {
        "system": "Austria",
        "type": "background",
        "presence": 0
      }
    },
    {
      "type": "Feature",
      "geometry": {
        "type": "Point",
        "coordinates": [
          9.750641366915229,
          47.93033401043355
        ]
      },
      "properties": {
        "system": "Austria",
        "type": "background",
        "presence": 0
      }
    },
    {
      "type": "Feature",
      "geometry": {
        "type": "Point",
        "coordinates": [
          13.18907661864372,
          48.83951693434609
        ]
      },
      "properties": {
        "system": "Austria",
        "type": "background",
        "presence": 0
      }
    },
    {
      "type": "Feature",
      "geometry": {
        "type": "Point",
        "coordinates": [
          10.199068589419609,
          48.40470421698996
        ]
      },
      "properties": {
        "system": "Austria",
        "type": "background",
        "presence": 0
      }
    },
    {
      "type": "Feature",
      "geometry": {
        "type": "Point",
        "coordinates": [
          13.25196043875488,
          47.67250605216277
        ]
      },
      "properties": {
        "system": "Austria",
        "type": "background",
        "presence": 0
      }
    },
    {
      "type": "Feature",
      "geometry": {
        "type": "Point",
        "coordinates": [
          13.858241015930172,
          48.788244823153136
        ]
      },
      "properties": {
        "system": "Austria",
        "type": "background",
        "presence": 0
      }
    },
    {
      "type": "Feature",
      "geometry": {
        "type": "Point",
        "coordinates": [
          11.57777888691664,
          47.63993928881385
        ]
      },
      "properties": {
        "system": "Austria",
        "type": "background",
        "presence": 0
      }
    },
    {
      "type": "Feature",
      "geometry": {
        "type": "Point",
        "coordinates": [
          13.476191587694515,
          47.28897013042813
        ]
      },
      "properties": {
        "system": "Austria",
        "type": "background",
        "presence": 0
      }
    },
    {
      "type": "Feature",
      "geometry": {
        "type": "Point",
        "coordinates": [
          9.741723193744512,
          47.55442804133438
        ]
      },
      "properties": {
        "system": "Austria",
        "type": "background",
        "presence": 0
      }
    },
    {
      "type": "Feature",
      "geometry": {
        "type": "Point",
        "coordinates": [
          16.285971055676974,
          48.51241992853264
        ]
      },
      "properties": {
        "system": "Austria",
        "type": "background",
        "presence": 0
      }
    },
    {
      "type": "Feature",
      "geometry": {
        "type": "Point",
        "coordinates": [
          13.725852462102706,
          46.815835997093565
        ]
      },
      "properties": {
        "system": "Austria",
        "type": "background",
        "presence": 0
      }
    },
    {
      "type": "Feature",
      "geometry": {
        "type": "Point",
        "coordinates": [
          14.61037261621691,
          46.73750780782795
        ]
      },
      "properties": {
        "system": "Austria",
        "type": "background",
        "presence": 0
      }
    },
    {
      "type": "Feature",
      "geometry": {
        "type": "Point",
        "coordinates": [
          14.5144595753995,
          47.16449114743387
        ]
      },
      "properties": {
        "system": "Austria",
        "type": "background",
        "presence": 0
      }
    },
    {
      "type": "Feature",
      "geometry": {
        "type": "Point",
        "coordinates": [
          15.331789182019826,
          48.26685768113146
        ]
      },
      "properties": {
        "system": "Austria",
        "type": "background",
        "presence": 0
      }
    },
    {
      "type": "Feature",
      "geometry": {
        "type": "Point",
        "coordinates": [
          16.43451663716472,
          46.735443359348935
        ]
      },
      "properties": {
        "system": "Austria",
        "type": "background",
        "presence": 0
      }
    },
    {
      "type": "Feature",
      "geometry": {
        "type": "Point",
        "coordinates": [
          9.859958157866354,
          47.03831919948304
        ]
      },
      "properties": {
        "system": "Austria",
        "type": "background",
        "presence": 0
      }
    },
    {
      "type": "Feature",
      "geometry": {
        "type": "Point",
        "coordinates": [
          12.355611450142629,
          47.84115015680514
        ]
      },
      "properties": {
        "system": "Austria",
        "type": "background",
        "presence": 0
      }
    },
    {
      "type": "Feature",
      "geometry": {
        "type": "Point",
        "coordinates": [
          15.62814576545717,
          48.52107003476646
        ]
      },
      "properties": {
        "system": "Austria",
        "type": "background",
        "presence": 0
      }
    },
    {
      "type": "Feature",
      "geometry": {
        "type": "Point",
        "coordinates": [
          16.710546173306902,
          47.25328448195057
        ]
      },
      "properties": {
        "system": "Austria",
        "type": "background",
        "presence": 0
      }
    },
    {
      "type": "Feature",
      "geometry": {
        "type": "Point",
        "coordinates": [
          13.43417249804092,
          47.188439813720514
        ]
      },
      "properties": {
        "system": "Austria",
        "type": "background",
        "presence": 0
      }
    },
    {
      "type": "Feature",
      "geometry": {
        "type": "Point",
        "coordinates": [
          16.584414034676392,
          47.102001668973685
        ]
      },
      "properties": {
        "system": "Austria",
        "type": "background",
        "presence": 0
      }
    },
    {
      "type": "Feature",
      "geometry": {
        "type": "Point",
        "coordinates": [
          9.916066164912795,
          46.87607513288033
        ]
      },
      "properties": {
        "system": "Austria",
        "type": "background",
        "presence": 0
      }
    },
    {
      "type": "Feature",
      "geometry": {
        "type": "Point",
        "coordinates": [
          17.005946345829827,
          47.54499502938752
        ]
      },
      "properties": {
        "system": "Austria",
        "type": "background",
        "presence": 0
      }
    },
    {
      "type": "Feature",
      "geometry": {
        "type": "Point",
        "coordinates": [
          15.18183380959635,
          48.6741178794484
        ]
      },
      "properties": {
        "system": "Austria",
        "type": "background",
        "presence": 0
      }
    },
    {
      "type": "Feature",
      "geometry": {
        "type": "Point",
        "coordinates": [
          16.265661204859107,
          48.67192982994259
        ]
      },
      "properties": {
        "system": "Austria",
        "type": "background",
        "presence": 0
      }
    },
    {
      "type": "Feature",
      "geometry": {
        "type": "Point",
        "coordinates": [
          11.944097094849823,
          47.75213672523569
        ]
      },
      "properties": {
        "system": "Austria",
        "type": "background",
        "presence": 0
      }
    },
    {
      "type": "Feature",
      "geometry": {
        "type": "Point",
        "coordinates": [
          10.286894077104318,
          47.39305556350469
        ]
      },
      "properties": {
        "system": "Austria",
        "type": "background",
        "presence": 0
      }
    },
    {
      "type": "Feature",
      "geometry": {
        "type": "Point",
        "coordinates": [
          11.543992040650796,
          48.31581070886614
        ]
      },
      "properties": {
        "system": "Austria",
        "type": "background",
        "presence": 0
      }
    },
    {
      "type": "Feature",
      "geometry": {
        "type": "Point",
        "coordinates": [
          11.383182812767538,
          48.78573892127004
        ]
      },
      "properties": {
        "system": "Austria",
        "type": "background",
        "presence": 0
      }
    },
    {
      "type": "Feature",
      "geometry": {
        "type": "Point",
        "coordinates": [
          15.799216125510672,
          46.7725803668536
        ]
      },
      "properties": {
        "system": "Austria",
        "type": "background",
        "presence": 0
      }
    },
    {
      "type": "Feature",
      "geometry": {
        "type": "Point",
        "coordinates": [
          10.92146474994436,
          46.84807211501237
        ]
      },
      "properties": {
        "system": "Austria",
        "type": "background",
        "presence": 0
      }
    },
    {
      "type": "Feature",
      "geometry": {
        "type": "Point",
        "coordinates": [
          11.902152044311409,
          46.95478292831214
        ]
      },
      "properties": {
        "system": "Austria",
        "type": "background",
        "presence": 0
      }
    },
    {
      "type": "Feature",
      "geometry": {
        "type": "Point",
        "coordinates": [
          16.852177146214217,
          48.39152216497043
        ]
      },
      "properties": {
        "system": "Austria",
        "type": "background",
        "presence": 0
      }
    },
    {
      "type": "Feature",
      "geometry": {
        "type": "Point",
        "coordinates": [
          10.65678501159101,
          47.70733295347839
        ]
      },
      "properties": {
        "system": "Austria",
        "type": "background",
        "presence": 0
      }
    },
    {
      "type": "Feature",
      "geometry": {
        "type": "Point",
        "coordinates": [
          11.298516072481434,
          46.50346443950238
        ]
      },
      "properties": {
        "system": "Austria",
        "type": "background",
        "presence": 0
      }
    },
    {
      "type": "Feature",
      "geometry": {
        "type": "Point",
        "coordinates": [
          14.65091985464501,
          46.79499634458607
        ]
      },
      "properties": {
        "system": "Austria",
        "type": "background",
        "presence": 0
      }
    },
    {
      "type": "Feature",
      "geometry": {
        "type": "Point",
        "coordinates": [
          13.368866878317196,
          46.77029178394636
        ]
      },
      "properties": {
        "system": "Austria",
        "type": "background",
        "presence": 0
      }
    },
    {
      "type": "Feature",
      "geometry": {
        "type": "Point",
        "coordinates": [
          13.928495586800013,
          48.185911003344856
        ]
      },
      "properties": {
        "system": "Austria",
        "type": "background",
        "presence": 0
      }
    },
    {
      "type": "Feature",
      "geometry": {
        "type": "Point",
        "coordinates": [
          15.59726382942187,
          46.96304518655533
        ]
      },
      "properties": {
        "system": "Austria",
        "type": "background",
        "presence": 0
      }
    },
    {
      "type": "Feature",
      "geometry": {
        "type": "Point",
        "coordinates": [
          15.109817301299998,
          48.23820183153988
        ]
      },
      "properties": {
        "system": "Austria",
        "type": "background",
        "presence": 0
      }
    },
    {
      "type": "Feature",
      "geometry": {
        "type": "Point",
        "coordinates": [
          10.506049712715528,
          46.79310581960124
        ]
      },
      "properties": {
        "system": "Austria",
        "type": "background",
        "presence": 0
      }
    },
    {
      "type": "Feature",
      "geometry": {
        "type": "Point",
        "coordinates": [
          12.55507762439203,
          48.76286218863909
        ]
      },
      "properties": {
        "system": "Austria",
        "type": "background",
        "presence": 0
      }
    },
    {
      "type": "Feature",
      "geometry": {
        "type": "Point",
        "coordinates": [
          13.236074411365523,
          47.213246114774265
        ]
      },
      "properties": {
        "system": "Austria",
        "type": "background",
        "presence": 0
      }
    },
    {
      "type": "Feature",
      "geometry": {
        "type": "Point",
        "coordinates": [
          16.730928832482476,
          48.10826319816434
        ]
      },
      "properties": {
        "system": "Austria",
        "type": "background",
        "presence": 0
      }
    },
    {
      "type": "Feature",
      "geometry": {
        "type": "Point",
        "coordinates": [
          16.500341476541898,
          47.177381519079326
        ]
      },
      "properties": {
        "system": "Austria",
        "type": "background",
        "presence": 0
      }
    },
    {
      "type": "Feature",
      "geometry": {
        "type": "Point",
        "coordinates": [
          10.372430272266886,
          48.036820451187324
        ]
      },
      "properties": {
        "system": "Austria",
        "type": "background",
        "presence": 0
      }
    },
    {
      "type": "Feature",
      "geometry": {
        "type": "Point",
        "coordinates": [
          12.7162324514439,
          46.81605982353906
        ]
      },
      "properties": {
        "system": "Austria",
        "type": "background",
        "presence": 0
      }
    },
    {
      "type": "Feature",
      "geometry": {
        "type": "Point",
        "coordinates": [
          14.040186425852813,
          48.85849151873009
        ]
      },
      "properties": {
        "system": "Austria",
        "type": "background",
        "presence": 0
      }
    },
    {
      "type": "Feature",
      "geometry": {
        "type": "Point",
        "coordinates": [
          15.59903273153186,
          48.77636642701732
        ]
      },
      "properties": {
        "system": "Austria",
        "type": "background",
        "presence": 0
      }
    },
    {
      "type": "Feature",
      "geometry": {
        "type": "Point",
        "coordinates": [
          15.452384890754118,
          47.62483470064624
        ]
      },
      "properties": {
        "system": "Austria",
        "type": "background",
        "presence": 0
      }
    },
    {
      "type": "Feature",
      "geometry": {
        "type": "Point",
        "coordinates": [
          10.396724527797994,
          46.513110366775095
        ]
      },
      "properties": {
        "system": "Austria",
        "type": "background",
        "presence": 0
      }
    },
    {
      "type": "Feature",
      "geometry": {
        "type": "Point",
        "coordinates": [
          15.542582271937183,
          48.52017696460501
        ]
      },
      "properties": {
        "system": "Austria",
        "type": "background",
        "presence": 0
      }
    },
    {
      "type": "Feature",
      "geometry": {
        "type": "Point",
        "coordinates": [
          13.551748846452718,
          47.044320554882994
        ]
      },
      "properties": {
        "system": "Austria",
        "type": "background",
        "presence": 0
      }
    },
    {
      "type": "Feature",
      "geometry": {
        "type": "Point",
        "coordinates": [
          16.07329059110589,
          47.96767712459113
        ]
      },
      "properties": {
        "system": "Austria",
        "type": "background",
        "presence": 0
      }
    },
    {
      "type": "Feature",
      "geometry": {
        "type": "Point",
        "coordinates": [
          12.66727305287495,
          47.96048400009867
        ]
      },
      "properties": {
        "system": "Austria",
        "type": "background",
        "presence": 0
      }
    },
    {
      "type": "Feature",
      "geometry": {
        "type": "Point",
        "coordinates": [
          12.766875652332974,
          47.39435713934596
        ]
      },
      "properties": {
        "system": "Austria",
        "type": "background",
        "presence": 0
      }
    },
    {
      "type": "Feature",
      "geometry": {
        "type": "Point",
        "coordinates": [
          16.071432397402646,
          48.08122542625928
        ]
      },
      "properties": {
        "system": "Austria",
        "type": "background",
        "presence": 0
      }
    },
    {
      "type": "Feature",
      "geometry": {
        "type": "Point",
        "coordinates": [
          11.434583449565013,
          47.59148698937469
        ]
      },
      "properties": {
        "system": "Austria",
        "type": "background",
        "presence": 0
      }
    },
    {
      "type": "Feature",
      "geometry": {
        "type": "Point",
        "coordinates": [
          10.367795871548417,
          48.48837455194733
        ]
      },
      "properties": {
        "system": "Austria",
        "type": "background",
        "presence": 0
      }
    },
    {
      "type": "Feature",
      "geometry": {
        "type": "Point",
        "coordinates": [
          15.7509621371848,
          46.83048643288854
        ]
      },
      "properties": {
        "system": "Austria",
        "type": "background",
        "presence": 0
      }
    },
    {
      "type": "Feature",
      "geometry": {
        "type": "Point",
        "coordinates": [
          10.65659367442306,
          47.23645764861424
        ]
      },
      "properties": {
        "system": "Austria",
        "type": "background",
        "presence": 0
      }
    },
    {
      "type": "Feature",
      "geometry": {
        "type": "Point",
        "coordinates": [
          10.818673881228086,
          48.74655997846146
        ]
      },
      "properties": {
        "system": "Austria",
        "type": "background",
        "presence": 0
      }
    },
    {
      "type": "Feature",
      "geometry": {
        "type": "Point",
        "coordinates": [
          10.729489036222176,
          47.17311276362172
        ]
      },
      "properties": {
        "system": "Austria",
        "type": "background",
        "presence": 0
      }
    },
    {
      "type": "Feature",
      "geometry": {
        "type": "Point",
        "coordinates": [
          9.73825060624558,
          46.75460692744442
        ]
      },
      "properties": {
        "system": "Austria",
        "type": "background",
        "presence": 0
      }
    },
    {
      "type": "Feature",
      "geometry": {
        "type": "Point",
        "coordinates": [
          10.886842127012986,
          46.60599284686322
        ]
      },
      "properties": {
        "system": "Austria",
        "type": "background",
        "presence": 0
      }
    },
    {
      "type": "Feature",
      "geometry": {
        "type": "Point",
        "coordinates": [
          14.003529175958397,
          46.601013519387
        ]
      },
      "properties": {
        "system": "Austria",
        "type": "background",
        "presence": 0
      }
    },
    {
      "type": "Feature",
      "geometry": {
        "type": "Point",
        "coordinates": [
          12.525536708474068,
          48.15240702477518
        ]
      },
      "properties": {
        "system": "Austria",
        "type": "background",
        "presence": 0
      }
    },
    {
      "type": "Feature",
      "geometry": {
        "type": "Point",
        "coordinates": [
          13.355369831637349,
          47.25539198276242
        ]
      },
      "properties": {
        "system": "Austria",
        "type": "background",
        "presence": 0
      }
    },
    {
      "type": "Feature",
      "geometry": {
        "type": "Point",
        "coordinates": [
          15.949017963510569,
          48.63288722214619
        ]
      },
      "properties": {
        "system": "Austria",
        "type": "background",
        "presence": 0
      }
    },
    {
      "type": "Feature",
      "geometry": {
        "type": "Point",
        "coordinates": [
          10.93815259901079,
          46.57651382835763
        ]
      },
      "properties": {
        "system": "Austria",
        "type": "background",
        "presence": 0
      }
    },
    {
      "type": "Feature",
      "geometry": {
        "type": "Point",
        "coordinates": [
          11.44616722995244,
          47.05447006624117
        ]
      },
      "properties": {
        "system": "Austria",
        "type": "background",
        "presence": 0
      }
    },
    {
      "type": "Feature",
      "geometry": {
        "type": "Point",
        "coordinates": [
          12.694891731536988,
          47.88165834775988
        ]
      },
      "properties": {
        "system": "Austria",
        "type": "background",
        "presence": 0
      }
    },
    {
      "type": "Feature",
      "geometry": {
        "type": "Point",
        "coordinates": [
          12.375754598092977,
          46.590805438580944
        ]
      },
      "properties": {
        "system": "Austria",
        "type": "background",
        "presence": 0
      }
    },
    {
      "type": "Feature",
      "geometry": {
        "type": "Point",
        "coordinates": [
          10.340810849428507,
          47.76424104217872
        ]
      },
      "properties": {
        "system": "Austria",
        "type": "background",
        "presence": 0
      }
    },
    {
      "type": "Feature",
      "geometry": {
        "type": "Point",
        "coordinates": [
          9.968830646758375,
          48.53014300351911
        ]
      },
      "properties": {
        "system": "Austria",
        "type": "background",
        "presence": 0
      }
    },
    {
      "type": "Feature",
      "geometry": {
        "type": "Point",
        "coordinates": [
          10.321663638442208,
          48.75613394208167
        ]
      },
      "properties": {
        "system": "Austria",
        "type": "background",
        "presence": 0
      }
    },
    {
      "type": "Feature",
      "geometry": {
        "type": "Point",
        "coordinates": [
          16.334553476010356,
          48.555160855301246
        ]
      },
      "properties": {
        "system": "Austria",
        "type": "background",
        "presence": 0
      }
    },
    {
      "type": "Feature",
      "geometry": {
        "type": "Point",
        "coordinates": [
          15.5815596620873,
          48.89147829309064
        ]
      },
      "properties": {
        "system": "Austria",
        "type": "background",
        "presence": 0
      }
    },
    {
      "type": "Feature",
      "geometry": {
        "type": "Point",
        "coordinates": [
          14.387702354274683,
          48.3966479583275
        ]
      },
      "properties": {
        "system": "Austria",
        "type": "background",
        "presence": 0
      }
    },
    {
      "type": "Feature",
      "geometry": {
        "type": "Point",
        "coordinates": [
          10.58685417555558,
          48.39545798487171
        ]
      },
      "properties": {
        "system": "Austria",
        "type": "background",
        "presence": 0
      }
    },
    {
      "type": "Feature",
      "geometry": {
        "type": "Point",
        "coordinates": [
          13.427929737634871,
          47.79469625289851
        ]
      },
      "properties": {
        "system": "Austria",
        "type": "background",
        "presence": 0
      }
    },
    {
      "type": "Feature",
      "geometry": {
        "type": "Point",
        "coordinates": [
          13.04312765273628,
          48.589775912415085
        ]
      },
      "properties": {
        "system": "Austria",
        "type": "background",
        "presence": 0
      }
    },
    {
      "type": "Feature",
      "geometry": {
        "type": "Point",
        "coordinates": [
          14.365851958667294,
          47.42132632385618
        ]
      },
      "properties": {
        "system": "Austria",
        "type": "background",
        "presence": 0
      }
    },
    {
      "type": "Feature",
      "geometry": {
        "type": "Point",
        "coordinates": [
          10.62588701916846,
          47.12796378417959
        ]
      },
      "properties": {
        "system": "Austria",
        "type": "background",
        "presence": 0
      }
    },
    {
      "type": "Feature",
      "geometry": {
        "type": "Point",
        "coordinates": [
          12.699583145195524,
          47.650790498660726
        ]
      },
      "properties": {
        "system": "Austria",
        "type": "background",
        "presence": 0
      }
    },
    {
      "type": "Feature",
      "geometry": {
        "type": "Point",
        "coordinates": [
          12.330090875091503,
          47.04414546292791
        ]
      },
      "properties": {
        "system": "Austria",
        "type": "background",
        "presence": 0
      }
    },
    {
      "type": "Feature",
      "geometry": {
        "type": "Point",
        "coordinates": [
          12.030649308499076,
          47.37508852842032
        ]
      },
      "properties": {
        "system": "Austria",
        "type": "background",
        "presence": 0
      }
    },
    {
      "type": "Feature",
      "geometry": {
        "type": "Point",
        "coordinates": [
          14.711417454046838,
          47.40741466916469
        ]
      },
      "properties": {
        "system": "Austria",
        "type": "background",
        "presence": 0
      }
    },
    {
      "type": "Feature",
      "geometry": {
        "type": "Point",
        "coordinates": [
          16.68030386561089,
          47.20317552161479
        ]
      },
      "properties": {
        "system": "Austria",
        "type": "background",
        "presence": 0
      }
    },
    {
      "type": "Feature",
      "geometry": {
        "type": "Point",
        "coordinates": [
          13.178652734969488,
          48.73512865231791
        ]
      },
      "properties": {
        "system": "Austria",
        "type": "background",
        "presence": 0
      }
    },
    {
      "type": "Feature",
      "geometry": {
        "type": "Point",
        "coordinates": [
          13.586658532297914,
          47.2810372599766
        ]
      },
      "properties": {
        "system": "Austria",
        "type": "background",
        "presence": 0
      }
    },
    {
      "type": "Feature",
      "geometry": {
        "type": "Point",
        "coordinates": [
          14.463311069411244,
          48.56749008873717
        ]
      },
      "properties": {
        "system": "Austria",
        "type": "background",
        "presence": 0
      }
    },
    {
      "type": "Feature",
      "geometry": {
        "type": "Point",
        "coordinates": [
          13.566360791799934,
          48.458260990513125
        ]
      },
      "properties": {
        "system": "Austria",
        "type": "background",
        "presence": 0
      }
    },
    {
      "type": "Feature",
      "geometry": {
        "type": "Point",
        "coordinates": [
          11.73626846092736,
          48.03420529717883
        ]
      },
      "properties": {
        "system": "Austria",
        "type": "background",
        "presence": 0
      }
    },
    {
      "type": "Feature",
      "geometry": {
        "type": "Point",
        "coordinates": [
          11.09459357035975,
          48.28639079039335
        ]
      },
      "properties": {
        "system": "Austria",
        "type": "background",
        "presence": 0
      }
    },
    {
      "type": "Feature",
      "geometry": {
        "type": "Point",
        "coordinates": [
          16.020760788282665,
          48.187235772568144
        ]
      },
      "properties": {
        "system": "Austria",
        "type": "background",
        "presence": 0
      }
    },
    {
      "type": "Feature",
      "geometry": {
        "type": "Point",
        "coordinates": [
          14.177403598475184,
          46.79569031664672
        ]
      },
      "properties": {
        "system": "Austria",
        "type": "background",
        "presence": 0
      }
    },
    {
      "type": "Feature",
      "geometry": {
        "type": "Point",
        "coordinates": [
          15.010530046355086,
          46.70417178537263
        ]
      },
      "properties": {
        "system": "Austria",
        "type": "background",
        "presence": 0
      }
    },
    {
      "type": "Feature",
      "geometry": {
        "type": "Point",
        "coordinates": [
          16.583637693268784,
          46.67795173015057
        ]
      },
      "properties": {
        "system": "Austria",
        "type": "background",
        "presence": 0
      }
    },
    {
      "type": "Feature",
      "geometry": {
        "type": "Point",
        "coordinates": [
          16.755300880137646,
          46.80880981098348
        ]
      },
      "properties": {
        "system": "Austria",
        "type": "background",
        "presence": 0
      }
    },
    {
      "type": "Feature",
      "geometry": {
        "type": "Point",
        "coordinates": [
          14.022522439421728,
          48.44958656745845
        ]
      },
      "properties": {
        "system": "Austria",
        "type": "background",
        "presence": 0
      }
    },
    {
      "type": "Feature",
      "geometry": {
        "type": "Point",
        "coordinates": [
          11.476067636778636,
          48.80852492634726
        ]
      },
      "properties": {
        "system": "Austria",
        "type": "background",
        "presence": 0
      }
    },
    {
      "type": "Feature",
      "geometry": {
        "type": "Point",
        "coordinates": [
          10.291253145374414,
          47.9282576892211
        ]
      },
      "properties": {
        "system": "Austria",
        "type": "background",
        "presence": 0
      }
    },
    {
      "type": "Feature",
      "geometry": {
        "type": "Point",
        "coordinates": [
          10.86177282852634,
          47.992777776159656
        ]
      },
      "properties": {
        "system": "Austria",
        "type": "background",
        "presence": 0
      }
    },
    {
      "type": "Feature",
      "geometry": {
        "type": "Point",
        "coordinates": [
          13.863497536515297,
          47.86612286217135
        ]
      },
      "properties": {
        "system": "Austria",
        "type": "background",
        "presence": 0
      }
    },
    {
      "type": "Feature",
      "geometry": {
        "type": "Point",
        "coordinates": [
          13.490853576164698,
          47.62138128332258
        ]
      },
      "properties": {
        "system": "Austria",
        "type": "background",
        "presence": 0
      }
    },
    {
      "type": "Feature",
      "geometry": {
        "type": "Point",
        "coordinates": [
          15.560748213659794,
          48.35818254348629
        ]
      },
      "properties": {
        "system": "Austria",
        "type": "background",
        "presence": 0
      }
    },
    {
      "type": "Feature",
      "geometry": {
        "type": "Point",
        "coordinates": [
          14.066757722913708,
          47.68609490211804
        ]
      },
      "properties": {
        "system": "Austria",
        "type": "background",
        "presence": 0
      }
    },
    {
      "type": "Feature",
      "geometry": {
        "type": "Point",
        "coordinates": [
          10.475966442753904,
          48.77194721086162
        ]
      },
      "properties": {
        "system": "Austria",
        "type": "background",
        "presence": 0
      }
    },
    {
      "type": "Feature",
      "geometry": {
        "type": "Point",
        "coordinates": [
          10.23632653612828,
          46.75859711847097
        ]
      },
      "properties": {
        "system": "Austria",
        "type": "background",
        "presence": 0
      }
    },
    {
      "type": "Feature",
      "geometry": {
        "type": "Point",
        "coordinates": [
          12.71244591481441,
          48.09589590390522
        ]
      },
      "properties": {
        "system": "Austria",
        "type": "background",
        "presence": 0
      }
    },
    {
      "type": "Feature",
      "geometry": {
        "type": "Point",
        "coordinates": [
          14.602824665788198,
          48.38389686211878
        ]
      },
      "properties": {
        "system": "Austria",
        "type": "background",
        "presence": 0
      }
    },
    {
      "type": "Feature",
      "geometry": {
        "type": "Point",
        "coordinates": [
          16.30247687390637,
          47.294086176345736
        ]
      },
      "properties": {
        "system": "Austria",
        "type": "background",
        "presence": 0
      }
    },
    {
      "type": "Feature",
      "geometry": {
        "type": "Point",
        "coordinates": [
          11.604412962830844,
          48.35474199970572
        ]
      },
      "properties": {
        "system": "Austria",
        "type": "background",
        "presence": 0
      }
    },
    {
      "type": "Feature",
      "geometry": {
        "type": "Point",
        "coordinates": [
          11.9329543718685,
          47.36964685995029
        ]
      },
      "properties": {
        "system": "Austria",
        "type": "background",
        "presence": 0
      }
    },
    {
      "type": "Feature",
      "geometry": {
        "type": "Point",
        "coordinates": [
          10.68586297673322,
          46.85877360704963
        ]
      },
      "properties": {
        "system": "Austria",
        "type": "background",
        "presence": 0
      }
    },
    {
      "type": "Feature",
      "geometry": {
        "type": "Point",
        "coordinates": [
          12.85683591035827,
          48.78404321692822
        ]
      },
      "properties": {
        "system": "Austria",
        "type": "background",
        "presence": 0
      }
    },
    {
      "type": "Feature",
      "geometry": {
        "type": "Point",
        "coordinates": [
          15.040238158032816,
          47.41694992172854
        ]
      },
      "properties": {
        "system": "Austria",
        "type": "background",
        "presence": 0
      }
    },
    {
      "type": "Feature",
      "geometry": {
        "type": "Point",
        "coordinates": [
          16.58513552151221,
          47.83655185037042
        ]
      },
      "properties": {
        "system": "Austria",
        "type": "background",
        "presence": 0
      }
    },
    {
      "type": "Feature",
      "geometry": {
        "type": "Point",
        "coordinates": [
          13.167122448343935,
          48.39868559443793
        ]
      },
      "properties": {
        "system": "Austria",
        "type": "background",
        "presence": 0
      }
    },
    {
      "type": "Feature",
      "geometry": {
        "type": "Point",
        "coordinates": [
          16.9629638506687,
          47.39973697791808
        ]
      },
      "properties": {
        "system": "Austria",
        "type": "background",
        "presence": 0
      }
    },
    {
      "type": "Feature",
      "geometry": {
        "type": "Point",
        "coordinates": [
          16.697789640808743,
          48.24402106363701
        ]
      },
      "properties": {
        "system": "Austria",
        "type": "background",
        "presence": 0
      }
    },
    {
      "type": "Feature",
      "geometry": {
        "type": "Point",
        "coordinates": [
          15.944543521384626,
          46.761997521457744
        ]
      },
      "properties": {
        "system": "Austria",
        "type": "background",
        "presence": 0
      }
    },
    {
      "type": "Feature",
      "geometry": {
        "type": "Point",
        "coordinates": [
          10.492339918981648,
          48.04448371511026
        ]
      },
      "properties": {
        "system": "Austria",
        "type": "background",
        "presence": 0
      }
    },
    {
      "type": "Feature",
      "geometry": {
        "type": "Point",
        "coordinates": [
          14.714059100084071,
          47.923762033923886
        ]
      },
      "properties": {
        "system": "Austria",
        "type": "background",
        "presence": 0
      }
    },
    {
      "type": "Feature",
      "geometry": {
        "type": "Point",
        "coordinates": [
          12.97966130846179,
          46.49942454220252
        ]
      },
      "properties": {
        "system": "Austria",
        "type": "background",
        "presence": 0
      }
    },
    {
      "type": "Feature",
      "geometry": {
        "type": "Point",
        "coordinates": [
          11.790171586649825,
          48.5102129911885
        ]
      },
      "properties": {
        "system": "Austria",
        "type": "background",
        "presence": 0
      }
    },
    {
      "type": "Feature",
      "geometry": {
        "type": "Point",
        "coordinates": [
          12.889836612849043,
          47.60298940628782
        ]
      },
      "properties": {
        "system": "Austria",
        "type": "background",
        "presence": 0
      }
    },
    {
      "type": "Feature",
      "geometry": {
        "type": "Point",
        "coordinates": [
          16.45270070414289,
          47.215666439037285
        ]
      },
      "properties": {
        "system": "Austria",
        "type": "background",
        "presence": 0
      }
    },
    {
      "type": "Feature",
      "geometry": {
        "type": "Point",
        "coordinates": [
          10.407533079483894,
          48.40114014962214
        ]
      },
      "properties": {
        "system": "Austria",
        "type": "background",
        "presence": 0
      }
    },
    {
      "type": "Feature",
      "geometry": {
        "type": "Point",
        "coordinates": [
          16.159053781894855,
          48.93466670883232
        ]
      },
      "properties": {
        "system": "Austria",
        "type": "background",
        "presence": 0
      }
    },
    {
      "type": "Feature",
      "geometry": {
        "type": "Point",
        "coordinates": [
          15.8424971056028,
          47.17110556683777
        ]
      },
      "properties": {
        "system": "Austria",
        "type": "background",
        "presence": 0
      }
    },
    {
      "type": "Feature",
      "geometry": {
        "type": "Point",
        "coordinates": [
          17.056300698138728,
          46.73217550231793
        ]
      },
      "properties": {
        "system": "Austria",
        "type": "background",
        "presence": 0
      }
    },
    {
      "type": "Feature",
      "geometry": {
        "type": "Point",
        "coordinates": [
          14.444885491426476,
          48.115238352391465
        ]
      },
      "properties": {
        "system": "Austria",
        "type": "background",
        "presence": 0
      }
    },
    {
      "type": "Feature",
      "geometry": {
        "type": "Point",
        "coordinates": [
          16.292500923943447,
          46.69265991783176
        ]
      },
      "properties": {
        "system": "Austria",
        "type": "background",
        "presence": 0
      }
    },
    {
      "type": "Feature",
      "geometry": {
        "type": "Point",
        "coordinates": [
          11.382116358321904,
          46.54071577142465
        ]
      },
      "properties": {
        "system": "Austria",
        "type": "background",
        "presence": 0
      }
    },
    {
      "type": "Feature",
      "geometry": {
        "type": "Point",
        "coordinates": [
          15.392554500199871,
          46.822693097287086
        ]
      },
      "properties": {
        "system": "Austria",
        "type": "background",
        "presence": 0
      }
    },
    {
      "type": "Feature",
      "geometry": {
        "type": "Point",
        "coordinates": [
          16.394305853620413,
          46.95915905389749
        ]
      },
      "properties": {
        "system": "Austria",
        "type": "background",
        "presence": 0
      }
    },
    {
      "type": "Feature",
      "geometry": {
        "type": "Point",
        "coordinates": [
          9.850605562631811,
          48.091953334256885
        ]
      },
      "properties": {
        "system": "Austria",
        "type": "background",
        "presence": 0
      }
    },
    {
      "type": "Feature",
      "geometry": {
        "type": "Point",
        "coordinates": [
          9.966556193018748,
          46.48242797980028
        ]
      },
      "properties": {
        "system": "Austria",
        "type": "background",
        "presence": 0
      }
    },
    {
      "type": "Feature",
      "geometry": {
        "type": "Point",
        "coordinates": [
          15.577488390661005,
          47.96745296432283
        ]
      },
      "properties": {
        "system": "Austria",
        "type": "background",
        "presence": 0
      }
    },
    {
      "type": "Feature",
      "geometry": {
        "type": "Point",
        "coordinates": [
          15.936126371593351,
          47.058941125411536
        ]
      },
      "properties": {
        "system": "Austria",
        "type": "background",
        "presence": 0
      }
    },
    {
      "type": "Feature",
      "geometry": {
        "type": "Point",
        "coordinates": [
          15.573612516800662,
          46.61053458799901
        ]
      },
      "properties": {
        "system": "Austria",
        "type": "background",
        "presence": 0
      }
    },
    {
      "type": "Feature",
      "geometry": {
        "type": "Point",
        "coordinates": [
          15.35768715049808,
          48.76343809881605
        ]
      },
      "properties": {
        "system": "Austria",
        "type": "background",
        "presence": 0
      }
    },
    {
      "type": "Feature",
      "geometry": {
        "type": "Point",
        "coordinates": [
          15.850605976198231,
          48.19545269877917
        ]
      },
      "properties": {
        "system": "Austria",
        "type": "background",
        "presence": 0
      }
    },
    {
      "type": "Feature",
      "geometry": {
        "type": "Point",
        "coordinates": [
          11.08993553451069,
          46.568294163779896
        ]
      },
      "properties": {
        "system": "Austria",
        "type": "background",
        "presence": 0
      }
    },
    {
      "type": "Feature",
      "geometry": {
        "type": "Point",
        "coordinates": [
          13.355405399614115,
          46.77793625892286
        ]
      },
      "properties": {
        "system": "Austria",
        "type": "background",
        "presence": 0
      }
    },
    {
      "type": "Feature",
      "geometry": {
        "type": "Point",
        "coordinates": [
          14.294378632965191,
          48.311850241357234
        ]
      },
      "properties": {
        "system": "Austria",
        "type": "background",
        "presence": 0
      }
    },
    {
      "type": "Feature",
      "geometry": {
        "type": "Point",
        "coordinates": [
          10.741458822436684,
          48.57384720971127
        ]
      },
      "properties": {
        "system": "Austria",
        "type": "background",
        "presence": 0
      }
    },
    {
      "type": "Feature",
      "geometry": {
        "type": "Point",
        "coordinates": [
          11.02452947617201,
          48.285717960355655
        ]
      },
      "properties": {
        "system": "Austria",
        "type": "background",
        "presence": 0
      }
    },
    {
      "type": "Feature",
      "geometry": {
        "type": "Point",
        "coordinates": [
          14.892216849755997,
          47.13858639200892
        ]
      },
      "properties": {
        "system": "Austria",
        "type": "background",
        "presence": 0
      }
    },
    {
      "type": "Feature",
      "geometry": {
        "type": "Point",
        "coordinates": [
          14.15618080352641,
          48.89304643305444
        ]
      },
      "properties": {
        "system": "Austria",
        "type": "background",
        "presence": 0
      }
    },
    {
      "type": "Feature",
      "geometry": {
        "type": "Point",
        "coordinates": [
          14.191840021967728,
          46.60377927897348
        ]
      },
      "properties": {
        "system": "Austria",
        "type": "background",
        "presence": 0
      }
    },
    {
      "type": "Feature",
      "geometry": {
        "type": "Point",
        "coordinates": [
          16.196062358157892,
          46.57373291405776
        ]
      },
      "properties": {
        "system": "Austria",
        "type": "background",
        "presence": 0
      }
    },
    {
      "type": "Feature",
      "geometry": {
        "type": "Point",
        "coordinates": [
          10.875515674779592,
          48.22378709905384
        ]
      },
      "properties": {
        "system": "Austria",
        "type": "background",
        "presence": 0
      }
    },
    {
      "type": "Feature",
      "geometry": {
        "type": "Point",
        "coordinates": [
          10.953379151711427,
          46.69582604740325
        ]
      },
      "properties": {
        "system": "Austria",
        "type": "background",
        "presence": 0
      }
    },
    {
      "type": "Feature",
      "geometry": {
        "type": "Point",
        "coordinates": [
          13.011409287516878,
          48.89260721503752
        ]
      },
      "properties": {
        "system": "Austria",
        "type": "background",
        "presence": 0
      }
    },
    {
      "type": "Feature",
      "geometry": {
        "type": "Point",
        "coordinates": [
          14.342243623992491,
          48.4080321852483
        ]
      },
      "properties": {
        "system": "Austria",
        "type": "background",
        "presence": 0
      }
    },
    {
      "type": "Feature",
      "geometry": {
        "type": "Point",
        "coordinates": [
          10.666009695658566,
          47.88457771984771
        ]
      },
      "properties": {
        "system": "Austria",
        "type": "background",
        "presence": 0
      }
    },
    {
      "type": "Feature",
      "geometry": {
        "type": "Point",
        "coordinates": [
          11.834946919107631,
          48.80851847364917
        ]
      },
      "properties": {
        "system": "Austria",
        "type": "background",
        "presence": 0
      }
    },
    {
      "type": "Feature",
      "geometry": {
        "type": "Point",
        "coordinates": [
          14.81642339335998,
          47.898436574692056
        ]
      },
      "properties": {
        "system": "Austria",
        "type": "background",
        "presence": 0
      }
    },
    {
      "type": "Feature",
      "geometry": {
        "type": "Point",
        "coordinates": [
          16.618467967751563,
          48.074553592921646
        ]
      },
      "properties": {
        "system": "Austria",
        "type": "background",
        "presence": 0
      }
    },
    {
      "type": "Feature",
      "geometry": {
        "type": "Point",
        "coordinates": [
          13.384003541798467,
          46.83608962207231
        ]
      },
      "properties": {
        "system": "Austria",
        "type": "background",
        "presence": 0
      }
    },
    {
      "type": "Feature",
      "geometry": {
        "type": "Point",
        "coordinates": [
          13.12820460271843,
          47.46817704830192
        ]
      },
      "properties": {
        "system": "Austria",
        "type": "background",
        "presence": 0
      }
    },
    {
      "type": "Feature",
      "geometry": {
        "type": "Point",
        "coordinates": [
          10.583429965677905,
          46.76382494228702
        ]
      },
      "properties": {
        "system": "Austria",
        "type": "background",
        "presence": 0
      }
    },
    {
      "type": "Feature",
      "geometry": {
        "type": "Point",
        "coordinates": [
          11.8601045499423,
          47.15668082471705
        ]
      },
      "properties": {
        "system": "Austria",
        "type": "background",
        "presence": 0
      }
    },
    {
      "type": "Feature",
      "geometry": {
        "type": "Point",
        "coordinates": [
          14.15201981447509,
          47.527204647433976
        ]
      },
      "properties": {
        "system": "Austria",
        "type": "background",
        "presence": 0
      }
    },
    {
      "type": "Feature",
      "geometry": {
        "type": "Point",
        "coordinates": [
          12.661580939149822,
          48.03843780737537
        ]
      },
      "properties": {
        "system": "Austria",
        "type": "background",
        "presence": 0
      }
    },
    {
      "type": "Feature",
      "geometry": {
        "type": "Point",
        "coordinates": [
          11.208514265273369,
          47.47992062961717
        ]
      },
      "properties": {
        "system": "Austria",
        "type": "background",
        "presence": 0
      }
    },
    {
      "type": "Feature",
      "geometry": {
        "type": "Point",
        "coordinates": [
          11.95241713938689,
          47.92388135231548
        ]
      },
      "properties": {
        "system": "Austria",
        "type": "background",
        "presence": 0
      }
    },
    {
      "type": "Feature",
      "geometry": {
        "type": "Point",
        "coordinates": [
          12.710887530425786,
          46.55817597016792
        ]
      },
      "properties": {
        "system": "Austria",
        "type": "background",
        "presence": 0
      }
    },
    {
      "type": "Feature",
      "geometry": {
        "type": "Point",
        "coordinates": [
          11.26811143277211,
          47.64153010549799
        ]
      },
      "properties": {
        "system": "Austria",
        "type": "background",
        "presence": 0
      }
    },
    {
      "type": "Feature",
      "geometry": {
        "type": "Point",
        "coordinates": [
          13.813671130932065,
          47.884688468611
        ]
      },
      "properties": {
        "system": "Austria",
        "type": "background",
        "presence": 0
      }
    },
    {
      "type": "Feature",
      "geometry": {
        "type": "Point",
        "coordinates": [
          14.428598492311654,
          48.20505139388595
        ]
      },
      "properties": {
        "system": "Austria",
        "type": "background",
        "presence": 0
      }
    },
    {
      "type": "Feature",
      "geometry": {
        "type": "Point",
        "coordinates": [
          11.946230498099316,
          48.08246694877651
        ]
      },
      "properties": {
        "system": "Austria",
        "type": "background",
        "presence": 0
      }
    },
    {
      "type": "Feature",
      "geometry": {
        "type": "Point",
        "coordinates": [
          13.6892474224764,
          48.41631988497127
        ]
      },
      "properties": {
        "system": "Austria",
        "type": "background",
        "presence": 0
      }
    },
    {
      "type": "Feature",
      "geometry": {
        "type": "Point",
        "coordinates": [
          14.264451394881933,
          47.53589719667987
        ]
      },
      "properties": {
        "system": "Austria",
        "type": "background",
        "presence": 0
      }
    },
    {
      "type": "Feature",
      "geometry": {
        "type": "Point",
        "coordinates": [
          13.416827767392371,
          47.36090558809548
        ]
      },
      "properties": {
        "system": "Austria",
        "type": "background",
        "presence": 0
      }
    },
    {
      "type": "Feature",
      "geometry": {
        "type": "Point",
        "coordinates": [
          16.212952801353502,
          48.29087316761653
        ]
      },
      "properties": {
        "system": "Austria",
        "type": "background",
        "presence": 0
      }
    },
    {
      "type": "Feature",
      "geometry": {
        "type": "Point",
        "coordinates": [
          13.34868517914513,
          48.74677444891101
        ]
      },
      "properties": {
        "system": "Austria",
        "type": "background",
        "presence": 0
      }
    },
    {
      "type": "Feature",
      "geometry": {
        "type": "Point",
        "coordinates": [
          15.565430283745789,
          47.75564035875343
        ]
      },
      "properties": {
        "system": "Austria",
        "type": "background",
        "presence": 0
      }
    },
    {
      "type": "Feature",
      "geometry": {
        "type": "Point",
        "coordinates": [
          15.846132217428147,
          47.24663656068341
        ]
      },
      "properties": {
        "system": "Austria",
        "type": "background",
        "presence": 0
      }
    },
    {
      "type": "Feature",
      "geometry": {
        "type": "Point",
        "coordinates": [
          10.446955868200812,
          47.69101229183759
        ]
      },
      "properties": {
        "system": "Austria",
        "type": "background",
        "presence": 0
      }
    },
    {
      "type": "Feature",
      "geometry": {
        "type": "Point",
        "coordinates": [
          15.8806351982083,
          46.64720227071139
        ]
      },
      "properties": {
        "system": "Austria",
        "type": "background",
        "presence": 0
      }
    },
    {
      "type": "Feature",
      "geometry": {
        "type": "Point",
        "coordinates": [
          11.679815376588149,
          46.60641945851071
        ]
      },
      "properties": {
        "system": "Austria",
        "type": "background",
        "presence": 0
      }
    },
    {
      "type": "Feature",
      "geometry": {
        "type": "Point",
        "coordinates": [
          10.874517433368696,
          47.29530359016032
        ]
      },
      "properties": {
        "system": "Austria",
        "type": "background",
        "presence": 0
      }
    },
    {
      "type": "Feature",
      "geometry": {
        "type": "Point",
        "coordinates": [
          15.137568476803814,
          47.24525830352032
        ]
      },
      "properties": {
        "system": "Austria",
        "type": "background",
        "presence": 0
      }
    },
    {
      "type": "Feature",
      "geometry": {
        "type": "Point",
        "coordinates": [
          15.769738735688296,
          46.50531067212405
        ]
      },
      "properties": {
        "system": "Austria",
        "type": "background",
        "presence": 0
      }
    },
    {
      "type": "Feature",
      "geometry": {
        "type": "Point",
        "coordinates": [
          12.365633352192354,
          48.587243262299886
        ]
      },
      "properties": {
        "system": "Austria",
        "type": "background",
        "presence": 0
      }
    },
    {
      "type": "Feature",
      "geometry": {
        "type": "Point",
        "coordinates": [
          14.07608877265304,
          46.84888469937695
        ]
      },
      "properties": {
        "system": "Austria",
        "type": "background",
        "presence": 0
      }
    },
    {
      "type": "Feature",
      "geometry": {
        "type": "Point",
        "coordinates": [
          12.310691578948564,
          46.76495023065389
        ]
      },
      "properties": {
        "system": "Austria",
        "type": "background",
        "presence": 0
      }
    },
    {
      "type": "Feature",
      "geometry": {
        "type": "Point",
        "coordinates": [
          17.029060648343354,
          48.8391953643681
        ]
      },
      "properties": {
        "system": "Austria",
        "type": "background",
        "presence": 0
      }
    },
    {
      "type": "Feature",
      "geometry": {
        "type": "Point",
        "coordinates": [
          11.906924978737091,
          48.37841539631989
        ]
      },
      "properties": {
        "system": "Austria",
        "type": "background",
        "presence": 0
      }
    },
    {
      "type": "Feature",
      "geometry": {
        "type": "Point",
        "coordinates": [
          14.858555832916869,
          48.16959566658775
        ]
      },
      "properties": {
        "system": "Austria",
        "type": "background",
        "presence": 0
      }
    },
    {
      "type": "Feature",
      "geometry": {
        "type": "Point",
        "coordinates": [
          14.37576965260823,
          47.428132512139705
        ]
      },
      "properties": {
        "system": "Austria",
        "type": "background",
        "presence": 0
      }
    },
    {
      "type": "Feature",
      "geometry": {
        "type": "Point",
        "coordinates": [
          11.144378459320572,
          46.49552946602485
        ]
      },
      "properties": {
        "system": "Austria",
        "type": "background",
        "presence": 0
      }
    },
    {
      "type": "Feature",
      "geometry": {
        "type": "Point",
        "coordinates": [
          10.805351009764829,
          47.767543373238034
        ]
      },
      "properties": {
        "system": "Austria",
        "type": "background",
        "presence": 0
      }
    },
    {
      "type": "Feature",
      "geometry": {
        "type": "Point",
        "coordinates": [
          15.83806500618743,
          46.87928768425867
        ]
      },
      "properties": {
        "system": "Austria",
        "type": "background",
        "presence": 0
      }
    },
    {
      "type": "Feature",
      "geometry": {
        "type": "Point",
        "coordinates": [
          13.74031922993688,
          48.91512591563656
        ]
      },
      "properties": {
        "system": "Austria",
        "type": "background",
        "presence": 0
      }
    },
    {
      "type": "Feature",
      "geometry": {
        "type": "Point",
        "coordinates": [
          16.990577014153494,
          48.54401944447048
        ]
      },
      "properties": {
        "system": "Austria",
        "type": "background",
        "presence": 0
      }
    },
    {
      "type": "Feature",
      "geometry": {
        "type": "Point",
        "coordinates": [
          12.934221923982308,
          46.81916663243058
        ]
      },
      "properties": {
        "system": "Austria",
        "type": "background",
        "presence": 0
      }
    },
    {
      "type": "Feature",
      "geometry": {
        "type": "Point",
        "coordinates": [
          10.179008789524405,
          47.43983232627707
        ]
      },
      "properties": {
        "system": "Austria",
        "type": "background",
        "presence": 0
      }
    },
    {
      "type": "Feature",
      "geometry": {
        "type": "Point",
        "coordinates": [
          12.825968461454964,
          48.3369315173214
        ]
      },
      "properties": {
        "system": "Austria",
        "type": "background",
        "presence": 0
      }
    },
    {
      "type": "Feature",
      "geometry": {
        "type": "Point",
        "coordinates": [
          10.707485863044475,
          47.629645508252864
        ]
      },
      "properties": {
        "system": "Austria",
        "type": "background",
        "presence": 0
      }
    },
    {
      "type": "Feature",
      "geometry": {
        "type": "Point",
        "coordinates": [
          16.367856404594956,
          46.91643161096694
        ]
      },
      "properties": {
        "system": "Austria",
        "type": "background",
        "presence": 0
      }
    },
    {
      "type": "Feature",
      "geometry": {
        "type": "Point",
        "coordinates": [
          11.322433648233751,
          46.57941719703339
        ]
      },
      "properties": {
        "system": "Austria",
        "type": "background",
        "presence": 0
      }
    },
    {
      "type": "Feature",
      "geometry": {
        "type": "Point",
        "coordinates": [
          13.24814820979107,
          47.19126272386783
        ]
      },
      "properties": {
        "system": "Austria",
        "type": "background",
        "presence": 0
      }
    },
    {
      "type": "Feature",
      "geometry": {
        "type": "Point",
        "coordinates": [
          13.271288889290538,
          47.91927891286559
        ]
      },
      "properties": {
        "system": "Austria",
        "type": "background",
        "presence": 0
      }
    },
    {
      "type": "Feature",
      "geometry": {
        "type": "Point",
        "coordinates": [
          11.403363558698905,
          46.67701722235917
        ]
      },
      "properties": {
        "system": "Austria",
        "type": "background",
        "presence": 0
      }
    },
    {
      "type": "Feature",
      "geometry": {
        "type": "Point",
        "coordinates": [
          14.351076245680307,
          48.55519407551776
        ]
      },
      "properties": {
        "system": "Austria",
        "type": "background",
        "presence": 0
      }
    },
    {
      "type": "Feature",
      "geometry": {
        "type": "Point",
        "coordinates": [
          14.595130959794188,
          48.07434560098206
        ]
      },
      "properties": {
        "system": "Austria",
        "type": "background",
        "presence": 0
      }
    },
    {
      "type": "Feature",
      "geometry": {
        "type": "Point",
        "coordinates": [
          10.01482576872159,
          48.35565916608476
        ]
      },
      "properties": {
        "system": "Austria",
        "type": "background",
        "presence": 0
      }
    },
    {
      "type": "Feature",
      "geometry": {
        "type": "Point",
        "coordinates": [
          13.61728379806314,
          47.37562253593835
        ]
      },
      "properties": {
        "system": "Austria",
        "type": "background",
        "presence": 0
      }
    },
    {
      "type": "Feature",
      "geometry": {
        "type": "Point",
        "coordinates": [
          15.899235408808016,
          47.30600288319429
        ]
      },
      "properties": {
        "system": "Austria",
        "type": "background",
        "presence": 0
      }
    },
    {
      "type": "Feature",
      "geometry": {
        "type": "Point",
        "coordinates": [
          15.331640251924531,
          47.66240181373638
        ]
      },
      "properties": {
        "system": "Austria",
        "type": "background",
        "presence": 0
      }
    },
    {
      "type": "Feature",
      "geometry": {
        "type": "Point",
        "coordinates": [
          13.357354666566875,
          48.57603437324713
        ]
      },
      "properties": {
        "system": "Austria",
        "type": "background",
        "presence": 0
      }
    },
    {
      "type": "Feature",
      "geometry": {
        "type": "Point",
        "coordinates": [
          13.973448447038226,
          48.71832269909385
        ]
      },
      "properties": {
        "system": "Austria",
        "type": "background",
        "presence": 0
      }
    },
    {
      "type": "Feature",
      "geometry": {
        "type": "Point",
        "coordinates": [
          12.128640923411377,
          48.57172834101579
        ]
      },
      "properties": {
        "system": "Austria",
        "type": "background",
        "presence": 0
      }
    },
    {
      "type": "Feature",
      "geometry": {
        "type": "Point",
        "coordinates": [
          13.556548819837252,
          47.702574338448365
        ]
      },
      "properties": {
        "system": "Austria",
        "type": "background",
        "presence": 0
      }
    },
    {
      "type": "Feature",
      "geometry": {
        "type": "Point",
        "coordinates": [
          12.562368407647629,
          46.72861483741099
        ]
      },
      "properties": {
        "system": "Austria",
        "type": "background",
        "presence": 0
      }
    },
    {
      "type": "Feature",
      "geometry": {
        "type": "Point",
        "coordinates": [
          14.300517654649369,
          48.73757606422029
        ]
      },
      "properties": {
        "system": "Austria",
        "type": "background",
        "presence": 0
      }
    },
    {
      "type": "Feature",
      "geometry": {
        "type": "Point",
        "coordinates": [
          12.115656721266674,
          46.90797377836663
        ]
      },
      "properties": {
        "system": "Austria",
        "type": "background",
        "presence": 0
      }
    },
    {
      "type": "Feature",
      "geometry": {
        "type": "Point",
        "coordinates": [
          9.765751495248718,
          46.942834242895856
        ]
      },
      "properties": {
        "system": "Austria",
        "type": "background",
        "presence": 0
      }
    },
    {
      "type": "Feature",
      "geometry": {
        "type": "Point",
        "coordinates": [
          12.933935437346168,
          48.76260971388046
        ]
      },
      "properties": {
        "system": "Austria",
        "type": "background",
        "presence": 0
      }
    },
    {
      "type": "Feature",
      "geometry": {
        "type": "Point",
        "coordinates": [
          14.058404824426542,
          47.229534234096604
        ]
      },
      "properties": {
        "system": "Austria",
        "type": "background",
        "presence": 0
      }
    },
    {
      "type": "Feature",
      "geometry": {
        "type": "Point",
        "coordinates": [
          11.660439423693887,
          46.48708865041263
        ]
      },
      "properties": {
        "system": "Austria",
        "type": "background",
        "presence": 0
      }
    },
    {
      "type": "Feature",
      "geometry": {
        "type": "Point",
        "coordinates": [
          14.322499211877291,
          48.20760176067336
        ]
      },
      "properties": {
        "system": "Austria",
        "type": "background",
        "presence": 0
      }
    },
    {
      "type": "Feature",
      "geometry": {
        "type": "Point",
        "coordinates": [
          14.222136741371145,
          48.89700610827269
        ]
      },
      "properties": {
        "system": "Austria",
        "type": "background",
        "presence": 0
      }
    },
    {
      "type": "Feature",
      "geometry": {
        "type": "Point",
        "coordinates": [
          15.277799870305929,
          47.649872025481386
        ]
      },
      "properties": {
        "system": "Austria",
        "type": "background",
        "presence": 0
      }
    },
    {
      "type": "Feature",
      "geometry": {
        "type": "Point",
        "coordinates": [
          14.972967769293424,
          48.7029298273671
        ]
      },
      "properties": {
        "system": "Austria",
        "type": "background",
        "presence": 0
      }
    },
    {
      "type": "Feature",
      "geometry": {
        "type": "Point",
        "coordinates": [
          15.431744692633778,
          48.85102135583762
        ]
      },
      "properties": {
        "system": "Austria",
        "type": "background",
        "presence": 0
      }
    },
    {
      "type": "Feature",
      "geometry": {
        "type": "Point",
        "coordinates": [
          10.433840764667156,
          48.61259995682175
        ]
      },
      "properties": {
        "system": "Austria",
        "type": "background",
        "presence": 0
      }
    },
    {
      "type": "Feature",
      "geometry": {
        "type": "Point",
        "coordinates": [
          12.8731837385633,
          48.28025859290364
        ]
      },
      "properties": {
        "system": "Austria",
        "type": "background",
        "presence": 0
      }
    },
    {
      "type": "Feature",
      "geometry": {
        "type": "Point",
        "coordinates": [
          14.474648330156477,
          47.83682570336308
        ]
      },
      "properties": {
        "system": "Austria",
        "type": "background",
        "presence": 0
      }
    },
    {
      "type": "Feature",
      "geometry": {
        "type": "Point",
        "coordinates": [
          16.947597783352848,
          48.86735278361287
        ]
      },
      "properties": {
        "system": "Austria",
        "type": "background",
        "presence": 0
      }
    },
    {
      "type": "Feature",
      "geometry": {
        "type": "Point",
        "coordinates": [
          15.070677421327924,
          47.18178845109159
        ]
      },
      "properties": {
        "system": "Austria",
        "type": "background",
        "presence": 0
      }
    },
    {
      "type": "Feature",
      "geometry": {
        "type": "Point",
        "coordinates": [
          12.172806081205543,
          48.32370928931392
        ]
      },
      "properties": {
        "system": "Austria",
        "type": "background",
        "presence": 0
      }
    },
    {
      "type": "Feature",
      "geometry": {
        "type": "Point",
        "coordinates": [
          9.88640610381804,
          46.77532995323922
        ]
      },
      "properties": {
        "system": "Austria",
        "type": "background",
        "presence": 0
      }
    },
    {
      "type": "Feature",
      "geometry": {
        "type": "Point",
        "coordinates": [
          13.244423168015906,
          48.39136955437966
        ]
      },
      "properties": {
        "system": "Austria",
        "type": "background",
        "presence": 0
      }
    },
    {
      "type": "Feature",
      "geometry": {
        "type": "Point",
        "coordinates": [
          13.059396372697105,
          48.90624083916095
        ]
      },
      "properties": {
        "system": "Austria",
        "type": "background",
        "presence": 0
      }
    },
    {
      "type": "Feature",
      "geometry": {
        "type": "Point",
        "coordinates": [
          12.65982322441815,
          48.887388689249605
        ]
      },
      "properties": {
        "system": "Austria",
        "type": "background",
        "presence": 0
      }
    },
    {
      "type": "Feature",
      "geometry": {
        "type": "Point",
        "coordinates": [
          10.21470261470944,
          48.43177595833481
        ]
      },
      "properties": {
        "system": "Austria",
        "type": "background",
        "presence": 0
      }
    },
    {
      "type": "Feature",
      "geometry": {
        "type": "Point",
        "coordinates": [
          15.581813386014172,
          47.84265680917069
        ]
      },
      "properties": {
        "system": "Austria",
        "type": "background",
        "presence": 0
      }
    },
    {
      "type": "Feature",
      "geometry": {
        "type": "Point",
        "coordinates": [
          15.73538926709024,
          48.75578722303479
        ]
      },
      "properties": {
        "system": "Austria",
        "type": "background",
        "presence": 0
      }
    },
    {
      "type": "Feature",
      "geometry": {
        "type": "Point",
        "coordinates": [
          12.368931619998293,
          46.5604286083685
        ]
      },
      "properties": {
        "system": "Austria",
        "type": "background",
        "presence": 0
      }
    },
    {
      "type": "Feature",
      "geometry": {
        "type": "Point",
        "coordinates": [
          10.397759384410238,
          46.58943132203216
        ]
      },
      "properties": {
        "system": "Austria",
        "type": "background",
        "presence": 0
      }
    },
    {
      "type": "Feature",
      "geometry": {
        "type": "Point",
        "coordinates": [
          14.917311083000437,
          48.13903081969469
        ]
      },
      "properties": {
        "system": "Austria",
        "type": "background",
        "presence": 0
      }
    },
    {
      "type": "Feature",
      "geometry": {
        "type": "Point",
        "coordinates": [
          16.056211349100522,
          48.382411248444775
        ]
      },
      "properties": {
        "system": "Austria",
        "type": "background",
        "presence": 0
      }
    },
    {
      "type": "Feature",
      "geometry": {
        "type": "Point",
        "coordinates": [
          11.335026530752238,
          46.59008725439297
        ]
      },
      "properties": {
        "system": "Austria",
        "type": "background",
        "presence": 0
      }
    },
    {
      "type": "Feature",
      "geometry": {
        "type": "Point",
        "coordinates": [
          16.001351654507552,
          48.00695319355698
        ]
      },
      "properties": {
        "system": "Austria",
        "type": "background",
        "presence": 0
      }
    },
    {
      "type": "Feature",
      "geometry": {
        "type": "Point",
        "coordinates": [
          13.430971367056646,
          46.48012880897578
        ]
      },
      "properties": {
        "system": "Austria",
        "type": "background",
        "presence": 0
      }
    },
    {
      "type": "Feature",
      "geometry": {
        "type": "Point",
        "coordinates": [
          9.801551344549411,
          48.14393173862816
        ]
      },
      "properties": {
        "system": "Austria",
        "type": "background",
        "presence": 0
      }
    },
    {
      "type": "Feature",
      "geometry": {
        "type": "Point",
        "coordinates": [
          16.282035817394203,
          47.46155229382953
        ]
      },
      "properties": {
        "system": "Austria",
        "type": "background",
        "presence": 0
      }
    },
    {
      "type": "Feature",
      "geometry": {
        "type": "Point",
        "coordinates": [
          11.35839753302735,
          48.12989847630054
        ]
      },
      "properties": {
        "system": "Austria",
        "type": "background",
        "presence": 0
      }
    },
    {
      "type": "Feature",
      "geometry": {
        "type": "Point",
        "coordinates": [
          12.184319141373395,
          48.57792773357972
        ]
      },
      "properties": {
        "system": "Austria",
        "type": "background",
        "presence": 0
      }
    },
    {
      "type": "Feature",
      "geometry": {
        "type": "Point",
        "coordinates": [
          11.81699534132277,
          48.57932137173926
        ]
      },
      "properties": {
        "system": "Austria",
        "type": "background",
        "presence": 0
      }
    },
    {
      "type": "Feature",
      "geometry": {
        "type": "Point",
        "coordinates": [
          12.550302526957042,
          47.92886198043403
        ]
      },
      "properties": {
        "system": "Austria",
        "type": "background",
        "presence": 0
      }
    },
    {
      "type": "Feature",
      "geometry": {
        "type": "Point",
        "coordinates": [
          16.214110237732097,
          47.148642350517285
        ]
      },
      "properties": {
        "system": "Austria",
        "type": "background",
        "presence": 0
      }
    },
    {
      "type": "Feature",
      "geometry": {
        "type": "Point",
        "coordinates": [
          10.214645137217214,
          46.93291917543636
        ]
      },
      "properties": {
        "system": "Austria",
        "type": "background",
        "presence": 0
      }
    },
    {
      "type": "Feature",
      "geometry": {
        "type": "Point",
        "coordinates": [
          14.95009374180185,
          47.31458531902342
        ]
      },
      "properties": {
        "system": "Austria",
        "type": "background",
        "presence": 0
      }
    },
    {
      "type": "Feature",
      "geometry": {
        "type": "Point",
        "coordinates": [
          17.0535966382096,
          48.46577836157935
        ]
      },
      "properties": {
        "system": "Austria",
        "type": "background",
        "presence": 0
      }
    },
    {
      "type": "Feature",
      "geometry": {
        "type": "Point",
        "coordinates": [
          12.632629620315384,
          47.20190336698861
        ]
      },
      "properties": {
        "system": "Austria",
        "type": "background",
        "presence": 0
      }
    },
    {
      "type": "Feature",
      "geometry": {
        "type": "Point",
        "coordinates": [
          13.881766649369158,
          46.80735902056727
        ]
      },
      "properties": {
        "system": "Austria",
        "type": "background",
        "presence": 0
      }
    },
    {
      "type": "Feature",
      "geometry": {
        "type": "Point",
        "coordinates": [
          14.824692598732888,
          48.9360154321512
        ]
      },
      "properties": {
        "system": "Austria",
        "type": "background",
        "presence": 0
      }
    },
    {
      "type": "Feature",
      "geometry": {
        "type": "Point",
        "coordinates": [
          12.516097922333785,
          47.94096135434227
        ]
      },
      "properties": {
        "system": "Austria",
        "type": "background",
        "presence": 0
      }
    },
    {
      "type": "Feature",
      "geometry": {
        "type": "Point",
        "coordinates": [
          13.298426888843403,
          48.73253383418618
        ]
      },
      "properties": {
        "system": "Austria",
        "type": "background",
        "presence": 0
      }
    },
    {
      "type": "Feature",
      "geometry": {
        "type": "Point",
        "coordinates": [
          12.314127040119114,
          46.8012893766232
        ]
      },
      "properties": {
        "system": "Austria",
        "type": "background",
        "presence": 0
      }
    },
    {
      "type": "Feature",
      "geometry": {
        "type": "Point",
        "coordinates": [
          11.091409139025153,
          46.63510317206053
        ]
      },
      "properties": {
        "system": "Austria",
        "type": "background",
        "presence": 0
      }
    },
    {
      "type": "Feature",
      "geometry": {
        "type": "Point",
        "coordinates": [
          12.971893615170725,
          46.51269489541279
        ]
      },
      "properties": {
        "system": "Austria",
        "type": "background",
        "presence": 0
      }
    },
    {
      "type": "Feature",
      "geometry": {
        "type": "Point",
        "coordinates": [
          12.148857495981366,
          48.03821807522579
        ]
      },
      "properties": {
        "system": "Austria",
        "type": "background",
        "presence": 0
      }
    },
    {
      "type": "Feature",
      "geometry": {
        "type": "Point",
        "coordinates": [
          16.75776298869596,
          47.50860412093255
        ]
      },
      "properties": {
        "system": "Austria",
        "type": "background",
        "presence": 0
      }
    },
    {
      "type": "Feature",
      "geometry": {
        "type": "Point",
        "coordinates": [
          13.627230214259068,
          48.32860479965477
        ]
      },
      "properties": {
        "system": "Austria",
        "type": "background",
        "presence": 0
      }
    },
    {
      "type": "Feature",
      "geometry": {
        "type": "Point",
        "coordinates": [
          16.292227045218322,
          47.17266958415154
        ]
      },
      "properties": {
        "system": "Austria",
        "type": "background",
        "presence": 0
      }
    },
    {
      "type": "Feature",
      "geometry": {
        "type": "Point",
        "coordinates": [
          12.014539652456294,
          47.050395170045874
        ]
      },
      "properties": {
        "system": "Austria",
        "type": "background",
        "presence": 0
      }
    },
    {
      "type": "Feature",
      "geometry": {
        "type": "Point",
        "coordinates": [
          13.542563199698195,
          48.71711728606795
        ]
      },
      "properties": {
        "system": "Austria",
        "type": "background",
        "presence": 0
      }
    },
    {
      "type": "Feature",
      "geometry": {
        "type": "Point",
        "coordinates": [
          14.00054329472746,
          48.304752288910656
        ]
      },
      "properties": {
        "system": "Austria",
        "type": "background",
        "presence": 0
      }
    },
    {
      "type": "Feature",
      "geometry": {
        "type": "Point",
        "coordinates": [
          11.82028517040544,
          48.08495516388048
        ]
      },
      "properties": {
        "system": "Austria",
        "type": "background",
        "presence": 0
      }
    },
    {
      "type": "Feature",
      "geometry": {
        "type": "Point",
        "coordinates": [
          11.993210233863122,
          47.06591310840274
        ]
      },
      "properties": {
        "system": "Austria",
        "type": "background",
        "presence": 0
      }
    },
    {
      "type": "Feature",
      "geometry": {
        "type": "Point",
        "coordinates": [
          16.12249439547111,
          46.8534069879783
        ]
      },
      "properties": {
        "system": "Austria",
        "type": "background",
        "presence": 0
      }
    },
    {
      "type": "Feature",
      "geometry": {
        "type": "Point",
        "coordinates": [
          13.78162513840284,
          47.16946966592754
        ]
      },
      "properties": {
        "system": "Austria",
        "type": "background",
        "presence": 0
      }
    },
    {
      "type": "Feature",
      "geometry": {
        "type": "Point",
        "coordinates": [
          15.445355810458464,
          48.42755275337462
        ]
      },
      "properties": {
        "system": "Austria",
        "type": "background",
        "presence": 0
      }
    },
    {
      "type": "Feature",
      "geometry": {
        "type": "Point",
        "coordinates": [
          13.143833440154468,
          47.55312921747871
        ]
      },
      "properties": {
        "system": "Austria",
        "type": "background",
        "presence": 0
      }
    },
    {
      "type": "Feature",
      "geometry": {
        "type": "Point",
        "coordinates": [
          14.628012920234037,
          48.92889742511632
        ]
      },
      "properties": {
        "system": "Austria",
        "type": "background",
        "presence": 0
      }
    },
    {
      "type": "Feature",
      "geometry": {
        "type": "Point",
        "coordinates": [
          16.333811351667514,
          48.483600869830525
        ]
      },
      "properties": {
        "system": "Austria",
        "type": "background",
        "presence": 0
      }
    },
    {
      "type": "Feature",
      "geometry": {
        "type": "Point",
        "coordinates": [
          10.965697038287546,
          48.41670966499515
        ]
      },
      "properties": {
        "system": "Austria",
        "type": "background",
        "presence": 0
      }
    },
    {
      "type": "Feature",
      "geometry": {
        "type": "Point",
        "coordinates": [
          10.34247397918474,
          47.85924822453302
        ]
      },
      "properties": {
        "system": "Austria",
        "type": "background",
        "presence": 0
      }
    },
    {
      "type": "Feature",
      "geometry": {
        "type": "Point",
        "coordinates": [
          16.72887977112939,
          48.083676418992766
        ]
      },
      "properties": {
        "system": "Austria",
        "type": "background",
        "presence": 0
      }
    },
    {
      "type": "Feature",
      "geometry": {
        "type": "Point",
        "coordinates": [
          12.819933164129502,
          47.73698639501418
        ]
      },
      "properties": {
        "system": "Austria",
        "type": "background",
        "presence": 0
      }
    },
    {
      "type": "Feature",
      "geometry": {
        "type": "Point",
        "coordinates": [
          16.761992750589556,
          46.55763912425712
        ]
      },
      "properties": {
        "system": "Austria",
        "type": "background",
        "presence": 0
      }
    },
    {
      "type": "Feature",
      "geometry": {
        "type": "Point",
        "coordinates": [
          9.887394855200167,
          46.72372563785388
        ]
      },
      "properties": {
        "system": "Austria",
        "type": "background",
        "presence": 0
      }
    },
    {
      "type": "Feature",
      "geometry": {
        "type": "Point",
        "coordinates": [
          10.070364237011256,
          47.07752273025172
        ]
      },
      "properties": {
        "system": "Austria",
        "type": "background",
        "presence": 0
      }
    },
    {
      "type": "Feature",
      "geometry": {
        "type": "Point",
        "coordinates": [
          13.441885016806973,
          47.59450642428429
        ]
      },
      "properties": {
        "system": "Austria",
        "type": "background",
        "presence": 0
      }
    },
    {
      "type": "Feature",
      "geometry": {
        "type": "Point",
        "coordinates": [
          12.457246260498632,
          46.74498771068034
        ]
      },
      "properties": {
        "system": "Austria",
        "type": "background",
        "presence": 0
      }
    },
    {
      "type": "Feature",
      "geometry": {
        "type": "Point",
        "coordinates": [
          14.80455371673898,
          46.61868685889402
        ]
      },
      "properties": {
        "system": "Austria",
        "type": "background",
        "presence": 0
      }
    },
    {
      "type": "Feature",
      "geometry": {
        "type": "Point",
        "coordinates": [
          11.840401549207966,
          46.98096179919086
        ]
      },
      "properties": {
        "system": "Austria",
        "type": "background",
        "presence": 0
      }
    },
    {
      "type": "Feature",
      "geometry": {
        "type": "Point",
        "coordinates": [
          10.418622586183254,
          46.47310693007978
        ]
      },
      "properties": {
        "system": "Austria",
        "type": "background",
        "presence": 0
      }
    },
    {
      "type": "Feature",
      "geometry": {
        "type": "Point",
        "coordinates": [
          9.589227006776609,
          48.60261676613119
        ]
      },
      "properties": {
        "system": "Austria",
        "type": "background",
        "presence": 0
      }
    },
    {
      "type": "Feature",
      "geometry": {
        "type": "Point",
        "coordinates": [
          13.242943514693437,
          47.72569787092524
        ]
      },
      "properties": {
        "system": "Austria",
        "type": "background",
        "presence": 0
      }
    },
    {
      "type": "Feature",
      "geometry": {
        "type": "Point",
        "coordinates": [
          12.807620091755885,
          47.292741860179305
        ]
      },
      "properties": {
        "system": "Austria",
        "type": "background",
        "presence": 0
      }
    },
    {
      "type": "Feature",
      "geometry": {
        "type": "Point",
        "coordinates": [
          15.874727333606518,
          48.399377153103245
        ]
      },
      "properties": {
        "system": "Austria",
        "type": "background",
        "presence": 0
      }
    },
    {
      "type": "Feature",
      "geometry": {
        "type": "Point",
        "coordinates": [
          11.993195969761524,
          47.11284194786592
        ]
      },
      "properties": {
        "system": "Austria",
        "type": "background",
        "presence": 0
      }
    },
    {
      "type": "Feature",
      "geometry": {
        "type": "Point",
        "coordinates": [
          13.17081782632362,
          47.068660095539066
        ]
      },
      "properties": {
        "system": "Austria",
        "type": "background",
        "presence": 0
      }
    },
    {
      "type": "Feature",
      "geometry": {
        "type": "Point",
        "coordinates": [
          11.288016267092775,
          48.15869791849025
        ]
      },
      "properties": {
        "system": "Austria",
        "type": "background",
        "presence": 0
      }
    },
    {
      "type": "Feature",
      "geometry": {
        "type": "Point",
        "coordinates": [
          16.542068093419612,
          47.286909490101685
        ]
      },
      "properties": {
        "system": "Austria",
        "type": "background",
        "presence": 0
      }
    },
    {
      "type": "Feature",
      "geometry": {
        "type": "Point",
        "coordinates": [
          13.027938956007674,
          46.58911185379153
        ]
      },
      "properties": {
        "system": "Austria",
        "type": "background",
        "presence": 0
      }
    },
    {
      "type": "Feature",
      "geometry": {
        "type": "Point",
        "coordinates": [
          10.705847368484578,
          48.22868303686883
        ]
      },
      "properties": {
        "system": "Austria",
        "type": "background",
        "presence": 0
      }
    },
    {
      "type": "Feature",
      "geometry": {
        "type": "Point",
        "coordinates": [
          10.614190795971126,
          46.58615595147356
        ]
      },
      "properties": {
        "system": "Austria",
        "type": "background",
        "presence": 0
      }
    },
    {
      "type": "Feature",
      "geometry": {
        "type": "Point",
        "coordinates": [
          9.649290947367469,
          48.74124975760138
        ]
      },
      "properties": {
        "system": "Austria",
        "type": "background",
        "presence": 0
      }
    },
    {
      "type": "Feature",
      "geometry": {
        "type": "Point",
        "coordinates": [
          9.814094527043006,
          46.93472024370848
        ]
      },
      "properties": {
        "system": "Austria",
        "type": "background",
        "presence": 0
      }
    },
    {
      "type": "Feature",
      "geometry": {
        "type": "Point",
        "coordinates": [
          14.22057711183954,
          46.74258667328133
        ]
      },
      "properties": {
        "system": "Austria",
        "type": "background",
        "presence": 0
      }
    },
    {
      "type": "Feature",
      "geometry": {
        "type": "Point",
        "coordinates": [
          13.839413773372756,
          47.06657302131176
        ]
      },
      "properties": {
        "system": "Austria",
        "type": "background",
        "presence": 0
      }
    },
    {
      "type": "Feature",
      "geometry": {
        "type": "Point",
        "coordinates": [
          15.936324597510817,
          47.92855318158063
        ]
      },
      "properties": {
        "system": "Austria",
        "type": "background",
        "presence": 0
      }
    },
    {
      "type": "Feature",
      "geometry": {
        "type": "Point",
        "coordinates": [
          15.96576366425893,
          46.48072546467107
        ]
      },
      "properties": {
        "system": "Austria",
        "type": "background",
        "presence": 0
      }
    },
    {
      "type": "Feature",
      "geometry": {
        "type": "Point",
        "coordinates": [
          10.797809506523397,
          48.00008150073391
        ]
      },
      "properties": {
        "system": "Austria",
        "type": "background",
        "presence": 0
      }
    },
    {
      "type": "Feature",
      "geometry": {
        "type": "Point",
        "coordinates": [
          15.981643207218951,
          48.38047416085856
        ]
      },
      "properties": {
        "system": "Austria",
        "type": "background",
        "presence": 0
      }
    },
    {
      "type": "Feature",
      "geometry": {
        "type": "Point",
        "coordinates": [
          16.455333114194758,
          47.09779359532404
        ]
      },
      "properties": {
        "system": "Austria",
        "type": "background",
        "presence": 0
      }
    },
    {
      "type": "Feature",
      "geometry": {
        "type": "Point",
        "coordinates": [
          14.095425191776243,
          47.592873225128585
        ]
      },
      "properties": {
        "system": "Austria",
        "type": "background",
        "presence": 0
      }
    },
    {
      "type": "Feature",
      "geometry": {
        "type": "Point",
        "coordinates": [
          12.285374476457129,
          48.90403829663643
        ]
      },
      "properties": {
        "system": "Austria",
        "type": "background",
        "presence": 0
      }
    },
    {
      "type": "Feature",
      "geometry": {
        "type": "Point",
        "coordinates": [
          11.962580598710364,
          48.47994306221314
        ]
      },
      "properties": {
        "system": "Austria",
        "type": "background",
        "presence": 0
      }
    },
    {
      "type": "Feature",
      "geometry": {
        "type": "Point",
        "coordinates": [
          12.678157259824856,
          47.00404763429242
        ]
      },
      "properties": {
        "system": "Austria",
        "type": "background",
        "presence": 0
      }
    },
    {
      "type": "Feature",
      "geometry": {
        "type": "Point",
        "coordinates": [
          10.164485105420365,
          47.254512923781085
        ]
      },
      "properties": {
        "system": "Austria",
        "type": "background",
        "presence": 0
      }
    },
    {
      "type": "Feature",
      "geometry": {
        "type": "Point",
        "coordinates": [
          12.172699778411936,
          46.54278138645656
        ]
      },
      "properties": {
        "system": "Austria",
        "type": "background",
        "presence": 0
      }
    },
    {
      "type": "Feature",
      "geometry": {
        "type": "Point",
        "coordinates": [
          10.818344889984422,
          46.51607144755265
        ]
      },
      "properties": {
        "system": "Austria",
        "type": "background",
        "presence": 0
      }
    },
    {
      "type": "Feature",
      "geometry": {
        "type": "Point",
        "coordinates": [
          14.878646716620288,
          48.2623783524642
        ]
      },
      "properties": {
        "system": "Austria",
        "type": "background",
        "presence": 0
      }
    },
    {
      "type": "Feature",
      "geometry": {
        "type": "Point",
        "coordinates": [
          11.95325717956563,
          48.29550929570911
        ]
      },
      "properties": {
        "system": "Austria",
        "type": "background",
        "presence": 0
      }
    },
    {
      "type": "Feature",
      "geometry": {
        "type": "Point",
        "coordinates": [
          14.023633990896872,
          48.67001811745206
        ]
      },
      "properties": {
        "system": "Austria",
        "type": "background",
        "presence": 0
      }
    },
    {
      "type": "Feature",
      "geometry": {
        "type": "Point",
        "coordinates": [
          10.655446743671762,
          46.78066314313941
        ]
      },
      "properties": {
        "system": "Austria",
        "type": "background",
        "presence": 0
      }
    },
    {
      "type": "Feature",
      "geometry": {
        "type": "Point",
        "coordinates": [
          10.87413947639607,
          48.18302499079715
        ]
      },
      "properties": {
        "system": "Austria",
        "type": "background",
        "presence": 0
      }
    },
    {
      "type": "Feature",
      "geometry": {
        "type": "Point",
        "coordinates": [
          17.00144840337454,
          47.7235348510124
        ]
      },
      "properties": {
        "system": "Austria",
        "type": "background",
        "presence": 0
      }
    },
    {
      "type": "Feature",
      "geometry": {
        "type": "Point",
        "coordinates": [
          9.704066657599418,
          46.47891080650555
        ]
      },
      "properties": {
        "system": "Austria",
        "type": "background",
        "presence": 0
      }
    },
    {
      "type": "Feature",
      "geometry": {
        "type": "Point",
        "coordinates": [
          13.95485239582596,
          48.924898171114144
        ]
      },
      "properties": {
        "system": "Austria",
        "type": "background",
        "presence": 0
      }
    },
    {
      "type": "Feature",
      "geometry": {
        "type": "Point",
        "coordinates": [
          16.29451236075988,
          46.78284836945728
        ]
      },
      "properties": {
        "system": "Austria",
        "type": "background",
        "presence": 0
      }
    },
    {
      "type": "Feature",
      "geometry": {
        "type": "Point",
        "coordinates": [
          13.59238769131242,
          48.64618048221578
        ]
      },
      "properties": {
        "system": "Austria",
        "type": "background",
        "presence": 0
      }
    },
    {
      "type": "Feature",
      "geometry": {
        "type": "Point",
        "coordinates": [
          11.624259754001056,
          48.00669168984565
        ]
      },
      "properties": {
        "system": "Austria",
        "type": "background",
        "presence": 0
      }
    },
    {
      "type": "Feature",
      "geometry": {
        "type": "Point",
        "coordinates": [
          14.029149417330338,
          46.59393520912797
        ]
      },
      "properties": {
        "system": "Austria",
        "type": "background",
        "presence": 0
      }
    },
    {
      "type": "Feature",
      "geometry": {
        "type": "Point",
        "coordinates": [
          14.545876292159411,
          47.19792959279043
        ]
      },
      "properties": {
        "system": "Austria",
        "type": "background",
        "presence": 0
      }
    },
    {
      "type": "Feature",
      "geometry": {
        "type": "Point",
        "coordinates": [
          9.715895350111186,
          48.53703432233176
        ]
      },
      "properties": {
        "system": "Austria",
        "type": "background",
        "presence": 0
      }
    },
    {
      "type": "Feature",
      "geometry": {
        "type": "Point",
        "coordinates": [
          11.310672278476716,
          47.9422001647978
        ]
      },
      "properties": {
        "system": "Austria",
        "type": "background",
        "presence": 0
      }
    },
    {
      "type": "Feature",
      "geometry": {
        "type": "Point",
        "coordinates": [
          11.478171502602162,
          48.6301262553161
        ]
      },
      "properties": {
        "system": "Austria",
        "type": "background",
        "presence": 0
      }
    },
    {
      "type": "Feature",
      "geometry": {
        "type": "Point",
        "coordinates": [
          14.650636174017258,
          47.448719754646525
        ]
      },
      "properties": {
        "system": "Austria",
        "type": "background",
        "presence": 0
      }
    },
    {
      "type": "Feature",
      "geometry": {
        "type": "Point",
        "coordinates": [
          13.822395522374972,
          48.26382830665127
        ]
      },
      "properties": {
        "system": "Austria",
        "type": "background",
        "presence": 0
      }
    },
    {
      "type": "Feature",
      "geometry": {
        "type": "Point",
        "coordinates": [
          16.93890997965515,
          48.3445781925579
        ]
      },
      "properties": {
        "system": "Austria",
        "type": "background",
        "presence": 0
      }
    },
    {
      "type": "Feature",
      "geometry": {
        "type": "Point",
        "coordinates": [
          13.430624977259429,
          47.50586061527869
        ]
      },
      "properties": {
        "system": "Austria",
        "type": "background",
        "presence": 0
      }
    },
    {
      "type": "Feature",
      "geometry": {
        "type": "Point",
        "coordinates": [
          15.53668168687056,
          46.49983800814862
        ]
      },
      "properties": {
        "system": "Austria",
        "type": "background",
        "presence": 0
      }
    },
    {
      "type": "Feature",
      "geometry": {
        "type": "Point",
        "coordinates": [
          12.63277538338811,
          47.75552895580474
        ]
      },
      "properties": {
        "system": "Austria",
        "type": "background",
        "presence": 0
      }
    },
    {
      "type": "Feature",
      "geometry": {
        "type": "Point",
        "coordinates": [
          16.237299003397,
          46.70163996472008
        ]
      },
      "properties": {
        "system": "Austria",
        "type": "background",
        "presence": 0
      }
    },
    {
      "type": "Feature",
      "geometry": {
        "type": "Point",
        "coordinates": [
          14.687758099399597,
          47.445852904620295
        ]
      },
      "properties": {
        "system": "Austria",
        "type": "background",
        "presence": 0
      }
    },
    {
      "type": "Feature",
      "geometry": {
        "type": "Point",
        "coordinates": [
          16.775275877855545,
          46.83840228869844
        ]
      },
      "properties": {
        "system": "Austria",
        "type": "background",
        "presence": 0
      }
    },
    {
      "type": "Feature",
      "geometry": {
        "type": "Point",
        "coordinates": [
          11.073172732866889,
          46.91028647698539
        ]
      },
      "properties": {
        "system": "Austria",
        "type": "background",
        "presence": 0
      }
    },
    {
      "type": "Feature",
      "geometry": {
        "type": "Point",
        "coordinates": [
          16.40885667441407,
          48.59326461415922
        ]
      },
      "properties": {
        "system": "Austria",
        "type": "background",
        "presence": 0
      }
    },
    {
      "type": "Feature",
      "geometry": {
        "type": "Point",
        "coordinates": [
          13.095520046212236,
          46.99364053880512
        ]
      },
      "properties": {
        "system": "Austria",
        "type": "background",
        "presence": 0
      }
    },
    {
      "type": "Feature",
      "geometry": {
        "type": "Point",
        "coordinates": [
          16.15281078610623,
          48.28293289898388
        ]
      },
      "properties": {
        "system": "Austria",
        "type": "background",
        "presence": 0
      }
    },
    {
      "type": "Feature",
      "geometry": {
        "type": "Point",
        "coordinates": [
          13.448856820094278,
          47.40639731482726
        ]
      },
      "properties": {
        "system": "Austria",
        "type": "background",
        "presence": 0
      }
    },
    {
      "type": "Feature",
      "geometry": {
        "type": "Point",
        "coordinates": [
          15.051090513292866,
          48.3032646832153
        ]
      },
      "properties": {
        "system": "Austria",
        "type": "background",
        "presence": 0
      }
    },
    {
      "type": "Feature",
      "geometry": {
        "type": "Point",
        "coordinates": [
          13.84481476489454,
          48.40526040155451
        ]
      },
      "properties": {
        "system": "Austria",
        "type": "background",
        "presence": 0
      }
    },
    {
      "type": "Feature",
      "geometry": {
        "type": "Point",
        "coordinates": [
          16.34443213564037,
          46.72771313439821
        ]
      },
      "properties": {
        "system": "Austria",
        "type": "background",
        "presence": 0
      }
    },
    {
      "type": "Feature",
      "geometry": {
        "type": "Point",
        "coordinates": [
          15.552163112228584,
          48.609560889740905
        ]
      },
      "properties": {
        "system": "Austria",
        "type": "background",
        "presence": 0
      }
    },
    {
      "type": "Feature",
      "geometry": {
        "type": "Point",
        "coordinates": [
          11.109505497870334,
          46.71595990601848
        ]
      },
      "properties": {
        "system": "Austria",
        "type": "background",
        "presence": 0
      }
    },
    {
      "type": "Feature",
      "geometry": {
        "type": "Point",
        "coordinates": [
          9.753157327756703,
          48.307923702911225
        ]
      },
      "properties": {
        "system": "Austria",
        "type": "background",
        "presence": 0
      }
    },
    {
      "type": "Feature",
      "geometry": {
        "type": "Point",
        "coordinates": [
          12.40217364310156,
          48.8906225191581
        ]
      },
      "properties": {
        "system": "Austria",
        "type": "background",
        "presence": 0
      }
    },
    {
      "type": "Feature",
      "geometry": {
        "type": "Point",
        "coordinates": [
          16.221694455156026,
          48.247859895817406
        ]
      },
      "properties": {
        "system": "Austria",
        "type": "background",
        "presence": 0
      }
    },
    {
      "type": "Feature",
      "geometry": {
        "type": "Point",
        "coordinates": [
          11.9680684121913,
          47.44491971339515
        ]
      },
      "properties": {
        "system": "Austria",
        "type": "background",
        "presence": 0
      }
    },
    {
      "type": "Feature",
      "geometry": {
        "type": "Point",
        "coordinates": [
          13.927543483756663,
          47.974416811765366
        ]
      },
      "properties": {
        "system": "Austria",
        "type": "background",
        "presence": 0
      }
    },
    {
      "type": "Feature",
      "geometry": {
        "type": "Point",
        "coordinates": [
          14.08308049815806,
          47.48080316466613
        ]
      },
      "properties": {
        "system": "Austria",
        "type": "background",
        "presence": 0
      }
    },
    {
      "type": "Feature",
      "geometry": {
        "type": "Point",
        "coordinates": [
          13.079352040336822,
          48.78219812693794
        ]
      },
      "properties": {
        "system": "Austria",
        "type": "background",
        "presence": 0
      }
    },
    {
      "type": "Feature",
      "geometry": {
        "type": "Point",
        "coordinates": [
          12.402632369913515,
          46.95554341299631
        ]
      },
      "properties": {
        "system": "Austria",
        "type": "background",
        "presence": 0
      }
    },
    {
      "type": "Feature",
      "geometry": {
        "type": "Point",
        "coordinates": [
          10.561086349915204,
          47.44362656795278
        ]
      },
      "properties": {
        "system": "Austria",
        "type": "background",
        "presence": 0
      }
    },
    {
      "type": "Feature",
      "geometry": {
        "type": "Point",
        "coordinates": [
          14.702577995204887,
          46.87178122087141
        ]
      },
      "properties": {
        "system": "Austria",
        "type": "background",
        "presence": 0
      }
    },
    {
      "type": "Feature",
      "geometry": {
        "type": "Point",
        "coordinates": [
          16.725504666257006,
          47.308528486158615
        ]
      },
      "properties": {
        "system": "Austria",
        "type": "background",
        "presence": 0
      }
    },
    {
      "type": "Feature",
      "geometry": {
        "type": "Point",
        "coordinates": [
          10.320252071699386,
          47.07141475127184
        ]
      },
      "properties": {
        "system": "Austria",
        "type": "background",
        "presence": 0
      }
    },
    {
      "type": "Feature",
      "geometry": {
        "type": "Point",
        "coordinates": [
          11.092225264613113,
          47.15677433154319
        ]
      },
      "properties": {
        "system": "Austria",
        "type": "background",
        "presence": 0
      }
    },
    {
      "type": "Feature",
      "geometry": {
        "type": "Point",
        "coordinates": [
          13.486218051125611,
          46.9283996515362
        ]
      },
      "properties": {
        "system": "Austria",
        "type": "background",
        "presence": 0
      }
    },
    {
      "type": "Feature",
      "geometry": {
        "type": "Point",
        "coordinates": [
          11.52138832163148,
          47.62739435380327
        ]
      },
      "properties": {
        "system": "Austria",
        "type": "background",
        "presence": 0
      }
    },
    {
      "type": "Feature",
      "geometry": {
        "type": "Point",
        "coordinates": [
          13.182999699661558,
          46.58071311831485
        ]
      },
      "properties": {
        "system": "Austria",
        "type": "background",
        "presence": 0
      }
    },
    {
      "type": "Feature",
      "geometry": {
        "type": "Point",
        "coordinates": [
          14.462801179232178,
          48.84142889570286
        ]
      },
      "properties": {
        "system": "Austria",
        "type": "background",
        "presence": 0
      }
    },
    {
      "type": "Feature",
      "geometry": {
        "type": "Point",
        "coordinates": [
          10.408308789963618,
          47.69438771454257
        ]
      },
      "properties": {
        "system": "Austria",
        "type": "background",
        "presence": 0
      }
    },
    {
      "type": "Feature",
      "geometry": {
        "type": "Point",
        "coordinates": [
          11.785793464666302,
          47.09327494652913
        ]
      },
      "properties": {
        "system": "Austria",
        "type": "background",
        "presence": 0
      }
    },
    {
      "type": "Feature",
      "geometry": {
        "type": "Point",
        "coordinates": [
          16.140426895931146,
          48.36035918559769
        ]
      },
      "properties": {
        "system": "Austria",
        "type": "background",
        "presence": 0
      }
    },
    {
      "type": "Feature",
      "geometry": {
        "type": "Point",
        "coordinates": [
          16.947526895540392,
          48.69876030386981
        ]
      },
      "properties": {
        "system": "Austria",
        "type": "background",
        "presence": 0
      }
    },
    {
      "type": "Feature",
      "geometry": {
        "type": "Point",
        "coordinates": [
          16.711292510502805,
          48.89839280731751
        ]
      },
      "properties": {
        "system": "Austria",
        "type": "background",
        "presence": 0
      }
    },
    {
      "type": "Feature",
      "geometry": {
        "type": "Point",
        "coordinates": [
          10.611109029347766,
          46.64661615346363
        ]
      },
      "properties": {
        "system": "Austria",
        "type": "background",
        "presence": 0
      }
    },
    {
      "type": "Feature",
      "geometry": {
        "type": "Point",
        "coordinates": [
          13.717337635164364,
          47.22194571997523
        ]
      },
      "properties": {
        "system": "Austria",
        "type": "background",
        "presence": 0
      }
    },
    {
      "type": "Feature",
      "geometry": {
        "type": "Point",
        "coordinates": [
          15.90909863523343,
          46.70882631876865
        ]
      },
      "properties": {
        "system": "Austria",
        "type": "background",
        "presence": 0
      }
    },
    {
      "type": "Feature",
      "geometry": {
        "type": "Point",
        "coordinates": [
          13.6385128224274,
          47.994238030858185
        ]
      },
      "properties": {
        "system": "Austria",
        "type": "background",
        "presence": 0
      }
    },
    {
      "type": "Feature",
      "geometry": {
        "type": "Point",
        "coordinates": [
          11.475110714936676,
          46.87781490268731
        ]
      },
      "properties": {
        "system": "Austria",
        "type": "background",
        "presence": 0
      }
    },
    {
      "type": "Feature",
      "geometry": {
        "type": "Point",
        "coordinates": [
          15.955015819778476,
          46.86545163778113
        ]
      },
      "properties": {
        "system": "Austria",
        "type": "background",
        "presence": 0
      }
    },
    {
      "type": "Feature",
      "geometry": {
        "type": "Point",
        "coordinates": [
          15.080973506129416,
          47.9137954979314
        ]
      },
      "properties": {
        "system": "Austria",
        "type": "background",
        "presence": 0
      }
    },
    {
      "type": "Feature",
      "geometry": {
        "type": "Point",
        "coordinates": [
          12.358083483331578,
          47.20108926997649
        ]
      },
      "properties": {
        "system": "Austria",
        "type": "background",
        "presence": 0
      }
    },
    {
      "type": "Feature",
      "geometry": {
        "type": "Point",
        "coordinates": [
          15.267192033560612,
          47.470206327026816
        ]
      },
      "properties": {
        "system": "Austria",
        "type": "background",
        "presence": 0
      }
    },
    {
      "type": "Feature",
      "geometry": {
        "type": "Point",
        "coordinates": [
          11.1275856263875,
          48.379028938519205
        ]
      },
      "properties": {
        "system": "Austria",
        "type": "background",
        "presence": 0
      }
    },
    {
      "type": "Feature",
      "geometry": {
        "type": "Point",
        "coordinates": [
          10.482863890091105,
          48.79742559271332
        ]
      },
      "properties": {
        "system": "Austria",
        "type": "background",
        "presence": 0
      }
    },
    {
      "type": "Feature",
      "geometry": {
        "type": "Point",
        "coordinates": [
          10.331260616397524,
          48.68510990983364
        ]
      },
      "properties": {
        "system": "Austria",
        "type": "background",
        "presence": 0
      }
    },
    {
      "type": "Feature",
      "geometry": {
        "type": "Point",
        "coordinates": [
          15.91419888539652,
          47.12320695297719
        ]
      },
      "properties": {
        "system": "Austria",
        "type": "background",
        "presence": 0
      }
    },
    {
      "type": "Feature",
      "geometry": {
        "type": "Point",
        "coordinates": [
          12.674728829992503,
          46.91288389491188
        ]
      },
      "properties": {
        "system": "Austria",
        "type": "background",
        "presence": 0
      }
    },
    {
      "type": "Feature",
      "geometry": {
        "type": "Point",
        "coordinates": [
          11.415272895132675,
          47.58150204876183
        ]
      },
      "properties": {
        "system": "Austria",
        "type": "background",
        "presence": 0
      }
    },
    {
      "type": "Feature",
      "geometry": {
        "type": "Point",
        "coordinates": [
          12.119147616546686,
          48.631824320862826
        ]
      },
      "properties": {
        "system": "Austria",
        "type": "background",
        "presence": 0
      }
    },
    {
      "type": "Feature",
      "geometry": {
        "type": "Point",
        "coordinates": [
          11.438825120126667,
          47.78179302507377
        ]
      },
      "properties": {
        "system": "Austria",
        "type": "background",
        "presence": 0
      }
    },
    {
      "type": "Feature",
      "geometry": {
        "type": "Point",
        "coordinates": [
          10.786664152320949,
          47.07438174833351
        ]
      },
      "properties": {
        "system": "Austria",
        "type": "background",
        "presence": 0
      }
    },
    {
      "type": "Feature",
      "geometry": {
        "type": "Point",
        "coordinates": [
          16.224820404455553,
          48.79366701372698
        ]
      },
      "properties": {
        "system": "Austria",
        "type": "background",
        "presence": 0
      }
    },
    {
      "type": "Feature",
      "geometry": {
        "type": "Point",
        "coordinates": [
          13.453661163796076,
          48.39140809805939
        ]
      },
      "properties": {
        "system": "Austria",
        "type": "background",
        "presence": 0
      }
    },
    {
      "type": "Feature",
      "geometry": {
        "type": "Point",
        "coordinates": [
          13.544086820043631,
          47.68227337506086
        ]
      },
      "properties": {
        "system": "Austria",
        "type": "background",
        "presence": 0
      }
    },
    {
      "type": "Feature",
      "geometry": {
        "type": "Point",
        "coordinates": [
          12.831835562792817,
          47.79593269757614
        ]
      },
      "properties": {
        "system": "Austria",
        "type": "background",
        "presence": 0
      }
    },
    {
      "type": "Feature",
      "geometry": {
        "type": "Point",
        "coordinates": [
          10.520342611015256,
          46.79482970174208
        ]
      },
      "properties": {
        "system": "Austria",
        "type": "background",
        "presence": 0
      }
    },
    {
      "type": "Feature",
      "geometry": {
        "type": "Point",
        "coordinates": [
          13.18703617398466,
          48.82391354728637
        ]
      },
      "properties": {
        "system": "Austria",
        "type": "background",
        "presence": 0
      }
    },
    {
      "type": "Feature",
      "geometry": {
        "type": "Point",
        "coordinates": [
          10.804045775904752,
          48.82627726309053
        ]
      },
      "properties": {
        "system": "Austria",
        "type": "background",
        "presence": 0
      }
    },
    {
      "type": "Feature",
      "geometry": {
        "type": "Point",
        "coordinates": [
          11.134348206829568,
          47.84007213319476
        ]
      },
      "properties": {
        "system": "Austria",
        "type": "background",
        "presence": 0
      }
    },
    {
      "type": "Feature",
      "geometry": {
        "type": "Point",
        "coordinates": [
          9.8048984128699,
          47.09512553095109
        ]
      },
      "properties": {
        "system": "Austria",
        "type": "background",
        "presence": 0
      }
    },
    {
      "type": "Feature",
      "geometry": {
        "type": "Point",
        "coordinates": [
          16.44077663428927,
          46.76317153746054
        ]
      },
      "properties": {
        "system": "Austria",
        "type": "background",
        "presence": 0
      }
    },
    {
      "type": "Feature",
      "geometry": {
        "type": "Point",
        "coordinates": [
          14.130630892756889,
          47.26415108793581
        ]
      },
      "properties": {
        "system": "Austria",
        "type": "background",
        "presence": 0
      }
    },
    {
      "type": "Feature",
      "geometry": {
        "type": "Point",
        "coordinates": [
          12.576576668170418,
          47.61897994840948
        ]
      },
      "properties": {
        "system": "Austria",
        "type": "background",
        "presence": 0
      }
    },
    {
      "type": "Feature",
      "geometry": {
        "type": "Point",
        "coordinates": [
          10.9811090225566,
          47.78435430389883
        ]
      },
      "properties": {
        "system": "Austria",
        "type": "background",
        "presence": 0
      }
    },
    {
      "type": "Feature",
      "geometry": {
        "type": "Point",
        "coordinates": [
          15.703397781511006,
          48.91381744103892
        ]
      },
      "properties": {
        "system": "Austria",
        "type": "background",
        "presence": 0
      }
    },
    {
      "type": "Feature",
      "geometry": {
        "type": "Point",
        "coordinates": [
          13.087725819555406,
          48.30301298674504
        ]
      },
      "properties": {
        "system": "Austria",
        "type": "background",
        "presence": 0
      }
    },
    {
      "type": "Feature",
      "geometry": {
        "type": "Point",
        "coordinates": [
          16.46934261746111,
          46.84706512301843
        ]
      },
      "properties": {
        "system": "Austria",
        "type": "background",
        "presence": 0
      }
    },
    {
      "type": "Feature",
      "geometry": {
        "type": "Point",
        "coordinates": [
          15.524921959200702,
          47.31576429275268
        ]
      },
      "properties": {
        "system": "Austria",
        "type": "background",
        "presence": 0
      }
    },
    {
      "type": "Feature",
      "geometry": {
        "type": "Point",
        "coordinates": [
          15.198525129645784,
          48.00895872635584
        ]
      },
      "properties": {
        "system": "Austria",
        "type": "background",
        "presence": 0
      }
    },
    {
      "type": "Feature",
      "geometry": {
        "type": "Point",
        "coordinates": [
          11.1660563547157,
          48.43166030429166
        ]
      },
      "properties": {
        "system": "Austria",
        "type": "background",
        "presence": 0
      }
    },
    {
      "type": "Feature",
      "geometry": {
        "type": "Point",
        "coordinates": [
          12.857476198653147,
          48.75351614069844
        ]
      },
      "properties": {
        "system": "Austria",
        "type": "background",
        "presence": 0
      }
    },
    {
      "type": "Feature",
      "geometry": {
        "type": "Point",
        "coordinates": [
          9.59727654526659,
          48.04928075463028
        ]
      },
      "properties": {
        "system": "Austria",
        "type": "background",
        "presence": 0
      }
    },
    {
      "type": "Feature",
      "geometry": {
        "type": "Point",
        "coordinates": [
          11.681947656169772,
          48.92560029657084
        ]
      },
      "properties": {
        "system": "Austria",
        "type": "background",
        "presence": 0
      }
    },
    {
      "type": "Feature",
      "geometry": {
        "type": "Point",
        "coordinates": [
          13.009174856817731,
          46.62248206247381
        ]
      },
      "properties": {
        "system": "Austria",
        "type": "background",
        "presence": 0
      }
    },
    {
      "type": "Feature",
      "geometry": {
        "type": "Point",
        "coordinates": [
          10.719860772109138,
          46.78809133141119
        ]
      },
      "properties": {
        "system": "Austria",
        "type": "background",
        "presence": 0
      }
    },
    {
      "type": "Feature",
      "geometry": {
        "type": "Point",
        "coordinates": [
          12.520275671120055,
          48.03263539662371
        ]
      },
      "properties": {
        "system": "Austria",
        "type": "background",
        "presence": 0
      }
    },
    {
      "type": "Feature",
      "geometry": {
        "type": "Point",
        "coordinates": [
          11.968248049152187,
          48.7487411092333
        ]
      },
      "properties": {
        "system": "Austria",
        "type": "background",
        "presence": 0
      }
    },
    {
      "type": "Feature",
      "geometry": {
        "type": "Point",
        "coordinates": [
          13.030407035849173,
          48.26484345749338
        ]
      },
      "properties": {
        "system": "Austria",
        "type": "background",
        "presence": 0
      }
    },
    {
      "type": "Feature",
      "geometry": {
        "type": "Point",
        "coordinates": [
          14.067520354305756,
          48.10105956769271
        ]
      },
      "properties": {
        "system": "Austria",
        "type": "background",
        "presence": 0
      }
    },
    {
      "type": "Feature",
      "geometry": {
        "type": "Point",
        "coordinates": [
          16.68930717107466,
          47.638194764633006
        ]
      },
      "properties": {
        "system": "Austria",
        "type": "background",
        "presence": 0
      }
    },
    {
      "type": "Feature",
      "geometry": {
        "type": "Point",
        "coordinates": [
          10.906253255848306,
          47.316530838533005
        ]
      },
      "properties": {
        "system": "Austria",
        "type": "background",
        "presence": 0
      }
    },
    {
      "type": "Feature",
      "geometry": {
        "type": "Point",
        "coordinates": [
          15.91067458126708,
          48.14592661255582
        ]
      },
      "properties": {
        "system": "Austria",
        "type": "background",
        "presence": 0
      }
    },
    {
      "type": "Feature",
      "geometry": {
        "type": "Point",
        "coordinates": [
          12.944601407466918,
          46.56854749887143
        ]
      },
      "properties": {
        "system": "Austria",
        "type": "background",
        "presence": 0
      }
    },
    {
      "type": "Feature",
      "geometry": {
        "type": "Point",
        "coordinates": [
          15.189396125399815,
          48.67612205659676
        ]
      },
      "properties": {
        "system": "Austria",
        "type": "background",
        "presence": 0
      }
    },
    {
      "type": "Feature",
      "geometry": {
        "type": "Point",
        "coordinates": [
          13.556569552182175,
          48.92174048289864
        ]
      },
      "properties": {
        "system": "Austria",
        "type": "background",
        "presence": 0
      }
    },
    {
      "type": "Feature",
      "geometry": {
        "type": "Point",
        "coordinates": [
          11.843459943755116,
          48.10116941259525
        ]
      },
      "properties": {
        "system": "Austria",
        "type": "background",
        "presence": 0
      }
    },
    {
      "type": "Feature",
      "geometry": {
        "type": "Point",
        "coordinates": [
          12.32128846086856,
          48.812255537974
        ]
      },
      "properties": {
        "system": "Austria",
        "type": "background",
        "presence": 0
      }
    },
    {
      "type": "Feature",
      "geometry": {
        "type": "Point",
        "coordinates": [
          12.59669814742309,
          48.295336992474034
        ]
      },
      "properties": {
        "system": "Austria",
        "type": "background",
        "presence": 0
      }
    },
    {
      "type": "Feature",
      "geometry": {
        "type": "Point",
        "coordinates": [
          14.96613270956623,
          47.8583782140458
        ]
      },
      "properties": {
        "system": "Austria",
        "type": "background",
        "presence": 0
      }
    },
    {
      "type": "Feature",
      "geometry": {
        "type": "Point",
        "coordinates": [
          16.36772698426385,
          47.727594157281096
        ]
      },
      "properties": {
        "system": "Austria",
        "type": "background",
        "presence": 0
      }
    },
    {
      "type": "Feature",
      "geometry": {
        "type": "Point",
        "coordinates": [
          14.4220382655065,
          47.50593134314548
        ]
      },
      "properties": {
        "system": "Austria",
        "type": "background",
        "presence": 0
      }
    },
    {
      "type": "Feature",
      "geometry": {
        "type": "Point",
        "coordinates": [
          12.63423634837267,
          47.31566229755104
        ]
      },
      "properties": {
        "system": "Austria",
        "type": "background",
        "presence": 0
      }
    },
    {
      "type": "Feature",
      "geometry": {
        "type": "Point",
        "coordinates": [
          10.52141391803083,
          47.55724391766157
        ]
      },
      "properties": {
        "system": "Austria",
        "type": "background",
        "presence": 0
      }
    },
    {
      "type": "Feature",
      "geometry": {
        "type": "Point",
        "coordinates": [
          14.574827094907189,
          46.69583265831292
        ]
      },
      "properties": {
        "system": "Austria",
        "type": "background",
        "presence": 0
      }
    },
    {
      "type": "Feature",
      "geometry": {
        "type": "Point",
        "coordinates": [
          14.54055339143414,
          48.09009536692237
        ]
      },
      "properties": {
        "system": "Austria",
        "type": "background",
        "presence": 0
      }
    },
    {
      "type": "Feature",
      "geometry": {
        "type": "Point",
        "coordinates": [
          12.023550023712929,
          46.51788241933248
        ]
      },
      "properties": {
        "system": "Austria",
        "type": "background",
        "presence": 0
      }
    },
    {
      "type": "Feature",
      "geometry": {
        "type": "Point",
        "coordinates": [
          15.402907094896843,
          46.95818375227199
        ]
      },
      "properties": {
        "system": "Austria",
        "type": "background",
        "presence": 0
      }
    },
    {
      "type": "Feature",
      "geometry": {
        "type": "Point",
        "coordinates": [
          11.42590926278326,
          48.59733898265263
        ]
      },
      "properties": {
        "system": "Austria",
        "type": "background",
        "presence": 0
      }
    },
    {
      "type": "Feature",
      "geometry": {
        "type": "Point",
        "coordinates": [
          10.548021858278268,
          48.12059096983107
        ]
      },
      "properties": {
        "system": "Austria",
        "type": "background",
        "presence": 0
      }
    },
    {
      "type": "Feature",
      "geometry": {
        "type": "Point",
        "coordinates": [
          10.617551595314678,
          47.14945219581304
        ]
      },
      "properties": {
        "system": "Austria",
        "type": "background",
        "presence": 0
      }
    },
    {
      "type": "Feature",
      "geometry": {
        "type": "Point",
        "coordinates": [
          14.629053583814644,
          47.17014685579989
        ]
      },
      "properties": {
        "system": "Austria",
        "type": "background",
        "presence": 0
      }
    },
    {
      "type": "Feature",
      "geometry": {
        "type": "Point",
        "coordinates": [
          11.095475178496685,
          48.72023844888813
        ]
      },
      "properties": {
        "system": "Austria",
        "type": "background",
        "presence": 0
      }
    },
    {
      "type": "Feature",
      "geometry": {
        "type": "Point",
        "coordinates": [
          14.828509610604602,
          47.809561453433126
        ]
      },
      "properties": {
        "system": "Austria",
        "type": "background",
        "presence": 0
      }
    },
    {
      "type": "Feature",
      "geometry": {
        "type": "Point",
        "coordinates": [
          14.14508259344472,
          48.82557726456481
        ]
      },
      "properties": {
        "system": "Austria",
        "type": "background",
        "presence": 0
      }
    },
    {
      "type": "Feature",
      "geometry": {
        "type": "Point",
        "coordinates": [
          14.260453048186983,
          47.09987944043071
        ]
      },
      "properties": {
        "system": "Austria",
        "type": "background",
        "presence": 0
      }
    },
    {
      "type": "Feature",
      "geometry": {
        "type": "Point",
        "coordinates": [
          16.88436874754605,
          47.261574642829736
        ]
      },
      "properties": {
        "system": "Austria",
        "type": "background",
        "presence": 0
      }
    },
    {
      "type": "Feature",
      "geometry": {
        "type": "Point",
        "coordinates": [
          14.709055634454668,
          47.45739908225968
        ]
      },
      "properties": {
        "system": "Austria",
        "type": "background",
        "presence": 0
      }
    },
    {
      "type": "Feature",
      "geometry": {
        "type": "Point",
        "coordinates": [
          12.573659801426372,
          46.526441811143535
        ]
      },
      "properties": {
        "system": "Austria",
        "type": "background",
        "presence": 0
      }
    },
    {
      "type": "Feature",
      "geometry": {
        "type": "Point",
        "coordinates": [
          14.146331966693978,
          48.63314112774657
        ]
      },
      "properties": {
        "system": "Austria",
        "type": "background",
        "presence": 0
      }
    },
    {
      "type": "Feature",
      "geometry": {
        "type": "Point",
        "coordinates": [
          16.583620308277535,
          47.56687075805725
        ]
      },
      "properties": {
        "system": "Austria",
        "type": "background",
        "presence": 0
      }
    },
    {
      "type": "Feature",
      "geometry": {
        "type": "Point",
        "coordinates": [
          11.991139887217049,
          48.5809033622121
        ]
      },
      "properties": {
        "system": "Austria",
        "type": "background",
        "presence": 0
      }
    },
    {
      "type": "Feature",
      "geometry": {
        "type": "Point",
        "coordinates": [
          13.245354908339898,
          47.81566819824823
        ]
      },
      "properties": {
        "system": "Austria",
        "type": "background",
        "presence": 0
      }
    },
    {
      "type": "Feature",
      "geometry": {
        "type": "Point",
        "coordinates": [
          12.080154610652368,
          48.03243678278405
        ]
      },
      "properties": {
        "system": "Austria",
        "type": "background",
        "presence": 0
      }
    },
    {
      "type": "Feature",
      "geometry": {
        "type": "Point",
        "coordinates": [
          15.890585154156888,
          48.75374163725981
        ]
      },
      "properties": {
        "system": "Austria",
        "type": "background",
        "presence": 0
      }
    },
    {
      "type": "Feature",
      "geometry": {
        "type": "Point",
        "coordinates": [
          15.154771587409408,
          48.88809955728076
        ]
      },
      "properties": {
        "system": "Austria",
        "type": "background",
        "presence": 0
      }
    },
    {
      "type": "Feature",
      "geometry": {
        "type": "Point",
        "coordinates": [
          15.28646165815644,
          48.360022056233824
        ]
      },
      "properties": {
        "system": "Austria",
        "type": "background",
        "presence": 0
      }
    },
    {
      "type": "Feature",
      "geometry": {
        "type": "Point",
        "coordinates": [
          12.995631771550292,
          47.65754267132032
        ]
      },
      "properties": {
        "system": "Austria",
        "type": "background",
        "presence": 0
      }
    },
    {
      "type": "Feature",
      "geometry": {
        "type": "Point",
        "coordinates": [
          14.40518203139057,
          47.06307958091649
        ]
      },
      "properties": {
        "system": "Austria",
        "type": "background",
        "presence": 0
      }
    },
    {
      "type": "Feature",
      "geometry": {
        "type": "Point",
        "coordinates": [
          11.509180329802716,
          47.18448869658108
        ]
      },
      "properties": {
        "system": "Austria",
        "type": "background",
        "presence": 0
      }
    },
    {
      "type": "Feature",
      "geometry": {
        "type": "Point",
        "coordinates": [
          12.647898211087998,
          47.918082478139546
        ]
      },
      "properties": {
        "system": "Austria",
        "type": "background",
        "presence": 0
      }
    },
    {
      "type": "Feature",
      "geometry": {
        "type": "Point",
        "coordinates": [
          15.686547173361436,
          47.01023239354912
        ]
      },
      "properties": {
        "system": "Austria",
        "type": "background",
        "presence": 0
      }
    },
    {
      "type": "Feature",
      "geometry": {
        "type": "Point",
        "coordinates": [
          10.834895505748834,
          48.59718941041499
        ]
      },
      "properties": {
        "system": "Austria",
        "type": "background",
        "presence": 0
      }
    },
    {
      "type": "Feature",
      "geometry": {
        "type": "Point",
        "coordinates": [
          12.095260554505304,
          46.4875648921144
        ]
      },
      "properties": {
        "system": "Austria",
        "type": "background",
        "presence": 0
      }
    },
    {
      "type": "Feature",
      "geometry": {
        "type": "Point",
        "coordinates": [
          15.859538041031447,
          48.4412442966385
        ]
      },
      "properties": {
        "system": "Austria",
        "type": "background",
        "presence": 0
      }
    },
    {
      "type": "Feature",
      "geometry": {
        "type": "Point",
        "coordinates": [
          15.37435554855277,
          46.81108779039699
        ]
      },
      "properties": {
        "system": "Austria",
        "type": "background",
        "presence": 0
      }
    },
    {
      "type": "Feature",
      "geometry": {
        "type": "Point",
        "coordinates": [
          12.498838362141308,
          46.75513640575622
        ]
      },
      "properties": {
        "system": "Austria",
        "type": "background",
        "presence": 0
      }
    },
    {
      "type": "Feature",
      "geometry": {
        "type": "Point",
        "coordinates": [
          11.021157130236896,
          48.93856133062447
        ]
      },
      "properties": {
        "system": "Austria",
        "type": "background",
        "presence": 0
      }
    },
    {
      "type": "Feature",
      "geometry": {
        "type": "Point",
        "coordinates": [
          12.743814888447655,
          46.84975193971447
        ]
      },
      "properties": {
        "system": "Austria",
        "type": "background",
        "presence": 0
      }
    },
    {
      "type": "Feature",
      "geometry": {
        "type": "Point",
        "coordinates": [
          16.560896554798372,
          48.00144026472347
        ]
      },
      "properties": {
        "system": "Austria",
        "type": "background",
        "presence": 0
      }
    },
    {
      "type": "Feature",
      "geometry": {
        "type": "Point",
        "coordinates": [
          10.101120883613406,
          48.8945706929032
        ]
      },
      "properties": {
        "system": "Austria",
        "type": "background",
        "presence": 0
      }
    },
    {
      "type": "Feature",
      "geometry": {
        "type": "Point",
        "coordinates": [
          15.49709225866372,
          46.81026786040137
        ]
      },
      "properties": {
        "system": "Austria",
        "type": "background",
        "presence": 0
      }
    },
    {
      "type": "Feature",
      "geometry": {
        "type": "Point",
        "coordinates": [
          10.416934656214607,
          48.109719905127534
        ]
      },
      "properties": {
        "system": "Austria",
        "type": "background",
        "presence": 0
      }
    },
    {
      "type": "Feature",
      "geometry": {
        "type": "Point",
        "coordinates": [
          10.899674791600432,
          48.52784492161707
        ]
      },
      "properties": {
        "system": "Austria",
        "type": "background",
        "presence": 0
      }
    },
    {
      "type": "Feature",
      "geometry": {
        "type": "Point",
        "coordinates": [
          13.711999820409464,
          47.51630411104279
        ]
      },
      "properties": {
        "system": "Austria",
        "type": "background",
        "presence": 0
      }
    },
    {
      "type": "Feature",
      "geometry": {
        "type": "Point",
        "coordinates": [
          14.71455709754817,
          47.70739468667553
        ]
      },
      "properties": {
        "system": "Austria",
        "type": "background",
        "presence": 0
      }
    },
    {
      "type": "Feature",
      "geometry": {
        "type": "Point",
        "coordinates": [
          13.4446657099225,
          48.94057038151141
        ]
      },
      "properties": {
        "system": "Austria",
        "type": "background",
        "presence": 0
      }
    },
    {
      "type": "Feature",
      "geometry": {
        "type": "Point",
        "coordinates": [
          15.026451406182918,
          46.70442734205422
        ]
      },
      "properties": {
        "system": "Austria",
        "type": "background",
        "presence": 0
      }
    },
    {
      "type": "Feature",
      "geometry": {
        "type": "Point",
        "coordinates": [
          11.96203635862796,
          48.88429026542963
        ]
      },
      "properties": {
        "system": "Austria",
        "type": "background",
        "presence": 0
      }
    },
    {
      "type": "Feature",
      "geometry": {
        "type": "Point",
        "coordinates": [
          12.758605728394055,
          47.60956957467632
        ]
      },
      "properties": {
        "system": "Austria",
        "type": "background",
        "presence": 0
      }
    },
    {
      "type": "Feature",
      "geometry": {
        "type": "Point",
        "coordinates": [
          14.610554738845035,
          46.59615956921929
        ]
      },
      "properties": {
        "system": "Austria",
        "type": "background",
        "presence": 0
      }
    },
    {
      "type": "Feature",
      "geometry": {
        "type": "Point",
        "coordinates": [
          15.47259217386753,
          47.34280411990432
        ]
      },
      "properties": {
        "system": "Austria",
        "type": "background",
        "presence": 0
      }
    },
    {
      "type": "Feature",
      "geometry": {
        "type": "Point",
        "coordinates": [
          15.725269976111676,
          48.52683294617235
        ]
      },
      "properties": {
        "system": "Austria",
        "type": "background",
        "presence": 0
      }
    },
    {
      "type": "Feature",
      "geometry": {
        "type": "Point",
        "coordinates": [
          16.262551119190157,
          47.68387966492585
        ]
      },
      "properties": {
        "system": "Austria",
        "type": "background",
        "presence": 0
      }
    },
    {
      "type": "Feature",
      "geometry": {
        "type": "Point",
        "coordinates": [
          16.158071678187998,
          46.82488620540227
        ]
      },
      "properties": {
        "system": "Austria",
        "type": "background",
        "presence": 0
      }
    },
    {
      "type": "Feature",
      "geometry": {
        "type": "Point",
        "coordinates": [
          10.728831481534677,
          46.70664351113946
        ]
      },
      "properties": {
        "system": "Austria",
        "type": "background",
        "presence": 0
      }
    },
    {
      "type": "Feature",
      "geometry": {
        "type": "Point",
        "coordinates": [
          10.085240787242428,
          47.789186352826505
        ]
      },
      "properties": {
        "system": "Austria",
        "type": "background",
        "presence": 0
      }
    },
    {
      "type": "Feature",
      "geometry": {
        "type": "Point",
        "coordinates": [
          9.583881762591975,
          46.59959196176247
        ]
      },
      "properties": {
        "system": "Austria",
        "type": "background",
        "presence": 0
      }
    },
    {
      "type": "Feature",
      "geometry": {
        "type": "Point",
        "coordinates": [
          15.376510503709754,
          47.54801109942392
        ]
      },
      "properties": {
        "system": "Austria",
        "type": "background",
        "presence": 0
      }
    },
    {
      "type": "Feature",
      "geometry": {
        "type": "Point",
        "coordinates": [
          14.460843669183994,
          46.55515524024224
        ]
      },
      "properties": {
        "system": "Austria",
        "type": "background",
        "presence": 0
      }
    },
    {
      "type": "Feature",
      "geometry": {
        "type": "Point",
        "coordinates": [
          10.83715034990821,
          48.50459385597023
        ]
      },
      "properties": {
        "system": "Austria",
        "type": "background",
        "presence": 0
      }
    },
    {
      "type": "Feature",
      "geometry": {
        "type": "Point",
        "coordinates": [
          15.737237,
          45.698386
        ]
      },
      "properties": {
        "system": "Croatia",
        "type": "presence",
        "presence": 1
      }
    },
    {
      "type": "Feature",
      "geometry": {
        "type": "Point",
        "coordinates": [
          15.414136,
          45.777628
        ]
      },
      "properties": {
        "system": "Croatia",
        "type": "presence",
        "presence": 1
      }
    },
    {
      "type": "Feature",
      "geometry": {
        "type": "Point",
        "coordinates": [
          18.779028,
          45.676396
        ]
      },
      "properties": {
        "system": "Croatia",
        "type": "presence",
        "presence": 1
      }
    },
    {
      "type": "Feature",
      "geometry": {
        "type": "Point",
        "coordinates": [
          18.826971,
          45.833468
        ]
      },
      "properties": {
        "system": "Croatia",
        "type": "presence",
        "presence": 1
      }
    },
    {
      "type": "Feature",
      "geometry": {
        "type": "Point",
        "coordinates": [
          18.828857,
          45.319199
        ]
      },
      "properties": {
        "system": "Croatia",
        "type": "presence",
        "presence": 1
      }
    },
    {
      "type": "Feature",
      "geometry": {
        "type": "Point",
        "coordinates": [
          18.840876,
          45.85308
        ]
      },
      "properties": {
        "system": "Croatia",
        "type": "presence",
        "presence": 1
      }
    },
    {
      "type": "Feature",
      "geometry": {
        "type": "Point",
        "coordinates": [
          18.737364,
          45.762187
        ]
      },
      "properties": {
        "system": "Croatia",
        "type": "presence",
        "presence": 1
      }
    },
    {
      "type": "Feature",
      "geometry": {
        "type": "Point",
        "coordinates": [
          18.737312,
          45.811648
        ]
      },
      "properties": {
        "system": "Croatia",
        "type": "presence",
        "presence": 1
      }
    },
    {
      "type": "Feature",
      "geometry": {
        "type": "Point",
        "coordinates": [
          18.818481,
          45.863442
        ]
      },
      "properties": {
        "system": "Croatia",
        "type": "presence",
        "presence": 1
      }
    },
    {
      "type": "Feature",
      "geometry": {
        "type": "Point",
        "coordinates": [
          18.721239,
          45.791532
        ]
      },
      "properties": {
        "system": "Croatia",
        "type": "presence",
        "presence": 1
      }
    },
    {
      "type": "Feature",
      "geometry": {
        "type": "Point",
        "coordinates": [
          18.730594,
          45.789497
        ]
      },
      "properties": {
        "system": "Croatia",
        "type": "presence",
        "presence": 1
      }
    },
    {
      "type": "Feature",
      "geometry": {
        "type": "Point",
        "coordinates": [
          18.744844,
          45.803273
        ]
      },
      "properties": {
        "system": "Croatia",
        "type": "presence",
        "presence": 1
      }
    },
    {
      "type": "Feature",
      "geometry": {
        "type": "Point",
        "coordinates": [
          18.744845,
          45.803274
        ]
      },
      "properties": {
        "system": "Croatia",
        "type": "presence",
        "presence": 1
      }
    },
    {
      "type": "Feature",
      "geometry": {
        "type": "Point",
        "coordinates": [
          18.744846,
          45.803275
        ]
      },
      "properties": {
        "system": "Croatia",
        "type": "presence",
        "presence": 1
      }
    },
    {
      "type": "Feature",
      "geometry": {
        "type": "Point",
        "coordinates": [
          18.663762,
          45.785237
        ]
      },
      "properties": {
        "system": "Croatia",
        "type": "presence",
        "presence": 1
      }
    },
    {
      "type": "Feature",
      "geometry": {
        "type": "Point",
        "coordinates": [
          18.644408,
          45.751598
        ]
      },
      "properties": {
        "system": "Croatia",
        "type": "presence",
        "presence": 1
      }
    },
    {
      "type": "Feature",
      "geometry": {
        "type": "Point",
        "coordinates": [
          18.712061,
          45.827289
        ]
      },
      "properties": {
        "system": "Croatia",
        "type": "presence",
        "presence": 1
      }
    },
    {
      "type": "Feature",
      "geometry": {
        "type": "Point",
        "coordinates": [
          18.663763,
          45.785238
        ]
      },
      "properties": {
        "system": "Croatia",
        "type": "presence",
        "presence": 1
      }
    },
    {
      "type": "Feature",
      "geometry": {
        "type": "Point",
        "coordinates": [
          18.663764,
          45.785239
        ]
      },
      "properties": {
        "system": "Croatia",
        "type": "presence",
        "presence": 1
      }
    },
    {
      "type": "Feature",
      "geometry": {
        "type": "Point",
        "coordinates": [
          18.663765,
          45.78524
        ]
      },
      "properties": {
        "system": "Croatia",
        "type": "presence",
        "presence": 1
      }
    },
    {
      "type": "Feature",
      "geometry": {
        "type": "Point",
        "coordinates": [
          18.663766,
          45.785241
        ]
      },
      "properties": {
        "system": "Croatia",
        "type": "presence",
        "presence": 1
      }
    },
    {
      "type": "Feature",
      "geometry": {
        "type": "Point",
        "coordinates": [
          18.663767,
          45.785242
        ]
      },
      "properties": {
        "system": "Croatia",
        "type": "presence",
        "presence": 1
      }
    },
    {
      "type": "Feature",
      "geometry": {
        "type": "Point",
        "coordinates": [
          18.663768,
          45.785243
        ]
      },
      "properties": {
        "system": "Croatia",
        "type": "presence",
        "presence": 1
      }
    },
    {
      "type": "Feature",
      "geometry": {
        "type": "Point",
        "coordinates": [
          18.663769,
          45.785244
        ]
      },
      "properties": {
        "system": "Croatia",
        "type": "presence",
        "presence": 1
      }
    },
    {
      "type": "Feature",
      "geometry": {
        "type": "Point",
        "coordinates": [
          18.66377,
          45.785245
        ]
      },
      "properties": {
        "system": "Croatia",
        "type": "presence",
        "presence": 1
      }
    },
    {
      "type": "Feature",
      "geometry": {
        "type": "Point",
        "coordinates": [
          18.663771,
          45.785246
        ]
      },
      "properties": {
        "system": "Croatia",
        "type": "presence",
        "presence": 1
      }
    },
    {
      "type": "Feature",
      "geometry": {
        "type": "Point",
        "coordinates": [
          18.663772,
          45.785247
        ]
      },
      "properties": {
        "system": "Croatia",
        "type": "presence",
        "presence": 1
      }
    },
    {
      "type": "Feature",
      "geometry": {
        "type": "Point",
        "coordinates": [
          18.663773,
          45.785248
        ]
      },
      "properties": {
        "system": "Croatia",
        "type": "presence",
        "presence": 1
      }
    },
    {
      "type": "Feature",
      "geometry": {
        "type": "Point",
        "coordinates": [
          18.663774,
          45.785249
        ]
      },
      "properties": {
        "system": "Croatia",
        "type": "presence",
        "presence": 1
      }
    },
    {
      "type": "Feature",
      "geometry": {
        "type": "Point",
        "coordinates": [
          18.663775,
          45.78525
        ]
      },
      "properties": {
        "system": "Croatia",
        "type": "presence",
        "presence": 1
      }
    },
    {
      "type": "Feature",
      "geometry": {
        "type": "Point",
        "coordinates": [
          18.663776,
          45.785251
        ]
      },
      "properties": {
        "system": "Croatia",
        "type": "presence",
        "presence": 1
      }
    },
    {
      "type": "Feature",
      "geometry": {
        "type": "Point",
        "coordinates": [
          18.697551,
          45.779403
        ]
      },
      "properties": {
        "system": "Croatia",
        "type": "presence",
        "presence": 1
      }
    },
    {
      "type": "Feature",
      "geometry": {
        "type": "Point",
        "coordinates": [
          18.774873,
          45.812284
        ]
      },
      "properties": {
        "system": "Croatia",
        "type": "presence",
        "presence": 1
      }
    },
    {
      "type": "Feature",
      "geometry": {
        "type": "Point",
        "coordinates": [
          18.609537,
          45.733188
        ]
      },
      "properties": {
        "system": "Croatia",
        "type": "presence",
        "presence": 1
      }
    },
    {
      "type": "Feature",
      "geometry": {
        "type": "Point",
        "coordinates": [
          15.735317,
          45.796644
        ]
      },
      "properties": {
        "system": "Croatia",
        "type": "presence",
        "presence": 1
      }
    },
    {
      "type": "Feature",
      "geometry": {
        "type": "Point",
        "coordinates": [
          16.156307,
          45.65816
        ]
      },
      "properties": {
        "system": "Croatia",
        "type": "presence",
        "presence": 1
      }
    },
    {
      "type": "Feature",
      "geometry": {
        "type": "Point",
        "coordinates": [
          16.589719,
          46.455777
        ]
      },
      "properties": {
        "system": "Croatia",
        "type": "presence",
        "presence": 1
      }
    },
    {
      "type": "Feature",
      "geometry": {
        "type": "Point",
        "coordinates": [
          16.634046,
          46.45173
        ]
      },
      "properties": {
        "system": "Croatia",
        "type": "presence",
        "presence": 1
      }
    },
    {
      "type": "Feature",
      "geometry": {
        "type": "Point",
        "coordinates": [
          16.601536,
          46.34724
        ]
      },
      "properties": {
        "system": "Croatia",
        "type": "presence",
        "presence": 1
      }
    },
    {
      "type": "Feature",
      "geometry": {
        "type": "Point",
        "coordinates": [
          15.912271,
          46.078096
        ]
      },
      "properties": {
        "system": "Croatia",
        "type": "presence",
        "presence": 1
      }
    },
    {
      "type": "Feature",
      "geometry": {
        "type": "Point",
        "coordinates": [
          16.244488,
          45.950914
        ]
      },
      "properties": {
        "system": "Croatia",
        "type": "presence",
        "presence": 1
      }
    },
    {
      "type": "Feature",
      "geometry": {
        "type": "Point",
        "coordinates": [
          15.997664,
          45.892948
        ]
      },
      "properties": {
        "system": "Croatia",
        "type": "presence",
        "presence": 1
      }
    },
    {
      "type": "Feature",
      "geometry": {
        "type": "Point",
        "coordinates": [
          16.093701,
          45.350242
        ]
      },
      "properties": {
        "system": "Croatia",
        "type": "presence",
        "presence": 1
      }
    },
    {
      "type": "Feature",
      "geometry": {
        "type": "Point",
        "coordinates": [
          15.918954,
          46.032745
        ]
      },
      "properties": {
        "system": "Croatia",
        "type": "presence",
        "presence": 1
      }
    },
    {
      "type": "Feature",
      "geometry": {
        "type": "Point",
        "coordinates": [
          15.922612,
          45.736663
        ]
      },
      "properties": {
        "system": "Croatia",
        "type": "presence",
        "presence": 1
      }
    },
    {
      "type": "Feature",
      "geometry": {
        "type": "Point",
        "coordinates": [
          15.664791,
          45.681144
        ]
      },
      "properties": {
        "system": "Croatia",
        "type": "presence",
        "presence": 1
      }
    },
    {
      "type": "Feature",
      "geometry": {
        "type": "Point",
        "coordinates": [
          17.20052,
          45.600489
        ]
      },
      "properties": {
        "system": "Croatia",
        "type": "presence",
        "presence": 1
      }
    },
    {
      "type": "Feature",
      "geometry": {
        "type": "Point",
        "coordinates": [
          17.6932,
          45.353307
        ]
      },
      "properties": {
        "system": "Croatia",
        "type": "presence",
        "presence": 1
      }
    },
    {
      "type": "Feature",
      "geometry": {
        "type": "Point",
        "coordinates": [
          17.666936,
          45.342932
        ]
      },
      "properties": {
        "system": "Croatia",
        "type": "presence",
        "presence": 1
      }
    },
    {
      "type": "Feature",
      "geometry": {
        "type": "Point",
        "coordinates": [
          14.942109,
          45.295846
        ]
      },
      "properties": {
        "system": "Croatia",
        "type": "presence",
        "presence": 1
      }
    },
    {
      "type": "Feature",
      "geometry": {
        "type": "Point",
        "coordinates": [
          16.118173,
          46.016355
        ]
      },
      "properties": {
        "system": "Croatia",
        "type": "presence",
        "presence": 1
      }
    },
    {
      "type": "Feature",
      "geometry": {
        "type": "Point",
        "coordinates": [
          17.37437,
          45.266519
        ]
      },
      "properties": {
        "system": "Croatia",
        "type": "presence",
        "presence": 1
      }
    },
    {
      "type": "Feature",
      "geometry": {
        "type": "Point",
        "coordinates": [
          15.551922,
          45.53725
        ]
      },
      "properties": {
        "system": "Croatia",
        "type": "presence",
        "presence": 1
      }
    },
    {
      "type": "Feature",
      "geometry": {
        "type": "Point",
        "coordinates": [
          16.362612,
          45.076291
        ]
      },
      "properties": {
        "system": "Croatia",
        "type": "presence",
        "presence": 1
      }
    },
    {
      "type": "Feature",
      "geometry": {
        "type": "Point",
        "coordinates": [
          15.26313,
          45.188902
        ]
      },
      "properties": {
        "system": "Croatia",
        "type": "presence",
        "presence": 1
      }
    },
    {
      "type": "Feature",
      "geometry": {
        "type": "Point",
        "coordinates": [
          17.192605,
          45.426607
        ]
      },
      "properties": {
        "system": "Croatia",
        "type": "presence",
        "presence": 1
      }
    },
    {
      "type": "Feature",
      "geometry": {
        "type": "Point",
        "coordinates": [
          16.545293,
          45.855886
        ]
      },
      "properties": {
        "system": "Croatia",
        "type": "presence",
        "presence": 1
      }
    },
    {
      "type": "Feature",
      "geometry": {
        "type": "Point",
        "coordinates": [
          17.674661,
          45.362836
        ]
      },
      "properties": {
        "system": "Croatia",
        "type": "presence",
        "presence": 1
      }
    },
    {
      "type": "Feature",
      "geometry": {
        "type": "Point",
        "coordinates": [
          15.838202,
          45.579883
        ]
      },
      "properties": {
        "system": "Croatia",
        "type": "presence",
        "presence": 1
      }
    },
    {
      "type": "Feature",
      "geometry": {
        "type": "Point",
        "coordinates": [
          16.24211,
          45.964552
        ]
      },
      "properties": {
        "system": "Croatia",
        "type": "presence",
        "presence": 1
      }
    },
    {
      "type": "Feature",
      "geometry": {
        "type": "Point",
        "coordinates": [
          16.048957,
          45.693941
        ]
      },
      "properties": {
        "system": "Croatia",
        "type": "presence",
        "presence": 1
      }
    },
    {
      "type": "Feature",
      "geometry": {
        "type": "Point",
        "coordinates": [
          16.830529,
          46.327359
        ]
      },
      "properties": {
        "system": "Croatia",
        "type": "presence",
        "presence": 1
      }
    },
    {
      "type": "Feature",
      "geometry": {
        "type": "Point",
        "coordinates": [
          16.461724,
          45.2709
        ]
      },
      "properties": {
        "system": "Croatia",
        "type": "presence",
        "presence": 1
      }
    },
    {
      "type": "Feature",
      "geometry": {
        "type": "Point",
        "coordinates": [
          15.551432,
          45.166896
        ]
      },
      "properties": {
        "system": "Croatia",
        "type": "presence",
        "presence": 1
      }
    },
    {
      "type": "Feature",
      "geometry": {
        "type": "Point",
        "coordinates": [
          15.404451,
          43.985986
        ]
      },
      "properties": {
        "system": "Croatia",
        "type": "presence",
        "presence": 1
      }
    },
    {
      "type": "Feature",
      "geometry": {
        "type": "Point",
        "coordinates": [
          15.221707,
          45.292343
        ]
      },
      "properties": {
        "system": "Croatia",
        "type": "presence",
        "presence": 1
      }
    },
    {
      "type": "Feature",
      "geometry": {
        "type": "Point",
        "coordinates": [
          17.7749,
          45.289012
        ]
      },
      "properties": {
        "system": "Croatia",
        "type": "presence",
        "presence": 1
      }
    },
    {
      "type": "Feature",
      "geometry": {
        "type": "Point",
        "coordinates": [
          16.577359,
          46.443476
        ]
      },
      "properties": {
        "system": "Croatia",
        "type": "presence",
        "presence": 1
      }
    },
    {
      "type": "Feature",
      "geometry": {
        "type": "Point",
        "coordinates": [
          16.191496,
          46.118868
        ]
      },
      "properties": {
        "system": "Croatia",
        "type": "presence",
        "presence": 1
      }
    },
    {
      "type": "Feature",
      "geometry": {
        "type": "Point",
        "coordinates": [
          14.900331,
          45.429892
        ]
      },
      "properties": {
        "system": "Croatia",
        "type": "presence",
        "presence": 1
      }
    },
    {
      "type": "Feature",
      "geometry": {
        "type": "Point",
        "coordinates": [
          16.293052,
          45.45785
        ]
      },
      "properties": {
        "system": "Croatia",
        "type": "presence",
        "presence": 1
      }
    },
    {
      "type": "Feature",
      "geometry": {
        "type": "Point",
        "coordinates": [
          15.841721,
          45.584448
        ]
      },
      "properties": {
        "system": "Croatia",
        "type": "presence",
        "presence": 1
      }
    },
    {
      "type": "Feature",
      "geometry": {
        "type": "Point",
        "coordinates": [
          17.440886,
          45.689223
        ]
      },
      "properties": {
        "system": "Croatia",
        "type": "presence",
        "presence": 1
      }
    },
    {
      "type": "Feature",
      "geometry": {
        "type": "Point",
        "coordinates": [
          16.119718,
          46.208915
        ]
      },
      "properties": {
        "system": "Croatia",
        "type": "presence",
        "presence": 1
      }
    },
    {
      "type": "Feature",
      "geometry": {
        "type": "Point",
        "coordinates": [
          15.585798,
          45.343414
        ]
      },
      "properties": {
        "system": "Croatia",
        "type": "presence",
        "presence": 1
      }
    },
    {
      "type": "Feature",
      "geometry": {
        "type": "Point",
        "coordinates": [
          14.991157,
          45.174884
        ]
      },
      "properties": {
        "system": "Croatia",
        "type": "presence",
        "presence": 1
      }
    },
    {
      "type": "Feature",
      "geometry": {
        "type": "Point",
        "coordinates": [
          15.881621,
          45.841071
        ]
      },
      "properties": {
        "system": "Croatia",
        "type": "presence",
        "presence": 1
      }
    },
    {
      "type": "Feature",
      "geometry": {
        "type": "Point",
        "coordinates": [
          15.881622,
          45.841072
        ]
      },
      "properties": {
        "system": "Croatia",
        "type": "presence",
        "presence": 1
      }
    },
    {
      "type": "Feature",
      "geometry": {
        "type": "Point",
        "coordinates": [
          15.881623,
          45.841073
        ]
      },
      "properties": {
        "system": "Croatia",
        "type": "presence",
        "presence": 1
      }
    },
    {
      "type": "Feature",
      "geometry": {
        "type": "Point",
        "coordinates": [
          15.368466,
          44.531696
        ]
      },
      "properties": {
        "system": "Croatia",
        "type": "presence",
        "presence": 1
      }
    },
    {
      "type": "Feature",
      "geometry": {
        "type": "Point",
        "coordinates": [
          17.693201,
          45.353308
        ]
      },
      "properties": {
        "system": "Croatia",
        "type": "presence",
        "presence": 1
      }
    },
    {
      "type": "Feature",
      "geometry": {
        "type": "Point",
        "coordinates": [
          17.693202,
          45.353309
        ]
      },
      "properties": {
        "system": "Croatia",
        "type": "presence",
        "presence": 1
      }
    },
    {
      "type": "Feature",
      "geometry": {
        "type": "Point",
        "coordinates": [
          15.997665,
          45.892949
        ]
      },
      "properties": {
        "system": "Croatia",
        "type": "presence",
        "presence": 1
      }
    },
    {
      "type": "Feature",
      "geometry": {
        "type": "Point",
        "coordinates": [
          15.997666,
          45.89295
        ]
      },
      "properties": {
        "system": "Croatia",
        "type": "presence",
        "presence": 1
      }
    },
    {
      "type": "Feature",
      "geometry": {
        "type": "Point",
        "coordinates": [
          16.445758,
          45.878085
        ]
      },
      "properties": {
        "system": "Croatia",
        "type": "presence",
        "presence": 1
      }
    },
    {
      "type": "Feature",
      "geometry": {
        "type": "Point",
        "coordinates": [
          16.069505,
          46.168972
        ]
      },
      "properties": {
        "system": "Croatia",
        "type": "presence",
        "presence": 1
      }
    },
    {
      "type": "Feature",
      "geometry": {
        "type": "Point",
        "coordinates": [
          15.48694,
          45.454419
        ]
      },
      "properties": {
        "system": "Croatia",
        "type": "presence",
        "presence": 1
      }
    },
    {
      "type": "Feature",
      "geometry": {
        "type": "Point",
        "coordinates": [
          15.844006,
          45.781625
        ]
      },
      "properties": {
        "system": "Croatia",
        "type": "presence",
        "presence": 1
      }
    },
    {
      "type": "Feature",
      "geometry": {
        "type": "Point",
        "coordinates": [
          16.135167,
          46.226731
        ]
      },
      "properties": {
        "system": "Croatia",
        "type": "presence",
        "presence": 1
      }
    },
    {
      "type": "Feature",
      "geometry": {
        "type": "Point",
        "coordinates": [
          15.907968,
          46.041235
        ]
      },
      "properties": {
        "system": "Croatia",
        "type": "presence",
        "presence": 1
      }
    },
    {
      "type": "Feature",
      "geometry": {
        "type": "Point",
        "coordinates": [
          16.255389,
          45.964697
        ]
      },
      "properties": {
        "system": "Croatia",
        "type": "presence",
        "presence": 1
      }
    },
    {
      "type": "Feature",
      "geometry": {
        "type": "Point",
        "coordinates": [
          15.666687,
          44.927152
        ]
      },
      "properties": {
        "system": "Croatia",
        "type": "presence",
        "presence": 1
      }
    },
    {
      "type": "Feature",
      "geometry": {
        "type": "Point",
        "coordinates": [
          15.82688,
          46.204572
        ]
      },
      "properties": {
        "system": "Croatia",
        "type": "presence",
        "presence": 1
      }
    },
    {
      "type": "Feature",
      "geometry": {
        "type": "Point",
        "coordinates": [
          16.359322,
          45.48754
        ]
      },
      "properties": {
        "system": "Croatia",
        "type": "presence",
        "presence": 1
      }
    },
    {
      "type": "Feature",
      "geometry": {
        "type": "Point",
        "coordinates": [
          16.386474,
          46.50098
        ]
      },
      "properties": {
        "system": "Croatia",
        "type": "presence",
        "presence": 1
      }
    },
    {
      "type": "Feature",
      "geometry": {
        "type": "Point",
        "coordinates": [
          15.290236,
          45.414567
        ]
      },
      "properties": {
        "system": "Croatia",
        "type": "presence",
        "presence": 1
      }
    },
    {
      "type": "Feature",
      "geometry": {
        "type": "Point",
        "coordinates": [
          15.832122,
          45.921632
        ]
      },
      "properties": {
        "system": "Croatia",
        "type": "presence",
        "presence": 1
      }
    },
    {
      "type": "Feature",
      "geometry": {
        "type": "Point",
        "coordinates": [
          16.336102,
          46.339953
        ]
      },
      "properties": {
        "system": "Croatia",
        "type": "presence",
        "presence": 1
      }
    },
    {
      "type": "Feature",
      "geometry": {
        "type": "Point",
        "coordinates": [
          17.364112,
          45.294641
        ]
      },
      "properties": {
        "system": "Croatia",
        "type": "presence",
        "presence": 1
      }
    },
    {
      "type": "Feature",
      "geometry": {
        "type": "Point",
        "coordinates": [
          15.910596,
          46.007759
        ]
      },
      "properties": {
        "system": "Croatia",
        "type": "presence",
        "presence": 1
      }
    },
    {
      "type": "Feature",
      "geometry": {
        "type": "Point",
        "coordinates": [
          15.910597,
          46.00776
        ]
      },
      "properties": {
        "system": "Croatia",
        "type": "presence",
        "presence": 1
      }
    },
    {
      "type": "Feature",
      "geometry": {
        "type": "Point",
        "coordinates": [
          15.910598,
          46.007761
        ]
      },
      "properties": {
        "system": "Croatia",
        "type": "presence",
        "presence": 1
      }
    },
    {
      "type": "Feature",
      "geometry": {
        "type": "Point",
        "coordinates": [
          16.049826,
          46.19536
        ]
      },
      "properties": {
        "system": "Croatia",
        "type": "presence",
        "presence": 1
      }
    },
    {
      "type": "Feature",
      "geometry": {
        "type": "Point",
        "coordinates": [
          16.413765,
          46.516349
        ]
      },
      "properties": {
        "system": "Croatia",
        "type": "presence",
        "presence": 1
      }
    },
    {
      "type": "Feature",
      "geometry": {
        "type": "Point",
        "coordinates": [
          16.293053,
          45.457851
        ]
      },
      "properties": {
        "system": "Croatia",
        "type": "presence",
        "presence": 1
      }
    },
    {
      "type": "Feature",
      "geometry": {
        "type": "Point",
        "coordinates": [
          16.293054,
          45.457852
        ]
      },
      "properties": {
        "system": "Croatia",
        "type": "presence",
        "presence": 1
      }
    },
    {
      "type": "Feature",
      "geometry": {
        "type": "Point",
        "coordinates": [
          16.293055,
          45.457853
        ]
      },
      "properties": {
        "system": "Croatia",
        "type": "presence",
        "presence": 1
      }
    },
    {
      "type": "Feature",
      "geometry": {
        "type": "Point",
        "coordinates": [
          16.254917,
          45.964608
        ]
      },
      "properties": {
        "system": "Croatia",
        "type": "presence",
        "presence": 1
      }
    },
    {
      "type": "Feature",
      "geometry": {
        "type": "Point",
        "coordinates": [
          15.470065,
          45.625598
        ]
      },
      "properties": {
        "system": "Croatia",
        "type": "presence",
        "presence": 1
      }
    },
    {
      "type": "Feature",
      "geometry": {
        "type": "Point",
        "coordinates": [
          16.0055,
          45.669055
        ]
      },
      "properties": {
        "system": "Croatia",
        "type": "presence",
        "presence": 1
      }
    },
    {
      "type": "Feature",
      "geometry": {
        "type": "Point",
        "coordinates": [
          17.422899,
          45.459986
        ]
      },
      "properties": {
        "system": "Croatia",
        "type": "presence",
        "presence": 1
      }
    },
    {
      "type": "Feature",
      "geometry": {
        "type": "Point",
        "coordinates": [
          16.07015,
          45.670963
        ]
      },
      "properties": {
        "system": "Croatia",
        "type": "presence",
        "presence": 1
      }
    },
    {
      "type": "Feature",
      "geometry": {
        "type": "Point",
        "coordinates": [
          15.768149,
          45.804954
        ]
      },
      "properties": {
        "system": "Croatia",
        "type": "presence",
        "presence": 1
      }
    },
    {
      "type": "Feature",
      "geometry": {
        "type": "Point",
        "coordinates": [
          15.671142,
          45.672508
        ]
      },
      "properties": {
        "system": "Croatia",
        "type": "presence",
        "presence": 1
      }
    },
    {
      "type": "Feature",
      "geometry": {
        "type": "Point",
        "coordinates": [
          16.04827,
          45.678831
        ]
      },
      "properties": {
        "system": "Croatia",
        "type": "presence",
        "presence": 1
      }
    },
    {
      "type": "Feature",
      "geometry": {
        "type": "Point",
        "coordinates": [
          15.709851,
          45.996107
        ]
      },
      "properties": {
        "system": "Croatia",
        "type": "presence",
        "presence": 1
      }
    },
    {
      "type": "Feature",
      "geometry": {
        "type": "Point",
        "coordinates": [
          15.689182,
          46.220272
        ]
      },
      "properties": {
        "system": "Croatia",
        "type": "presence",
        "presence": 1
      }
    },
    {
      "type": "Feature",
      "geometry": {
        "type": "Point",
        "coordinates": [
          13.808049,
          45.287998
        ]
      },
      "properties": {
        "system": "Croatia",
        "type": "presence",
        "presence": 1
      }
    },
    {
      "type": "Feature",
      "geometry": {
        "type": "Point",
        "coordinates": [
          15.075542,
          44.794519
        ]
      },
      "properties": {
        "system": "Croatia",
        "type": "presence",
        "presence": 1
      }
    },
    {
      "type": "Feature",
      "geometry": {
        "type": "Point",
        "coordinates": [
          15.522739,
          45.492021
        ]
      },
      "properties": {
        "system": "Croatia",
        "type": "presence",
        "presence": 1
      }
    },
    {
      "type": "Feature",
      "geometry": {
        "type": "Point",
        "coordinates": [
          15.467504,
          45.759996
        ]
      },
      "properties": {
        "system": "Croatia",
        "type": "presence",
        "presence": 1
      }
    },
    {
      "type": "Feature",
      "geometry": {
        "type": "Point",
        "coordinates": [
          15.648459,
          45.581394
        ]
      },
      "properties": {
        "system": "Croatia",
        "type": "presence",
        "presence": 1
      }
    },
    {
      "type": "Feature",
      "geometry": {
        "type": "Point",
        "coordinates": [
          15.702163,
          45.803455
        ]
      },
      "properties": {
        "system": "Croatia",
        "type": "presence",
        "presence": 1
      }
    },
    {
      "type": "Feature",
      "geometry": {
        "type": "Point",
        "coordinates": [
          15.702164,
          45.803456
        ]
      },
      "properties": {
        "system": "Croatia",
        "type": "presence",
        "presence": 1
      }
    },
    {
      "type": "Feature",
      "geometry": {
        "type": "Point",
        "coordinates": [
          16.342129,
          46.174812
        ]
      },
      "properties": {
        "system": "Croatia",
        "type": "presence",
        "presence": 1
      }
    },
    {
      "type": "Feature",
      "geometry": {
        "type": "Point",
        "coordinates": [
          16.34213,
          46.174813
        ]
      },
      "properties": {
        "system": "Croatia",
        "type": "presence",
        "presence": 1
      }
    },
    {
      "type": "Feature",
      "geometry": {
        "type": "Point",
        "coordinates": [
          15.657313,
          46.147296
        ]
      },
      "properties": {
        "system": "Croatia",
        "type": "presence",
        "presence": 1
      }
    },
    {
      "type": "Feature",
      "geometry": {
        "type": "Point",
        "coordinates": [
          15.911748,
          46.081597
        ]
      },
      "properties": {
        "system": "Croatia",
        "type": "presence",
        "presence": 1
      }
    },
    {
      "type": "Feature",
      "geometry": {
        "type": "Point",
        "coordinates": [
          16.362613,
          45.076292
        ]
      },
      "properties": {
        "system": "Croatia",
        "type": "presence",
        "presence": 1
      }
    },
    {
      "type": "Feature",
      "geometry": {
        "type": "Point",
        "coordinates": [
          16.362614,
          45.076293
        ]
      },
      "properties": {
        "system": "Croatia",
        "type": "presence",
        "presence": 1
      }
    },
    {
      "type": "Feature",
      "geometry": {
        "type": "Point",
        "coordinates": [
          16.362615,
          45.076294
        ]
      },
      "properties": {
        "system": "Croatia",
        "type": "presence",
        "presence": 1
      }
    },
    {
      "type": "Feature",
      "geometry": {
        "type": "Point",
        "coordinates": [
          16.362616,
          45.076295
        ]
      },
      "properties": {
        "system": "Croatia",
        "type": "presence",
        "presence": 1
      }
    },
    {
      "type": "Feature",
      "geometry": {
        "type": "Point",
        "coordinates": [
          15.761701,
          46.162851
        ]
      },
      "properties": {
        "system": "Croatia",
        "type": "presence",
        "presence": 1
      }
    },
    {
      "type": "Feature",
      "geometry": {
        "type": "Point",
        "coordinates": [
          16.284371,
          46.503205
        ]
      },
      "properties": {
        "system": "Croatia",
        "type": "presence",
        "presence": 1
      }
    },
    {
      "type": "Feature",
      "geometry": {
        "type": "Point",
        "coordinates": [
          13.927064,
          45.256521
        ]
      },
      "properties": {
        "system": "Croatia",
        "type": "presence",
        "presence": 1
      }
    },
    {
      "type": "Feature",
      "geometry": {
        "type": "Point",
        "coordinates": [
          15.47122,
          45.625884
        ]
      },
      "properties": {
        "system": "Croatia",
        "type": "presence",
        "presence": 1
      }
    },
    {
      "type": "Feature",
      "geometry": {
        "type": "Point",
        "coordinates": [
          15.402703,
          45.508121
        ]
      },
      "properties": {
        "system": "Croatia",
        "type": "presence",
        "presence": 1
      }
    },
    {
      "type": "Feature",
      "geometry": {
        "type": "Point",
        "coordinates": [
          17.306441,
          45.544675
        ]
      },
      "properties": {
        "system": "Croatia",
        "type": "presence",
        "presence": 1
      }
    },
    {
      "type": "Feature",
      "geometry": {
        "type": "Point",
        "coordinates": [
          14.77182,
          45.420729
        ]
      },
      "properties": {
        "system": "Croatia",
        "type": "presence",
        "presence": 1
      }
    },
    {
      "type": "Feature",
      "geometry": {
        "type": "Point",
        "coordinates": [
          16.352507,
          45.858195
        ]
      },
      "properties": {
        "system": "Croatia",
        "type": "presence",
        "presence": 1
      }
    },
    {
      "type": "Feature",
      "geometry": {
        "type": "Point",
        "coordinates": [
          15.654917,
          45.07672
        ]
      },
      "properties": {
        "system": "Croatia",
        "type": "presence",
        "presence": 1
      }
    },
    {
      "type": "Feature",
      "geometry": {
        "type": "Point",
        "coordinates": [
          15.808026,
          45.865676
        ]
      },
      "properties": {
        "system": "Croatia",
        "type": "presence",
        "presence": 1
      }
    },
    {
      "type": "Feature",
      "geometry": {
        "type": "Point",
        "coordinates": [
          16.480815,
          46.133934
        ]
      },
      "properties": {
        "system": "Croatia",
        "type": "presence",
        "presence": 1
      }
    },
    {
      "type": "Feature",
      "geometry": {
        "type": "Point",
        "coordinates": [
          17.588282,
          45.303221
        ]
      },
      "properties": {
        "system": "Croatia",
        "type": "presence",
        "presence": 1
      }
    },
    {
      "type": "Feature",
      "geometry": {
        "type": "Point",
        "coordinates": [
          15.096658,
          45.001777
        ]
      },
      "properties": {
        "system": "Croatia",
        "type": "presence",
        "presence": 1
      }
    },
    {
      "type": "Feature",
      "geometry": {
        "type": "Point",
        "coordinates": [
          16.224165,
          45.815654
        ]
      },
      "properties": {
        "system": "Croatia",
        "type": "presence",
        "presence": 1
      }
    },
    {
      "type": "Feature",
      "geometry": {
        "type": "Point",
        "coordinates": [
          15.70565,
          44.750793
        ]
      },
      "properties": {
        "system": "Croatia",
        "type": "presence",
        "presence": 1
      }
    },
    {
      "type": "Feature",
      "geometry": {
        "type": "Point",
        "coordinates": [
          15.221708,
          45.292344
        ]
      },
      "properties": {
        "system": "Croatia",
        "type": "presence",
        "presence": 1
      }
    },
    {
      "type": "Feature",
      "geometry": {
        "type": "Point",
        "coordinates": [
          16.74044,
          45.458726
        ]
      },
      "properties": {
        "system": "Croatia",
        "type": "presence",
        "presence": 1
      }
    },
    {
      "type": "Feature",
      "geometry": {
        "type": "Point",
        "coordinates": [
          15.221709,
          45.292345
        ]
      },
      "properties": {
        "system": "Croatia",
        "type": "presence",
        "presence": 1
      }
    },
    {
      "type": "Feature",
      "geometry": {
        "type": "Point",
        "coordinates": [
          15.918356,
          45.859484
        ]
      },
      "properties": {
        "system": "Croatia",
        "type": "presence",
        "presence": 1
      }
    },
    {
      "type": "Feature",
      "geometry": {
        "type": "Point",
        "coordinates": [
          15.758638,
          46.195408
        ]
      },
      "properties": {
        "system": "Croatia",
        "type": "presence",
        "presence": 1
      }
    },
    {
      "type": "Feature",
      "geometry": {
        "type": "Point",
        "coordinates": [
          15.764027,
          45.877398
        ]
      },
      "properties": {
        "system": "Croatia",
        "type": "presence",
        "presence": 1
      }
    },
    {
      "type": "Feature",
      "geometry": {
        "type": "Point",
        "coordinates": [
          17.667622,
          45.355358
        ]
      },
      "properties": {
        "system": "Croatia",
        "type": "presence",
        "presence": 1
      }
    },
    {
      "type": "Feature",
      "geometry": {
        "type": "Point",
        "coordinates": [
          16.52963,
          46.38432
        ]
      },
      "properties": {
        "system": "Croatia",
        "type": "presence",
        "presence": 1
      }
    },
    {
      "type": "Feature",
      "geometry": {
        "type": "Point",
        "coordinates": [
          16.639241,
          46.406963
        ]
      },
      "properties": {
        "system": "Croatia",
        "type": "presence",
        "presence": 1
      }
    },
    {
      "type": "Feature",
      "geometry": {
        "type": "Point",
        "coordinates": [
          16.445702,
          46.369854
        ]
      },
      "properties": {
        "system": "Croatia",
        "type": "presence",
        "presence": 1
      }
    },
    {
      "type": "Feature",
      "geometry": {
        "type": "Point",
        "coordinates": [
          16.711721,
          46.37329
        ]
      },
      "properties": {
        "system": "Croatia",
        "type": "presence",
        "presence": 1
      }
    },
    {
      "type": "Feature",
      "geometry": {
        "type": "Point",
        "coordinates": [
          15.978333,
          45.493287
        ]
      },
      "properties": {
        "system": "Croatia",
        "type": "presence",
        "presence": 1
      }
    },
    {
      "type": "Feature",
      "geometry": {
        "type": "Point",
        "coordinates": [
          15.338878,
          45.585832
        ]
      },
      "properties": {
        "system": "Croatia",
        "type": "presence",
        "presence": 1
      }
    },
    {
      "type": "Feature",
      "geometry": {
        "type": "Point",
        "coordinates": [
          16.615178,
          45.569583
        ]
      },
      "properties": {
        "system": "Croatia",
        "type": "presence",
        "presence": 1
      }
    },
    {
      "type": "Feature",
      "geometry": {
        "type": "Point",
        "coordinates": [
          16.097044,
          46.04443
        ]
      },
      "properties": {
        "system": "Croatia",
        "type": "presence",
        "presence": 1
      }
    },
    {
      "type": "Feature",
      "geometry": {
        "type": "Point",
        "coordinates": [
          15.761786,
          46.162257
        ]
      },
      "properties": {
        "system": "Croatia",
        "type": "presence",
        "presence": 1
      }
    },
    {
      "type": "Feature",
      "geometry": {
        "type": "Point",
        "coordinates": [
          15.945392,
          44.555544
        ]
      },
      "properties": {
        "system": "Croatia",
        "type": "presence",
        "presence": 1
      }
    },
    {
      "type": "Feature",
      "geometry": {
        "type": "Point",
        "coordinates": [
          18.14031138166372,
          44.35760456063389
        ]
      },
      "properties": {
        "system": "Croatia",
        "type": "background",
        "presence": 0
      }
    },
    {
      "type": "Feature",
      "geometry": {
        "type": "Point",
        "coordinates": [
          16.52044967268209,
          46.06879005740715
        ]
      },
      "properties": {
        "system": "Croatia",
        "type": "background",
        "presence": 0
      }
    },
    {
      "type": "Feature",
      "geometry": {
        "type": "Point",
        "coordinates": [
          14.274874290876088,
          46.05885906416995
        ]
      },
      "properties": {
        "system": "Croatia",
        "type": "background",
        "presence": 0
      }
    },
    {
      "type": "Feature",
      "geometry": {
        "type": "Point",
        "coordinates": [
          17.52125646090617,
          44.984167437176055
        ]
      },
      "properties": {
        "system": "Croatia",
        "type": "background",
        "presence": 0
      }
    },
    {
      "type": "Feature",
      "geometry": {
        "type": "Point",
        "coordinates": [
          17.594390273441874,
          44.63743291215086
        ]
      },
      "properties": {
        "system": "Croatia",
        "type": "background",
        "presence": 0
      }
    },
    {
      "type": "Feature",
      "geometry": {
        "type": "Point",
        "coordinates": [
          17.584007921327544,
          45.26174088594215
        ]
      },
      "properties": {
        "system": "Croatia",
        "type": "background",
        "presence": 0
      }
    },
    {
      "type": "Feature",
      "geometry": {
        "type": "Point",
        "coordinates": [
          15.65964789688555,
          45.16179416248758
        ]
      },
      "properties": {
        "system": "Croatia",
        "type": "background",
        "presence": 0
      }
    },
    {
      "type": "Feature",
      "geometry": {
        "type": "Point",
        "coordinates": [
          14.856786175816364,
          44.54061428337652
        ]
      },
      "properties": {
        "system": "Croatia",
        "type": "background",
        "presence": 0
      }
    },
    {
      "type": "Feature",
      "geometry": {
        "type": "Point",
        "coordinates": [
          14.406504210164714,
          45.88753054190987
        ]
      },
      "properties": {
        "system": "Croatia",
        "type": "background",
        "presence": 0
      }
    },
    {
      "type": "Feature",
      "geometry": {
        "type": "Point",
        "coordinates": [
          17.950607267968383,
          44.42967632476208
        ]
      },
      "properties": {
        "system": "Croatia",
        "type": "background",
        "presence": 0
      }
    },
    {
      "type": "Feature",
      "geometry": {
        "type": "Point",
        "coordinates": [
          18.792502768692188,
          44.99435241529408
        ]
      },
      "properties": {
        "system": "Croatia",
        "type": "background",
        "presence": 0
      }
    },
    {
      "type": "Feature",
      "geometry": {
        "type": "Point",
        "coordinates": [
          17.097201880326264,
          44.33318028989682
        ]
      },
      "properties": {
        "system": "Croatia",
        "type": "background",
        "presence": 0
      }
    },
    {
      "type": "Feature",
      "geometry": {
        "type": "Point",
        "coordinates": [
          15.785538208471806,
          45.12143454203027
        ]
      },
      "properties": {
        "system": "Croatia",
        "type": "background",
        "presence": 0
      }
    },
    {
      "type": "Feature",
      "geometry": {
        "type": "Point",
        "coordinates": [
          18.71805310740761,
          46.20026667917108
        ]
      },
      "properties": {
        "system": "Croatia",
        "type": "background",
        "presence": 0
      }
    },
    {
      "type": "Feature",
      "geometry": {
        "type": "Point",
        "coordinates": [
          14.775865049566352,
          46.19463601350071
        ]
      },
      "properties": {
        "system": "Croatia",
        "type": "background",
        "presence": 0
      }
    },
    {
      "type": "Feature",
      "geometry": {
        "type": "Point",
        "coordinates": [
          17.10995533270437,
          44.544684890304
        ]
      },
      "properties": {
        "system": "Croatia",
        "type": "background",
        "presence": 0
      }
    },
    {
      "type": "Feature",
      "geometry": {
        "type": "Point",
        "coordinates": [
          17.505793475771036,
          44.71747239888476
        ]
      },
      "properties": {
        "system": "Croatia",
        "type": "background",
        "presence": 0
      }
    },
    {
      "type": "Feature",
      "geometry": {
        "type": "Point",
        "coordinates": [
          16.58067752459525,
          45.41923585724464
        ]
      },
      "properties": {
        "system": "Croatia",
        "type": "background",
        "presence": 0
      }
    },
    {
      "type": "Feature",
      "geometry": {
        "type": "Point",
        "coordinates": [
          17.384037518011386,
          46.082510482375845
        ]
      },
      "properties": {
        "system": "Croatia",
        "type": "background",
        "presence": 0
      }
    },
    {
      "type": "Feature",
      "geometry": {
        "type": "Point",
        "coordinates": [
          16.25496960537783,
          45.50814725043196
        ]
      },
      "properties": {
        "system": "Croatia",
        "type": "background",
        "presence": 0
      }
    },
    {
      "type": "Feature",
      "geometry": {
        "type": "Point",
        "coordinates": [
          15.915072659952292,
          44.64434762504766
        ]
      },
      "properties": {
        "system": "Croatia",
        "type": "background",
        "presence": 0
      }
    },
    {
      "type": "Feature",
      "geometry": {
        "type": "Point",
        "coordinates": [
          17.96824159849652,
          45.90377422783983
        ]
      },
      "properties": {
        "system": "Croatia",
        "type": "background",
        "presence": 0
      }
    },
    {
      "type": "Feature",
      "geometry": {
        "type": "Point",
        "coordinates": [
          15.747546928233612,
          45.40608408573545
        ]
      },
      "properties": {
        "system": "Croatia",
        "type": "background",
        "presence": 0
      }
    },
    {
      "type": "Feature",
      "geometry": {
        "type": "Point",
        "coordinates": [
          16.43477437148621,
          44.67094706950704
        ]
      },
      "properties": {
        "system": "Croatia",
        "type": "background",
        "presence": 0
      }
    },
    {
      "type": "Feature",
      "geometry": {
        "type": "Point",
        "coordinates": [
          16.647042236299963,
          44.78241678907942
        ]
      },
      "properties": {
        "system": "Croatia",
        "type": "background",
        "presence": 0
      }
    },
    {
      "type": "Feature",
      "geometry": {
        "type": "Point",
        "coordinates": [
          14.140614236853825,
          45.69816215256423
        ]
      },
      "properties": {
        "system": "Croatia",
        "type": "background",
        "presence": 0
      }
    },
    {
      "type": "Feature",
      "geometry": {
        "type": "Point",
        "coordinates": [
          17.0607186030273,
          46.24942479690218
        ]
      },
      "properties": {
        "system": "Croatia",
        "type": "background",
        "presence": 0
      }
    },
    {
      "type": "Feature",
      "geometry": {
        "type": "Point",
        "coordinates": [
          18.28859350419288,
          44.42110811200842
        ]
      },
      "properties": {
        "system": "Croatia",
        "type": "background",
        "presence": 0
      }
    },
    {
      "type": "Feature",
      "geometry": {
        "type": "Point",
        "coordinates": [
          16.204136447489795,
          45.175145122933294
        ]
      },
      "properties": {
        "system": "Croatia",
        "type": "background",
        "presence": 0
      }
    },
    {
      "type": "Feature",
      "geometry": {
        "type": "Point",
        "coordinates": [
          14.107435230561004,
          46.35324671964753
        ]
      },
      "properties": {
        "system": "Croatia",
        "type": "background",
        "presence": 0
      }
    },
    {
      "type": "Feature",
      "geometry": {
        "type": "Point",
        "coordinates": [
          16.756134741064468,
          44.53046514452434
        ]
      },
      "properties": {
        "system": "Croatia",
        "type": "background",
        "presence": 0
      }
    },
    {
      "type": "Feature",
      "geometry": {
        "type": "Point",
        "coordinates": [
          17.227990879176094,
          44.480637830845446
        ]
      },
      "properties": {
        "system": "Croatia",
        "type": "background",
        "presence": 0
      }
    },
    {
      "type": "Feature",
      "geometry": {
        "type": "Point",
        "coordinates": [
          15.935596261503362,
          44.50973358950427
        ]
      },
      "properties": {
        "system": "Croatia",
        "type": "background",
        "presence": 0
      }
    },
    {
      "type": "Feature",
      "geometry": {
        "type": "Point",
        "coordinates": [
          15.420552696989027,
          46.16281145445861
        ]
      },
      "properties": {
        "system": "Croatia",
        "type": "background",
        "presence": 0
      }
    },
    {
      "type": "Feature",
      "geometry": {
        "type": "Point",
        "coordinates": [
          15.140777711817837,
          44.890260872633526
        ]
      },
      "properties": {
        "system": "Croatia",
        "type": "background",
        "presence": 0
      }
    },
    {
      "type": "Feature",
      "geometry": {
        "type": "Point",
        "coordinates": [
          14.841742835663728,
          45.53073482645416
        ]
      },
      "properties": {
        "system": "Croatia",
        "type": "background",
        "presence": 0
      }
    },
    {
      "type": "Feature",
      "geometry": {
        "type": "Point",
        "coordinates": [
          18.486900270762703,
          46.233873072908445
        ]
      },
      "properties": {
        "system": "Croatia",
        "type": "background",
        "presence": 0
      }
    },
    {
      "type": "Feature",
      "geometry": {
        "type": "Point",
        "coordinates": [
          16.92623388152846,
          44.27780375191783
        ]
      },
      "properties": {
        "system": "Croatia",
        "type": "background",
        "presence": 0
      }
    },
    {
      "type": "Feature",
      "geometry": {
        "type": "Point",
        "coordinates": [
          18.09794174400203,
          44.29461175418435
        ]
      },
      "properties": {
        "system": "Croatia",
        "type": "background",
        "presence": 0
      }
    },
    {
      "type": "Feature",
      "geometry": {
        "type": "Point",
        "coordinates": [
          17.934005156579502,
          45.89456673335279
        ]
      },
      "properties": {
        "system": "Croatia",
        "type": "background",
        "presence": 0
      }
    },
    {
      "type": "Feature",
      "geometry": {
        "type": "Point",
        "coordinates": [
          15.827546145909906,
          44.09776504601109
        ]
      },
      "properties": {
        "system": "Croatia",
        "type": "background",
        "presence": 0
      }
    },
    {
      "type": "Feature",
      "geometry": {
        "type": "Point",
        "coordinates": [
          18.582417679349447,
          44.80566336142304
        ]
      },
      "properties": {
        "system": "Croatia",
        "type": "background",
        "presence": 0
      }
    },
    {
      "type": "Feature",
      "geometry": {
        "type": "Point",
        "coordinates": [
          17.865468658046282,
          45.445653625526845
        ]
      },
      "properties": {
        "system": "Croatia",
        "type": "background",
        "presence": 0
      }
    },
    {
      "type": "Feature",
      "geometry": {
        "type": "Point",
        "coordinates": [
          18.733345342544016,
          44.41701105380935
        ]
      },
      "properties": {
        "system": "Croatia",
        "type": "background",
        "presence": 0
      }
    },
    {
      "type": "Feature",
      "geometry": {
        "type": "Point",
        "coordinates": [
          16.292615154600966,
          45.24772505975259
        ]
      },
      "properties": {
        "system": "Croatia",
        "type": "background",
        "presence": 0
      }
    },
    {
      "type": "Feature",
      "geometry": {
        "type": "Point",
        "coordinates": [
          15.724209107307402,
          46.44267679437718
        ]
      },
      "properties": {
        "system": "Croatia",
        "type": "background",
        "presence": 0
      }
    },
    {
      "type": "Feature",
      "geometry": {
        "type": "Point",
        "coordinates": [
          16.751008190999663,
          44.99186861370804
        ]
      },
      "properties": {
        "system": "Croatia",
        "type": "background",
        "presence": 0
      }
    },
    {
      "type": "Feature",
      "geometry": {
        "type": "Point",
        "coordinates": [
          15.424017409917496,
          44.31000558778353
        ]
      },
      "properties": {
        "system": "Croatia",
        "type": "background",
        "presence": 0
      }
    },
    {
      "type": "Feature",
      "geometry": {
        "type": "Point",
        "coordinates": [
          16.774050804827848,
          46.177646264509576
        ]
      },
      "properties": {
        "system": "Croatia",
        "type": "background",
        "presence": 0
      }
    },
    {
      "type": "Feature",
      "geometry": {
        "type": "Point",
        "coordinates": [
          15.864811276484382,
          44.89355836078894
        ]
      },
      "properties": {
        "system": "Croatia",
        "type": "background",
        "presence": 0
      }
    },
    {
      "type": "Feature",
      "geometry": {
        "type": "Point",
        "coordinates": [
          16.994579298925814,
          45.07788572072735
        ]
      },
      "properties": {
        "system": "Croatia",
        "type": "background",
        "presence": 0
      }
    },
    {
      "type": "Feature",
      "geometry": {
        "type": "Point",
        "coordinates": [
          18.502567454859395,
          46.33104897775626
        ]
      },
      "properties": {
        "system": "Croatia",
        "type": "background",
        "presence": 0
      }
    },
    {
      "type": "Feature",
      "geometry": {
        "type": "Point",
        "coordinates": [
          15.465169996750063,
          44.97660281980114
        ]
      },
      "properties": {
        "system": "Croatia",
        "type": "background",
        "presence": 0
      }
    },
    {
      "type": "Feature",
      "geometry": {
        "type": "Point",
        "coordinates": [
          16.66636372912474,
          45.12729737534826
        ]
      },
      "properties": {
        "system": "Croatia",
        "type": "background",
        "presence": 0
      }
    },
    {
      "type": "Feature",
      "geometry": {
        "type": "Point",
        "coordinates": [
          17.123440947267557,
          45.15455295586972
        ]
      },
      "properties": {
        "system": "Croatia",
        "type": "background",
        "presence": 0
      }
    },
    {
      "type": "Feature",
      "geometry": {
        "type": "Point",
        "coordinates": [
          15.422154862721708,
          45.38881677599629
        ]
      },
      "properties": {
        "system": "Croatia",
        "type": "background",
        "presence": 0
      }
    },
    {
      "type": "Feature",
      "geometry": {
        "type": "Point",
        "coordinates": [
          15.71344100323588,
          44.86081043886195
        ]
      },
      "properties": {
        "system": "Croatia",
        "type": "background",
        "presence": 0
      }
    },
    {
      "type": "Feature",
      "geometry": {
        "type": "Point",
        "coordinates": [
          16.639881900096228,
          44.5288474782242
        ]
      },
      "properties": {
        "system": "Croatia",
        "type": "background",
        "presence": 0
      }
    },
    {
      "type": "Feature",
      "geometry": {
        "type": "Point",
        "coordinates": [
          15.103611215615569,
          45.89777530331169
        ]
      },
      "properties": {
        "system": "Croatia",
        "type": "background",
        "presence": 0
      }
    },
    {
      "type": "Feature",
      "geometry": {
        "type": "Point",
        "coordinates": [
          18.47602050015216,
          46.07806452599421
        ]
      },
      "properties": {
        "system": "Croatia",
        "type": "background",
        "presence": 0
      }
    },
    {
      "type": "Feature",
      "geometry": {
        "type": "Point",
        "coordinates": [
          17.174746839759617,
          45.49761101277087
        ]
      },
      "properties": {
        "system": "Croatia",
        "type": "background",
        "presence": 0
      }
    },
    {
      "type": "Feature",
      "geometry": {
        "type": "Point",
        "coordinates": [
          18.56668703657211,
          44.119022340601816
        ]
      },
      "properties": {
        "system": "Croatia",
        "type": "background",
        "presence": 0
      }
    },
    {
      "type": "Feature",
      "geometry": {
        "type": "Point",
        "coordinates": [
          18.457879881175856,
          44.979114849648845
        ]
      },
      "properties": {
        "system": "Croatia",
        "type": "background",
        "presence": 0
      }
    },
    {
      "type": "Feature",
      "geometry": {
        "type": "Point",
        "coordinates": [
          13.831294615526268,
          45.4510093064596
        ]
      },
      "properties": {
        "system": "Croatia",
        "type": "background",
        "presence": 0
      }
    },
    {
      "type": "Feature",
      "geometry": {
        "type": "Point",
        "coordinates": [
          17.232479136483338,
          44.083511249034046
        ]
      },
      "properties": {
        "system": "Croatia",
        "type": "background",
        "presence": 0
      }
    },
    {
      "type": "Feature",
      "geometry": {
        "type": "Point",
        "coordinates": [
          13.941582166346535,
          45.40974032348381
        ]
      },
      "properties": {
        "system": "Croatia",
        "type": "background",
        "presence": 0
      }
    },
    {
      "type": "Feature",
      "geometry": {
        "type": "Point",
        "coordinates": [
          18.09674906032588,
          45.86720957785856
        ]
      },
      "properties": {
        "system": "Croatia",
        "type": "background",
        "presence": 0
      }
    },
    {
      "type": "Feature",
      "geometry": {
        "type": "Point",
        "coordinates": [
          16.152125621280884,
          45.242102430117576
        ]
      },
      "properties": {
        "system": "Croatia",
        "type": "background",
        "presence": 0
      }
    },
    {
      "type": "Feature",
      "geometry": {
        "type": "Point",
        "coordinates": [
          17.767120912580026,
          43.99983495209011
        ]
      },
      "properties": {
        "system": "Croatia",
        "type": "background",
        "presence": 0
      }
    },
    {
      "type": "Feature",
      "geometry": {
        "type": "Point",
        "coordinates": [
          18.2307142722593,
          44.822817698799874
        ]
      },
      "properties": {
        "system": "Croatia",
        "type": "background",
        "presence": 0
      }
    },
    {
      "type": "Feature",
      "geometry": {
        "type": "Point",
        "coordinates": [
          16.651988365725803,
          44.929964707515154
        ]
      },
      "properties": {
        "system": "Croatia",
        "type": "background",
        "presence": 0
      }
    },
    {
      "type": "Feature",
      "geometry": {
        "type": "Point",
        "coordinates": [
          16.307302969880496,
          45.94678428712368
        ]
      },
      "properties": {
        "system": "Croatia",
        "type": "background",
        "presence": 0
      }
    },
    {
      "type": "Feature",
      "geometry": {
        "type": "Point",
        "coordinates": [
          18.666820476913625,
          45.34349519220952
        ]
      },
      "properties": {
        "system": "Croatia",
        "type": "background",
        "presence": 0
      }
    },
    {
      "type": "Feature",
      "geometry": {
        "type": "Point",
        "coordinates": [
          18.114347772441143,
          46.424192957430186
        ]
      },
      "properties": {
        "system": "Croatia",
        "type": "background",
        "presence": 0
      }
    },
    {
      "type": "Feature",
      "geometry": {
        "type": "Point",
        "coordinates": [
          16.798920661243738,
          44.46070561286881
        ]
      },
      "properties": {
        "system": "Croatia",
        "type": "background",
        "presence": 0
      }
    },
    {
      "type": "Feature",
      "geometry": {
        "type": "Point",
        "coordinates": [
          17.88948499039144,
          44.24182130135526
        ]
      },
      "properties": {
        "system": "Croatia",
        "type": "background",
        "presence": 0
      }
    },
    {
      "type": "Feature",
      "geometry": {
        "type": "Point",
        "coordinates": [
          16.648539720314044,
          45.20502266511544
        ]
      },
      "properties": {
        "system": "Croatia",
        "type": "background",
        "presence": 0
      }
    },
    {
      "type": "Feature",
      "geometry": {
        "type": "Point",
        "coordinates": [
          16.86403908209919,
          46.47116758806371
        ]
      },
      "properties": {
        "system": "Croatia",
        "type": "background",
        "presence": 0
      }
    },
    {
      "type": "Feature",
      "geometry": {
        "type": "Point",
        "coordinates": [
          15.67011631607931,
          45.06133811325223
        ]
      },
      "properties": {
        "system": "Croatia",
        "type": "background",
        "presence": 0
      }
    },
    {
      "type": "Feature",
      "geometry": {
        "type": "Point",
        "coordinates": [
          18.024133022238917,
          45.99699340724916
        ]
      },
      "properties": {
        "system": "Croatia",
        "type": "background",
        "presence": 0
      }
    },
    {
      "type": "Feature",
      "geometry": {
        "type": "Point",
        "coordinates": [
          15.337004823642264,
          44.705613986630574
        ]
      },
      "properties": {
        "system": "Croatia",
        "type": "background",
        "presence": 0
      }
    },
    {
      "type": "Feature",
      "geometry": {
        "type": "Point",
        "coordinates": [
          13.928687652500694,
          46.19836905186212
        ]
      },
      "properties": {
        "system": "Croatia",
        "type": "background",
        "presence": 0
      }
    },
    {
      "type": "Feature",
      "geometry": {
        "type": "Point",
        "coordinates": [
          16.141648656093356,
          45.30293225878317
        ]
      },
      "properties": {
        "system": "Croatia",
        "type": "background",
        "presence": 0
      }
    },
    {
      "type": "Feature",
      "geometry": {
        "type": "Point",
        "coordinates": [
          14.63037116008808,
          45.73225724305086
        ]
      },
      "properties": {
        "system": "Croatia",
        "type": "background",
        "presence": 0
      }
    },
    {
      "type": "Feature",
      "geometry": {
        "type": "Point",
        "coordinates": [
          15.704086086650891,
          45.677105378270646
        ]
      },
      "properties": {
        "system": "Croatia",
        "type": "background",
        "presence": 0
      }
    },
    {
      "type": "Feature",
      "geometry": {
        "type": "Point",
        "coordinates": [
          14.009840248252974,
          45.55155898223367
        ]
      },
      "properties": {
        "system": "Croatia",
        "type": "background",
        "presence": 0
      }
    },
    {
      "type": "Feature",
      "geometry": {
        "type": "Point",
        "coordinates": [
          16.43644740000862,
          45.15432341584938
        ]
      },
      "properties": {
        "system": "Croatia",
        "type": "background",
        "presence": 0
      }
    },
    {
      "type": "Feature",
      "geometry": {
        "type": "Point",
        "coordinates": [
          14.510750696591344,
          44.52830959970735
        ]
      },
      "properties": {
        "system": "Croatia",
        "type": "background",
        "presence": 0
      }
    },
    {
      "type": "Feature",
      "geometry": {
        "type": "Point",
        "coordinates": [
          15.540051509486329,
          44.46289440279311
        ]
      },
      "properties": {
        "system": "Croatia",
        "type": "background",
        "presence": 0
      }
    },
    {
      "type": "Feature",
      "geometry": {
        "type": "Point",
        "coordinates": [
          18.57574564558244,
          44.23095081982577
        ]
      },
      "properties": {
        "system": "Croatia",
        "type": "background",
        "presence": 0
      }
    },
    {
      "type": "Feature",
      "geometry": {
        "type": "Point",
        "coordinates": [
          17.879453057675235,
          45.01076798842874
        ]
      },
      "properties": {
        "system": "Croatia",
        "type": "background",
        "presence": 0
      }
    },
    {
      "type": "Feature",
      "geometry": {
        "type": "Point",
        "coordinates": [
          14.214375697050349,
          46.451615034881065
        ]
      },
      "properties": {
        "system": "Croatia",
        "type": "background",
        "presence": 0
      }
    },
    {
      "type": "Feature",
      "geometry": {
        "type": "Point",
        "coordinates": [
          18.19370017979653,
          45.63494630989239
        ]
      },
      "properties": {
        "system": "Croatia",
        "type": "background",
        "presence": 0
      }
    },
    {
      "type": "Feature",
      "geometry": {
        "type": "Point",
        "coordinates": [
          15.967263247272864,
          45.59082934503535
        ]
      },
      "properties": {
        "system": "Croatia",
        "type": "background",
        "presence": 0
      }
    },
    {
      "type": "Feature",
      "geometry": {
        "type": "Point",
        "coordinates": [
          13.98872188276776,
          45.07676566554181
        ]
      },
      "properties": {
        "system": "Croatia",
        "type": "background",
        "presence": 0
      }
    },
    {
      "type": "Feature",
      "geometry": {
        "type": "Point",
        "coordinates": [
          18.80837901988976,
          45.33871996083458
        ]
      },
      "properties": {
        "system": "Croatia",
        "type": "background",
        "presence": 0
      }
    },
    {
      "type": "Feature",
      "geometry": {
        "type": "Point",
        "coordinates": [
          14.01137132969602,
          46.41186405154092
        ]
      },
      "properties": {
        "system": "Croatia",
        "type": "background",
        "presence": 0
      }
    },
    {
      "type": "Feature",
      "geometry": {
        "type": "Point",
        "coordinates": [
          15.326779368763717,
          45.77190862349492
        ]
      },
      "properties": {
        "system": "Croatia",
        "type": "background",
        "presence": 0
      }
    },
    {
      "type": "Feature",
      "geometry": {
        "type": "Point",
        "coordinates": [
          14.035103710303792,
          46.27087634318021
        ]
      },
      "properties": {
        "system": "Croatia",
        "type": "background",
        "presence": 0
      }
    },
    {
      "type": "Feature",
      "geometry": {
        "type": "Point",
        "coordinates": [
          18.022919535180208,
          46.35408720038706
        ]
      },
      "properties": {
        "system": "Croatia",
        "type": "background",
        "presence": 0
      }
    },
    {
      "type": "Feature",
      "geometry": {
        "type": "Point",
        "coordinates": [
          14.59195041193798,
          46.0980993896293
        ]
      },
      "properties": {
        "system": "Croatia",
        "type": "background",
        "presence": 0
      }
    },
    {
      "type": "Feature",
      "geometry": {
        "type": "Point",
        "coordinates": [
          18.416834445843133,
          45.33947249505848
        ]
      },
      "properties": {
        "system": "Croatia",
        "type": "background",
        "presence": 0
      }
    },
    {
      "type": "Feature",
      "geometry": {
        "type": "Point",
        "coordinates": [
          15.80725548495157,
          45.42183571094501
        ]
      },
      "properties": {
        "system": "Croatia",
        "type": "background",
        "presence": 0
      }
    },
    {
      "type": "Feature",
      "geometry": {
        "type": "Point",
        "coordinates": [
          14.125706800882051,
          45.11203815960851
        ]
      },
      "properties": {
        "system": "Croatia",
        "type": "background",
        "presence": 0
      }
    },
    {
      "type": "Feature",
      "geometry": {
        "type": "Point",
        "coordinates": [
          15.371517770339072,
          46.4372810301375
        ]
      },
      "properties": {
        "system": "Croatia",
        "type": "background",
        "presence": 0
      }
    },
    {
      "type": "Feature",
      "geometry": {
        "type": "Point",
        "coordinates": [
          15.247675583979492,
          44.46514437287979
        ]
      },
      "properties": {
        "system": "Croatia",
        "type": "background",
        "presence": 0
      }
    },
    {
      "type": "Feature",
      "geometry": {
        "type": "Point",
        "coordinates": [
          14.282574395717887,
          46.42620025054519
        ]
      },
      "properties": {
        "system": "Croatia",
        "type": "background",
        "presence": 0
      }
    },
    {
      "type": "Feature",
      "geometry": {
        "type": "Point",
        "coordinates": [
          17.370504863528758,
          46.18057752347169
        ]
      },
      "properties": {
        "system": "Croatia",
        "type": "background",
        "presence": 0
      }
    },
    {
      "type": "Feature",
      "geometry": {
        "type": "Point",
        "coordinates": [
          18.71957249039714,
          46.08623582023437
        ]
      },
      "properties": {
        "system": "Croatia",
        "type": "background",
        "presence": 0
      }
    },
    {
      "type": "Feature",
      "geometry": {
        "type": "Point",
        "coordinates": [
          18.555929168834663,
          46.11694298059764
        ]
      },
      "properties": {
        "system": "Croatia",
        "type": "background",
        "presence": 0
      }
    },
    {
      "type": "Feature",
      "geometry": {
        "type": "Point",
        "coordinates": [
          17.813115177063587,
          44.30717827717924
        ]
      },
      "properties": {
        "system": "Croatia",
        "type": "background",
        "presence": 0
      }
    },
    {
      "type": "Feature",
      "geometry": {
        "type": "Point",
        "coordinates": [
          16.54336830529899,
          45.366743586302
        ]
      },
      "properties": {
        "system": "Croatia",
        "type": "background",
        "presence": 0
      }
    },
    {
      "type": "Feature",
      "geometry": {
        "type": "Point",
        "coordinates": [
          18.698969497188276,
          46.2605838966231
        ]
      },
      "properties": {
        "system": "Croatia",
        "type": "background",
        "presence": 0
      }
    },
    {
      "type": "Feature",
      "geometry": {
        "type": "Point",
        "coordinates": [
          16.23859436587011,
          45.76948281361051
        ]
      },
      "properties": {
        "system": "Croatia",
        "type": "background",
        "presence": 0
      }
    },
    {
      "type": "Feature",
      "geometry": {
        "type": "Point",
        "coordinates": [
          15.752438717132176,
          45.14085343509208
        ]
      },
      "properties": {
        "system": "Croatia",
        "type": "background",
        "presence": 0
      }
    },
    {
      "type": "Feature",
      "geometry": {
        "type": "Point",
        "coordinates": [
          15.778435203514132,
          44.900962805266566
        ]
      },
      "properties": {
        "system": "Croatia",
        "type": "background",
        "presence": 0
      }
    },
    {
      "type": "Feature",
      "geometry": {
        "type": "Point",
        "coordinates": [
          16.053056699457024,
          45.95933979775028
        ]
      },
      "properties": {
        "system": "Croatia",
        "type": "background",
        "presence": 0
      }
    },
    {
      "type": "Feature",
      "geometry": {
        "type": "Point",
        "coordinates": [
          16.889251422018877,
          46.34095559448723
        ]
      },
      "properties": {
        "system": "Croatia",
        "type": "background",
        "presence": 0
      }
    },
    {
      "type": "Feature",
      "geometry": {
        "type": "Point",
        "coordinates": [
          18.718759608420942,
          44.50678478890777
        ]
      },
      "properties": {
        "system": "Croatia",
        "type": "background",
        "presence": 0
      }
    },
    {
      "type": "Feature",
      "geometry": {
        "type": "Point",
        "coordinates": [
          16.403758093025765,
          44.53938708179773
        ]
      },
      "properties": {
        "system": "Croatia",
        "type": "background",
        "presence": 0
      }
    },
    {
      "type": "Feature",
      "geometry": {
        "type": "Point",
        "coordinates": [
          18.726090955316685,
          46.35485346927588
        ]
      },
      "properties": {
        "system": "Croatia",
        "type": "background",
        "presence": 0
      }
    },
    {
      "type": "Feature",
      "geometry": {
        "type": "Point",
        "coordinates": [
          16.669562011543256,
          44.47972116006312
        ]
      },
      "properties": {
        "system": "Croatia",
        "type": "background",
        "presence": 0
      }
    },
    {
      "type": "Feature",
      "geometry": {
        "type": "Point",
        "coordinates": [
          16.511778702766733,
          46.294812673541024
        ]
      },
      "properties": {
        "system": "Croatia",
        "type": "background",
        "presence": 0
      }
    },
    {
      "type": "Feature",
      "geometry": {
        "type": "Point",
        "coordinates": [
          14.824011954316292,
          45.56996681265775
        ]
      },
      "properties": {
        "system": "Croatia",
        "type": "background",
        "presence": 0
      }
    },
    {
      "type": "Feature",
      "geometry": {
        "type": "Point",
        "coordinates": [
          16.91727369902743,
          46.011753172159146
        ]
      },
      "properties": {
        "system": "Croatia",
        "type": "background",
        "presence": 0
      }
    },
    {
      "type": "Feature",
      "geometry": {
        "type": "Point",
        "coordinates": [
          18.5834122077026,
          46.172565859526586
        ]
      },
      "properties": {
        "system": "Croatia",
        "type": "background",
        "presence": 0
      }
    },
    {
      "type": "Feature",
      "geometry": {
        "type": "Point",
        "coordinates": [
          16.011629853455627,
          44.55766827574118
        ]
      },
      "properties": {
        "system": "Croatia",
        "type": "background",
        "presence": 0
      }
    },
    {
      "type": "Feature",
      "geometry": {
        "type": "Point",
        "coordinates": [
          15.71201688840613,
          46.37893422591153
        ]
      },
      "properties": {
        "system": "Croatia",
        "type": "background",
        "presence": 0
      }
    },
    {
      "type": "Feature",
      "geometry": {
        "type": "Point",
        "coordinates": [
          16.528174689227665,
          45.93632202124994
        ]
      },
      "properties": {
        "system": "Croatia",
        "type": "background",
        "presence": 0
      }
    },
    {
      "type": "Feature",
      "geometry": {
        "type": "Point",
        "coordinates": [
          15.422248333690144,
          44.44855854877403
        ]
      },
      "properties": {
        "system": "Croatia",
        "type": "background",
        "presence": 0
      }
    },
    {
      "type": "Feature",
      "geometry": {
        "type": "Point",
        "coordinates": [
          17.19440373181179,
          45.63879857776199
        ]
      },
      "properties": {
        "system": "Croatia",
        "type": "background",
        "presence": 0
      }
    },
    {
      "type": "Feature",
      "geometry": {
        "type": "Point",
        "coordinates": [
          14.958782762509164,
          45.08608597721498
        ]
      },
      "properties": {
        "system": "Croatia",
        "type": "background",
        "presence": 0
      }
    },
    {
      "type": "Feature",
      "geometry": {
        "type": "Point",
        "coordinates": [
          14.657957803400596,
          45.81267220432803
        ]
      },
      "properties": {
        "system": "Croatia",
        "type": "background",
        "presence": 0
      }
    },
    {
      "type": "Feature",
      "geometry": {
        "type": "Point",
        "coordinates": [
          14.753735205971417,
          46.35610033151691
        ]
      },
      "properties": {
        "system": "Croatia",
        "type": "background",
        "presence": 0
      }
    },
    {
      "type": "Feature",
      "geometry": {
        "type": "Point",
        "coordinates": [
          16.312623792952444,
          44.257525232353984
        ]
      },
      "properties": {
        "system": "Croatia",
        "type": "background",
        "presence": 0
      }
    },
    {
      "type": "Feature",
      "geometry": {
        "type": "Point",
        "coordinates": [
          16.36569602270465,
          45.30063507972164
        ]
      },
      "properties": {
        "system": "Croatia",
        "type": "background",
        "presence": 0
      }
    },
    {
      "type": "Feature",
      "geometry": {
        "type": "Point",
        "coordinates": [
          18.81478025263496,
          45.09091325832589
        ]
      },
      "properties": {
        "system": "Croatia",
        "type": "background",
        "presence": 0
      }
    },
    {
      "type": "Feature",
      "geometry": {
        "type": "Point",
        "coordinates": [
          16.213471456105104,
          45.21645246991897
        ]
      },
      "properties": {
        "system": "Croatia",
        "type": "background",
        "presence": 0
      }
    },
    {
      "type": "Feature",
      "geometry": {
        "type": "Point",
        "coordinates": [
          14.1443714625569,
          45.0532072397486
        ]
      },
      "properties": {
        "system": "Croatia",
        "type": "background",
        "presence": 0
      }
    },
    {
      "type": "Feature",
      "geometry": {
        "type": "Point",
        "coordinates": [
          14.955371359174684,
          45.48638152006564
        ]
      },
      "properties": {
        "system": "Croatia",
        "type": "background",
        "presence": 0
      }
    },
    {
      "type": "Feature",
      "geometry": {
        "type": "Point",
        "coordinates": [
          14.06388501979777,
          45.59936817203932
        ]
      },
      "properties": {
        "system": "Croatia",
        "type": "background",
        "presence": 0
      }
    },
    {
      "type": "Feature",
      "geometry": {
        "type": "Point",
        "coordinates": [
          16.168470424792112,
          46.469251609687845
        ]
      },
      "properties": {
        "system": "Croatia",
        "type": "background",
        "presence": 0
      }
    },
    {
      "type": "Feature",
      "geometry": {
        "type": "Point",
        "coordinates": [
          16.201466112798393,
          46.25510261232435
        ]
      },
      "properties": {
        "system": "Croatia",
        "type": "background",
        "presence": 0
      }
    },
    {
      "type": "Feature",
      "geometry": {
        "type": "Point",
        "coordinates": [
          17.946107534546655,
          44.13864487107992
        ]
      },
      "properties": {
        "system": "Croatia",
        "type": "background",
        "presence": 0
      }
    },
    {
      "type": "Feature",
      "geometry": {
        "type": "Point",
        "coordinates": [
          17.742496976470438,
          45.626126126751714
        ]
      },
      "properties": {
        "system": "Croatia",
        "type": "background",
        "presence": 0
      }
    },
    {
      "type": "Feature",
      "geometry": {
        "type": "Point",
        "coordinates": [
          17.01867427073661,
          45.0694111803379
        ]
      },
      "properties": {
        "system": "Croatia",
        "type": "background",
        "presence": 0
      }
    },
    {
      "type": "Feature",
      "geometry": {
        "type": "Point",
        "coordinates": [
          16.984092199652594,
          46.15255619073379
        ]
      },
      "properties": {
        "system": "Croatia",
        "type": "background",
        "presence": 0
      }
    }
  ]
}